date,gold,crude_oil,natgas,sp500,vix,gold_lg_ret,crude_oil_lg_ret,natgas_lg_ret,sp500_lg_ret,vix_lg_ret,fear_greed,sentiment,volume_in_ASTR,volume_in_USDT,delta_volume_in_ASTR,delta_volume_in_USDT,funding_rate,funding_change,close_price,log_returns,7d_vol,30d_vol,30d_vol_target,benchmark
2023-06-04,1952.4000244140625,71.73999786376953,2.171999931335449,4282.3701171875,14.600000381469727,0.0,0.0,0.0,0.0,0.0,52,Neutral,22498329.7,1115530.59692,,,0.0001,,0.0494,-0.004040409537004974,0.016466071281629815,0.032868025682936335,0.046211942937104754,0.03319469484049504
2023-06-05,1958.0,72.1500015258789,2.244999885559082,4273.7900390625,14.729999542236328,0.0028641465728216076,0.00569886404184349,0.03305709976013099,-0.002005591490657713,0.008864644555221157,53,Neutral,66341404.3,3029334.43104,1.0813731306199381,0.9990127722715815,0.0001,0.0,0.044,-0.1157607902756157,0.04524557217752563,0.0340721368019232,0.04115799535617196,0.032868025682936335
2023-06-06,1965.5,71.73999786376953,2.26200008392334,4283.85009765625,13.960000038146973,0.003823121771459306,-0.005698864041843443,0.007543944577009816,0.002351130233850576,-0.053690099330757315,44,Fear,59517634.4,2658853.14848,-0.10854155640781968,-0.13044805303480994,-6.815666666666667e-05,-0.00016815666666666668,0.0459,0.042275483148238334,0.05089754296923011,0.035300504565303946,0.04112708523528402,0.0340721368019232
2023-06-07,1942.699951171875,72.52999877929688,2.3289999961853027,4267.52001953125,13.9399995803833,-0.011667932951336448,0.01095181021826159,0.029189574468975667,-0.003819293926420617,-0.0014337248360685253,53,Neutral,53638464.2,2331486.90215,-0.1040062187259521,-0.13138866316276096,3.711666666666666e-05,0.00010527333333333334,0.0421,-0.08641737637816387,0.05814112686929946,0.03521568121311976,0.037998421864240156,0.035300504565303946
2023-06-08,1963.5999755859375,71.29000091552734,2.3519999980926514,4293.93017578125,13.649999618530273,0.010700777840001093,-0.017244174573166782,0.009827039961141109,0.00616957160752325,-0.02102288154628079,50,Neutral,51769423.9,2164285.13132,-0.035466723599945,-0.07441610592927146,7.964333333333334e-05,4.252666666666668e-05,0.0422,0.0023724803536303955,0.058165084572669425,0.03525118925687764,0.038004507816683415,0.03521568121311976
2023-06-09,1962.199951171875,70.16999816894531,2.253999948501587,4298.85986328125,13.829999923706055,-0.0007132429056668153,-0.015835234802188534,-0.04255963645541434,0.0011474010230505239,0.013100646475644259,50,Neutral,31623081.5,1324170.51229,-0.4929124216095178,-0.49130387860276237,0.0001,2.035666666666666e-05,0.0419,-0.007134394113874092,0.05483620754845978,0.03439055253030137,0.03834854032622168,0.03525118925687764
2023-06-10,1962.199951171875,70.16999816894531,2.253999948501587,4298.85986328125,13.829999923706055,0.0,0.0,0.0,0.0,0.0,49,Neutral,143113534.4,5186061.50325,1.5097509809280472,1.3651883115834182,0.0001,0.0,0.0365,-0.13797356633964625,0.06871357732355997,0.04111136432053104,0.02817899692946731,0.03439055253030137
2023-06-11,1962.199951171875,70.16999816894531,2.253999948501587,4298.85986328125,13.829999923706055,0.0,0.0,0.0,0.0,0.0,47,Neutral,34737781.2,1277711.78171,-1.4158103720699153,-1.4009037389209862,6.494666666666667e-05,-3.505333333333334e-05,0.0369,0.010899290458035858,0.07036686250735834,0.0404110189690658,0.028156327059021137,0.04111136432053104
2023-06-12,1955.300048828125,67.12000274658203,2.2660000324249268,4338.93017578125,15.010000228881836,-0.003522608540493114,-0.044438740090224194,0.005309784145119211,0.00927797498175416,0.08187652073388114,47,Neutral,37586359.5,1373296.68876,0.07881331528615765,0.07214338379297901,6.594666666666668e-05,1.0000000000000108e-06,0.0368,-0.0027137058715963843,0.06313086265556418,0.04042587571093538,0.02812545108545194,0.0404110189690658
2023-06-13,1944.5999755859375,69.41999816894531,2.3399999141693115,4369.009765625,14.609999656677246,-0.005487371483662416,0.03369288097774668,0.03213471577469008,0.006908570725908897,-0.027010458630547705,45,Fear,43373871.3,1634012.49119,0.143216010706214,0.1738244495601336,2.7453333333333334e-05,-3.8493333333333347e-05,0.038,0.03208831455150045,0.061401070924911365,0.041106208257328074,0.030514067578002773,0.04042587571093538
2023-06-14,1955.300048828125,68.2699966430664,2.3420000076293945,4372.58984375,13.880000114440918,0.005487371483662365,-0.016704601798411153,0.0008543757433382518,0.0008190899801265841,-0.05125723893976474,46,Fear,72542050.6,2813926.56035,0.5143091859702725,0.543542219439279,-5.989333333333333e-05,-8.734666666666667e-05,0.0382,0.005249355886143745,0.056164307605989804,0.04100690326912256,0.03126444358001708,0.041106208257328074
2023-06-15,1957.800048828125,70.62000274658203,2.5329999923706055,4425.83984375,14.5,0.0012777594632126471,0.033843047133893404,0.07839909957437252,0.012104580493589997,0.04369968610284749,41,Fear,69073173.0,2639496.59863,-0.04899998104841778,-0.06399264375607906,1.095e-05,7.084333333333333e-05,0.039,0.020726130517116952,0.057463277192897594,0.04121046954617271,0.03134677990618566,0.04100690326912256
2023-06-16,1958.4000244140625,71.77999877929688,2.631999969482422,4409.58984375,13.539999961853027,0.0003064070167053769,0.016292439320637658,0.038339633860707455,-0.0036783764677510893,-0.06850038475975376,47,Neutral,32673067.7,1262253.94143,-0.7486153001415166,-0.7376892513438246,0.0001,8.905000000000001e-05,0.0387,-0.00772204609391039,0.05745666488479402,0.040312285919993876,0.0326274300044185,0.04121046954617271
2023-06-17,1958.4000244140625,71.77999877929688,2.631999969482422,4409.58984375,13.539999961853027,0.0,0.0,0.0,0.0,0.0,47,Neutral,28737799.0,1139137.09643,-0.12833782624788934,-0.10262792246322006,5.871333333333333e-05,-4.128666666666667e-05,0.0398,0.02802731225465609,0.015208896260216409,0.040920471792826665,0.032771754762342106,0.040312285919993876
2023-06-18,1958.4000244140625,71.77999877929688,2.631999969482422,4409.58984375,13.539999961853027,0.0,0.0,0.0,0.0,0.0,49,Neutral,42668153.0,1724333.15019,0.39523951602337104,0.414569353310296,-7.332999999999999e-05,-0.00013204333333333333,0.0403,0.012484556662245277,0.015195231104777947,0.04091066368805797,0.03282017682564193,0.040920471792826665
2023-06-19,1958.4000244140625,71.77999877929688,2.631999969482422,4409.58984375,13.539999961853027,0.0,0.0,0.0,0.0,0.0,47,Neutral,50854647.1,2094637.66908,0.17551869613390034,0.1945401919544942,-0.00032948333333333336,-0.0002561533333333334,0.0415,0.029341958284015375,0.014633916431961025,0.041530541290462186,0.032425773735047785,0.04091066368805797
2023-06-20,1935.5,70.5,2.492000102996826,4388.7099609375,13.880000114440918,-0.011762134766634989,-0.017993158895064698,-0.054658359612050685,-0.004746353835236048,0.024800698656906404,49,Neutral,59736187.0,2553920.36156,0.1609664774529554,0.19824898717944148,-0.0002709333333333333,5.855000000000004e-05,0.0434,0.04476601386970664,0.01732489602624785,0.04224739217399751,0.031648446373165134,0.041530541290462186
2023-06-21,1933.300048828125,72.52999877929688,2.5969998836517334,4365.68994140625,13.199999809265137,-0.0011372784228845022,0.028387542726777716,0.041271245623388145,-0.005259086366925201,-0.050232148180967114,59,Greed,65754393.0,2920693.75164,0.0959884983450457,0.13419159896304378,-2.0333333333333284e-06,0.0002689,0.0451,0.03842280540227348,0.017478878863184114,0.0429306481671077,0.03117827993986348,0.04224739217399751
2023-06-22,1912.699951171875,69.51000213623047,2.6080000400543213,4381.89013671875,12.90999984741211,-0.01071258172670636,-0.04252959469989951,0.004226771543074732,0.0037039303873345254,-0.022214622103519467,65,Greed,76580552.5,3533371.85639,0.1524166781864325,0.19043144090321795,0.0001,0.00010203333333333334,0.0454,0.006629858538669582,0.018653943351391287,0.042788233590026835,0.031170363477711016,0.0429306481671077
2023-06-23,1919.0999755859375,69.16000366210938,2.7290000915527344,4348.330078125,13.4399995803833,0.003340482534468814,-0.005047944078749438,0.04535161585163115,-0.007688288056502158,0.04023311083432769,65,Greed,41397084.7,1931154.78608,-0.6151327002231665,-0.6041344563999634,0.0001,0.0,0.0468,0.03037109787629877,0.01347529433058073,0.042533773901921576,0.030776347347494567,0.042788233590026835
2023-06-24,1919.0999755859375,69.16000366210938,2.7290000915527344,4348.330078125,13.4399995803833,0.0,0.0,0.0,0.0,0.0,62,Greed,30076419.0,1411282.40034,-0.31946901768482505,-0.31361936391305045,0.0001,0.0,0.0462,-0.012903404835907954,0.020222100747637823,0.04255489376862692,0.03311959314402242,0.042533773901921576
2023-06-25,1919.0999755859375,69.16000366210938,2.7290000915527344,4348.330078125,13.4399995803833,0.0,0.0,0.0,0.0,0.0,64,Greed,32003554.7,1523308.98246,0.062105538212721544,0.07638613602487047,0.0001,0.0,0.0478,0.03404584140971728,0.020297177506427615,0.043063621257372196,0.03503326353678958,0.04255489376862692
2023-06-26,1923.699951171875,69.37000274658203,2.7909998893737793,4328.81982421875,14.25,0.0023940761271535643,0.003031823224082698,0.022464639643126144,-0.004496934363132171,0.05852160284113717,55,Greed,37293166.7,1733795.75159,0.15296313047015975,0.12942815024911966,0.0001,0.0,0.0455,-0.0493133135405056,0.034142951870751,0.04394447321268724,0.0393560556921278,0.043063621257372196
2023-06-27,1914.0,67.69999694824219,2.763000011444092,4378.41015625,13.739999771118164,-0.00505509651683476,-0.024368402149869475,-0.010082864834228464,0.01139073352418076,-0.03644563657852305,59,Greed,36148004.2,1712726.41071,-0.031188373246770495,-0.01222658805457579,0.0001,0.0,0.0475,0.04301738508369086,0.033878417368342684,0.044299649240500734,0.0387170018236669,0.04394447321268724
2023-06-28,1912.300048828125,69.55999755859375,2.6029999256134033,4376.85986328125,13.430000305175781,-0.0008885614102553915,0.02710351954766955,-0.05965245264801524,-0.0003541393883898215,-0.02282023687755186,62,Greed,52567182.4,2413151.76629,0.37447027805765976,0.3428471868877521,8.282666666666668e-05,-1.7173333333333327e-05,0.0441,-0.07426992858779524,0.044755767870894796,0.04613216956443542,0.03682549955065582,0.044299649240500734
2023-06-29,1909.199951171875,69.86000061035156,2.7009999752044678,4396.43994140625,13.539999961853027,-0.0016224510460784893,0.004303593727232923,0.036957468195175876,0.00446356811449,0.008157231408190429,54,Neutral,30847462.7,1380615.78197,-0.5330375156707058,-0.5584040614745739,0.0001,1.7173333333333327e-05,0.0437,-0.009111680351255778,0.04457445816232381,0.04613987423957215,0.037213521384498974,0.04613216956443542
2023-06-30,1921.0999755859375,70.63999938964844,2.7980000972747803,4450.3798828125,13.59000015258789,0.0062136453694543944,0.01110329953992615,0.035282845378766484,0.0121943502618858,0.0036859747242309056,56,Greed,86191714.2,3781678.10539,1.0275195494640437,1.0076382358807834,0.0001,0.0,0.044,0.006841531816716564,0.042249337251341494,0.046090133595610955,0.038163479016160344,0.04613987423957215
2023-07-01,1921.0999755859375,70.63999938964844,2.7980000972747803,4450.3798828125,13.59000015258789,0.0,0.0,0.0,0.0,0.0,59,Greed,29322094.0,1298456.81864,-1.0782327567847139,-1.0689913575767072,0.0001,0.0,0.0444,0.009049835519918076,0.04270744535428604,0.04613814311094388,0.03841053764512444,0.046090133595610955
2023-07-02,1921.0999755859375,70.63999938964844,2.7980000972747803,4450.3798828125,13.59000015258789,0.0,0.0,0.0,0.0,0.0,63,Greed,29033786.4,1266768.50474,-0.009881093174732623,-0.02470732345462531,0.0001,0.0,0.0444,0.0,0.039226432698058776,0.045807491670439945,0.03839285965659134,0.04613814311094388
2023-07-03,1921.699951171875,69.79000091552734,2.7090001106262207,4455.58984375,13.569999694824219,0.00031225960354315117,-0.012105801508016404,-0.03232530706960484,0.0011699930926736418,-0.0014727880332322733,62,Greed,44802940.5,2033875.08184,0.43381357330744064,0.4734737074044131,0.0001,0.0,0.0458,0.031044621681960108,0.03771791201011474,0.04615362258782817,0.04011449039661768,0.045807491670439945
2023-07-04,1921.699951171875,69.79000091552734,2.7090001106262207,4455.58984375,13.569999694824219,0.0,0.0,0.0,0.0,0.0,64,Greed,28927068.1,1312980.59914,-0.4374960042003217,-0.4376430614829877,0.0001,0.0,0.0451,-0.01540184461150659,0.03302704358475559,0.046211942937104754,0.04083276125949344,0.04615362258782817
2023-07-05,1919.5999755859375,71.79000091552734,2.6570000648498535,4446.81982421875,14.180000305175781,-0.0010933672637802037,0.028254457193867853,-0.019381912754662535,-0.0019702580976127164,0.04397109126777171,61,Greed,33361716.0,1486844.9551,0.14263124578916112,0.12435657589577871,0.0001,0.0,0.0443,-0.017897569457542787,0.016980931421464087,0.04115799535617196,0.04088759579506601,0.046211942937104754
2023-07-06,1908.699951171875,71.80000305175781,2.6089999675750732,4411.58984375,15.4399995803833,-0.005694461811811971,0.00013931521652338637,-0.018230697458361197,-0.007954061175894762,0.08512897479383684,56,Greed,39911077.4,1758993.53131,0.1792448994201454,0.1680853931385383,0.0001,0.0,0.0424,-0.04383631481317791,0.023949070052444826,0.04112708523528402,0.0406002337137067,0.04115799535617196
2023-07-07,1926.199951171875,73.86000061035156,2.5820000171661377,4398.9501953125,14.829999923706055,0.009126768323334932,0.02828689913027681,-0.010402694653647343,-0.002869212795733482,-0.04030936641410981,55,Greed,24170630.9,1030896.24023,-0.5015156174554185,-0.5343132282289553,0.0001,0.0,0.0428,0.009389740349838917,0.024165291882606986,0.037998421864240156,0.04071991836141984,0.04112708523528402
2023-07-08,1926.199951171875,73.86000061035156,2.5820000171661377,4398.9501953125,14.829999923706055,0.0,0.0,0.0,0.0,0.0,58,Greed,19607433.0,840024.22054,-0.20922956794221373,-0.20475311362245865,8.505e-05,-1.4950000000000011e-05,0.043,0.004662013105811371,0.023826409334114458,0.038004507816683415,0.04194578183622121,0.037998421864240156
2023-07-09,1926.199951171875,73.86000061035156,2.5820000171661377,4398.9501953125,14.829999923706055,0.0,0.0,0.0,0.0,0.0,55,Greed,21902907.9,926951.97462,0.11071067979073207,0.0984710315120353,0.0001,1.4950000000000011e-05,0.0418,-0.02830377616285182,0.02527762981969546,0.03834854032622168,0.041490609353928155,0.038004507816683415
2023-07-10,1925.0,72.98999786376953,2.6689999103546143,4409.52978515625,15.069999694824219,-0.0006231570554215221,-0.011849001491944946,0.03313953776191725,0.002402138610626312,0.016053841382581882,56,Greed,35237154.5,1485516.80255,0.47548164266702986,0.4716162489688528,6.109e-05,-3.8910000000000005e-05,0.0423,0.011890746521521773,0.020931366668215337,0.02817899692946731,0.04190685519246166,0.03834854032622168
2023-07-11,1931.300048828125,74.83000183105469,2.7309999465942383,4439.259765625,14.84000015258789,0.0032674088391857186,0.02489648236569345,0.02296398610142489,0.006719583998254874,-0.015379744366417212,57,Greed,21190139.0,898777.51561,-0.5085651195401459,-0.5024824818907142,0.0001,3.8910000000000005e-05,0.0425,0.004716989878139088,0.021652211781461886,0.028156327059021137,0.042452863054254435,0.02817899692946731
2023-07-12,1956.199951171875,75.75,2.631999969482422,4472.16015625,13.539999961853027,0.012810414334619996,0.012219545827684955,-0.03692382106793469,0.007383905235389679,-0.09167798335466223,64,Greed,22775988.9,972654.90323,0.07217093066384335,0.07899382234728695,0.0001,0.0,0.0426,0.0023501773449534514,0.021536982044754863,0.02812545108545194,0.043340872803594686,0.028156327059021137
2023-07-13,1959.199951171875,76.88999938964844,2.5450000762939453,4510.0400390625,13.609999656677246,0.0015324108197861239,0.01493737671662713,-0.03361332188778594,0.008434482989627111,0.005156526770827636,57,Greed,40306258.4,1756376.81522,0.5707998895604255,0.5909789920943158,9.325333333333333e-05,-6.746666666666674e-06,0.0459,0.07461086379117485,0.03095215162081207,0.030514067578002773,0.04158229757307853,0.02812545108545194
2023-07-14,1960.0999755859375,75.41999816894531,2.5390000343322754,4505.419921875,13.34000015258789,0.00045927816023401885,-0.019303353554000074,-0.0023603637359513995,-0.001024932196907484,-0.020037739511752393,60,Greed,42005867.6,1895095.55803,0.04130256110653911,0.0760162042165785,0.0001,6.746666666666674e-06,0.0445,-0.03097592789430502,0.0348844506308173,0.03126444358001708,0.04103301380627789,0.030514067578002773
2023-07-15,1960.0999755859375,75.41999816894531,2.5390000343322754,4505.419921875,13.34000015258789,0.0,0.0,0.0,0.0,0.0,56,Greed,18357251.7,809817.3389,-0.8277846288422086,-0.8502158279412402,0.0001,0.0,0.0438,-0.015855371789794077,0.035822259823127554,0.03134677990618566,0.04082575502804432,0.03126444358001708
2023-07-16,1960.0999755859375,75.41999816894531,2.5390000343322754,4505.419921875,13.34000015258789,0.0,0.0,0.0,0.0,0.0,57,Greed,28667422.6,1227769.09231,0.44573669255990084,0.4161453407430323,9.991666666666666e-05,-8.333333333333988e-08,0.0418,-0.046737477851689815,0.039011188427190306,0.0326274300044185,0.03976422748568416,0.03134677990618566
2023-07-17,1952.4000244140625,74.1500015258789,2.51200008392334,4522.7900390625,13.479999542236328,-0.003936082358076451,-0.016982378389892278,-0.01069103422958422,0.0038479695744204137,0.01044001959958077,54,Neutral,50416640.6,2138263.21667,0.5645599142127504,0.5547951420624131,8.149e-05,-1.842666666666667e-05,0.0432,0.03294415571935406,0.04084899757142027,0.032771754762342106,0.04177751164037822,0.0326274300044185
2023-07-18,1977.199951171875,75.75,2.628999948501587,4554.97998046875,13.300000190734863,0.012622280219577665,0.021348355227265157,0.0455242441442257,0.007092066941428338,-0.013443021956755858,56,Greed,54816523.3,2352949.37802,0.08367037736100662,0.0956756771818632,0.0001,1.851000000000001e-05,0.0427,-0.011641575015485755,0.04120131866587738,0.03282017682564193,0.04353594018435215,0.032771754762342106
2023-07-19,1977.5,75.3499984741211,2.6029999256134033,4565.72021484375,13.760000228881836,0.0001517429045972916,-0.005294539567523786,-0.009938928723978016,0.002355134827233639,0.03400179957037673,50,Neutral,56809550.1,2438762.66717,0.03571277857836558,0.03582121135558798,0.0001,0.0,0.0425,-0.004694844304207729,0.0412394833773832,0.032425773735047785,0.046883797819905315,0.03282017682564193
2023-07-20,1968.300048828125,75.62999725341797,2.756999969482422,4534.8701171875,13.989999771118164,-0.004663169815610156,0.0037090887299437904,0.05747852353736224,-0.006779827396257691,0.01657692317794938,56,Greed,80754736.7,3525495.97216,0.3517121720486475,0.36853032062298186,6.444333333333334e-05,-3.5556666666666664e-05,0.0435,0.023256862164267183,0.028186994019005894,0.031648446373165134,0.04687359820273209,0.032425773735047785
2023-07-21,1964.300048828125,77.06999969482422,2.7130000591278076,4536.33984375,13.600000381469727,-0.002034278228194697,0.0188611022782814,-0.016088065501487298,0.0003240420146130911,-0.028272951525750628,50,Neutral,36798638.8,1625218.99711,-0.7859557638455983,-0.7743785535350239,0.0001,3.5556666666666664e-05,0.0446,0.024972920931380097,0.028409149066875233,0.03117827993986348,0.04682900516026792,0.031648446373165134
2023-07-22,1964.300048828125,77.06999969482422,2.7130000591278076,4536.33984375,13.600000381469727,0.0,0.0,0.0,0.0,0.0,52,Neutral,24291122.2,1076523.18978,-0.4153499133311071,-0.41190599473342804,0.0001,0.0,0.0443,-0.0067491819749284495,0.027745723203794544,0.031170363477711016,0.04702080306025963,0.03117827993986348
2023-07-23,1964.300048828125,77.06999969482422,2.7130000591278076,4536.33984375,13.600000381469727,0.0,0.0,0.0,0.0,0.0,54,Neutral,30277322.5,1355277.10548,0.22028805792755085,0.23026935989222094,0.0001,0.0,0.045,0.01567781271922979,0.017895109388006723,0.030776347347494567,0.047034591888911,0.031170363477711016
2023-07-24,1960.300048828125,78.73999786376953,2.684999942779541,4554.64013671875,13.90999984741211,-0.002038424953129538,0.02143716255522998,-0.01037434882137731,0.004026038496874852,0.02253817417444661,55,Greed,43912022.3,1892096.16252,0.3717891391245292,0.33367935588184905,5.054666666666667e-05,-4.9453333333333336e-05,0.042,-0.06899287148695131,0.03230089433088276,0.03311959314402242,0.04721883657846317,0.030776347347494567
2023-07-25,1962.0999755859375,79.62999725341797,2.7300000190734863,4567.4599609375,13.859999656677246,0.0009177681383586431,0.011239613392143006,0.01662090953382343,0.0028107195758387046,-0.003601025974701848,50,Neutral,176498903.4,8005399.43885,1.3911265242415805,1.442430948679029,-0.00013355333333333333,-0.0001841,0.045,0.06899287148695142,0.042041138878088316,0.03503326353678958,0.0462629784148337,0.03311959314402242
2023-07-26,1968.9000244140625,78.77999877929688,2.6649999618530273,4566.75,13.1899995803833,0.0034597077644024344,-0.010731729729882442,-0.02409757287974662,-0.00015545097867591856,-0.049548034075017525,51,Neutral,153162167.8,7243996.67905,-0.14181738298789542,-0.09994316229376919,-0.00025818,-0.00012462666666666666,0.0502,0.10935253692736382,0.0562332067698071,0.0393560556921278,0.04316032383307706,0.03503326353678958
2023-07-27,1945.4000244140625,80.08999633789062,2.492000102996826,4537.41015625,14.40999984741211,-0.012007399562659367,0.016491814562992667,-0.06711840104755121,-0.006445393055197076,0.08846346450642487,51,Neutral,211152432.5,10699016.26895,0.3210830212248719,0.38997871818044966,-0.00010299,0.00015518999999999998,0.051,0.015810606026642245,0.056315282510099915,0.0387170018236669,0.043892491291586094,0.0393560556921278
2023-07-28,1960.4000244140625,80.58000183105469,2.638000011444092,4582.22998046875,13.329999923706055,0.007680922504028945,0.006099545875976461,0.056935416377097064,0.009829375810433848,-0.07790527095526234,52,Neutral,207888175.3,11253934.83081,-0.01557998517732518,0.050566030476325186,9.25666666666667e-06,0.00011224666666666668,0.0536,0.049723435352430574,0.057249292480378605,0.03682549955065582,0.04350295002979618,0.0387170018236669
2023-07-29,1960.4000244140625,80.58000183105469,2.638000011444092,4582.22998046875,13.329999923706055,0.0,0.0,0.0,0.0,0.0,52,Neutral,88987046.3,4664018.88704,-0.848509504434432,-0.8808403316594977,6.092e-05,5.166333333333333e-05,0.0522,-0.026466573188163287,0.05958160791869883,0.037213521384498974,0.0431243554110261,0.03682549955065582
2023-07-30,1960.4000244140625,80.58000183105469,2.638000011444092,4582.22998046875,13.329999923706055,0.0,0.0,0.0,0.0,0.0,52,Neutral,159020772.2,8728099.99174,0.5805440245063956,0.6266702063204473,6.894666666666667e-05,8.026666666666669e-06,0.055,0.052250690343877894,0.06038535136570242,0.038163479016160344,0.04219080927872765,0.037213521384498974
2023-07-31,1970.5,81.80000305175781,2.634000062942505,4588.9599609375,13.630000114440918,0.005138771146053185,0.015026778429613846,-0.0015174314160361743,0.0014676354365687912,0.022256125637552852,50,Neutral,140493416.3,7872410.10753,-0.12387420785335725,-0.10318344951122622,7.306666666666669e-06,-6.164e-05,0.0541,-0.016498999380035077,0.04828246307334497,0.03841053764512444,0.043417955849693574,0.038163479016160344
2023-08-01,1940.699951171875,81.37000274658203,2.559999942779541,4576.72998046875,13.930000305175781,-0.015238610077067491,-0.0052705924534539855,-0.02849639107752737,-0.0026686453076827116,0.021771555594829822,53,Neutral,98253137.1,5313130.39239,-0.357613448590528,-0.39318306607840475,-5.4643333333333326e-05,-6.194999999999999e-05,0.0546,0.009199696898423636,0.046772593597275675,0.03839285965659134,0.043630340222221495,0.03841053764512444
2023-08-02,1937.4000244140625,79.48999786376953,2.4769999980926514,4513.39013671875,16.09000015258789,-0.0017018269642495524,-0.023375487751982435,-0.03295908640253019,-0.013936200638336184,0.14415316078816753,53,Neutral,72469731.0,3808239.06166,-0.30437820877709587,-0.33301429555180495,1.5733333333333334e-05,7.037666666666666e-05,0.0513,-0.06234313057413563,0.041491780662185083,0.04011449039661768,0.04196282953855129,0.03839285965659134
2023-08-03,1932.0,81.55000305175781,2.565000057220459,4501.89013671875,15.920000076293945,-0.0027911448212779625,0.025585165778128107,0.034910351193704885,-0.0025512254502915274,-0.010621785279120641,52,Neutral,54108261.2,2729731.23169,-0.29218209463595457,-0.3329637393359287,3.551666666666667e-05,1.9783333333333338e-05,0.0492,-0.04179712867846136,0.044175987587972324,0.04083276125949344,0.04154108052009393,0.04011449039661768
2023-08-04,1939.5999755859375,82.81999969482422,2.5769999027252197,4478.02978515625,17.100000381469727,0.0039260178715701454,0.015453207943668348,0.004667392992028158,-0.0053141693739379705,0.07150230060821486,54,Neutral,49694848.4,2505482.15567,-0.08508560279096562,-0.08572196109113313,6.772e-05,3.2203333333333324e-05,0.0506,0.028057952795157312,0.04027914206881731,0.04088759579506601,0.041287323348509576,0.04083276125949344
2023-08-05,1939.5999755859375,82.81999969482422,2.5769999027252197,4478.02978515625,17.100000381469727,0.0,0.0,0.0,0.0,0.0,50,Neutral,45109153.3,2198111.72452,-0.09681609223658047,-0.13088250855730232,9.359666666666667e-05,2.5876666666666676e-05,0.0488,-0.03622126343431827,0.04117409253586231,0.0406002337137067,0.041246740052249646,0.04088759579506601
2023-08-06,1939.5999755859375,82.81999969482422,2.5769999027252197,4478.02978515625,17.100000381469727,0.0,0.0,0.0,0.0,0.0,49,Neutral,59819894.1,2994035.08128,0.2822531013192802,0.3090233183516622,7.198000000000001e-05,-2.161666666666666e-05,0.0499,0.022290689898371432,0.03472226015369434,0.04071991836141984,0.0417825188060743,0.0406002337137067
2023-08-07,1933.5,81.94000244140625,2.7249999046325684,4518.43994140625,15.770000457763672,-0.0031499215966817747,-0.01068227251884067,0.05584249919505223,0.008983618964856572,-0.08096905581433864,49,Neutral,109943865.5,5719010.86983,0.608631639012431,0.6471738624604052,7.491666666666667e-05,2.936666666666655e-06,0.053,0.06027091079464881,0.04450974226335193,0.04194578183622121,0.040763558491552256,0.04071991836141984
2023-08-08,1924.0999755859375,82.91999816894531,2.7769999504089355,4499.3798828125,15.989999771118164,-0.004873518808943379,0.011888963571621945,0.0189027973488947,-0.004227205100058866,0.013854082529355417,54,Neutral,49666609.0,2592638.29697,-0.7946370656988834,-0.7911198608626553,9.052333333333333e-05,1.5606666666666667e-05,0.0527,-0.005676458004805191,0.0441877904919637,0.041490609353928155,0.04171712555845924,0.04194578183622121
2023-08-09,1915.4000244140625,84.4000015258789,2.9590001106262207,4467.7099609375,15.960000038146973,-0.004531822404694159,0.01769115419565046,0.06348022033754672,-0.007063619102045116,-0.0018779181199778247,50,Neutral,54435265.9,2819142.33941,0.09167935784326443,0.08375669900968306,4.2810000000000005e-05,-4.771333333333333e-05,0.0514,-0.024977283086197094,0.03792807055827585,0.04190685519246166,0.04145953594379558,0.041490609353928155
2023-08-10,1914.4000244140625,82.81999969482422,2.763000011444092,4468.830078125,15.850000381469727,-0.0005222204866973095,-0.018897845248431876,-0.06853436072123821,0.00025068252108086326,-0.006916070021043906,53,Neutral,64337617.5,3375426.19685,0.16713227723767718,0.18008889316931145,0.0001,5.719e-05,0.0537,0.04377482905369943,0.035839396815205364,0.042452863054254435,0.04081482092951095,0.04190685519246166
2023-08-11,1912.9000244140625,83.19000244140625,2.7699999809265137,4464.0498046875,14.84000015258789,-0.0007838424255554935,0.004457603210535083,0.0025302632303245407,-0.0010702648992294865,-0.06584327636934278,51,Neutral,127604317.4,7121584.65011,0.6847897144776904,0.7466086669781382,-0.0002162366666666667,-0.0003162366666666667,0.0568,0.056123324212286656,0.03927475808694487,0.043340872803594686,0.03980350733558721,0.042452863054254435
2023-08-12,1912.9000244140625,83.19000244140625,2.7699999809265137,4464.0498046875,14.84000015258789,0.0,0.0,0.0,0.0,0.0,54,Neutral,170818448.2,10187050.89967,0.29166708029891086,0.35798713024923867,-0.0003759,-0.00015966333333333329,0.0576,0.01398624197473987,0.031938738223686085,0.04158229757307853,0.040107483669905145,0.043340872803594686
2023-08-13,1912.9000244140625,83.19000244140625,2.7699999809265137,4464.0498046875,14.84000015258789,0.0,0.0,0.0,0.0,0.0,54,Neutral,104146788.3,6230930.59564,-0.4947999560828504,-0.49159169918606904,-0.0003072733333333333,6.862666666666666e-05,0.059,0.02401487620387392,0.0319328445793258,0.04103301380627789,0.03995983816940939,0.04158229757307853
2023-08-14,1910.5999755859375,82.51000213623047,2.7950000762939453,4489.72021484375,14.819999694824219,-0.0012031118637709465,-0.008207653636332482,0.00898482059013154,0.005734004879419051,-0.0013486487456545642,50,Neutral,98279723.0,5917807.75944,-0.05798360080635452,-0.05155962553273793,-0.00023569666666666664,7.157666666666668e-05,0.0604,0.023451661035049882,0.02770141043428566,0.04082575502804432,0.04089600445202009,0.04103301380627789
2023-08-15,1902.5,80.98999786376953,2.6589999198913574,4437.85986328125,16.459999084472656,-0.0042485053218494105,-0.018593860122389717,-0.049882051770118396,-0.011618139396096483,0.1049555403517943,53,Neutral,87622005.6,5094310.29991,-0.11478555729620361,-0.14984177992239922,2.2733333333333354e-06,0.00023796999999999997,0.0593,-0.018379798937089534,0.029891802032625505,0.03976422748568416,0.042900981484487045,0.04082575502804432
2023-08-16,1896.0999755859375,79.37999725341797,2.5920000076293945,4404.330078125,16.780000686645508,-0.0033696785716191323,-0.020079251129936113,-0.02552030070005767,-0.007584081792624527,0.0192546023319537,52,Neutral,102654698.5,5776141.39822,0.15833874258336617,0.12561159210603925,9.839666666666668e-05,9.612333333333335e-05,0.0557,-0.06262915907044136,0.040262642782165965,0.04177751164037822,0.04254674737265684,0.03976422748568416
2023-08-17,1884.0999755859375,80.38999938964844,2.621000051498413,4370.35986328125,17.889999389648438,-0.00634889183821112,0.01264336999299781,0.011126162556185159,-0.0077428113775290805,0.06405412144418428,50,Neutral,217151863.6,12113397.90236,0.7492260265717702,0.740576223103041,9.053e-05,-7.866666666666677e-06,0.0524,-0.06107355560624179,0.045417599491911397,0.04353594018435215,0.041100249546178455,0.04177751164037822
2023-08-18,1886.0999755859375,81.25,2.5510001182556152,4369.7099609375,17.299999237060547,0.0010609517869105895,0.010641038462359106,-0.027070458473407267,-0.00014871788395720285,-0.03353540600052895,37,Fear,300730778.7,17478078.12684,0.3256185005603134,0.3666353125104857,-0.0003214233333333333,-0.0004119533333333333,0.0581,0.1032590725308691,0.05759311041027485,0.046883797819905315,0.03644416758584186,0.04353594018435215
2023-08-19,1886.0999755859375,81.25,2.5510001182556152,4369.7099609375,17.299999237060547,0.0,0.0,0.0,0.0,0.0,39,Fear,160077161.3,9583783.35507,-0.6305594844806833,-0.6008749809430273,-0.00013038666666666666,0.00019103666666666665,0.0594,0.022128562510733692,0.05792774390182052,0.04687359820273209,0.0361232694165032,0.046883797819905315
2023-08-20,1886.0999755859375,81.25,2.5510001182556152,4369.7099609375,17.299999237060547,0.0,0.0,0.0,0.0,0.0,37,Fear,153182424.2,9281611.04079,-0.044026430927704516,-0.03203730099846849,-0.00011829,1.2096666666666669e-05,0.0606,0.020000666706669435,0.05772065492065569,0.04682900516026792,0.03685153386602895,0.04687359820273209
2023-08-21,1893.300048828125,80.72000122070312,2.631999969482422,4399.77001953125,17.1299991607666,0.0038101719353384462,-0.006544430041808612,0.031258516352000824,0.006855634859799785,-0.0098751940591841,38,Fear,113950097.6,6849443.81538,-0.295868913974704,-0.3038676811215466,-5.528e-05,6.301e-05,0.0595,-0.018318580523684746,0.05751190668609715,0.04702080306025963,0.03822491715914574,0.04682900516026792
2023-08-22,1896.4000244140625,80.3499984741211,2.559999942779541,4387.5498046875,16.969999313354492,0.0016360008536025392,-0.004594317974920206,-0.027736765728517174,-0.0027813310465456837,-0.009384224560183918,37,Fear,104684060.8,6261537.45503,-0.08481374278729893,-0.089741699340268,-8.362333333333333e-05,-2.834333333333333e-05,0.0606,0.018318580523684846,0.05745793661886184,0.047034591888911,0.0381394500282948,0.04702080306025963
2023-08-23,1918.5,78.88999938964844,2.496999979019165,4436.009765625,15.979999542236328,0.011586265785144559,-0.018337603822861738,-0.024917233244509836,0.010984330710791359,-0.060109127091726666,37,Fear,279864420.4,18257325.55537,0.983358403623161,1.0701406449808504,-1.774e-05,6.588333333333333e-05,0.0668,0.09740818746733129,0.05877075159475643,0.04721883657846317,0.033497154153915056,0.047034591888911
2023-08-24,1918.199951171875,79.05000305175781,2.5190000534057617,4376.31005859375,17.200000762939453,-0.0001564098483359136,0.002026132890635851,0.00877201567642938,-0.01354935398400801,0.07357151648426023,41,Fear,113978840.0,7564055.98059,-0.8982924559122134,-0.8811588480902621,0.0001,0.00011774000000000001,0.0664,-0.00600602406021181,0.047850014761398774,0.0462629784148337,0.0335165032085648,0.04721883657846317
2023-08-25,1911.0999755859375,79.83000183105469,2.5399999618530273,4405.7099609375,15.680000305175781,-0.0037082411186100178,0.009818794333739538,0.008302047440303339,0.006695501060295156,-0.09252339379134855,39,Fear,106655751.5,6809391.7628,-0.06640644492886791,-0.10510475082139456,0.0001,0.0,0.0644,-0.030583423372080278,0.041846093412654294,0.04316032383307706,0.033382440188633865,0.0462629784148337
2023-08-26,1911.0999755859375,79.83000183105469,2.5399999618530273,4405.7099609375,15.680000305175781,0.0,0.0,0.0,0.0,0.0,38,Fear,65947407.9,4187146.75142,-0.48074879782941804,-0.4862832651485352,8.013666666666666e-05,-1.9863333333333344e-05,0.0621,-0.03636764417087483,0.045773475228202444,0.043892491291586094,0.03338183690292739,0.04316032383307706
2023-08-27,1911.0999755859375,79.83000183105469,2.5399999618530273,4405.7099609375,15.680000305175781,0.0,0.0,0.0,0.0,0.0,38,Fear,49071475.1,2993048.77481,-0.29557966358556864,-0.33572701069054267,2.46e-06,-7.767666666666666e-05,0.0605,-0.026102623902637418,0.046787599405041534,0.04350295002979618,0.03423426174382748,0.043892491291586094
2023-08-28,1917.9000244140625,80.0999984741211,2.5789999961853027,4433.31005859375,15.079999923706055,0.0035518704503101632,0.003376438430007358,0.0152376594081176,0.006245078594196461,-0.0390166768644729,39,Fear,89149274.3,5296263.45856,0.5970342932757575,0.5707090390718631,-6.715666666666666e-05,-6.961666666666666e-05,0.0606,0.0016515280384729392,0.04610510622978557,0.0431243554110261,0.034996704114175596,0.04350295002979618
2023-08-29,1936.5,81.16000366210938,2.555999994277954,4497.6298828125,14.449999809265137,0.009651369784435556,0.013146725055070738,-0.008958191143453304,0.014404068712056505,-0.04267495616173323,39,Fear,112334140.5,6875116.30034,0.2311656230554837,0.26090699571831555,-0.00019765666666666666,-0.0001305,0.0609,0.004938281640582577,0.04562045590111285,0.04219080927872765,0.0378386783822585,0.0431243554110261
2023-08-30,1944.300048828125,81.62999725341797,2.7960000038146973,4514.8701171875,13.880000114440918,0.004019820260445598,0.005774247736830996,0.08974629145928854,0.003825854181192944,-0.040245438035115294,49,Neutral,74250838.5,4382918.82148,-0.41402875657004007,-0.4501936597803993,-0.00024505,-4.739333333333336e-05,0.0576,-0.055710607014005833,0.02224625775670532,0.043417955849693574,0.03669353312748414,0.04219080927872765
2023-08-31,1938.199951171875,83.62999725341797,2.7679998874664307,4507.66015625,13.569999694824219,-0.003142358107314131,0.02420546673482652,-0.010064828635673729,-0.0015982129743398576,-0.022587511965907553,52,Neutral,93896620.8,5256507.64382,0.23474532779787713,0.18175196015576478,-0.0003429633333333333,-9.79133333333333e-05,0.0563,-0.022828032556200833,0.021220268215260372,0.043630340222221495,0.036541920543181367,0.043417955849693574
2023-09-01,1939.800048828125,85.55000305175781,2.765000104904175,4515.77001953125,13.09000015258789,0.0008252180232353599,0.022698761459047576,-0.0010843241859066373,0.001797512765518541,-0.036012859779136375,40,Fear,70341528.0,3979914.14265,-0.2888320484768945,-0.2782066133328397,-0.0003351666666666666,7.796666666666713e-06,0.0567,0.007079675588061548,0.023767988975054305,0.04196282953855129,0.03703296049812109,0.043630340222221495
2023-09-02,1939.800048828125,85.55000305175781,2.765000104904175,4515.77001953125,13.09000015258789,0.0,0.0,0.0,0.0,0.0,39,Fear,42753221.5,2377760.08407,-0.4979178006005798,-0.5151013434802426,-8.581000000000001e-05,0.0002493566666666666,0.0551,-0.02862449457483758,0.022947081801527044,0.04154108052009393,0.03743425239447168,0.04196282953855129
2023-09-03,1939.800048828125,85.55000305175781,2.765000104904175,4515.77001953125,13.09000015258789,0.0,0.0,0.0,0.0,0.0,40,Fear,36417419.7,2016066.47744,-0.16039732591407285,-0.1650105787988315,6.349333333333333e-05,0.00014930333333333334,0.0553,0.003623192369420331,0.023737108282085858,0.041287323348509576,0.03777811130478147,0.04154108052009393
2023-09-04,1939.800048828125,85.55000305175781,2.765000104904175,4515.77001953125,13.09000015258789,0.0,0.0,0.0,0.0,0.0,40,Fear,60160733.8,3241256.08788,0.5019726536859329,0.4748126115335517,-0.0002684933333333333,-0.00033198666666666663,0.0534,-0.03496216256213997,0.024043982193973662,0.041246740052249646,0.037771372824075194,0.041287323348509576
2023-09-05,1926.199951171875,86.69000244140625,2.5820000171661377,4496.830078125,14.010000228881836,-0.007035775353867591,0.013237529032623712,-0.0684763738414858,-0.004202997821381205,0.06792278510731134,40,Fear,38294968.7,2080618.44085,-0.45170135501845526,-0.44329575926770215,3.444e-05,0.0003029333333333333,0.0558,0.04396312342111599,0.033090225106181335,0.0417825188060743,0.03660211585995314,0.041246740052249646
2023-09-06,1918.0999755859375,87.54000091552734,2.509999990463257,4465.47998046875,14.449999809265137,-0.004214024777917077,0.009757277178099374,-0.02828154972864541,-0.006996014491432261,0.030923024672847757,42,Fear,36521082.1,2035566.20486,-0.04742883639480683,-0.02189116331066963,-6.809000000000001e-05,-0.00010253000000000001,0.0576,0.03174869831458027,0.03045986147391865,0.040763558491552256,0.03617255949070597,0.0417825188060743
2023-09-07,1917.5,86.87000274658203,2.5789999961853027,4451.14013671875,14.399999618530273,-0.0003128457579778613,-0.007683062332156812,0.027118976075876395,-0.003216433115732967,-0.003466221267795236,41,Fear,86183360.9,5074691.62465,0.8585874444074938,0.9134917459246278,-0.0003477133333333333,-0.00027962333333333327,0.0607,0.052421130363607,0.034119289024922624,0.04171712555845924,0.03451462989564902,0.040763558491552256
2023-09-08,1918.4000244140625,87.51000213623047,2.6050000190734863,4457.490234375,13.84000015258789,0.00046926375810114266,0.007340317070030951,0.01003095710713648,0.0014256060622570594,-0.03966521887634129,46,Fear,51117234.8,3054646.15784,-0.5223554137603638,-0.5076019974980838,-7.752333333333333e-05,0.00027018999999999996,0.06,-0.011599135843351918,0.03516845379691262,0.04145953594379558,0.03452146759202053,0.04171712555845924
2023-09-09,1918.4000244140625,87.51000213623047,2.6050000190734863,4457.490234375,13.84000015258789,0.0,0.0,0.0,0.0,0.0,41,Fear,36319105.3,2173754.81156,-0.34177779665536556,-0.34020776180030327,7.386666666666667e-05,0.00015139,0.0601,0.0016652793190612488,0.03157977409086624,0.04081482092951095,0.035500088430008306,0.04145953594379558
2023-09-10,1918.4000244140625,87.51000213623047,2.6050000190734863,4457.490234375,13.84000015258789,0.0,0.0,0.0,0.0,0.0,40,Fear,65125126.4,3831623.43678,0.5839665213354625,0.5668325870488001,9.193666666666668e-05,1.8070000000000008e-05,0.0589,-0.020168750883620856,0.033879510677590076,0.03980350733558721,0.03548618790164034,0.04081482092951095
2023-09-11,1923.300048828125,87.29000091552734,2.6080000400543213,4487.4599609375,13.800000190734863,0.0025509680494884674,-0.002517177723412052,0.001150976895452474,0.006700951498135517,-0.0028943552301342276,40,Fear,73020551.4,4239472.05458,0.11443048660020758,0.10115015884561421,4.5236666666666673e-05,-4.6700000000000003e-05,0.0572,-0.02928719227178886,0.0326992698954207,0.040107483669905145,0.0353481501315244,0.03980350733558721
2023-09-12,1911.300048828125,88.83999633789062,2.743000030517578,4461.89990234375,14.229999542236328,-0.006258821711373876,0.01760103856922371,0.05046856365842859,-0.005712169023003997,0.03068377394831886,30,Fear,118949485.3,6974170.78792,0.4879579821566695,0.4977746911259703,-3.244e-05,-7.767666666666667e-05,0.0562,-0.017637141486106844,0.03017053218027593,0.03995983816940939,0.0353607628718566,0.040107483669905145
2023-09-13,1909.0999755859375,88.5199966430664,2.680000066757202,4467.43994140625,13.479999542236328,-0.001151750325271196,-0.003608480544858315,-0.023235403648918195,0.0012408621175346041,-0.0541453084074137,41,Fear,113105946.0,6100655.68872,-0.05037395502697887,-0.13381718183116909,-0.00020857000000000002,-0.00017613,0.0531,-0.05673982865175223,0.0335036843975642,0.04089600445202009,0.034852233694811496,0.03995983816940939
2023-09-14,1910.0,90.16000366210938,2.7079999446868896,4505.10009765625,12.819999694824219,0.0004713280283196849,0.018357433089449215,0.01039351519204334,0.00839458553366625,-0.0502006438375704,45,Fear,117403813.4,5976100.58903,0.03729443429443676,-0.020627975500874543,-0.00032158333333333333,-0.00011301333333333332,0.0492,-0.0762833047496307,0.027228801899854646,0.042900981484487045,0.03235073357064587,0.04089600445202009
2023-09-15,1923.699951171875,90.7699966430664,2.6440000534057617,4450.31982421875,13.789999961853027,0.00714714748905865,0.0067428872062673595,-0.023917392435921562,-0.012234145842493929,0.07293726135107188,45,Fear,69988342.1,3542378.92316,-0.517290702227676,-0.5229697662171686,-0.00020664,0.00011494333333333335,0.0515,0.04568818417142793,0.03951906942136707,0.04254674737265684,0.03108197233415973,0.042900981484487045
2023-09-16,1923.699951171875,90.7699966430664,2.6440000534057617,4450.31982421875,13.789999961853027,0.0,0.0,0.0,0.0,0.0,43,Fear,48643874.8,2490294.55959,-0.3638027894372796,-0.35239751313451806,-3.8033333333333334e-05,0.00016860666666666666,0.0512,-0.005842275624228291,0.03887194725129094,0.041100249546178455,0.031087205052823898,0.04254674737265684
2023-09-17,1923.699951171875,90.7699966430664,2.6440000534057617,4450.31982421875,13.789999961853027,0.0,0.0,0.0,0.0,0.0,46,Fear,40446742.7,2026313.43778,-0.184539783627902,-0.20618289895365086,-1.870333333333333e-05,1.9330000000000003e-05,0.0496,-0.031748698314580416,0.03898279795164891,0.03644416758584186,0.03148891016146511,0.041100249546178455
2023-09-18,1931.5,91.4800033569336,2.7279999256134033,4453.52978515625,14.0,0.00404651357660179,0.007791608294717611,0.031275770525110755,0.0007210276941755188,0.015113640576325997,46,Fear,37847535.6,1921878.32406,-0.06642024556563816,-0.052915099947075696,-6.816000000000001e-05,-4.945666666666668e-05,0.0498,0.004024150299725327,0.04031846959910569,0.0361232694165032,0.031837639024510006,0.03644416758584186
2023-09-19,1932.0,91.19999694824219,2.8480000495910645,4443.9501953125,14.109999656677246,0.00025883266612720474,-0.0030655422323710565,0.043048298248920876,-0.0021533273615331264,0.00782641191758886,46,Fear,44391501.8,2282845.82759,0.15948218209738402,0.17211983304192977,9.175333333333333e-05,0.00015991333333333335,0.0519,0.04130380614123579,0.0465208764174888,0.03685153386602895,0.030658735522418733,0.0361232694165032
2023-09-20,1945.5999755859375,90.27999877929688,2.7330000400543213,4402.2001953125,15.140000343322754,0.007014664451038297,-0.010138925189995375,-0.04121708936058387,-0.009439204206291041,0.07045652915299092,47,Neutral,51885703.9,2741472.32747,0.1559952472888186,0.18307228722802193,-4.2376666666666664e-05,-0.00013413,0.0547,0.052544919256092615,0.047091985874435006,0.03822491715914574,0.029340303166765516,0.03685153386602895
2023-09-21,1919.199951171875,89.62999725341797,2.609999895095825,4330.0,17.540000915527344,-0.013661993139932882,-0.007225883702320368,-0.04604974046030737,-0.016536918318488084,0.1471437684547391,47,Neutral,232587317.4,13082223.38832,1.5002224157259616,1.562759193526558,-0.0007816966666666666,-0.0007393199999999999,0.0536,-0.02031464135117914,0.03410095651846628,0.0381394500282948,0.03000900267827766,0.03822491715914574
2023-09-22,1925.4000244140625,90.02999877929688,2.63700008392334,4320.06005859375,17.200000762939453,0.003225343940292486,0.00445287983582428,0.010291758055027352,-0.0022982374027607495,-0.01957461096422612,43,Fear,67233727.0,3494488.53346,-1.241090701727113,-1.3200672927809223,5.198e-05,0.0008336766666666665,0.0515,-0.03996726040706587,0.03543855083998635,0.033497154153915056,0.029435827493267567,0.0381394500282948
2023-09-23,1925.4000244140625,90.02999877929688,2.63700008392334,4320.06005859375,17.200000762939453,0.0,0.0,0.0,0.0,0.0,47,Neutral,26178475.2,1332311.02789,-0.9432374956534237,-0.9642719733368271,9.626666666666667e-06,-4.235333333333333e-05,0.0514,-0.0019436352085709032,0.03536198407127541,0.0335165032085648,0.037165219702097206,0.033497154153915056
2023-09-24,1925.4000244140625,90.02999877929688,2.63700008392334,4320.06005859375,17.200000762939453,0.0,0.0,0.0,0.0,0.0,44,Fear,23398474.9,1183434.05285,-0.11226667082604734,-0.11849462300056633,4.752333333333334e-05,3.789666666666667e-05,0.0502,-0.02362314576343594,0.0342403503651618,0.033382440188633865,0.04134097301064464,0.0335165032085648
2023-09-25,1916.5999755859375,89.68000030517578,2.6389999389648438,4337.43994140625,16.899999618530273,-0.004580980852414224,-0.003895152394691035,0.0007580951965906554,0.0040149942038066174,-0.017595828819496954,47,Neutral,36125335.6,1840004.94022,0.4343235913288587,0.4413478302378252,2.4186666666666667e-05,-2.3336666666666673e-05,0.0513,0.02167572547904032,0.03507824584944617,0.03338183690292739,0.041173649494118364,0.033382440188633865
2023-09-26,1900.4000244140625,90.38999938964844,2.6559998989105225,4273.52978515625,18.940000534057617,-0.008488367011878772,0.00788585289105018,0.006421159160340801,-0.014844165482264943,0.1139625165984174,46,Fear,44036918.7,2175879.37885,0.19803390711185143,0.1676646384240071,-1.6596666666666666e-05,-4.078333333333333e-05,0.0487,-0.05201172208817974,0.03635323916926109,0.03423426174382748,0.040168991926363716,0.03338183690292739
2023-09-27,1871.5999755859375,93.68000030517578,2.7639999389648438,4274.509765625,18.219999313354492,-0.015270736211994373,0.035751087489206496,0.03985769026984988,0.00022928777229479233,-0.03875626180982169,44,Fear,62555047.2,2989885.21319,0.35101858083839277,0.3178021014847419,-0.00018139000000000002,-0.00016479333333333337,0.0464,-0.04837957085633462,0.02651655498047622,0.034996704114175596,0.0393684409012974,0.03423426174382748
2023-09-28,1860.4000244140625,91.70999908447266,2.944999933242798,4299.7001953125,17.34000015258789,-0.006002135474614082,-0.02125330795910164,0.06342991061233007,0.005875877143000698,-0.04950387399329117,46,Fear,52997600.8,2533529.34028,-0.16580027970211697,-0.1656216696338732,-0.00011729,6.410000000000003e-05,0.0498,0.07071552479839767,0.04454037745027528,0.0378386783822585,0.03871469492179061,0.034996704114175596
2023-09-29,1848.0999755859375,90.79000091552734,2.928999900817871,4288.0498046875,17.520000457763672,-0.006633460391607215,-0.010082257120324335,-0.005447760452086495,-0.002713259648289315,0.01032713148414973,48,Neutral,53334277.8,2623621.54501,0.006332590555949006,0.0349423056119773,0.0001,0.00021729,0.0494,-0.008064559836730408,0.04261376240810882,0.03669353312748414,0.038749819162532784,0.0378386783822585
2023-09-30,1848.0999755859375,90.79000091552734,2.928999900817871,4288.0498046875,17.520000457763672,0.0,0.0,0.0,0.0,0.0,47,Neutral,26355547.8,1290442.02684,-0.7049004396380532,-0.7095708162609391,0.0001,0.0,0.0491,-0.006091389393401928,0.04257763473650607,0.036541920543181367,0.039667161976828166,0.03669353312748414
2023-10-01,1848.0999755859375,90.79000091552734,2.928999900817871,4288.0498046875,17.520000457763672,0.0,0.0,0.0,0.0,0.0,48,Neutral,34958650.7,1738926.56333,0.28248715898388455,0.29828318908264423,0.0001,0.0,0.0506,0.030092541492944897,0.04380835048671248,0.03703296049812109,0.039501413529389455,0.036541920543181367
2023-10-02,1830.0,88.81999969482422,2.8399999141693115,4288.39013671875,17.610000610351562,-0.009842104245885983,-0.02193731103961071,-0.03085701203244205,7.936440615299324e-05,0.005123845531178813,50,Neutral,64089000.1,3154818.53013,0.6061067893917869,0.595662970927085,0.0001,0.0,0.0485,-0.04238777834998233,0.04546222047879051,0.03743425239447168,0.0394369056143518,0.03703296049812109
2023-10-03,1824.5999755859375,89.2300033569336,2.9489998817443848,4229.4501953125,19.780000686645508,-0.002955195304593962,0.0046054971051253885,0.03766206778185505,-0.013839395863449198,0.11620440374120897,50,Neutral,47116931.1,2239069.34302,-0.30764033613092745,-0.342870668486579,0.0001,0.0,0.0469,-0.03354612249120394,0.04295038268912937,0.03777811130478147,0.03901454021612296,0.03743425239447168
2023-10-04,1818.5,84.22000122070312,2.9619998931884766,4263.75,18.579999923706055,-0.0033487861038289848,-0.05778490630519061,0.004398590052101778,0.008077047607828946,-0.06258563162924412,49,Neutral,72360269.7,3318220.4903,0.4290249799518852,0.3933683346645917,5.3003333333333335e-05,-4.699666666666667e-05,0.0453,-0.03471064296324532,0.04093297302116407,0.037771372824075194,0.03847156035690252,0.03777811130478147
2023-10-05,1816.5999755859375,82.30999755859375,3.1659998893737793,4258.18994140625,18.489999771118164,-0.0010453767983573286,-0.022939859904561943,0.06660424673187004,-0.0013048811469951228,-0.0048556962591010805,48,Neutral,65387966.9,2963838.71907,-0.101319138537752,-0.11294334964896573,-2.1966666666666668e-05,-7.497e-05,0.0451,-0.004424785980355695,0.025000922674115703,0.03660211585995314,0.03845007855033893,0.037771372824075194
2023-10-06,1830.199951171875,82.79000091552734,3.3380000591278076,4308.5,17.450000762939453,0.007458615173471331,0.00581471488570491,0.05290291643631898,0.011745642093961117,-0.057890340650457284,50,Neutral,48076840.1,2187613.46315,-0.30753768282636773,-0.3036740859110934,6.075666666666667e-05,8.272333333333333e-05,0.0459,0.01758287055786688,0.027769454106752738,0.03617255949070597,0.0383951807968634,0.03660211585995314
2023-10-07,1830.199951171875,82.79000091552734,3.3380000591278076,4308.5,17.450000762939453,0.0,0.0,0.0,0.0,0.0,49,Neutral,34465302.5,1595445.38933,-0.33284747303411266,-0.31565826855750545,0.0001,3.924333333333334e-05,0.0463,0.008676844025688815,0.028705260103467824,0.03451462989564902,0.047879013999726217,0.03617255949070597
2023-10-08,1830.199951171875,82.79000091552734,3.3380000591278076,4308.5,17.450000762939453,0.0,0.0,0.0,0.0,0.0,50,Neutral,39542316.7,1806120.24992,0.13741831400675447,0.12402809812854267,7.8e-05,-2.2000000000000006e-05,0.0461,-0.004329011089585581,0.02348900869688236,0.03452146759202053,0.04933327800411984,0.03451462989564902
2023-10-09,1849.5,86.37999725341797,3.375999927520752,4335.66015625,17.700000762939453,0.010490108470351069,0.042448843526906935,0.011319712311552328,0.006284068119387409,0.014224990313812625,50,Neutral,83199910.2,3669614.12759,0.7438748611736402,0.708905477848488,0.0001,2.2000000000000006e-05,0.0436,-0.055755799647614235,0.026586715289294,0.035500088430008306,0.0480895168166751,0.03452146759202053
2023-10-10,1861.0,85.97000122070312,3.381999969482422,4358.240234375,17.030000686645508,0.006198645369741984,-0.004757723350522214,0.00177568618811972,0.005194476099985354,-0.03858814768935068,50,Neutral,47961080.7,2080513.82281,-0.5508564052330819,-0.5674716207891792,6.52e-05,-3.4800000000000006e-05,0.0428,-0.018519047767237527,0.025441944817396846,0.03548618790164034,0.04893003359131701,0.035500088430008306
2023-10-11,1872.800048828125,83.48999786376953,3.377000093460083,4376.9501953125,16.09000015258789,0.0063206856067081355,-0.029271573766282092,-0.001479472373952138,0.004283819500095073,-0.056778564506664936,47,Neutral,48717723.1,2058997.6543,0.015653024642323227,-0.010395604600753977,8.047666666666666e-05,1.5276666666666662e-05,0.042,-0.01886848430438269,0.02385078511973036,0.0353481501315244,0.0484839841545733,0.03548618790164034
2023-10-12,1869.300048828125,82.91000366210938,3.3440001010894775,4349.60986328125,16.690000534057617,-0.0018706079095983437,-0.006971112321425114,-0.009820043626344725,-0.006266024940654918,0.03661179918471129,45,Fear,49638912.6,2057674.93646,0.018732166466381525,-0.0006426150520142985,0.0001,1.9523333333333343e-05,0.0412,-0.019231361927887644,0.023847175565039548,0.0353607628718566,0.0479958350563254,0.0353481501315244
2023-10-13,1927.4000244140625,87.69000244140625,3.2360000610351562,4327.77978515625,19.31999969482422,0.03060790174466398,0.05605216933477332,-0.03282970739501989,-0.005031495660219892,0.14633104331612187,44,Fear,39898171.8,1670749.14271,-0.21844455107808214,-0.20830455945859136,0.0001,0.0,0.0423,0.02634882969675146,0.02586108765245033,0.034852233694811496,0.05194438818612832,0.0353607628718566
2023-10-14,1927.4000244140625,87.69000244140625,3.2360000610351562,4327.77978515625,19.31999969482422,0.0,0.0,0.0,0.0,0.0,47,Neutral,20173257.3,856070.43387,-0.681972672054238,-0.668674737959055,0.0001,0.0,0.0422,-0.0023668650102660568,0.024724966444382674,0.03235073357064587,0.06364015307598803,0.034852233694811496
2023-10-15,1927.4000244140625,87.69000244140625,3.2360000610351562,4327.77978515625,19.31999969482422,0.0,0.0,0.0,0.0,0.0,45,Fear,27655553.4,1175834.93061,0.31546872285141486,0.3173810981637854,0.0001,0.0,0.0427,0.011778699192612705,0.026386865420681728,0.03108197233415973,0.06411293234989028,0.03235073357064587
2023-10-16,1921.0999755859375,86.66000366210938,3.1089999675750732,4373.6298828125,17.209999084472656,-0.003274031158004244,-0.01181543706247282,-0.04003689741030011,0.010538642302589985,-0.11565025596248249,47,Neutral,65264280.7,2779211.32047,0.8586183294644689,0.8601887152833089,0.0001,0.0,0.0423,-0.009411834182346706,0.01763097029265844,0.031087205052823898,0.06462088203223143,0.03108197233415973
2023-10-17,1922.699951171875,86.66000366210938,3.0789999961853027,4373.2001953125,17.8799991607666,0.0008324968566677746,0.0,-0.009696252943818777,-9.824987944376507e-05,0.03819216578233453,52,Neutral,55152096.9,2287118.57444,-0.16835011682330156,-0.19487442892998338,3.833333333333336e-07,-9.961666666666667e-05,0.0405,-0.04348511193973878,0.02276013247971106,0.03148891016146511,0.06608372340695146,0.031087205052823898
2023-10-18,1955.300048828125,88.31999969482422,3.055999994277954,4314.60009765625,19.219999313354492,0.016813236521731816,0.018974120503322253,-0.0074979982715461775,-0.013490408251151898,0.07226864500819706,50,Neutral,43146019.2,1720914.27618,-0.24550460838653382,-0.2844370553319399,-0.00010180999999999999,-0.00010219333333333332,0.0391,-0.03517950712117334,0.02481362608627782,0.031837639024510006,0.06541303088134698,0.03148891016146511
2023-10-19,1968.4000244140625,89.37000274658203,2.9570000171661377,4278.0,21.399999618530273,0.006677383090401854,0.01181850705256384,-0.03293162275628217,-0.008519032328057976,0.10743953638554433,52,Neutral,42623653.2,1682305.15775,-0.012180819725445173,-0.022690734887951657,-1.1563333333333332e-05,9.024666666666666e-05,0.0395,0.010178204915756052,0.02551365018026733,0.030658735522418733,0.06599577211264597,0.031837639024510006
2023-10-20,1982.5,88.75,2.8989999294281006,4224.16015625,21.709999084472656,0.007137632114181281,-0.006961657770482004,-0.01980942107960855,-0.012665149196155915,0.014382037517315394,53,Neutral,58816197.1,2404936.16346,0.32200793923298815,0.3573583893153592,8.597333333333335e-05,9.753666666666668e-05,0.0407,0.02992742054147306,0.026294239032463747,0.029340303166765516,0.06703876578772137,0.030658735522418733
2023-10-21,1982.5,88.75,2.8989999294281006,4224.16015625,21.709999084472656,0.0,0.0,0.0,0.0,0.0,63,Greed,53064866.2,2211418.058,-0.1029022220819191,-0.08388939498497072,4.810333333333334e-05,-3.787000000000001e-05,0.0418,0.026668247082161273,0.029021133268682876,0.03000900267827766,0.0675188353385739,0.029340303166765516
2023-10-22,1982.5,88.75,2.8989999294281006,4224.16015625,21.709999084472656,0.0,0.0,0.0,0.0,0.0,53,Neutral,71638891.3,2954684.36858,0.3001230453070579,0.2897578675293002,4.855000000000001e-05,4.466666666666703e-07,0.0418,0.0,0.02846854550453912,0.029435827493267567,0.07178969375407235,0.03000900267827766
2023-10-23,1976.300048828125,85.48999786376953,2.9260001182556152,4217.0400390625,20.3700008392334,-0.0031322401557761035,-0.037424043305457406,0.009270517417398491,-0.0016869920654349177,-0.06370967028123974,53,Neutral,156600475.4,6847518.63316,0.7820597182303025,0.8404945108239616,0.0001,5.145e-05,0.047,0.11725126217934795,0.053230659845088964,0.037165219702097206,0.07079712375997506,0.029435827493267567
2023-10-24,1975.0,83.73999786376953,2.9709999561309814,4247.68017578125,18.969999313354492,-0.0006580360180047346,-0.020682649969346264,0.015262238701344093,0.0072395235196288195,-0.07120452368766046,66,Greed,484190586.7,24879020.95046,1.1287807840694895,1.2901385729170955,0.0001,0.0,0.0519,0.09917118846178435,0.05438036608045785,0.04134097301064464,0.0688072771511871,0.037165219702097206
2023-10-25,1984.0999755859375,85.38999938964844,3.009999990463257,4186.77001953125,20.190000534057617,0.004597000160347399,0.01951225569098259,0.013041493877702266,-0.014443434657238052,0.0623287110258037,72,Greed,242172389.3,12493253.44695,-0.6928287783480551,-0.6888361418702608,0.0001,0.0,0.0516,-0.005797117684325958,0.04887727606081872,0.041173649494118364,0.06883184009968137,0.04134097301064464
2023-10-26,1987.199951171875,83.20999908447266,3.2139999866485596,4137.22998046875,20.68000030517578,0.0015611896722705911,-0.025861468861977484,0.06557618756873906,-0.011903081205584871,0.023979605620941095,71,Greed,115609982.2,5939158.03435,-0.7394275213121284,-0.7436213960918461,0.0001,0.0,0.0506,-0.019570096194097223,0.05298530777264295,0.040168991926363716,0.06862311287432685,0.041173649494118364
2023-10-27,1988.5999755859375,85.54000091552734,3.1640000343322754,4117.3701171875,21.270000457763672,0.0007042731011225338,0.02761659159195094,-0.01567920240485395,-0.00481183857862075,0.028130586336432287,70,Greed,65202317.8,3253250.68918,-0.5727272863407903,-0.6019126697506024,0.0001,0.0,0.0494,-0.024001152099543014,0.05762730452150368,0.0393684409012974,0.06842045438205197,0.040168991926363716
2023-10-28,1988.5999755859375,85.54000091552734,3.1640000343322754,4117.3701171875,21.270000457763672,0.0,0.0,0.0,0.0,0.0,65,Greed,88911969.7,4534525.65181,0.31015175837060355,0.33206577240288226,0.0001,0.0,0.0524,0.05895616713311967,0.05881330613401697,0.03871469492179061,0.06809077538294092,0.0393684409012974
2023-10-29,1988.5999755859375,85.54000091552734,3.1640000343322754,4117.3701171875,21.270000457763672,0.0,0.0,0.0,0.0,0.0,72,Greed,67137666.6,3501014.86413,-0.2809015390480273,-0.258667593276381,0.0001,0.0,0.0518,-0.01151644206155918,0.060015801026573966,0.038749819162532784,0.06802633511012879,0.03871469492179061
2023-10-30,1996.199951171875,82.30999755859375,3.3519999980926514,4166.81982421875,19.75,0.003814487522985263,-0.03849153617823873,0.05772012129450242,0.011938474300285915,-0.07414415938657903,68,Greed,115481643.9,6234231.41592,0.5423663533557592,0.5770024145898477,0.00011913,1.913e-05,0.0544,0.048974004596459474,0.0479240779667541,0.039667161976828166,0.06758369355914134,0.038749819162532784
2023-10-31,1985.199951171875,81.0199966430664,3.575000047683716,4193.7998046875,18.139999389648438,-0.0055257086747362814,-0.015796580982289202,0.06440800743325462,0.006454084821688244,-0.08503408030686435,66,Greed,111552550.9,6052490.75375,-0.03461580166946636,-0.029585420080202412,0.00011606333333333334,-3.066666666666669e-06,0.0535,-0.01668249995993602,0.034511271234633725,0.039501413529389455,0.0674962106849074,0.039667161976828166
2023-11-01,1978.800048828125,80.44000244140625,3.49399995803833,4237.85986328125,16.8700008392334,-0.0032290150880346837,-0.007184401086049107,-0.022917989781844953,0.010451194990191868,-0.07258246473530151,66,Greed,125118056.6,6881120.83638,0.11476195599799356,0.12831166878663028,0.0001,-1.6063333333333333e-05,0.0561,0.04745415862668969,0.03763287020532093,0.0394369056143518,0.06741225379982474,0.039501413529389455
2023-11-02,1985.5999755859375,82.45999908447266,3.4719998836517334,4317.77978515625,15.65999984741211,0.003430498125606122,0.024801720920969248,-0.006316436414570557,0.018682938934086474,-0.07442726548610695,72,Greed,93055719.1,5174453.55934,-0.2960593005333761,-0.2850478097629298,0.0001,0.0,0.0551,-0.017986096369781712,0.03741592511622558,0.03901454021612296,0.06727448001944758,0.0394369056143518
2023-11-03,1991.5,80.51000213623047,3.515000104904175,4358.33984375,14.90999984741211,0.0029670004669155115,-0.02393188933045226,0.012308791819685487,0.00934988354455146,-0.04907756227614069,65,Greed,60923895.0,3254504.02048,-0.423572981560958,-0.4636938517882832,0.0001,0.0,0.0543,-0.014625489218979127,0.03604805895868816,0.03847156035690252,0.06714771902188553,0.03901454021612296
2023-11-04,1991.5,80.51000213623047,3.515000104904175,4358.33984375,14.90999984741211,0.0,0.0,0.0,0.0,0.0,68,Greed,45422222.2,2491627.08894,-0.29362400122899834,-0.2671039429447826,0.0001,0.0,0.0551,0.014625489218979012,0.03014401421785173,0.03845007855033893,0.06727375411233714,0.03847156035690252
2023-11-05,1991.5,80.51000213623047,3.515000104904175,4358.33984375,14.90999984741211,0.0,0.0,0.0,0.0,0.0,70,Greed,76472613.2,4247829.05498,0.5209312182864686,0.5334720953901784,0.00013736,3.7359999999999995e-05,0.0554,0.00542987759436924,0.029053203653278976,0.0383951807968634,0.06732560190071961,0.03845007855033893
2023-11-06,1981.5999755859375,80.81999969482422,3.2639999389648438,4365.97998046875,14.890000343322754,-0.004983536766927965,0.0038430290287168557,-0.0740861367049792,0.0017514577241005862,-0.0013422487895297923,74,Greed,268654223.6,16358411.8528,1.2564924592715578,1.348334209615084,0.00032683666666666664,0.00018947666666666664,0.0652,0.16287987517936903,0.06475051674392866,0.047879013999726217,0.06124073698632819,0.0383951807968634
2023-11-07,1966.800048828125,77.37000274658203,3.140000104904175,4378.3798828125,14.8100004196167,-0.0074967054908099675,-0.043625311813656455,-0.03873058507322973,0.0028360934017119537,-0.005387213140145018,68,Greed,187004796.0,11515706.80485,-0.36229087503753515,-0.3510303388325621,0.0006297666666666667,0.00030293000000000003,0.0617,-0.05517553802126505,0.07035839860025886,0.04933327800411984,0.060284118031557025,0.047879013999726217
2023-11-08,1951.5,75.33000183105469,3.1059999465942383,4382.77978515625,14.449999809265137,-0.007809573743291399,-0.026720657915963647,-0.01088712579702475,0.0010044110324198868,-0.024608255254246005,66,Greed,108179982.4,6774462.43962,-0.5473379198330722,-0.5305518937054581,0.0002461,-0.00038366666666666665,0.0644,0.04282970219896585,0.07008289524064884,0.0480895168166751,0.0602859478434512,0.04933327800411984
2023-11-09,1964.199951171875,75.73999786376953,3.0409998893737793,4347.35009765625,15.289999961853027,0.006486705243964605,0.005427908124148504,-0.021149335215120295,-0.008116690699068705,0.05650461608727744,69,Greed,289379470.5,19263551.31672,0.9839425297818042,1.04505475865967,0.00042778,0.00018167999999999998,0.0693,0.07333127308554972,0.0703946594074014,0.04893003359131701,0.05886938857527462,0.0480895168166751
2023-11-10,1932.5999755859375,77.16999816894531,3.0329999923706055,4415.240234375,14.170000076293945,-0.01621877893218127,0.018704362473103198,-0.0026341461260066257,0.015495759270772258,-0.07607195835929698,70,Greed,210959554.8,14538160.03813,-0.3160724418431309,-0.2814378583069162,0.00012121,-0.00030657,0.0704,0.015748356968139112,0.0678784199447425,0.0484839841545733,0.05900878850280155,0.04893003359131701
2023-11-11,1932.5999755859375,77.16999816894531,3.0329999923706055,4415.240234375,14.170000076293945,0.0,0.0,0.0,0.0,0.0,70,Greed,145170070.6,10220767.27323,-0.3737604758905365,-0.35235526164899067,0.0003732866666666666,0.0002520766666666666,0.0715,0.015504186535965036,0.0678307358575586,0.0479958350563254,0.059004104833767786,0.0484839841545733
2023-11-12,1932.5999755859375,77.16999816894531,3.0329999923706055,4415.240234375,14.170000076293945,0.0,0.0,0.0,0.0,0.0,73,Greed,312664847.5,24143034.50752,0.7672258862913172,0.8595742546900658,0.00030123000000000004,-7.205666666666656e-05,0.0812,0.12721779746767028,0.07368386898925956,0.05194438818612832,0.0540686603959816,0.0479958350563254
2023-11-13,1945.5,78.26000213623047,3.197000026702881,4411.5498046875,14.760000228881836,0.006652779492155402,0.014025887336881721,0.05266065223920243,-0.0008361884413700847,0.04079377559244869,72,Greed,341339305.1,25888612.39854,0.08774517009754507,0.06980728398162933,0.00043946,0.00013822999999999998,0.0678,-0.18035305222128234,0.09936276054692261,0.06364015307598803,0.046530182262370656,0.05194438818612832
2023-11-14,1961.800048828125,78.26000213623047,3.1059999465942383,4495.7001953125,14.15999984741211,0.008343430595057662,0.0,-0.02887717089807556,0.01889537047457725,-0.04149975718963313,69,Greed,297653193.1,20758520.01397,-0.13694798494627988,-0.22084643080250882,0.00015408999999999998,-0.00028537000000000007,0.0719,0.058714069780651246,0.09705271354152206,0.06411293234989028,0.04551555499054512,0.06364015307598803
2023-11-15,1960.0999755859375,76.66000366210938,3.190000057220459,4502.8798828125,14.180000305175781,-0.0008669641439555301,-0.020656536355641606,0.026685227202091384,0.0015957382078471765,0.0014114651359527655,60,Greed,232904329.8,16128740.45325,-0.24530125971318154,-0.2523539636103359,0.0001,-5.408999999999998e-05,0.0695,-0.033949512156254566,0.09861337965428606,0.06462088203223143,0.04699579831082196,0.06411293234989028
2023-11-16,1983.9000244140625,72.9000015258789,3.062000036239624,4508.240234375,14.319999694824219,0.01206913677911117,-0.050291447777470084,-0.0409526256634301,0.0011897193967137305,0.009824597595795924,70,Greed,236699555.8,15892254.91281,0.016163872352088507,-0.014770923728373311,0.0001,0.0,0.0642,-0.07932354187483112,0.09937920290205694,0.06608372340695146,0.04425088800266442,0.06462088203223143
2023-11-17,1981.5999755859375,75.88999938964844,2.9600000381469727,4514.02001953125,13.800000190734863,-0.0011600298000505828,0.04019625542750343,-0.03387902784731113,0.0012812279371779871,-0.03698853423681555,63,Greed,126136319.7,8114990.55019,-0.62942841538325,-0.6721188416673881,0.0001,0.0,0.0647,0.007757990810939337,0.09906723068459762,0.06541303088134698,0.04482276433896275,0.06608372340695146
2023-11-18,1981.5999755859375,75.88999938964844,2.9600000381469727,4514.02001953125,13.800000190734863,0.0,0.0,0.0,0.0,0.0,69,Greed,120357073.4,7381972.25155,-0.046900288418785144,-0.09467219081227485,0.0001,0.0,0.0627,-0.03139975386797965,0.09847647301932934,0.06599577211264597,0.06342781503430962,0.06541303088134698
2023-11-19,1981.5999755859375,75.88999938964844,2.9600000381469727,4514.02001953125,13.800000190734863,0.0,0.0,0.0,0.0,0.0,66,Greed,109563149.2,7181799.91526,-0.09396184803009645,-0.027490809446242506,0.0001,0.0,0.068,0.08114625753723165,0.08808518608630148,0.06703876578772137,0.06469933536362071,0.06599577211264597
2023-11-20,1977.699951171875,77.5999984741211,2.881999969482422,4547.3798828125,13.40999984741211,-0.001970058216140758,0.02228249215254567,-0.02670479423515718,0.007363103793795633,-0.028667920069603205,69,Greed,112122176.9,7466519.61134,0.02308805386364605,0.03887893886850956,0.0001,0.0,0.0661,-0.02833895831846611,0.05661854838070255,0.0675188353385739,0.06430586603868377,0.06703876578772137
2023-11-21,1999.300048828125,77.7699966430664,2.8459999561309814,4538.18994140625,13.350000381469727,0.010862615061766792,0.0021883020161747205,-0.012570002734914161,-0.002022975931757968,-0.004484272494153086,71,Greed,134536966.4,8544627.935,0.18224986248951983,0.13487379869313332,0.0001,0.0,0.0587,-0.11872902002358994,0.06337427644206352,0.07178969375407235,0.05968319794157395,0.0675188353385739
2023-11-22,1991.4000244140625,77.0999984741211,2.8970000743865967,4556.6201171875,12.850000381469727,-0.00395922248666503,-0.008652448763582765,0.017761260210937758,0.004052905094313324,-0.03817257239318107,62,Greed,80942311.5,5085214.02696,-0.5081023071709235,-0.5189656553031725,0.0001,0.0,0.0646,0.09577468395450538,0.0787738393200675,0.07079712375997506,0.057949481721254095,0.07178969375407235
2023-11-23,1991.4000244140625,77.0999984741211,2.8970000743865967,4556.6201171875,12.850000381469727,0.0,0.0,0.0,0.0,0.0,66,Greed,52222111.1,3418960.37759,-0.4382307077379144,-0.39700059677762795,0.0001,0.0,0.0656,0.015361285161487149,0.072884383635994,0.0688072771511871,0.05885652177775819,0.07079712375997506
2023-11-24,2002.199951171875,75.54000091552734,2.8550000190734863,4559.33984375,12.460000038146973,0.005408630384414501,-0.020440931374297266,-0.014603894675621842,0.0005966956096450322,-0.030820324606726488,66,Greed,76740939.7,5190887.96034,0.3849293404942334,0.41756825146629434,0.0001,0.0,0.0673,0.02558454070063873,0.07338472757548832,0.06883184009968137,0.06031422311689094,0.0688072771511871
2023-11-25,2002.199951171875,75.54000091552734,2.8550000190734863,4559.33984375,12.460000038146973,0.0,0.0,0.0,0.0,0.0,73,Greed,48223280.8,3255566.54638,-0.46459342139053905,-0.466538458465479,0.0001,0.0,0.0681,0.01181697650478452,0.07154521715893239,0.06862311287432685,0.060333613571068125,0.06883184009968137
2023-11-26,2002.199951171875,75.54000091552734,2.8550000190734863,4559.33984375,12.460000038146973,0.0,0.0,0.0,0.0,0.0,73,Greed,57437966.7,3839414.98364,0.17486361683956567,0.16495369228081794,0.0001,0.0,0.0675,-0.008849615276982388,0.06477291153849961,0.06842045438205197,0.061684018136866185,0.06862311287432685
2023-11-27,2011.800048828125,74.86000061035156,2.7939999103546143,4550.43017578125,12.6899995803833,0.004783316372955456,-0.009042618774556595,-0.02159762103889736,-0.0019560693168983586,0.018290732238712026,66,Greed,96213493.5,6235019.9643,0.5158640874716597,0.4848617741165261,0.0001,0.0,0.0658,-0.02550775954721275,0.06458270463412495,0.06809077538294092,0.06185151772256174,0.06842045438205197
2023-11-28,2039.699951171875,76.41000366210938,2.7060000896453857,4554.89013671875,12.6899995803833,0.013772846290545529,0.02049391495704665,-0.032002665872835075,0.0009796385280502918,0.0,68,Greed,64327667.6,4195795.91385,-0.4025797849434556,-0.396098730011067,0.0001,0.0,0.0656,-0.003044142381228021,0.03910826735670227,0.06802633511012879,0.06204126112205425,0.06809077538294092
2023-11-29,2047.0999755859375,77.86000061035156,2.803999900817871,4550.580078125,12.979999542236328,0.0036214312587581126,0.018798724434829987,0.0355753709237132,-0.0009466966151019382,0.022595427349522586,72,Greed,63058030.5,4191636.21245,-0.01993440649541191,-0.0009918892167242504,0.0001,0.0,0.0662,0.009104766992919067,0.01715513179379031,0.06758369355914134,0.06201605476675681,0.06802633511012879
2023-11-30,2038.0999755859375,75.95999908447266,2.802000045776367,4567.7998046875,12.920000076293945,-0.004406156206906349,-0.024705476130070746,-0.0007134695488366595,0.003776931264994605,-0.004633171749536602,74,Greed,60024209.3,3978033.67007,-0.049307452293426784,-0.05230351740597199,0.0001,0.0,0.0657,-0.007581537452397691,0.016695722895623908,0.0674962106849074,0.06350548956149642,0.06758369355914134
2023-12-01,2071.0,74.06999969482422,2.813999891281128,4594.6298828125,12.630000114440918,0.016013593082084946,-0.0251962859862309,0.004273455805354645,0.005856558953846637,-0.0227015588361216,71,Greed,61416657.6,4154298.80993,0.02293312559991046,0.043356011460718775,0.0001,0.0,0.0686,0.043193609241274765,0.02172418574267666,0.06741225379982474,0.06443320131060662,0.0674962106849074
2023-12-02,2071.0,74.06999969482422,2.813999891281128,4594.6298828125,12.630000114440918,0.0,0.0,0.0,0.0,0.0,74,Greed,78305694.4,5455113.75913,0.24293923099164638,0.27240981724368485,0.00014668666666666665,4.668666666666665e-05,0.0698,0.01734147503648739,0.02220423506869213,0.06727448001944758,0.06444512897714118,0.06741225379982474
2023-12-03,2071.0,74.06999969482422,2.813999891281128,4594.6298828125,12.630000114440918,0.0,0.0,0.0,0.0,0.0,73,Greed,69608117.8,4859630.29073,-0.11773913017095726,-0.11559111001771251,0.0002612266666666667,0.00011454000000000002,0.0708,0.01422499093134726,0.021769950810613548,0.06714771902188553,0.06936638520303529,0.06727448001944758
2023-12-04,2024.0999755859375,73.04000091552734,2.694000005722046,4569.77978515625,13.079999923706055,-0.022906437155782732,-0.014003339083783048,-0.04357983994503447,-0.005423188063826943,0.0350093947727438,74,Greed,138509538.3,9772358.52951,0.6880579962516127,0.6985954790408533,0.00027983,1.8603333333333332e-05,0.0731,0.03196936605605859,0.018070171549537068,0.06727375411233714,0.06940854173591332,0.06714771902188553
2023-12-05,2018.5,72.31999969482422,2.7100000381469727,4567.18017578125,12.850000381469727,-0.0027704839468059126,-0.009906536957191996,0.005921568855814618,-0.0005690315939348026,-0.017740499168593812,75,Greed,122533477.8,8786772.01677,-0.12255491103647927,-0.10631043153010117,0.0002484466666666666,-3.138333333333338e-05,0.0727,-0.005486982216259082,0.018495968088219843,0.06732560190071961,0.06913302753639863,0.06727375411233714
2023-12-06,2030.5,69.37999725341797,2.569000005722046,4549.33984375,12.970000267028809,0.005927406833356961,-0.04150210991003878,-0.05343192861289295,-0.003913851944943747,0.009295177888952625,72,Greed,101491626.0,7208324.86116,-0.18840798819636662,-0.19801082184455013,0.00028994666666666666,4.150000000000003e-05,0.0699,-0.03927573529970909,0.027684050575816306,0.06124073698632819,0.07059948002844688,0.06732560190071961
2023-12-07,2029.9000244140625,69.33999633789062,2.5850000381469727,4585.58984375,13.0600004196167,-0.00029552536040616107,-0.0005767145110153752,0.006208802362351621,0.007936610684821922,0.006915137061659103,72,Greed,85601938.5,6030765.70436,-0.17026836369595605,-0.17836260366030798,0.00017350000000000002,-0.00011644666666666664,0.0707,0.011379923662762362,0.026846680220814132,0.060284118031557025,0.07599165026952652,0.06124073698632819
2023-12-08,1998.300048828125,71.2300033569336,2.5810000896453857,4604.3701171875,12.350000381469727,-0.01568969924387106,0.02689223767527876,-0.0015485672481542563,0.0040871341465037936,-0.05589806201597754,72,Greed,115292384.4,8360346.3419,0.29776344587072373,0.32662586953698336,0.00029343333333333333,0.00011993333333333331,0.0738,0.042913158703899806,0.026789869606487476,0.0602859478434512,0.07880486762305976,0.060284118031557025
2023-12-09,1998.300048828125,71.2300033569336,2.5810000896453857,4604.3701171875,12.350000381469727,0.0,0.0,0.0,0.0,0.0,73,Greed,127168757.2,9591320.48778,0.09804362644971755,0.13735871896287014,0.0004690366666666667,0.00017560333333333335,0.074,0.0027063615977428457,0.02673233276799711,0.05886938857527462,0.08108955494225883,0.0602859478434512
2023-12-10,1998.300048828125,71.2300033569336,2.5810000896453857,4604.3701171875,12.350000381469727,0.0,0.0,0.0,0.0,0.0,74,Greed,63080669.9,4697481.73363,-0.7011006193534979,-0.7138320098904297,0.00039043666666666667,-7.860000000000001e-05,0.0761,0.02798317166347044,0.02772389127630741,0.05900878850280155,0.08207093064668168,0.05886938857527462
2023-12-11,1978.0,71.31999969482422,2.430999994277954,4622.43994140625,12.630000114440918,-0.01021061033941788,0.0012626635976269154,-0.05987426248908394,0.003916813547781492,0.022418851461215666,74,Greed,273079976.0,20339953.04719,1.4653503227774822,1.4655605184521574,0.00026454,-0.00012589666666666666,0.0753,-0.010568130061792235,0.026833424322445378,0.059004104833767786,0.08195189413968552,0.05900878850280155
2023-12-12,1977.800048828125,68.61000061035156,2.311000108718872,4643.7001953125,12.069999694824219,-0.00010109265866683018,-0.03873848311721898,-0.050622314643879535,0.0045888127956924,-0.04535193559782461,67,Greed,197706009.0,14995748.88448,-0.32298358041189784,-0.30482032898668626,0.00013134,-0.0001332,0.0759,0.007936549595736121,0.0265003551486841,0.0540686603959816,0.08394620729973187,0.059004104833767786
2023-12-13,1982.300048828125,69.47000122070312,2.3350000381469727,4707.08984375,12.1899995803833,0.0022726708042306704,0.012456716677692235,0.010331529121569918,0.01355834517501981,0.009892899244538936,65,Greed,243811401.8,19463075.17336,0.20961385872393315,0.2607523363923615,0.00011248666666666668,-1.8853333333333324e-05,0.0847,0.10969891725642453,0.04020970957366093,0.046530182262370656,0.08485418750224462,0.0540686603959816
2023-12-14,2030.199951171875,71.58000183105469,2.3919999599456787,4719.5498046875,12.479999542236328,0.0238764749712153,0.029920708641966384,0.024117911885373888,0.002643565185154432,0.02351141719134706,72,Greed,181108823.6,15528208.491,-0.2972968970204012,-0.22586081707168115,0.00040124333333333334,0.0002887566666666667,0.0855,0.009400774284705888,0.040348142273132194,0.04551555499054512,0.08484214327045649,0.046530182262370656
2023-12-15,2021.0999755859375,71.43000030517578,2.490999937057495,4719.18994140625,12.279999732971191,-0.0044923807443041424,-0.0020977774791577537,0.04055439166880894,-7.625240044859478e-05,-0.016155425287520307,70,Greed,80972662.9,6685135.76644,-0.8049864833089413,-0.8427717530903946,0.00044097,3.972666666666666e-05,0.0798,-0.06899287148695156,0.05318909817177863,0.04699579831082196,0.08444679876894484,0.04551555499054512
2023-12-16,2021.0999755859375,71.43000030517578,2.490999937057495,4719.18994140625,12.279999732971191,0.0,0.0,0.0,0.0,0.0,67,Greed,57139035.2,4678819.63476,-0.34862409083060064,-0.3568406561404273,0.00026171,-0.00017926,0.0808,0.012453461071286557,0.05305813330630994,0.04425088800266442,0.08451212228710595,0.04699579831082196
2023-12-17,2021.0999755859375,71.43000030517578,2.490999937057495,4719.18994140625,12.279999732971191,0.0,0.0,0.0,0.0,0.0,73,Greed,57935880.5,4645194.85427,0.013849378584501028,-0.007212542686419249,0.0002886833333333333,2.697333333333328e-05,0.0783,-0.031429362530292305,0.05489957606055766,0.04482276433896275,0.08491214971577898,0.04425088800266442
2023-12-18,2026.300048828125,72.47000122070312,2.503000020980835,4740.56005859375,12.5600004196167,0.0025695884133355284,0.014454746526187893,0.004805809819835922,0.004518122263400515,0.0225452934750457,65,Greed,1951498986.5,225215688.41711,3.5170161768761052,3.8812252375767,-0.00671919,-0.0070078733333333336,0.1012,0.25655115385660787,0.10910414113589109,0.06342781503430962,0.07284496304788153,0.04482276433896275
2023-12-19,2038.4000244140625,73.44000244140625,2.492000102996826,4768.3701171875,12.529999732971191,0.005953704386447858,0.013296079590339167,-0.0044043785757169,0.005849267450818904,-0.002391446852206076,73,Greed,404860208.1,38738427.70115,-1.5728112249383002,-1.7602264869862265,-0.00261614,0.0041030500000000004,0.0931,-0.08342457257034376,0.11891392531423817,0.06469933536362071,0.07038365562362914,0.06342781503430962
2023-12-20,2034.5,74.22000122070312,2.447000026702881,4698.35009765625,13.670000076293945,-0.0019151099131709602,0.010564892523759216,-0.018222846883163696,-0.014793147965305628,0.0870779087201619,74,Greed,161825340.6,15362199.10204,-0.9170242331660039,-0.9249221830499293,-0.0007657800000000001,0.0018503599999999997,0.0951,0.021254785268323327,0.11350851581593231,0.06430586603868377,0.07038662367226894,0.06469933536362071
2023-12-21,2039.0999755859375,73.88999938964844,2.572000026702881,4746.75,13.649999618530273,0.0022584336059977327,-0.0044561795392595365,0.0498210213844876,0.010248769307271876,-0.00146416263251253,70,Greed,109476887.9,10278754.58746,-0.39080415160025567,-0.40183078456919796,-0.00015665666666666667,0.0006091233333333334,0.0935,-0.016967533256703315,0.11422040812873659,0.05968319794157395,0.07006594629806216,0.06430586603868377
2023-12-22,2057.10009765625,73.55999755859375,2.609999895095825,4754.6298828125,13.029999732971191,0.008788749383462259,-0.004476125993481734,0.014666364383911437,0.0016586821527610754,-0.04648512304109983,74,Greed,80026176.6,7271800.95851,-0.31335966891869876,-0.3460751180494925,0.0001,0.00025665666666666666,0.0921,-0.015086493033380192,0.10950848565684938,0.057949481721254095,0.06976779638986493,0.05968319794157395
2023-12-23,2057.10009765625,73.55999755859375,2.609999895095825,4754.6298828125,13.029999732971191,0.0,0.0,0.0,0.0,0.0,70,Greed,126517063.9,11970335.19568,0.45802340290733756,0.49842753659997346,0.0001,0.0,0.0986,0.0681963183473284,0.11084622492612861,0.05885652177775819,0.07330688047866045,0.057949481721254095
2023-12-24,2057.10009765625,73.55999755859375,2.609999895095825,4754.6298828125,13.029999732971191,0.0,0.0,0.0,0.0,0.0,71,Greed,427801429.0,45019024.68808,1.2182819454281626,1.3246536491155367,0.00013555,3.554999999999998e-05,0.1075,0.08641958595912773,0.10917422651614578,0.06031422311689094,0.07230631376046184,0.05885652177775819
2023-12-25,2057.10009765625,73.55999755859375,2.609999895095825,4754.6298828125,13.029999732971191,0.0,0.0,0.0,0.0,0.0,73,Greed,187946441.9,19931357.16093,-0.8225020982563873,-0.8147909429840344,0.00046239333333333334,0.0003268433333333333,0.1082,0.006490518844663705,0.056934309626784925,0.060333613571068125,0.07228435437759201,0.06031422311689094
2023-12-26,2058.199951171875,75.56999969482422,2.549999952316284,4774.75,12.989999771118164,0.0005345192470838028,0.026958008447507856,-0.02325684067059258,0.004222761046978559,-0.003074557580709151,71,Greed,244077119.7,26464370.21856,0.2613272009673564,0.2835050799696591,0.0006762733333333333,0.00021387999999999995,0.1185,0.09093159416280472,0.0466963495478771,0.061684018136866185,0.07142281246973028,0.060333613571068125
2023-12-27,2081.89990234375,74.11000061035156,2.61899995803833,4781.580078125,12.430000305175781,0.011449100696166307,-0.019508890795290112,0.026699209032716793,0.0014294356164229985,-0.044066882988488563,73,Greed,559801400.7,72274943.83769,0.8300978395221943,1.0046782025782253,0.0004969833333333334,-0.00017928999999999992,0.1274,0.07241878256287719,0.0482623842851904,0.06185151772256174,0.07067252716434867,0.061684018136866185
2023-12-28,2073.89990234375,71.7699966430664,2.556999921798706,4783.35009765625,12.470000267028809,-0.0038500458433421737,-0.03208396953053284,-0.023957883777725918,0.0003701061103271183,0.0032128510314717836,73,Greed,226286751.9,28762692.04002,-0.905779070496634,-0.921398378748848,0.0008275499999999999,0.00033056666666666655,0.1256,-0.014229489103964876,0.04771497041763093,0.06204126112205425,0.0708699861072013,0.06185151772256174
2023-12-29,2062.39990234375,71.6500015258789,2.5139999389648438,4769.830078125,12.449999809265137,-0.0055605396969713086,-0.0016733390980195589,-0.01695957983587868,-0.0028304770367338357,-0.0016051735149952427,65,Greed,142465243.4,17740185.42683,-0.462704944731316,-0.4832467027916352,0.00062173,-0.0002058199999999999,0.1273,0.013444251529262667,0.04299474340098943,0.06201605476675681,0.07188593754996561,0.06204126112205425
2023-12-30,2062.39990234375,71.6500015258789,2.5139999389648438,4769.830078125,12.449999809265137,0.0,0.0,0.0,0.0,0.0,68,Greed,245036401.2,32572325.77508,0.5423087118409927,0.6076305959483967,0.0003997033333333333,-0.0002220266666666667,0.1412,0.10363081949578087,0.047825424637474474,0.06350548956149642,0.07004064054569102,0.06201605476675681
2023-12-31,2062.39990234375,71.6500015258789,2.5139999389648438,4769.830078125,12.449999809265137,0.0,0.0,0.0,0.0,0.0,67,Greed,213300318.4,29946080.64727,-0.138705657625458,-0.08406457244409525,0.00027657,-0.0001231333333333333,0.136,-0.03752243932308956,0.0550535566994429,0.06443320131060662,0.06995120858637863,0.06350548956149642
2024-01-01,2062.39990234375,71.6500015258789,2.5139999389648438,4769.830078125,12.449999809265137,0.0,0.0,0.0,0.0,0.0,65,Greed,107301814.5,14731037.10424,-0.6870555581845381,-0.7094418171859338,0.0003671433333333333,9.057333333333331e-05,0.1404,0.03184060585565863,0.053792801181330056,0.06444512897714118,0.06999446783100621,0.06443320131060662
2024-01-02,2064.39990234375,70.37999725341797,2.568000078201294,4742.830078125,13.199999809265137,0.0009692741355228508,-0.017884082702064517,0.021252330389981228,-0.005676660799723162,0.05849620755206713,71,Greed,400923483.2,64966962.94607,1.3181250341115922,1.4839222427025203,0.0006179733333333332,0.0002508299999999999,0.1655,0.164475703225407,0.07059147556959057,0.06936638520303529,0.06347927065880751,0.06444512897714118
2024-01-03,2034.199951171875,72.69999694824219,2.6679999828338623,4704.81005859375,14.039999961853027,-0.014736982781769346,0.032432249693658995,0.03820170533936121,-0.008048618327197648,0.06169358073792997,70,Greed,558012091.4,96810773.04018,0.33061003718568044,0.39887940150907947,0.0004548,-0.00016317333333333323,0.1679,0.014397369266377469,0.07061477929994663,0.06940854173591332,0.06358024053078012,0.06936638520303529
2024-01-04,2042.300048828125,72.19000244140625,2.821000099182129,4688.68017578125,14.130000114440918,0.0039740504436172235,-0.0070397765918172265,0.05576234555906608,-0.003434271663317429,0.006389808914936812,68,Greed,264710088.5,45529133.76259,-0.745745409857324,-0.754405856302218,0.00010376000000000001,-0.00035104,0.1718,0.022962445466660028,0.06722181093773422,0.06913302753639863,0.06352302859890387,0.06940854173591332
2024-01-05,2042.4000244140625,73.80999755859375,2.8929998874664307,4697.240234375,13.350000381469727,4.895124937695209e-05,0.022192624734812802,0.025202519917066235,0.0018240216394339805,-0.05678379137481154,72,Greed,194918594.8,31141261.66799,-0.3060532126269516,-0.3798187419481707,0.0001,-3.7600000000000047e-06,0.1595,-0.07428708732525575,0.0808314458539325,0.07059948002844688,0.06199350884651218,0.06913302753639863
2024-01-06,2042.4000244140625,73.80999755859375,2.8929998874664307,4697.240234375,13.350000381469727,0.0,0.0,0.0,0.0,0.0,70,Greed,159632419.7,22891486.54983,-0.19970821349809853,-0.3077686065221026,0.0001,0.0,0.1405,-0.12683643345109877,0.09292568397689309,0.07599165026952652,0.05688833378918879,0.07059948002844688
2024-01-07,2042.4000244140625,73.80999755859375,2.8929998874664307,4697.240234375,13.350000381469727,0.0,0.0,0.0,0.0,0.0,71,Greed,148706065.9,20177402.97693,-0.07090214983413445,-0.12620176132839664,0.0001,0.0,0.1279,-0.09395878018900343,0.09890759135021034,0.07880486762305976,0.05360889037673085,0.07599165026952652
2024-01-08,2026.5999755859375,70.7699966430664,2.9800000190734863,4763.5400390625,13.079999923706055,-0.007766098913480239,-0.0420590560517803,0.0296293198223867,0.014015945436353141,-0.020432073224587316,71,Greed,308038398.1,39251957.29379,0.7282527988532089,0.6654379966162149,0.0001,0.0,0.1449,0.12479514074183956,0.11079467591199088,0.08108955494225883,0.04914723696959455,0.07880486762305976
2024-01-09,2026.4000244140625,72.23999786376953,3.190000057220459,4756.5,12.760000228881836,-9.866823194536253e-05,0.020558744884156332,0.06809762781638924,-0.0014789938523175842,-0.024769044342090624,76,Extreme Greed,268185972.3,38602255.12698,-0.13854377801113463,-0.016690612599803194,5.714333333333333e-05,-4.285666666666667e-05,0.1382,-0.04734193799306724,0.08596658101190915,0.08207093064668168,0.04829820833721708,0.08108955494225883
2024-01-10,2021.699951171875,71.37000274658203,3.0390000343322754,4783.4501953125,12.6899995803833,-0.0023221142671955622,-0.01211622807075257,-0.0484924095023172,0.005649980650495912,-0.005501047194517584,73,Greed,198322254.5,26756523.98958,-0.3017874106942852,-0.36653236667574773,4.807333333333333e-05,-9.07e-06,0.144,0.04111138824243105,0.0885986748068875,0.08195189413968552,0.04810517569519656,0.08207093064668168
2024-01-11,2014.300048828125,72.0199966430664,3.0969998836517334,4780.240234375,12.4399995803833,-0.0036669527431482853,0.009066160142917532,0.018905338191126064,-0.0006712808369611647,-0.019897195079787117,76,Extreme Greed,221679693.0,34360443.77433,0.11134026002121365,0.2501276813999299,8.894666666666667e-05,4.0873333333333334e-05,0.1628,0.12270915399243928,0.10374925748670415,0.08394620729973187,0.042990940481215545,0.08195189413968552
2024-01-12,2046.699951171875,72.68000030517578,3.312999963760376,4783.830078125,12.699999809265137,0.015956951403282443,0.009122436117268835,0.06742024895613598,0.0007506937530339595,0.02068492486626542,71,Greed,156968430.9,24241962.29556,-0.345188807615119,-0.3488209017554257,0.0001,1.1053333333333338e-05,0.1491,-0.08790523179774717,0.10532200780977953,0.08485418750224462,0.039339931399735906,0.08394620729973187
2024-01-13,2046.699951171875,72.68000030517578,3.312999963760376,4783.830078125,12.699999809265137,0.0,0.0,0.0,0.0,0.0,64,Greed,105816319.1,15761350.49622,-0.394339955728335,-0.43052433856878847,0.0001,0.0,0.1511,0.013324647508001093,0.09177884797714896,0.08484214327045649,0.03951998440465221,0.08485418750224462
2024-01-14,2046.699951171875,72.68000030517578,3.312999963760376,4783.830078125,12.699999809265137,0.0,0.0,0.0,0.0,0.0,60,Greed,73981770.7,10888349.8921,-0.3578860313660748,-0.3698673717388541,0.0001,0.0,0.1427,-0.05719734479590327,0.08566058921287426,0.08444679876894484,0.039125920674632796,0.08484214327045649
2024-01-15,2046.699951171875,72.68000030517578,3.312999963760376,4783.830078125,12.699999809265137,0.0,0.0,0.0,0.0,0.0,52,Neutral,71671476.6,10544581.93493,-0.031725868408874085,-0.03208123306961437,0.0001,0.0,0.1484,0.03916680625048932,0.07259248498500948,0.08451212228710595,0.039092829741903354,0.08444679876894484
2024-01-16,2026.0,72.4000015258789,2.9000000953674316,4765.97998046875,13.84000015258789,-0.010165310319773104,-0.0038599272595207343,-0.133143342501397,-0.0037383190523568345,0.08596098276860784,64,Greed,126538087.4,19909916.69501,0.5684504964599832,0.6356057666550159,0.0001,0.0,0.1627,0.09199668349171213,0.07540595407462473,0.08491214971577898,0.03563091588352447,0.08451212228710595
2024-01-17,2002.5999755859375,72.55999755859375,2.869999885559082,4739.2099609375,14.789999961853027,-0.011617081726109013,0.002207451692811289,-0.010398779981104425,-0.005632731271107821,0.06638831292880744,60,Greed,151727066.9,25339164.14027,0.1815399452854904,0.24113325457689158,0.0001,0.0,0.1694,0.0403547679929619,0.07537672958169989,0.07284496304788153,0.03529174479361416,0.08491214971577898
2024-01-18,2018.5999755859375,74.08000183105469,2.697000026702881,4780.93994140625,14.130000114440918,0.007957865627687473,0.020731842895027334,-0.06217193583809484,0.008766720726243148,-0.04565106934788655,63,Greed,156015040.6,26558280.84776,0.027869122402830585,0.04699040682948009,0.0001,0.0,0.1702,0.004711433921319663,0.06129473301181018,0.07038365562362914,0.03566733263852498,0.07284496304788153
2024-01-19,2026.5,73.41000366210938,2.5190000534057617,4839.81005859375,13.300000190734863,0.0039059773581561485,-0.009085399046793905,-0.06827803548690115,0.012238308232548512,-0.06053615522690582,51,Neutral,192450462.7,32617614.93697,0.20988636728315155,0.20551088253801014,0.0001,0.0,0.1743,0.023803736386701697,0.045055696319490766,0.07038662367226894,0.03624194671630673,0.07038365562362914
2024-01-20,2026.5,73.41000366210938,2.5190000534057617,4839.81005859375,13.300000190734863,0.0,0.0,0.0,0.0,0.0,52,Neutral,114439214.4,20239557.02501,-0.5197949805619755,-0.4772135198702295,0.0001,0.0,0.1801,0.0327342996559351,0.04500788128114516,0.07006594629806216,0.03571988692598293,0.07038662367226894
2024-01-21,2026.5,73.41000366210938,2.5190000534057617,4839.81005859375,13.300000190734863,0.0,0.0,0.0,0.0,0.0,56,Greed,160182688.2,30531725.2404,0.33627116169881155,0.4111273567622502,0.0001,0.0,0.187,0.0375963646726762,0.026637631568620795,0.06976779638986493,0.03516328673882557,0.07006594629806216
2024-01-22,2019.800048828125,75.19000244140625,2.4189999103546143,4850.43017578125,13.1899995803833,-0.003311646301174295,0.02395805985137076,-0.04050782400262055,0.0021919211872316853,-0.008305114652697272,55,Greed,213550699.0,38488941.26542,0.28755930539568836,0.23160464534734407,0.0001,0.0,0.1676,-0.10952842880660398,0.061977753515199324,0.07330688047866045,0.029167196084961107,0.06976779638986493
2024-01-23,2023.699951171875,74.37000274658203,2.450000047683716,4864.60009765625,12.550000190734863,0.0019289741822805175,-0.010965604213236486,0.012733849450348387,0.002917115340764486,-0.0497382541401881,50,Neutral,146590962.4,23936076.9118,-0.3762281309898304,-0.47498414515940496,0.0001,0.0,0.1747,0.04149002909202823,0.05430900170800472,0.07230631376046184,0.028166953300313047,0.07330688047866045
2024-01-24,2013.9000244140625,75.08999633789062,2.6410000324249268,4868.5498046875,13.140000343322754,-0.004854342213876016,0.009634673695664826,0.07506960157313708,0.0008115989762168653,0.04594035840873762,48,Neutral,91477993.6,15860192.10836,-0.47154770327922685,-0.4115744861213574,0.0001,0.0,0.1772,0.01420882103096981,0.05276383160678003,0.07228435437759201,0.0281121123375996,0.07230631376046184
2024-01-25,2016.9000244140625,77.36000061035156,2.571000099182129,4894.16015625,13.449999809265137,0.0014885385122534204,0.029782513692605563,-0.026862678731504594,0.00524657813497798,0.023318052682289685,52,Neutral,71606903.6,12254340.17297,-0.24490694793817802,-0.2579321548168291,0.0001,0.0,0.1714,-0.03327903200730111,0.054881495057988415,0.07142281246973028,0.02778538985294405,0.07228435437759201
2024-01-26,2016.800048828125,78.01000213623047,2.7119998931884766,4890.97021484375,13.260000228881836,-4.9570163444326434e-05,0.0083671919494853,0.05339136383235922,-0.0006519977554263648,-0.014227089848027405,49,Neutral,65894355.4,11379042.93707,-0.08313870449429869,-0.07410684934732742,0.0001,0.0,0.1777,0.03609672899692616,0.05591952874715272,0.07067252716434867,0.026846990386933268,0.07142281246973028
2024-01-27,2016.800048828125,78.01000213623047,2.7119998931884766,4890.97021484375,13.260000228881836,0.0,0.0,0.0,0.0,0.0,55,Greed,84522024.7,15808514.35696,0.24895936391908838,0.3287753535109993,8.417333333333333e-05,-1.5826666666666676e-05,0.187,0.05101188169398096,0.05794254293378529,0.0708699861072013,0.02533032540987314,0.07067252716434867
2024-01-28,2016.800048828125,78.01000213623047,2.7119998931884766,4890.97021484375,13.260000228881836,0.0,0.0,0.0,0.0,0.0,54,Neutral,50858034.3,9277938.13606,-0.5079740377239069,-0.5329093397418793,-0.00013293000000000002,-0.00021710333333333333,0.1774,-0.05270154697910744,0.059600256937155996,0.07188593754996561,0.0239279038816657,0.0708699861072013
2024-01-29,2025.199951171875,76.77999877929688,2.490000009536743,4927.93017578125,13.600000381469727,0.004156315901078261,-0.01589287731034141,-0.08540361638673473,0.007528365505246204,0.0253178187724606,55,Greed,52336636.9,9408422.14971,0.028658530151692764,0.013965923007362376,-1.8416666666666666e-05,0.00011451333333333335,0.1854,0.04410858325627563,0.0412383097649941,0.07004064054569102,0.0223657707021943,0.07188593754996561
2024-01-30,2031.5,77.81999969482422,2.0769999027252197,4924.97021484375,13.3100004196167,0.003105999442300761,0.013454289960908507,-0.1813582162469301,-0.0006008303969786162,-0.021554156857807073,61,Greed,52330716.1,9711439.84069,-0.00011313556398644891,0.031699294119498914,0.0001,0.00011841666666666667,0.1793,-0.033455272520667656,0.04274019876715239,0.06995120858637863,0.021741300816796573,0.07004064054569102
2024-01-31,2048.39990234375,75.8499984741211,2.0999999046325684,4845.64990234375,14.350000381469727,0.008284516486208303,-0.02564077795736542,0.011012801256610156,-0.016236851740733683,0.07523430485544245,60,Greed,68763617.9,12302958.92653,0.27309129087558065,0.23653524095591097,0.0001,0.0,0.176,-0.01857638557293542,0.043192285834246655,0.06999446783100621,0.023091817792998928,0.06995120858637863
2024-02-01,2053.0,73.81999969482422,2.049999952316284,4906.18994140625,13.880000114440918,0.0022431851049437793,-0.027127992209682653,-0.024097529426346284,0.012416286114049784,-0.0333010054652046,63,Greed,55142662.8,9774264.19929,-0.22075109942619497,-0.23008696727192463,0.0001,0.0,0.1793,0.018576385572935457,0.041124937836913865,0.06347927065880751,0.023877084424719187,0.06999446783100621
2024-02-02,2036.0999755859375,72.27999877929688,2.0789999961853027,4958.60986328125,13.850000381469727,-0.008265936631712222,-0.02108224463230448,0.01404723715103721,0.01062777072263312,-0.0021637031473936137,63,Greed,35824931.8,6559401.90294,-0.4312796260370864,-0.3988534038411571,0.0001,0.0,0.1839,0.025331750999188284,0.04001733879753257,0.06358024053078012,0.02386392684185623,0.06347927065880751
2024-02-03,2036.0999755859375,72.27999877929688,2.0789999961853027,4958.60986328125,13.850000381469727,0.0,0.0,0.0,0.0,0.0,60,Greed,47909810.7,8869811.35953,0.29067622971491397,0.301754103382425,0.0001,0.0,0.1817,-0.012035156208149995,0.03464315320752408,0.06352302859890387,0.024142634805211408,0.06358024053078012
2024-02-04,2036.0999755859375,72.27999877929688,2.0789999961853027,4958.60986328125,13.850000381469727,0.0,0.0,0.0,0.0,0.0,60,Greed,22866309.0,4144050.68503,-0.739655695186818,-0.7609797930236475,8.615333333333333e-05,-1.384666666666667e-05,0.1787,-0.016648553236743115,0.02831692020341171,0.06199350884651218,0.029638913116729993,0.06352302859890387
2024-02-05,2025.699951171875,72.77999877929688,2.0820000171661377,4942.81005859375,13.670000076293945,-0.005120905671782916,0.006893726576010502,0.001441971396795338,-0.0031914247092839714,-0.013081603859306986,60,Greed,39732866.6,7161025.55699,0.552514114707867,0.5469794691060765,0.0001,1.384666666666667e-05,0.1815,0.015547231539523037,0.022547295235937393,0.05688833378918879,0.031783260451024566,0.06199350884651218
2024-02-06,2034.5,73.30999755859375,2.009000062942505,4954.22998046875,13.0600004196167,0.004334792726306237,0.007255816521489378,-0.035691861274736926,0.0023077459317481074,-0.045649500338780576,64,Greed,18320207.7,3309897.44403,-0.7741740227318905,-0.7717359996997635,0.0001,0.0,0.1802,-0.007188308530667936,0.01845574853364933,0.05360889037673085,0.03206489513715139,0.05688833378918879
2024-02-07,2035.199951171875,73.86000061035156,1.9670000076293945,4995.06005859375,12.829999923706055,0.0003439817122514089,0.007474425755050153,-0.021127573877445384,0.008207682594008628,-0.017767983297182415,62,Greed,32677173.0,5787935.83419,0.5786720642240674,0.5588585174683004,0.0001,0.0,0.1816,0.007739120992955468,0.016441433730929017,0.04914723696959455,0.032165260340647664,0.05360889037673085
2024-02-08,2032.199951171875,76.22000122070312,1.9170000553131104,4997.91015625,12.789999961853027,-0.0014751441294395143,0.031452493773191474,-0.025748050368114776,0.000570420540090595,-0.003122560072828745,66,Greed,28403371.2,5097116.04404,-0.14016891839430556,-0.12710082447603294,0.0001,0.0,0.1784,-0.017778246021283944,0.016977669706995616,0.04829820833721708,0.03214610033786992,0.04914723696959455
2024-02-09,2023.300048828125,76.83999633789062,1.847000002861023,5026.60986328125,12.930000305175781,-0.004389060106493958,0.008101378780224825,-0.03719879015138931,0.0057259171287955156,0.010886603777725476,72,Greed,38434472.5,6983980.66581,0.3024469358893063,0.31494415195416037,0.0001,0.0,0.1841,0.031450868093123176,0.018620579318561148,0.04810517569519656,0.032264133188614534,0.04829820833721708
2024-02-10,2023.300048828125,76.83999633789062,1.847000002861023,5026.60986328125,12.930000305175781,0.0,0.0,0.0,0.0,0.0,74,Greed,37962896.0,7116336.11352,-0.012345516572844915,0.018773952000189557,0.0001,0.0,0.1863,0.011879189368510576,0.018200273652511954,0.042990940481215545,0.0331260151371159,0.04810517569519656
2024-02-11,2023.300048828125,76.83999633789062,1.847000002861023,5026.60986328125,12.930000305175781,0.0,0.0,0.0,0.0,0.0,71,Greed,25969351.6,4843401.56178,-0.379692203571142,-0.38477572627933543,0.0001,0.0,0.1857,-0.0032258092488825657,0.016325394177581627,0.039339931399735906,0.03353437600189409,0.042990940481215545
2024-02-12,2018.199951171875,76.91999816894531,1.7680000066757202,5021.83984375,13.930000305175781,-0.002523865081532603,0.0010406066744543267,-0.043713734774802185,-0.0009494041426524416,0.07449459331360889,70,Greed,42396144.6,7971207.11429,0.49014037076527184,0.49821866268506093,0.0001,0.0,0.1911,0.028664382887567282,0.018305087855425593,0.03951998440465221,0.03300849749643145,0.039339931399735906
2024-02-13,1992.9000244140625,77.87000274658203,1.6890000104904175,4953.169921875,15.850000381469727,-0.012615124246704407,0.012274907944354303,-0.045712323954625725,-0.013768609419845444,0.1291247146912568,79,Extreme Greed,93953444.7,17246494.3324,0.795741961576478,0.7717729571321224,0.00017248666666666666,7.248666666666665e-05,0.1818,-0.04988966950284888,0.02833166908712045,0.039125920674632796,0.03300114579956799,0.03951998440465221
2024-02-14,1990.300048828125,76.63999938964844,1.6089999675750732,5000.6201171875,14.380000114440918,-0.0013054709316034623,-0.01592167916154222,-0.0485237961786628,0.009534168304216807,-0.09733116413954013,74,Greed,122127115.7,21765898.0881,0.2622630438313187,0.23273554138596309,-0.0004632533333333334,-0.0006357400000000001,0.1775,-0.02393657282790802,0.029624969715142696,0.039092829741903354,0.036230002792951896,0.039125920674632796
2024-02-15,2002.0999755859375,78.02999877929688,1.5809999704360962,5029.72998046875,14.010000228881836,0.005911211825204104,0.017974226785918826,-0.017555308330184576,0.00580437267404004,-0.02606698356529103,72,Greed,75509257.5,13294321.22347,-0.48080716963380693,-0.4930074687339685,0.00020321999999999997,0.0006664733333333334,0.1758,-0.009623623664393694,0.02911496314302966,0.03563091588352447,0.038004667705067545,0.039092829741903354
2024-02-16,2011.5,79.19000244140625,1.6089999675750732,5005.56982421875,14.239999771118164,0.004684094906416618,0.014756706567403265,0.017555308330184618,-0.0048150435759610425,0.016283513224718212,72,Greed,48712849.6,8367998.36404,-0.4383124171905612,-0.46292225654805425,0.0003953666666666666,0.00019214666666666664,0.1711,-0.027098804352928933,0.026127751544933277,0.03529174479361416,0.03799630915624126,0.03563091588352447
2024-02-17,2011.5,79.19000244140625,1.6089999675750732,5005.56982421875,14.239999771118164,0.0,0.0,0.0,0.0,0.0,76,Extreme Greed,39350160.8,6535350.34206,-0.21344278618261434,-0.24718875607277557,0.00026485,-0.0001305166666666666,0.1663,-0.028454794699265783,0.02479314299978033,0.03566733263852498,0.0383525824593522,0.03529174479361416
2024-02-18,2011.5,79.19000244140625,1.6089999675750732,5005.56982421875,14.239999771118164,0.0,0.0,0.0,0.0,0.0,72,Greed,39620499.0,6765071.32662,0.006846574581131031,0.03454684929602731,0.00034569,8.083999999999999e-05,0.1734,0.04180767814755939,0.033159126246512495,0.03624194671630673,0.039396765556053814,0.03566733263852498
2024-02-19,2011.5,79.19000244140625,1.6089999675750732,5005.56982421875,14.239999771118164,0.0,0.0,0.0,0.0,0.0,75,Greed,84835898.5,14812645.16503,0.7613721487460786,0.7837084139742425,0.0005987166666666666,0.00025302666666666664,0.1722,-0.006944472352811046,0.02870937010321244,0.03571988692598293,0.04266807440377075,0.03624194671630673
2024-02-20,2027.5,78.18000030517578,1.5759999752044678,4975.509765625,15.420000076293945,0.007922794599725029,-0.012836194783739074,-0.020722872155541413,-0.0060234264658172495,0.0796104831722431,72,Greed,76691289.1,12891190.31373,-0.10093065371887158,-0.13893706236383518,0.0004906466666666666,-0.00010807000000000004,0.1681,-0.024097551579060416,0.02486455000067205,0.03516328673882557,0.04269315190554367,0.03571988692598293
2024-02-21,2022.300048828125,77.91000366210938,1.7730000019073486,4981.7998046875,15.34000015258789,-0.002568005317217988,-0.0034595029211889807,0.117783052465364,0.0012634014951035982,-0.005201567196740616,78,Extreme Greed,59371956.6,9631094.9128,-0.25596612708951805,-0.29154723919732867,0.00024148,-0.00024916666666666663,0.1646,-0.021040752171600546,0.024640259473224308,0.029167196084961107,0.04313483211838744,0.03516328673882557
2024-02-22,2019.699951171875,78.61000061035156,1.7319999933242798,5087.02978515625,14.539999961853027,-0.0012865403339371805,0.008944564222842582,-0.023396221881944092,0.02090288866640342,-0.05356033640438439,74,Greed,54795924.3,9002816.7995,-0.08020618667745999,-0.06745941136583546,0.00035125999999999994,0.00010977999999999994,0.1621,-0.015304859501339077,0.024689380354707646,0.028166953300313047,0.0433516278883754,0.029167196084961107
2024-02-23,2038.5999755859375,76.48999786376953,1.6030000448226929,5088.7998046875,13.75,0.009314324420003009,-0.02733894016442214,-0.07739990469673122,0.000347887026502183,-0.055864645369204845,76,Extreme Greed,50068954.1,7991420.5348,-0.09021467973255054,-0.11916897302919655,0.00042445,7.319000000000005e-05,0.1593,-0.017424211825627568,0.02393584046976415,0.0281121123375996,0.044009565819069056,0.028166953300313047
2024-02-24,2038.5999755859375,76.48999786376953,1.6030000448226929,5088.7998046875,13.75,0.0,0.0,0.0,0.0,0.0,72,Greed,34354023.4,5477365.02035,-0.3766819960099474,-0.3777443834431219,0.00031139,-0.00011306,0.1621,0.01742421182562754,0.024384016672814243,0.02778538985294405,0.04465820922130431,0.0281121123375996
2024-02-25,2038.5999755859375,76.48999786376953,1.6030000448226929,5088.7998046875,13.75,0.0,0.0,0.0,0.0,0.0,74,Greed,23635556.0,3799018.91053,-0.37396695295538457,-0.36588129766051186,0.0003640166666666667,5.26266666666667e-05,0.1619,-0.0012345680580409795,0.014386827749858788,0.026846990386933268,0.044656294884916396,0.02778538985294405
2024-02-26,2028.5,77.58000183105469,1.659000039100647,5069.52978515625,13.739999771118164,-0.004966682111913958,0.014149700208427214,0.03433813318794164,-0.003793939244668484,-0.0007275539764438033,72,Greed,50259028.3,8159835.44263,0.7544380100599687,0.7644811504700086,0.0006236366666666666,0.00025961999999999996,0.1656,0.02259638126756988,0.018968297046142453,0.02533032540987314,0.044744891528385275,0.026846990386933268
2024-02-27,2034.0,78.87000274658203,1.6150000095367432,5078.18017578125,13.430000305175781,0.0027076939620032797,0.016491276620096248,-0.026880072197387854,0.001704895538720964,-0.02282023687755186,79,Extreme Greed,55873542.9,9063452.41168,0.1059007762787755,0.10502610593314797,0.0008395566666666666,0.00021591999999999998,0.1617,-0.023832475368098037,0.01892539069001483,0.0239279038816657,0.044680227823433415,0.02533032540987314
2024-02-28,2033.0,78.54000091552734,1.8849999904632568,5069.759765625,13.84000015258789,-0.0004917629801586159,-0.0041929014273732485,0.15459285326096994,-0.001659531321112244,0.03007192795607551,82,Extreme Greed,123078115.0,19571968.05323,0.7897282603530918,0.7698482327950296,0.0008497966666666666,1.024000000000001e-05,0.1586,-0.019357457382313665,0.0187050971207555,0.0223657707021943,0.04462625097510924,0.0239279038816657
2024-02-29,2045.699951171875,78.26000213623047,1.8600000143051147,5096.27001953125,13.399999618530273,0.006227470697706523,-0.0035714167278449132,-0.013351320424662099,0.0052154704557999644,-0.03230828272568483,80,Extreme Greed,86676496.2,13713234.95409,-0.35063648148601706,-0.35573691961020526,0.0007917566666666667,-5.803999999999998e-05,0.1571,-0.009502763939172182,0.018312543260650502,0.021741300816796573,0.04470434381665868,0.0223657707021943
2024-03-01,2086.89990234375,79.97000122070312,1.8350000381469727,5137.080078125,13.109999656677246,0.019939659139843434,0.02161493552946405,-0.013531993120957394,0.007975936433387976,-0.021879406901220193,80,Extreme Greed,53232436.4,8493801.0922,-0.4875148362895637,-0.4790248073770052,0.00068273,-0.00010902666666666666,0.1637,0.041152939115513945,0.023931281559846848,0.023091817792998928,0.044111427075596836,0.021741300816796573
2024-03-02,2086.89990234375,79.97000122070312,1.8350000381469727,5137.080078125,13.109999656677246,0.0,0.0,0.0,0.0,0.0,80,Extreme Greed,81601600.9,13551326.75705,0.42718096333130096,0.4671478440124555,0.0011286066666666666,0.00044587666666666664,0.1698,0.036585789500157624,0.026675631294233865,0.023877084424719187,0.0442338133876129,0.023091817792998928
2024-03-03,2086.89990234375,79.97000122070312,1.8350000381469727,5137.080078125,13.109999656677246,0.0,0.0,0.0,0.0,0.0,83,Extreme Greed,66325356.7,10863268.42835,-0.20727660257825056,-0.2210972287021723,0.00085667,-0.0002719366666666666,0.1647,-0.030495636693652295,0.030176325018033398,0.02386392684185623,0.045366984314279796,0.023877084424719187
2024-03-04,2117.699951171875,78.73999786376953,1.9160000085830688,5130.9501953125,13.489999771118164,0.014650906546489963,-0.015500321222901771,0.04319518173327539,-0.0011939745749630112,0.028573381665131348,82,Extreme Greed,88435723.1,14225124.97549,0.28770371740831735,0.26962253611743997,0.0008703000000000001,1.3630000000000044e-05,0.1606,-0.02520883567093351,0.03026625476997008,0.024142634805211408,0.04536003945896327,0.02386392684185623
2024-03-05,2133.5,78.1500015258789,1.9570000171661377,5078.64990234375,14.460000038146973,0.007433252615668022,-0.0075211819929224405,0.021173013157248764,-0.010245406275917994,0.06943756611583544,90,Extreme Greed,163416755.8,24482005.66394,0.6140277263639697,0.5429286194074909,0.00126584,0.00039554,0.1455,-0.09874071490111413,0.04694012112626359,0.029638913116729993,0.04269983159805472,0.024142634805211408
2024-03-06,2150.300048828125,79.12999725341797,1.9290000200271606,5104.759765625,14.5,0.00784356635087546,0.012461958518870208,-0.014410952879860179,0.005127932853001643,0.0027624300578069465,75,Greed,176491913.1,27221381.09643,0.07697133534915793,0.10606434922815862,0.00029129666666666667,-0.0009745433333333334,0.1544,0.05937055097912881,0.0545581421172129,0.031783260451024566,0.04115691267743746,0.029638913116729993
2024-03-07,2158.0,78.93000030517578,1.8179999589920044,5157.35986328125,14.4399995803833,0.0035744768391498196,-0.0025306473246359336,-0.05926477110710492,0.010251402284983627,-0.004146545021177181,82,Extreme Greed,80386467.8,12360427.17354,-0.7864292061195868,-0.7895027218343017,0.0001,-0.00019129666666666667,0.1572,0.017972242404430436,0.05506827337986565,0.03206489513715139,0.04102114886668597,0.031783260451024566
2024-03-08,2178.60009765625,78.01000213623047,1.8049999475479126,5123.68994140625,14.739999771118164,0.009500646655496024,-0.01172433660244081,-0.007176410473117975,-0.006549922992050337,0.020562766827898746,81,Extreme Greed,96272103.0,14697498.27654,0.1803327372889781,0.17317728163379903,0.000142,4.2000000000000004e-05,0.1535,-0.023818312967854357,0.0524048515480955,0.032165260340647664,0.04110557619777223,0.03206489513715139
2024-03-09,2178.60009765625,78.01000213623047,1.8049999475479126,5123.68994140625,14.739999771118164,0.0,0.0,0.0,0.0,0.0,84,Extreme Greed,55714036.2,8582210.13057,-0.5469464767659364,-0.5379858227276103,0.00084367,0.00070167,0.1544,0.005846070563424131,0.049114217348524024,0.03214610033786992,0.04513867388635171,0.032165260340647664
2024-03-10,2178.60009765625,78.01000213623047,1.8049999475479126,5123.68994140625,14.739999771118164,0.0,0.0,0.0,0.0,0.0,79,Extreme Greed,77241211.5,12133527.69757,0.32670103071879664,0.3462810335722402,0.0008930933333333333,4.942333333333331e-05,0.1598,0.0343763957414984,0.05145546497775447,0.032264133188614534,0.04459761329930475,0.03214610033786992
2024-03-11,2182.5,77.93000030517578,1.7589999437332153,5117.93994140625,15.220000267028809,0.001788495240181465,-0.0010260592127867838,-0.02581512895803399,-0.0011228682680281005,0.03204549874488908,82,Extreme Greed,184455879.7,30574139.35794,0.8704771581504349,0.9241820277455801,0.00033317666666666666,-0.0005599166666666667,0.1662,0.03926884908917349,0.05284416458608867,0.0331260151371159,0.04414830130361823,0.032264133188614534
2024-03-12,2160.39990234375,77.55999755859375,1.7139999866485596,5175.27001953125,13.84000015258789,-0.010177664197878154,-0.004759192874689783,-0.025915621381532188,0.011139512586668012,-0.0950474087634793,81,Extreme Greed,121574559.3,19380174.23424,-0.41688256910565136,-0.45590393578528915,0.00082103,0.0004878533333333334,0.1609,-0.03240882842301026,0.033609268719528386,0.03353437600189409,0.04461954854234225,0.0331260151371159
2024-03-13,2175.39990234375,79.72000122070312,1.6579999923706055,5165.31005859375,13.75,0.006919166252700285,0.02746871176017195,-0.033217760274411076,-0.0019263840021219723,-0.006524137102079705,81,Extreme Greed,93582040.2,15201540.87342,-0.261689244492952,-0.24285380087144162,0.00082139,3.59999999999922e-07,0.1619,0.0061958066852518855,0.027128051559674175,0.03300849749643145,0.051185596094143915,0.03353437600189409
2024-03-14,2163.0,81.26000213623047,1.7410000562667847,5150.47998046875,14.399999618530273,-0.0057163638155206895,0.01913340619143594,0.04884764099317167,-0.002875221051495188,0.04618935597842095,88,Extreme Greed,159385533.7,26238861.31136,0.5324875206650725,0.5458447720223245,0.0008459466666666666,2.4556666666666655e-05,0.1688,0.041735721478267374,0.030088037510666243,0.03300114579956799,0.05507299254943265,0.03300849749643145
2024-03-15,2157.300048828125,81.04000091552734,1.6549999713897705,5117.08984375,14.40999984741211,-0.0026386845425951824,-0.0027110456107564012,-0.05065870156283177,-0.0065040228597376655,0.0006942193314014823,83,Extreme Greed,153443743.4,23635125.05555,-0.03799200018819678,-0.10450761263976095,0.00042664333333333336,-0.00041930333333333326,0.1548,-0.08658062100623003,0.04668081313585597,0.036230002792951896,0.0547919700413515,0.03300114579956799
2024-03-16,2157.300048828125,81.04000091552734,1.6549999713897705,5117.08984375,14.40999984741211,0.0,0.0,0.0,0.0,0.0,81,Extreme Greed,144243192.9,22113481.56451,-0.0618332926709578,-0.06654650727098997,0.00020145333333333333,-0.00022519000000000003,0.1447,-0.06747132751818861,0.05323146712389054,0.038004667705067545,0.05409110244793525,0.036230002792951896
2024-03-17,2157.300048828125,81.04000091552734,1.6549999713897705,5117.08984375,14.40999984741211,0.0,0.0,0.0,0.0,0.0,79,Extreme Greed,98800554.0,14187144.11281,-0.37839750264780747,-0.4438512377098483,0.00015057000000000002,-5.0883333333333314e-05,0.1469,0.015089449542393404,0.05105030462888149,0.03799630915624126,0.05386312083487003,0.038004667705067545
2024-03-18,2160.699951171875,82.72000122070312,1.7029999494552612,5149.419921875,14.329999923706055,0.0015747582428707817,0.020518554279512564,0.02859038045884932,0.006298184238480456,-0.00556716290639392,77,Extreme Greed,103775400.5,15162188.04184,0.04912574121711394,0.0664684893689868,0.00012699,-2.3580000000000015e-05,0.1409,-0.04170166427519716,0.046457753787281016,0.0383525824593522,0.05371682439803405,0.03799630915624126
2024-03-19,2156.300048828125,83.47000122070312,1.74399995803833,5178.509765625,13.819999694824219,-0.0020384080923120792,0.009025874969930351,0.023789929425469362,0.00563325304434312,-0.036238440258669194,79,Extreme Greed,125533736.2,16737241.58674,0.19034558354770156,0.09883157198267892,0.0001,-2.6989999999999997e-05,0.1305,-0.07667719214188636,0.05067924481880606,0.039396765556053814,0.052504840014578794,0.0383525824593522
2024-03-20,2157.89990234375,81.68000030517578,1.6990000009536743,5224.6201171875,13.039999961853027,0.0007416687251718953,-0.021678122894452184,-0.026141458175087,0.008864765516360184,-0.05809524268421421,74,Greed,143847329.3,19044804.21379,0.13617798716762006,0.12915804796915803,0.0001,0.0,0.1414,0.08021952669972428,0.06513224180474002,0.04266807440377075,0.050480695842066936,0.039396765556053814
2024-03-21,2182.39990234375,81.06999969482422,1.6829999685287476,5241.52978515625,12.920000076293945,0.01128966261576579,-0.007496202357379792,-0.009461946741937635,0.003231309094528888,-0.009245049313565606,78,Extreme Greed,88540729.3,12332521.22088,-0.4852898597328663,-0.4345545448357416,0.00021421666666666668,0.00011421666666666667,0.1378,-0.025789394882914176,0.05931990856808631,0.04269315190554367,0.053410049935658246,0.04266807440377075
2024-03-22,2158.10009765625,80.62999725341797,1.659000039100647,5234.18017578125,13.0600004196167,-0.011196893703511956,-0.00544222060235778,-0.01436286173206055,-0.0014031718343267125,0.010777651718640221,75,Greed,104614629.9,13953752.51802,0.1668207428262421,0.12350869494907207,0.00023327666666666668,1.9059999999999997e-05,0.132,-0.04300143599318734,0.05434643465168402,0.04313483211838744,0.05300548836400605,0.04269315190554367
2024-03-23,2158.10009765625,80.62999725341797,1.659000039100647,5234.18017578125,13.0600004196167,0.0,0.0,0.0,0.0,0.0,73,Greed,27273414.2,3664705.75923,-1.3443710181773938,-1.3370004216612645,0.00020945333333333334,-2.382333333333334e-05,0.1344,0.018018505502678212,0.05218750557717857,0.0433516278883754,0.05301278991739191,0.04313483211838744
2024-03-24,2158.10009765625,80.62999725341797,1.659000039100647,5234.18017578125,13.0600004196167,0.0,0.0,0.0,0.0,0.0,74,Greed,30144918.5,4100703.05508,0.10010397946447565,0.11241038771832769,0.0003440733333333333,0.00013461999999999995,0.1395,0.03724417317237139,0.05461676769813164,0.044009565819069056,0.052427985865462184,0.0433516278883754
2024-03-25,2174.800048828125,81.94999694824219,1.6150000095367432,5218.18994140625,13.1899995803833,0.00770847852509448,0.016238513317663482,-0.026880072197387854,-0.0030596403820319297,0.009904778937777805,75,Greed,41600978.5,5946487.34914,0.32210732028675976,0.37164224787793465,0.00028107333333333333,-6.299999999999996e-05,0.1455,0.04211148535012663,0.05502501838043227,0.04465820922130431,0.05192639645252735,0.044009565819069056
2024-03-26,2175.60009765625,81.62000274658203,1.5750000476837158,5203.580078125,13.239999771118164,0.0003678047123048936,-0.004034904322067613,-0.025079660026752947,-0.002803721982805726,0.003783598305736472,81,Extreme Greed,45969886.1,6668802.50069,0.09986284348701384,0.11463962494373342,0.00034875000000000005,6.767666666666672e-05,0.1451,-0.0027529267214049203,0.042496047180573454,0.044656294884916396,0.05192810734481572,0.04465820922130431
2024-03-27,2190.60009765625,81.3499984741211,1.718000054359436,5248.490234375,12.779999732971191,0.006870990033479146,-0.0033135487204207707,0.08690555265020734,0.008593595582706042,-0.03536110516659866,83,Extreme Greed,83584195.7,11858650.42492,0.5978679234561503,0.5756172862492621,0.00043178666666666667,8.303666666666662e-05,0.14,-0.0357807372808378,0.03481638544125632,0.044744891528385275,0.052096820534846815,0.044656294884916396
2024-03-28,2217.39990234375,83.16999816894531,1.7630000114440918,5254.35009765625,13.010000228881836,0.012159770828042574,0.022125868956704677,0.025856054703814992,0.0011158627007616052,0.017836882062060327,80,Extreme Greed,54424062.9,7665085.39506,-0.4290480667861613,-0.436381941759757,0.0004725033333333333,4.0716666666666635e-05,0.1412,0.008534902449837286,0.03319164042062341,0.044680227823433415,0.052015871480305544,0.044744891528385275
2024-03-29,2217.39990234375,83.16999816894531,1.7630000114440918,5254.35009765625,13.010000228881836,0.0,0.0,0.0,0.0,0.0,79,Extreme Greed,43147032.4,6005170.26794,-0.23219274766184497,-0.2440548436784065,0.0005130933333333333,4.0590000000000016e-05,0.1393,-0.013547444273381561,0.027735261697574835,0.04462625097510924,0.052038630199164916,0.044680227823433415
2024-03-30,2217.39990234375,83.16999816894531,1.7630000114440918,5254.35009765625,13.010000228881836,0.0,0.0,0.0,0.0,0.0,75,Greed,48202261.1,6675988.49889,0.11079228962429825,0.10589647355212622,0.0005083700000000001,-4.723333333333255e-06,0.1366,-0.01957293364907038,0.029011958130136475,0.04470434381665868,0.052023771007852104,0.04462625097510924
2024-03-31,2217.39990234375,83.16999816894531,1.7630000114440918,5254.35009765625,13.010000228881836,0.0,0.0,0.0,0.0,0.0,75,Greed,38047563.1,5241120.95317,-0.236568893165968,-0.24198188522794906,0.0004949766666666667,-1.3393333333333373e-05,0.1393,0.019572933649070316,0.026087992682815933,0.044111427075596836,0.054986158401626864,0.04470434381665868
2024-04-01,2236.5,83.70999908447266,1.8370000123977661,5243.77001953125,13.649999618530273,0.008576849575533693,0.006471749870282901,0.041116903074915175,-0.0020156145269577246,0.04802118356729221,79,Extreme Greed,71388841.7,9527172.77356,0.6293045408425721,0.5976126098932156,0.00048328999999999993,-1.168666666666676e-05,0.132,-0.05382795819938915,0.025342104535015664,0.0442338133876129,0.05466635554176583,0.044111427075596836
2024-04-02,2261.0,85.1500015258789,1.8619999885559082,5205.81005859375,14.609999656677246,0.010895049405066982,0.01705599129351878,0.013517359726837996,-0.007265388203672426,0.0679667085789778,79,Extreme Greed,65373482.2,8133965.29687,-0.08802487313169544,-0.15809946666136773,0.00019353,-0.0002897599999999999,0.1234,-0.06737081111508345,0.0315973070647058,0.045366984314279796,0.05379725330608131,0.0442338133876129
2024-04-03,2294.39990234375,85.43000030517578,1.840999960899353,5211.490234375,14.329999923706055,0.014664135564459967,0.003282905707169063,-0.011342291696614739,0.001090527523337898,-0.01935096574743714,71,Greed,67990080.1,8278702.4823,0.039245108362534295,0.017637710034059426,0.00020852000000000002,1.4990000000000017e-05,0.1204,-0.02461157859656683,0.031131262936446726,0.04536003945896327,0.05415943574776659,0.045366984314279796
2024-04-04,2288.800048828125,86.58999633789062,1.7740000486373901,5147.2099609375,16.350000381469727,-0.002443644773025144,0.013486962431428861,-0.03707196970795173,-0.01241103561926225,0.13187268415873488,70,Greed,49084376.9,6067103.45089,-0.32582101889398757,-0.3108049508590173,0.0001,-0.00010852000000000001,0.1243,0.03187846564194473,0.03579200555854604,0.04269983159805472,0.05368035116031749,0.04536003945896327
2024-04-05,2325.699951171875,86.91000366210938,1.784999966621399,5204.33984375,16.030000686645508,0.015993363911782323,0.0036888494189806584,0.006181485227925788,0.011038050135699558,-0.019765911218254613,79,Extreme Greed,67374447.9,8450926.58083,0.3167250400033343,0.33139478967115577,0.0001,0.0,0.1264,0.016753483196091865,0.038201284233987096,0.04115691267743746,0.05351436491634735,0.04269983159805472
2024-04-06,2325.699951171875,86.91000366210938,1.784999966621399,5204.33984375,16.030000686645508,0.0,0.0,0.0,0.0,0.0,75,Greed,25252360.2,3199521.02751,-0.9813462101411077,-0.9712749701940071,0.00015051333333333333,5.051333333333333e-05,0.1277,0.010232281325736503,0.039111530140355004,0.04102114886668597,0.0534973817764125,0.04115691267743746
2024-04-07,2325.699951171875,86.91000366210938,1.784999966621399,5204.33984375,16.030000686645508,0.0,0.0,0.0,0.0,0.0,78,Extreme Greed,22870018.0,2959375.13999,-0.09909282952868156,-0.07802297500333892,0.00014317,-7.343333333333335e-06,0.1298,0.016311041231495946,0.038723187165520444,0.04110557619777223,0.05328542140345107,0.04102114886668597
2024-04-08,2331.699951171875,86.43000030517578,1.843999981880188,5202.39013671875,15.1899995803833,0.002576546332762105,-0.005538301290720926,0.03251871877593392,-0.0003747011900415767,-0.05382472047334399,76,Extreme Greed,96521819.4,13362602.92944,1.4399422954667909,1.5074818344832828,0.00012883666666666668,-1.433333333333332e-05,0.143,0.09684982598991762,0.05045930382235943,0.04513867388635171,0.04926252692231187,0.04110557619777223
2024-04-09,2343.5,85.2300033569336,1.871999979019165,5209.91015625,14.979999542236328,0.005047944048811655,-0.013981317374481906,0.015070251539649507,0.0014444494736345207,-0.013921341452394936,80,Extreme Greed,105852104.2,15123090.74751,0.09227378589899815,0.12376278519994847,0.0001,-2.8836666666666675e-05,0.1422,-0.005610112890766788,0.038323527442228965,0.04459761329930475,0.04948957556006082,0.04513867388635171
2024-04-10,2329.60009765625,86.20999908447266,1.8849999904632568,5160.64013671875,15.800000190734863,-0.005948917440644637,0.011432645681132773,0.006920448993004578,-0.009501981832212592,0.053294004573997446,78,Extreme Greed,97871190.5,13477143.34128,-0.07839064499847506,-0.11522759965580923,0.0002840433333333333,0.00018404333333333332,0.1375,-0.03361060026251441,0.04018525426423115,0.04414830130361823,0.04963483442834262,0.04459761329930475
2024-04-11,2354.800048828125,85.0199966430664,1.7640000581741333,5199.06005859375,14.90999984741211,0.010759197967561912,-0.013899686155501469,-0.06634382527756119,0.007417221983342437,-0.0579778335620304,76,Extreme Greed,46045132.4,6142770.15316,-0.7540301768418468,-0.7857193592991427,0.00022216666666666665,-6.187666666666666e-05,0.1308,-0.04995447808352778,0.047111141543948,0.04461954854234225,0.04916944478769738,0.04414830130361823
2024-04-12,2356.199951171875,85.66000366210938,1.7699999809265137,5123.41015625,17.309999465942383,0.0005943121990892287,0.007499531492312272,0.00339554524662417,-0.014657587802248536,0.14925221979285147,79,Extreme Greed,152374455.8,17870975.84724,1.1967189617259206,1.067902130383464,0.00019472333333333332,-2.7443333333333335e-05,0.1131,-0.14539705590102345,0.07391629340009152,0.051185596094143915,0.042314061850008904,0.04461954854234225
2024-04-13,2356.199951171875,85.66000366210938,1.7699999809265137,5123.41015625,17.309999465942383,0.0,0.0,0.0,0.0,0.0,72,Greed,260804910.8,25966672.35996,0.5374316432867734,0.3736359476545288,0.0001,-9.472333333333331e-05,0.0985,-0.13821583494403158,0.08555406219859754,0.05507299254943265,0.034469894357627665,0.051185596094143915
2024-04-14,2356.199951171875,85.66000366210938,1.7699999809265137,5123.41015625,17.309999465942383,0.0,0.0,0.0,0.0,0.0,72,Greed,156335888.5,15457155.20043,-0.5117658356355391,-0.5187418675566593,6.175666666666668e-05,-3.824333333333333e-05,0.1034,0.048548413896285635,0.08967604882862382,0.0547919700413515,0.03372054295966918,0.05507299254943265
2024-04-15,2365.800048828125,85.41000366210938,1.690999984741211,5061.81982421875,19.229999542236328,0.00406612066202905,-0.002922782104032367,-0.04565947491684348,-0.012094195787459195,0.10518719746045613,74,Greed,112150131.5,11459259.59361,-0.33216839049197144,-0.29927391459384534,9.183333333333335e-05,3.007666666666667e-05,0.0993,-0.0404593910232019,0.06939459084989323,0.05409110244793525,0.035880899778157976,0.0547919700413515
2024-04-16,2390.800048828125,85.36000061035156,1.7319999933242798,5051.41015625,18.399999618530273,0.010511806622644015,-0.0005856186910562605,0.023956745392988282,-0.0020586245275039964,-0.04412089191313562,65,Greed,111900628.0,10770960.31048,-0.002227206046470892,-0.06194444880019573,3.262e-05,-5.9213333333333345e-05,0.0971,-0.022404195753847642,0.06779122304694495,0.05386312083487003,0.03576361040397094,0.05409110244793525
2024-04-17,2371.699951171875,82.69000244140625,1.7120000123977661,5022.2099609375,18.209999084472656,-0.00802108139040866,-0.031778908884939415,-0.011614521324665379,-0.005797375076004185,-0.010379800419449975,67,Greed,99142246.8,9499583.11979,-0.1210555722192638,-0.12560573699550565,-0.00012744333333333333,-0.00016006333333333332,0.0977,0.006160183751457641,0.07140396015437536,0.05371682439803405,0.03661265747931438,0.05386312083487003
2024-04-18,2382.300048828125,82.7300033569336,1.7569999694824219,5011.1201171875,18.0,0.004459451082454631,0.0004836285201896646,0.025945506874584426,-0.0022106017004853043,-0.01159908556727462,57,Greed,65915986.6,6461246.1392,-0.4081746543771478,-0.38542571551978205,-9.917e-05,2.8273333333333326e-05,0.0991,0.014227882287205288,0.07525079829310533,0.052504840014578794,0.036489929956543515,0.05371682439803405
2024-04-19,2398.39990234375,83.13999938964844,1.7519999742507935,4967.22998046875,18.709999084472656,0.006735379565596977,0.004943592704169771,-0.0028498140186565615,-0.008797129654056974,0.03868633345731804,66,Greed,95330278.1,9578281.27079,0.36896647287667145,0.393675967831223,-0.00015725333333333334,-5.808333333333334e-05,0.1027,0.03568267559857031,0.06296015079719032,0.050480695842066936,0.03676034118970164,0.052504840014578794
2024-04-20,2398.39990234375,83.13999938964844,1.7519999742507935,4967.22998046875,18.709999084472656,0.0,0.0,0.0,0.0,0.0,66,Greed,42164215.6,4521219.78582,-0.8157755839893771,-0.750716346270882,-0.00016880333333333332,-1.1549999999999983e-05,0.112,0.086686754360582,0.04314184019419759,0.053410049935658246,0.036714748913811907,0.050480695842066936
2024-04-21,2398.39990234375,83.13999938964844,1.7519999742507935,4967.22998046875,18.709999084472656,0.0,0.0,0.0,0.0,0.0,72,Greed,31585608.8,3534058.62711,-0.28887029060952196,-0.2463348583487186,-3.936e-05,0.00012944333333333332,0.1125,0.004454350349380375,0.04117159864109768,0.05300548836400605,0.03668531025295864,0.053410049935658246
2024-04-22,2332.199951171875,82.8499984741211,1.7910000085830688,5010.60009765625,16.940000534057617,-0.02798980048135961,-0.003494201028036716,0.022016150053744146,0.00869335115683908,-0.09938037060315114,73,Greed,60503763.6,6951616.9982,0.6500039722292039,0.6765273309185776,-0.00011831666666666668,-7.895666666666668e-05,0.1146,0.01849458263616431,0.034054903903298926,0.05301278991739191,0.03649732967253035,0.05300548836400605
2024-04-23,2327.699951171875,83.36000061035156,1.812000036239624,5070.5498046875,15.6899995803833,-0.001931372558694458,0.006136859871728367,0.011657099749672016,0.01189356656772209,-0.07665418074960349,71,Greed,28587457.2,3242453.90275,-0.7497375091764746,-0.7626438735960064,-9.191e-05,2.6406666666666672e-05,0.1149,0.0026143805740708936,0.029859502859066387,0.052427985865462184,0.036478896100386154,0.05301278991739191
2024-04-24,2324.5,82.80999755859375,1.652999997138977,5071.6298828125,15.970000267028809,-0.0013756724603899396,-0.006619787763346306,-0.09183941051249919,0.00021298737793290078,0.01768843894684457,72,Greed,56074227.9,6450994.47395,0.6737082490622519,0.687903880399919,1.1426666666666665e-05,0.00010333666666666667,0.1105,-0.0390466638969025,0.0381190123348377,0.05192639645252735,0.035995843452161565,0.052427985865462184
2024-04-25,2329.800048828125,83.56999969482422,1.6380000114440918,5048.419921875,15.369999885559082,0.0022774857931127522,0.009135802798020112,-0.009115824690578039,-0.0045869342701194095,-0.03829442884280131,72,Greed,60408792.1,6502338.10604,0.07445834766462975,0.007927519912884992,4.0226666666666666e-05,2.8800000000000002e-05,0.1087,-0.01642372683064369,0.040269149946616754,0.05192810734481572,0.03628359683779973,0.05192639645252735
2024-04-26,2334.800048828125,83.8499984741211,1.6139999628067017,5099.9599609375,15.029999732971191,0.0021438073190774686,0.003344869709890436,-0.014760445613920785,0.010157381332325343,-0.022369364106276213,70,Greed,43297240.7,4588068.59375,-0.33304575111211276,-0.34870267100155633,-1.1016666666666664e-05,-5.124333333333333e-05,0.104,-0.044200894985791134,0.04398639068517076,0.052096820534846815,0.03583940200424496,0.05192810734481572
2024-04-27,2334.800048828125,83.8499984741211,1.6139999628067017,5099.9599609375,15.029999732971191,0.0,0.0,0.0,0.0,0.0,67,Greed,60801443.4,6130205.21802,0.3395246210172089,0.28976907719997824,5.4430000000000006e-05,6.544666666666666e-05,0.104,0.0,0.02356641491686628,0.052015871480305544,0.03625184567877353,0.052096820534846815
2024-04-28,2334.800048828125,83.8499984741211,1.6139999628067017,5099.9599609375,15.029999732971191,0.0,0.0,0.0,0.0,0.0,65,Greed,35853484.0,3767281.75529,-0.5281727837924934,-0.4868745054587738,1.6186666666666665e-05,-3.824333333333334e-05,0.1039,-0.000962001036190841,0.023074027488400088,0.052038630199164916,0.03639283532898346,0.052015871480305544
2024-04-29,2345.39990234375,82.62999725341797,2.0299999713897705,5116.169921875,14.670000076293945,0.004529666146779777,-0.014656692597930232,0.22932023215640493,0.0031734080766393944,-0.0242435886429269,67,Greed,61233645.7,6266677.96098,0.535256059762586,0.5088926618670703,4.897000000000001e-05,3.278333333333334e-05,0.1037,-0.001926782869700168,0.019716966879862432,0.052023771007852104,0.036513208589306366,0.052038630199164916
2024-04-30,2291.39990234375,81.93000030517578,1.9910000562667847,5035.68994140625,15.649999618530273,-0.02329297954868033,-0.008507549595007585,-0.019398725617362993,-0.015855551118928123,0.0646662952555313,67,Greed,145106977.7,13828326.89687,0.8627744428461115,0.7914727785430756,-5.233e-05,-0.00010130000000000001,0.0927,-0.11213364266367216,0.04029458529354593,0.054986158401626864,0.030611145600938482,0.052023771007852104
2024-05-01,2299.89990234375,79.0,1.9320000410079956,5018.39013671875,15.390000343322754,0.0037026594091494527,-0.03641737541153739,-0.03008129632662707,-0.0034413534856316866,-0.01675292245214082,54,Neutral,128052081.9,11568448.71155,-0.1250341766319691,-0.17843770829474906,-0.00035462,-0.00030229,0.094,0.013926309698194299,0.04332005614952667,0.05466635554176583,0.030489691042623307,0.054986158401626864
2024-05-02,2299.199951171875,78.94999694824219,2.0350000858306885,5064.2001953125,14.680000305175781,-0.0003043861623244103,-0.0006331504196816675,0.05194010405580334,0.009087024725084856,-0.047231926184048506,43,Fear,53544998.5,4997745.12436,-0.8719146771671249,-0.8392946181123049,7.240000000000001e-06,0.00036186,0.0953,0.01373502839015247,0.04553799365118689,0.05379725330608131,0.03040019462141355,0.05466635554176583
2024-05-03,2299.0,78.11000061035156,2.1419999599456787,5127.7900390625,13.489999771118164,-8.696932457233537e-05,-0.010696604611133635,0.05124409225426044,0.012478557659508005,-0.08453739072202397,48,Neutral,58513141.8,5602377.31715,0.08872898132347024,0.11420419299100057,2.7560000000000004e-05,2.0320000000000002e-05,0.0982,0.029976404700263796,0.04723935656696831,0.05415943574776659,0.02974473419300391,0.05379725330608131
2024-05-04,2299.0,78.11000061035156,2.1419999599456787,5127.7900390625,13.489999771118164,0.0,0.0,0.0,0.0,0.0,67,Greed,36273170.4,3568458.06009,-0.47817301460426315,-0.4510574420294205,9.834333333333334e-05,7.078333333333334e-05,0.0981,-0.0010188487891026545,0.04721144979621268,0.05368035116031749,0.029756001624547453,0.05415943574776659
2024-05-05,2299.0,78.11000061035156,2.1419999599456787,5127.7900390625,13.489999771118164,0.0,0.0,0.0,0.0,0.0,69,Greed,30942801.6,3038209.41721,-0.15893797006210936,-0.16086525215945474,6.570666666666667e-05,-3.263666666666667e-05,0.0983,0.0020366605818033334,0.047303103777131456,0.05351436491634735,0.03380279767486073,0.05368035116031749
2024-05-06,2321.60009765625,78.4800033569336,2.194999933242798,5180.740234375,13.489999771118164,0.00978239943094232,0.004725760595283706,0.02444206278776975,0.010273173691247842,0.0,71,Greed,50917063.3,5003921.06681,0.49805770870983923,0.49895348407310913,9.544000000000001e-05,2.9733333333333342e-05,0.0957,-0.02680572869421239,0.04771107563616357,0.0534973817764125,0.035094643668827745,0.05351436491634735
2024-05-07,2315.199951171875,78.37999725341797,2.2070000171661377,5187.7001953125,13.229999542236328,-0.002760589407145369,-0.0012751003018784941,0.005452118938810627,0.0013425282288256131,-0.019461709726451316,68,Greed,42547824.4,4089058.24453,-0.17956937592855937,-0.2019071329813403,-0.00015616333333333334,-0.00025160333333333336,0.0941,-0.016860251867574567,0.01939536447449271,0.05328542140345107,0.03571784700654612,0.0534973817764125
2024-05-08,2313.60009765625,78.98999786376953,2.187000036239624,5187.669921875,13.0,-0.0006912606128823438,0.0077524774024004825,-0.009103376787537407,-5.835635193424912e-06,-0.01753758606489831,64,Greed,25966648.1,2441453.98416,-0.49381577408831334,-0.5157209285024894,6.713333333333334e-05,0.0002232966666666667,0.093,-0.011758553438078084,0.019223073505650008,0.04926252692231187,0.03810152950085107,0.05328542140345107
2024-05-09,2332.10009765625,79.26000213623047,2.3010001182556152,5214.080078125,12.6899995803833,0.007964395898361993,0.0034123795824652194,0.05081310418126414,0.005078032639106711,-0.02413510880196279,55,Greed,35034535.6,3236615.11651,0.29952135722945045,0.2819343096027407,3.0143333333333337e-05,-3.699000000000001e-05,0.0942,0.012820688429061469,0.019104820110153353,0.04948957556006082,0.03845959116726626,0.04926252692231187
2024-05-10,2367.300048828125,78.26000213623047,2.252000093460083,5222.68017578125,12.550000190734863,0.01498089474872309,-0.012696970635629665,-0.021525110667999448,0.001648040080166728,-0.011093567883784123,66,Greed,26800115.8,2478396.53469,-0.26792809801553397,-0.26691627410537666,1.2036666666666668e-05,-1.8106666666666667e-05,0.0903,-0.04228272115937763,0.018679805420057677,0.04963483442834262,0.037993477672434266,0.04948957556006082
2024-05-11,2367.300048828125,78.26000213623047,2.252000093460083,5222.68017578125,12.550000190734863,0.0,0.0,0.0,0.0,0.0,53,Neutral,21606461.9,1945502.99434,-0.21541377641588155,-0.24209123992294776,2.6980000000000003e-05,1.4943333333333335e-05,0.0893,-0.011135972540486408,0.018071749174259213,0.04916944478769738,0.03799681474546187,0.04963483442834262
2024-05-12,2367.300048828125,78.26000213623047,2.252000093460083,5222.68017578125,12.550000190734863,0.0,0.0,0.0,0.0,0.0,56,Greed,14510555.1,1296531.88461,-0.39811610944786296,-0.40582763402331734,-9.241666666666666e-05,-0.00011939666666666666,0.089,-0.00336511815031367,0.017404413881388775,0.042314061850008904,0.0382627376265561,0.04916944478769738
2024-05-13,2336.10009765625,79.12000274658203,2.38100004196167,5221.419921875,13.600000381469727,-0.013267171767020015,0.010929077949739378,0.055701833349906416,-0.00024133317386520824,0.08034914001546065,57,Greed,57619641.8,5037745.24598,1.3789871905063442,1.3572656916245416,-0.00014186666666666665,-4.9449999999999996e-05,0.0879,-0.012436565041008376,0.01649313112922627,0.034469894357627665,0.038388388091407176,0.042314061850008904
2024-05-14,2353.39990234375,78.0199966430664,2.3440001010894775,5246.68017578125,13.420000076293945,0.007378135479851928,-0.014000560976655058,-0.015661670286598987,0.004826148527454041,-0.013323683562621993,66,Greed,49015476.0,4197972.17546,-0.16172742806619955,-0.18235701682349278,-5.233333333333332e-05,8.953333333333333e-05,0.0842,-0.04300488344285038,0.020267231893060504,0.03372054295966918,0.0382918663285534,0.034469894357627665
2024-05-15,2388.699951171875,78.62999725341797,2.4159998893737793,5308.14990234375,12.449999809265137,0.014888214910604233,0.007788110021032777,0.030254319441893322,0.01164782778729962,-0.07502552963798141,64,Greed,37024989.2,3204060.03226,-0.2805430165203792,-0.27018282763877843,-4.7023333333333334e-05,5.309999999999988e-06,0.0903,0.06994253917465881,0.03842650512454126,0.035880899778157976,0.03634895586564519,0.03372054295966918
2024-05-16,2380.0,79.2300033569336,2.494999885559082,5297.10009765625,12.420000076293945,-0.0036487767790969396,0.00760178627366133,0.03217544905180873,-0.0020838374740880464,-0.0024125249424847843,70,Greed,28602551.3,2550276.24678,-0.2580971483181508,-0.22821708031758015,4.72e-05,9.422333333333334e-05,0.089,-0.014501090690799957,0.03779078861561644,0.03576361040397094,0.03630822117510232,0.035880899778157976
2024-05-17,2412.199951171875,80.05999755859375,2.625999927520752,5303.27001953125,11.989999771118164,0.013438686241467436,0.010421265723094177,0.05117306494459885,0.0011640956878937513,-0.03523513269813392,74,Greed,24292994.1,2210819.83099,-0.16330792000526737,-0.14283827438512275,0.0001,5.28e-05,0.0927,0.04073210283966971,0.038302461911913034,0.03661265747931438,0.035363726775804884,0.03576361040397094
2024-05-18,2412.199951171875,80.05999755859375,2.625999927520752,5303.27001953125,11.989999771118164,0.0,0.0,0.0,0.0,0.0,73,Greed,13789094.9,1275346.69998,-0.5663099450021963,-0.5501453477889393,9.240666666666666e-05,-7.593333333333341e-06,0.0923,-0.004324331063003093,0.03794619607019164,0.036489929956543515,0.03871157008902869,0.03661265747931438
2024-05-19,2412.199951171875,80.05999755859375,2.625999927520752,5303.27001953125,11.989999771118164,0.0,0.0,0.0,0.0,0.0,72,Greed,16124165.2,1452122.84967,0.156441035665655,0.129808456834994,4.806333333333334e-05,-4.4343333333333326e-05,0.0878,-0.049982640867735365,0.04331295360616057,0.03676034118970164,0.03927450643765161,0.036489929956543515
2024-05-20,2433.89990234375,79.80000305175781,2.750999927520752,5308.1298828125,12.149999618530273,0.008955695038778591,-0.0032527803713785952,0.04650270731595106,0.0009159703084911664,0.013256188439843044,70,Greed,43239196.5,3923594.23506,0.9864283194681194,0.9939816103739808,-4.039999999999995e-06,-5.210333333333333e-05,0.0957,0.08615679781783757,0.054034141392598815,0.036714748913811907,0.035536947612963374,0.03676034118970164
2024-05-21,2421.699951171875,79.26000213623047,2.6710000038146973,5321.41015625,11.859999656677246,-0.005025116242057949,-0.006789927983864295,-0.029511520039913013,0.0024987497668926086,-0.024157773768248323,76,Extreme Greed,42820763.6,4069052.64962,-0.009724294476227956,0.03640207773123683,0.0001,0.00010404,0.0946,-0.011560822401075858,0.04982855373460256,0.03668531025295864,0.035666688745876106,0.036714748913811907
2024-05-22,2389.199951171875,77.56999969482422,2.8420000076293945,5307.009765625,12.289999961853027,-0.01351119128257647,-0.02155286414589558,0.06205509680341045,-0.0027097912093521476,0.03561455585241666,76,Extreme Greed,38484510.8,3577604.35959,-0.10676727233147956,-0.12871680502223726,0.0001,0.0,0.0926,-0.02136833440569891,0.04529391011664285,0.03649732967253035,0.035606402965315774,0.03668531025295864
2024-05-23,2335.0,76.87000274658203,2.6570000648498535,5267.83984375,12.770000457763672,-0.02294667031813439,-0.00906503147732145,-0.0673103411745777,-0.007408162283471933,0.038312785417210074,76,Extreme Greed,44723579.4,4073151.26239,0.1502450224347693,0.1297235626914076,0.0001,0.0,0.0912,-0.015234244571847973,0.04534354444509406,0.036478896100386154,0.03566668335591432,0.03649732967253035
2024-05-24,2332.5,77.72000122070312,2.5199999809265137,5304.72021484375,11.930000305175781,-0.0010712373814988035,0.010996921124401168,-0.05293879723035906,0.0069766490766732595,-0.06804244420089076,74,Greed,29989213.8,2665000.83227,-0.39966308888208807,-0.42421259589455373,0.0001,0.0,0.0907,-0.005497539959194831,0.04227797070386135,0.035995843452161565,0.03573299205220928,0.036478896100386154
2024-05-25,2332.5,77.72000122070312,2.5199999809265137,5304.72021484375,11.930000305175781,0.0,0.0,0.0,0.0,0.0,76,Extreme Greed,17827367.9,1619522.10812,-0.5201029780197195,-0.4980732591771363,0.0001,0.0,0.0926,0.020731784531042727,0.04320903509279151,0.03628359683779973,0.035319283610859876,0.035995843452161565
2024-05-26,2332.5,77.72000122070312,2.5199999809265137,5304.72021484375,11.930000305175781,0.0,0.0,0.0,0.0,0.0,75,Greed,32910688.7,2988548.74969,0.6130626905138321,0.6126567908397068,0.00011690333333333334,1.690333333333333e-05,0.0899,-0.02959120017455923,0.039793616932936184,0.03583940200424496,0.036197689025684564,0.03628359683779973
2024-05-27,2332.5,77.72000122070312,2.5199999809265137,5304.72021484375,11.930000305175781,0.0,0.0,0.0,0.0,0.0,74,Greed,21080461.8,1926170.88466,-0.4454508590521863,-0.43925386697572005,0.0001,-1.690333333333333e-05,0.0922,0.025262189084973675,0.020808161638115694,0.03625184567877353,0.036184261447632704,0.03583940200424496
2024-05-28,2355.199951171875,79.83000183105469,2.5899999141693115,5306.0400390625,12.920000076293945,0.0096849750810076,0.026786756378970412,0.027398948617695804,0.00024877090688591537,0.07972024256920057,72,Greed,32956664.0,2963369.88279,0.44684685587251743,0.43079306008048435,0.00011509999999999999,1.5099999999999988e-05,0.0902,-0.021930703493970232,0.021677289423969657,0.03639283532898346,0.03651723018775849,0.03625184567877353
2024-05-29,2340.300048828125,79.2300033569336,2.493000030517578,5266.9501953125,14.279999732971191,-0.0063464816760843545,-0.00754433924800599,-0.03817102578945623,-0.007394317215742535,0.10008343395238188,72,Greed,28376974.6,2533792.62422,-0.14961542351894896,-0.15660985345582668,0.00011045,-4.649999999999991e-06,0.0883,-0.02128931945866358,0.021668460232016653,0.036513208589306366,0.0366171232260862,0.03639283532898346
2024-05-30,2342.89990234375,77.91000366210938,2.572000026702881,5235.47998046875,14.470000267028809,0.001110289464388048,-0.016800695999504067,0.03119699997479177,-0.005992957535754186,0.013217620885411141,73,Greed,42167426.1,3699033.24205,0.3960699668063143,0.3783542583509274,0.00013781666666666666,2.7366666666666663e-05,0.0866,-0.019440292041524983,0.02199737673518836,0.030611145600938482,0.03657257990541174,0.036513208589306366
2024-05-31,2322.89990234375,76.98999786376953,2.5869998931884766,5277.509765625,12.920000076293945,-0.00857307357068379,-0.011878845804020198,0.005815045158577769,0.007995824231928897,-0.1133010548377929,73,Greed,25291390.9,2177883.09028,-0.5111839724214902,-0.5297181540639448,0.00013145666666666668,-6.3599999999999865e-06,0.0857,-0.010446989964655387,0.022005818299552504,0.030489691042623307,0.03773400069905047,0.030611145600938482
2024-06-01,2322.89990234375,76.98999786376953,2.5869998931884766,5277.509765625,12.920000076293945,0.0,0.0,0.0,0.0,0.0,72,Greed,13100957.4,1124045.76374,-0.6577787456864036,-0.6614188797988473,0.00020593666666666666,7.447999999999998e-05,0.0864,0.008134850206275815,0.019643275022969815,0.03040019462141355,0.041921135507780656,0.030489691042623307
2024-06-02,2322.89990234375,76.98999786376953,2.5869998931884766,5277.509765625,12.920000076293945,0.0,0.0,0.0,0.0,0.0,73,Greed,24940189.3,2160394.20905,0.6437952189335361,0.6533562435201871,0.00014931000000000002,-5.662666666666664e-05,0.086,-0.004640379556502336,0.0176358793177676,0.02974473419300391,0.04200083193970374,0.03040019462141355
2024-06-03,2346.60009765625,74.22000122070312,2.75600004196167,5283.39990234375,13.109999656677246,0.010151150585457774,-0.036641843463558636,0.06328150646088464,0.0011154602235352391,0.014598767328195046,73,Greed,35399802.7,3086803.68618,0.35022571623826493,0.35684544054177064,0.0002362,8.688999999999998e-05,0.0861,0.0011621151801775185,0.011838901809066387,0.029756001624547453,0.04228866646937766,0.02974473419300391
2024-06-04,2325.5,73.25,2.5859999656677246,5291.33984375,13.15999984741211,-0.009032443941432378,-0.013155424182366147,-0.06366810130352463,0.0015016810037827531,0.0038066427145914943,73,Greed,112847359.3,10180257.80581,1.1593298562232757,1.1933141857616718,0.00017809,-5.811e-05,0.0936,0.0835209720498614,0.036077533017499164,0.03380279767486073,0.0453017381677923,0.029756001624547453
2024-06-05,2354.10009765625,74.06999969482422,2.756999969482422,5354.02978515625,12.630000114440918,0.012223460620860391,0.011132340007921552,0.06403085389907728,0.011778015849957281,-0.04110696887890819,75,Greed,131764317.1,13125920.1815,0.15497874730701408,0.25413857954936103,0.0001,-7.808999999999999e-05,0.0991,0.057099057852395954,0.0385358694232432,0.035094643668827745,0.04332333720855485,0.03380279767486073
2024-06-06,2370.300048828125,75.55000305175781,2.821000099182129,5352.9599609375,12.579999923706055,0.00685801971176186,0.019784141207531986,0.02294834620582441,-0.00019983660163685183,-0.003966700215845465,78,Extreme Greed,43544920.4,4264165.24357,-1.1072217920591563,-1.1243424757917124,0.0001,0.0,0.0953,-0.03909963067578584,0.04213838180282542,0.03571784700654612,0.045034598675870126,0.035094643668827745
2024-06-07,2305.199951171875,75.52999877929688,2.9179999828338623,5346.990234375,12.220000267028809,-0.027849130615993235,-0.0002648169491050799,0.033806977039391596,-0.0011158420502790662,-0.029034269612359193,77,Extreme Greed,114063727.6,10326277.16319,0.96296424809044,0.8844453880949733,0.00018961333333333334,8.961333333333333e-05,0.0886,-0.07289795304912113,0.053244395409346564,0.03810152950085107,0.04527330668135613,0.03571784700654612
2024-06-08,2305.199951171875,75.52999877929688,2.9179999828338623,5346.990234375,12.220000267028809,0.0,0.0,0.0,0.0,0.0,72,Greed,46471104.0,4066795.71412,-0.8979266061620053,-0.9318364318421406,0.0001,-8.961333333333333e-05,0.0856,-0.034446574463338896,0.05519063312910583,0.03845959116726626,0.046929858860633195,0.03810152950085107
2024-06-09,2305.199951171875,75.52999877929688,2.9179999828338623,5346.990234375,12.220000267028809,0.0,0.0,0.0,0.0,0.0,75,Greed,24357541.3,2109936.86058,-0.6459891941852047,-0.6561973724034368,0.0001,0.0,0.0875,0.021953510215872208,0.05583623043661489,0.037993477672434266,0.046652191046026185,0.03845959116726626
2024-06-10,2307.699951171875,77.73999786376953,2.9059998989105225,5360.7900390625,12.739999771118164,0.0010839169709689002,0.02883998578138424,-0.004120913856128262,0.002577529978240972,0.041672656583176315,72,Greed,59936196.7,5282568.1687,0.9004391021980162,0.9177543519087892,8.45e-05,-1.550000000000001e-05,0.0865,-0.011494379425735134,0.05608999120981114,0.03799681474546187,0.04671327271342749,0.037993477672434266
2024-06-11,2307.5,77.9000015258789,3.128999948501587,5375.31982421875,12.850000381469727,-8.664897474244984e-05,0.0020560745194554914,0.07393591786669747,0.0027067148552095224,0.008597208849178589,74,Greed,58454075.3,4980887.08236,-0.025039199762661706,-0.0588043708918721,7.445000000000001e-05,-1.0049999999999987e-05,0.0843,-0.02576254893002374,0.04282342558195469,0.0382627376265561,0.04668073778613897,0.03799681474546187
2024-06-12,2336.0,78.5,3.0450000762939453,5421.02978515625,12.039999961853027,0.012275377571110555,0.007672652323997818,-0.02721252201097664,0.008467720241887338,-0.06510940431526659,72,Greed,54336026.3,4687576.66018,-0.07305393361349853,-0.06069225882689458,9.382666666666667e-05,1.9376666666666667e-05,0.0859,0.018801963982399854,0.03352038012772244,0.038388388091407176,0.04695882764166438,0.0382627376265561
2024-06-13,2300.199951171875,78.62000274658203,2.9590001106262207,5433.740234375,11.9399995803833,-0.015444010517410593,0.0015275301402533966,-0.028649515412917312,0.00234191143711672,-0.008340363891643488,70,Greed,39290889.9,3298292.80691,-0.32419479187107486,-0.3515107419634688,0.0001,6.173333333333331e-06,0.0825,-0.04038553564957441,0.03364310486908017,0.0382918663285534,0.05262594322521626,0.038388388091407176
2024-06-14,2331.39990234375,78.44999694824219,2.88100004196167,5431.60009765625,12.65999984741211,0.013472849167638714,-0.0021647146502484236,-0.02671394013706729,-0.00039393828099749413,0.058553331842595924,74,Greed,61215259.5,4908949.64732,0.44340381383094896,0.39765499443488844,6.364000000000001e-05,-3.636e-05,0.0797,-0.034528707544466054,0.025949037882799016,0.03634895586564519,0.05235844771086391,0.0382918663285534
2024-06-15,2331.39990234375,78.44999694824219,2.88100004196167,5431.60009765625,12.65999984741211,0.0,0.0,0.0,0.0,0.0,74,Greed,31140009.6,2491675.53489,-0.6759030219829941,-0.6781046080504702,7.220000000000002e-06,-5.6420000000000005e-05,0.0798,0.0012539186595936812,0.025009519120402092,0.03630822117510232,0.052688435197994946,0.03634895586564519
2024-06-16,2331.39990234375,78.44999694824219,2.88100004196167,5431.60009765625,12.65999984741211,0.0,0.0,0.0,0.0,0.0,71,Greed,42117942.2,3314778.25165,0.3019803557308078,0.2854353392316717,-5.9119999999999996e-05,-6.633999999999999e-05,0.0787,-0.013880349032405453,0.020663140771456,0.035363726775804884,0.053342168456812986,0.03630822117510232
2024-06-17,2312.39990234375,80.33000183105469,2.7880001068115234,5473.22998046875,12.75,-0.008182999621581656,0.023681732701511034,-0.032812939457918244,0.007635164372320518,0.007083866941161012,71,Greed,120511815.6,8918386.00768,1.0512739724736626,0.989724260389944,7.988e-05,0.000139,0.0718,-0.09175867936917904,0.035351162978445844,0.03871157008902869,0.05046584127928021,0.035363726775804884
2024-06-18,2330.39990234375,81.56999969482422,2.9089999198913574,5487.02978515625,12.300000190734863,0.007753980763100305,0.01531837059133567,0.042484820765417666,0.0025181541815171163,-0.035931993719163995,74,Greed,218996180.9,14562353.76608,0.5973064879562187,0.49032470008415147,-6.545e-05,-0.00014533,0.0674,-0.06323945813591711,0.03794445410431316,0.03927450643765161,0.04886120800690946,0.03871157008902869
2024-06-19,2330.39990234375,81.56999969482422,2.9089999198913574,5487.02978515625,12.300000190734863,0.0,0.0,0.0,0.0,0.0,64,Greed,83224050.5,5722570.08198,-0.9675179162871311,-0.9340216699498484,0.0001,0.00016545,0.069,0.02346148667899818,0.039009346352928,0.035536947612963374,0.04876565701751787,0.03927450643765161
2024-06-20,2353.800048828125,82.16999816894531,2.740999937057495,5473.169921875,13.279999732971191,0.009991179448078678,0.007328706088144798,-0.059486557617545614,-0.0025291273954115403,0.07665984605542543,60,Greed,88250247.4,6195759.17613,0.0586401246443836,0.07944703465228199,6.660333333333335e-05,-3.339666666666666e-05,0.0694,0.005780362915499329,0.041065013188305854,0.035666688745876106,0.04880303120079121,0.035536947612963374
2024-06-21,2316.39990234375,80.7300033569336,2.7049999237060547,5464.6201171875,13.199999809265137,-0.016016849994939065,-0.017679954670203727,-0.013220910263653346,-0.0015633517188252497,-0.006042308797982368,63,Greed,82437968.9,5713047.21185,-0.06813038080213978,-0.08111251052237045,-8.561333333333333e-05,-0.0001522166666666667,0.0688,-0.008683122573460881,0.041195884384120564,0.035606402965315774,0.04874360913033614,0.035666688745876106
2024-06-22,2316.39990234375,80.7300033569336,2.7049999237060547,5464.6201171875,13.199999809265137,0.0,0.0,0.0,0.0,0.0,53,Neutral,25106172.0,1724274.05488,-1.1889324060822577,-1.1979464194857739,-7.378333333333334e-05,1.1829999999999987e-05,0.069,0.00290275965796141,0.041348827068771285,0.03566668335591432,0.050352282941721144,0.035606402965315774
2024-06-23,2316.39990234375,80.7300033569336,2.7049999237060547,5464.6201171875,13.199999809265137,0.0,0.0,0.0,0.0,0.0,55,Greed,36179162.6,2489775.27235,0.36536962199058776,0.3673863301798399,-5.351666666666667e-05,2.0266666666666674e-05,0.0675,-0.02197890671877523,0.0412369477754349,0.03573299205220928,0.05077597854457166,0.03566668335591432
2024-06-24,2330.0,81.62999725341797,2.811000108718872,5447.8701171875,13.329999923706055,0.005854053366742159,0.011086512827385236,0.03843844650696162,-0.0030698791558664423,0.009800313324426333,51,Neutral,119052809.2,7829649.69988,1.1910838351474349,1.1457253164647603,7.809666666666667e-05,0.00013161333333333334,0.0675,0.0,0.02770419167455524,0.035319283610859876,0.050878690547298336,0.03573299205220928
2024-06-25,2316.60009765625,80.83000183105469,2.75600004196167,5469.2998046875,12.84000015258789,-0.0057676319065113404,-0.009848601417630847,-0.01975996222363866,0.003925873679181344,-0.03745181832153341,30,Fear,52822271.2,3638371.46036,-0.8126342646539072,-0.7663815902651804,1.1416666666666669e-05,-6.668e-05,0.0701,0.037795196162060146,0.019827732349045103,0.036197689025684564,0.05043162563409417,0.035319283610859876
2024-06-26,2299.199951171875,80.9000015258789,2.628000020980835,5477.89990234375,12.550000190734863,-0.0075394205654809275,0.0008656365268328098,-0.04755725977104267,0.0015711962247204525,-0.022844629369817324,46,Fear,53424309.7,3663048.86929,0.011332975395933689,0.006759644502233651,-0.00011801666666666667,-0.00012943333333333335,0.0671,-0.04373875006290815,0.02526684960369467,0.036184261447632704,0.05028398088864278,0.036197689025684564
2024-06-27,2324.5,81.73999786376953,2.684999942779541,5482.8701171875,12.239999771118164,0.010943747042885628,0.010329609075931839,0.021457598043730836,0.0009069098567990731,-0.025011422391106403,40,Fear,60634568.3,4082815.29365,0.12659928422848127,0.10849094837592707,3.203e-05,0.00015004666666666667,0.0684,0.01918878065086863,0.026603776249969624,0.03651723018775849,0.050200068545190324,0.036184261447632704
2024-06-28,2327.699951171875,81.54000091552734,2.6010000705718994,5460.47998046875,12.4399995803833,0.0013756724603899051,-0.0024497433826135406,-0.03178469305055309,-0.0040920134623695995,0.016207795195103535,47,Neutral,50702882.1,3464144.65747,-0.178882409297741,-0.16432102334525928,2.703e-05,-5.000000000000003e-06,0.0665,-0.028170876966696335,0.02837164300038327,0.0366171232260862,0.05017203609007298,0.03651723018775849
2024-06-29,2327.699951171875,81.54000091552734,2.6010000705718994,5460.47998046875,12.4399995803833,0.0,0.0,0.0,0.0,0.0,30,Fear,24117923.8,1608192.51458,-0.7430274649248516,-0.7673548634798006,0.0001,7.297e-05,0.0657,-0.012103022171243762,0.028254238892788042,0.03657257990541174,0.050087667047993036,0.0366171232260862
2024-06-30,2327.699951171875,81.54000091552734,2.6010000705718994,5460.47998046875,12.4399995803833,0.0,0.0,0.0,0.0,0.0,47,Neutral,41024915.2,2743223.71311,0.5312242797312703,0.5340228798652975,0.0001,0.0,0.0685,0.041734819777614986,0.03255954858677224,0.03773400069905047,0.04999837822679663,0.03657257990541174
2024-07-01,2327.60009765625,83.37999725341797,2.4779999256134033,5475.08984375,12.220000267028809,-4.2898852745440194e-05,0.02231473089305164,-0.04844426041097068,0.0026719909814295235,-0.017843077984553226,53,Neutral,131345680.0,9478156.01589,1.16365305642171,1.2398560178016749,9.121666666666667e-05,-8.783333333333335e-06,0.0752,0.0933174856876144,0.047315922515967834,0.041921135507780656,0.046949933067349854,0.03773400069905047
2024-07-02,2323.0,82.80999755859375,2.434999942779541,5509.009765625,12.029999732971191,-0.0019782819678747557,-0.006859641948526388,-0.017505020152755044,0.0061762057711850496,-0.015670467805554818,51,Neutral,227999529.3,17333044.73146,0.5515109381151947,0.6036249954115929,-0.00029678666666666664,-0.0003880033333333333,0.0738,-0.018792499349367286,0.04769088758686569,0.04200083193970374,0.046856868605176585,0.041921135507780656
2024-07-03,2359.800048828125,83.87999725341797,2.4179999828338623,5537.02001953125,12.09000015258789,0.01571743658704651,0.01283837572594993,-0.007005987942102696,0.0050715622695336636,0.0049751694580224505,50,Neutral,96636841.0,6866630.52836,-0.8583835191542103,-0.9259412554132436,-0.00030353666666666667,-6.7500000000000285e-06,0.0714,-0.033060862260888065,0.045922501159845024,0.04228866646937766,0.050284152606872884,0.04200083193970374
2024-07-04,2359.800048828125,83.87999725341797,2.4179999828338623,5537.02001953125,12.09000015258789,0.0,0.0,0.0,0.0,0.0,44,Fear,161259055.7,10821787.13751,0.5120520681544326,0.45488790535124257,0.0001,0.00040353666666666666,0.0622,-0.13794286960040505,0.0713847253882837,0.0453017381677923,0.044415250508912936,0.04228866646937766
2024-07-05,2388.5,83.16000366210938,2.319000005722046,5567.18994140625,12.479999542236328,0.012088663472560882,-0.008620666262815612,-0.041804684352431114,0.00543397436096954,0.03174864901379818,29,Fear,356039574.0,21206801.35353,0.7920297741163912,0.6727605191848065,1.7326666666666668e-05,-8.267333333333333e-05,0.0618,-0.006451635281488607,0.07111603538881696,0.04332333720855485,0.04620523498243467,0.0453017381677923
2024-07-06,2388.5,83.16000366210938,2.319000005722046,5567.18994140625,12.479999542236328,0.0,0.0,0.0,0.0,0.0,26,Fear,127757751.2,8069729.8155,-1.024905985596682,-0.9662019471795699,9.585000000000001e-05,7.852333333333334e-05,0.0654,0.056618893999507904,0.07546378018908476,0.045034598675870126,0.045570314430898505,0.04332333720855485
2024-07-07,2388.5,83.16000366210938,2.319000005722046,5567.18994140625,12.479999542236328,0.0,0.0,0.0,0.0,0.0,29,Fear,110425999.6,6964729.9345,-0.1457902922589988,-0.1472611697888586,0.0001,4.1499999999999925e-06,0.0605,-0.07787889342635732,0.07777284267309763,0.04527330668135613,0.04384885360809222,0.045034598675870126
2024-07-08,2355.199951171875,82.33000183105469,2.365999937057495,5572.85009765625,12.369999885559082,-0.01403992502750996,-0.010030923475955026,0.020064678212418956,0.0010161824764044329,-0.00885314910859194,28,Fear,252133386.6,15805287.03241,0.8256126496404939,0.8194856745427912,8.663333333333333e-05,-1.3366666666666675e-05,0.0642,0.05935984565911964,0.07040061445116999,0.046929858860633195,0.04238994305199405,0.04527330668135613
2024-07-09,2360.10009765625,81.41000366210938,2.3440001010894775,5576.97998046875,12.510000228881836,0.002078403578812869,-0.011237422981347668,-0.009341824111600837,0.0007407974780654752,0.011254165621822165,27,Fear,76537205.0,4931655.40768,-1.1921812969031849,-1.1646697921806475,0.0001,1.3366666666666675e-05,0.0646,0.006211200092640897,0.07125468850136693,0.046652191046026185,0.04798399832770944,0.046929858860633195
2024-07-10,2372.199951171875,82.0999984741211,2.3289999961853027,5633.91015625,12.850000381469727,0.00511374163037859,0.008439837303350642,-0.0064199255773836,0.010156314878105886,0.026815498252858585,28,Fear,56156092.7,3637482.39462,-0.30964177960992373,-0.3043829216642592,3.3736666666666665e-05,-6.626333333333335e-05,0.0648,0.0030911925696726584,0.07137749096897752,0.04671327271342749,0.047987066693724725,0.046652191046026185
2024-07-11,2415.0,82.62000274658203,2.2679998874664307,5584.5400390625,12.920000076293945,0.017881513074975274,0.006313817339398577,-0.02654065301676331,-0.008801649969266724,0.0054326632319714845,29,Fear,87713036.7,5810474.42714,0.4459353565469548,0.4683704320060176,8.498666666666666e-05,5.124999999999999e-05,0.0651,0.004618945856294679,0.045841848381723976,0.04668073778613897,0.048290725843084296,0.04671327271342749
2024-07-12,2414.0,82.20999908447266,2.3289999961853027,5615.35009765625,12.460000038146973,-0.0004141644291962591,-0.004974877184572584,0.026540653016763362,0.00550186402496512,-0.03625298783869797,25,Extreme Fear,56037451.9,3669434.05281,-0.44805028828648963,-0.45962478339346047,6.823666666666667e-05,-1.6749999999999987e-05,0.0671,0.030259494763112495,0.046210316371475546,0.04695882764166438,0.04816571359949244,0.04668073778613897
2024-07-13,2414.0,82.20999908447266,2.3289999961853027,5615.35009765625,12.460000038146973,0.0,0.0,0.0,0.0,0.0,25,Extreme Fear,101364042.9,7335693.99579,0.5926981706330431,0.6927145802741493,4.3293333333333334e-05,-2.4943333333333336e-05,0.0762,0.12717741871496444,0.06246438696399592,0.05262594322521626,0.04201990634968966,0.04695882764166438
2024-07-14,2414.0,82.20999908447266,2.3289999961853027,5615.35009765625,12.460000038146973,0.0,0.0,0.0,0.0,0.0,33,Fear,90690519.9,6848692.69968,-0.11126559160156196,-0.06869423410706497,0.0001,5.670666666666667e-05,0.0749,-0.017207572169426914,0.0491027863082163,0.05235844771086391,0.04212726800256427,0.05262594322521626
2024-07-15,2422.89990234375,81.91000366210938,2.1579999923706055,5631.22021484375,13.119999885559082,0.0036800068503831792,-0.0036558097911436604,-0.07625712596374949,0.0028222164233526843,0.05161425837245012,52,Neutral,90812906.3,6860527.7866,0.0013485852152853588,0.0017265883019363735,0.0001,0.0,0.0772,0.030245566507556835,0.04745642164474339,0.052688435197994946,0.041675358064774445,0.05235844771086391
2024-07-16,2462.39990234375,80.76000213623047,2.187999963760376,5667.2001953125,13.1899995803833,0.016171314917783012,-0.014139308340223741,0.013806004696292772,0.0063690499714532745,0.005321160122665793,65,Greed,135129602.9,10435146.92409,0.3974329240198331,0.4193952447615367,0.0001,0.0,0.0809,0.04681436703371547,0.04706555294042796,0.053342168456812986,0.04045568385355715,0.052688435197994946
2024-07-17,2454.800048828125,82.8499984741211,2.0350000858306885,5588.27001953125,14.479999542236328,-0.00309113301982428,0.025549905558976974,-0.07249200692503521,-0.014025441523645543,0.09330942042807858,69,Greed,63629400.9,5154396.59244,-0.7531586975637407,-0.7053295626172403,0.0001,0.0,0.08,-0.011187189390564381,0.048811481517006004,0.05046584127928021,0.040465716982391084,0.053342168456812986
2024-07-18,2451.800048828125,82.81999969482422,2.125,5544.58984375,15.930000305175781,-0.0012228428297097356,-0.00036215102259073414,0.04327594130458014,-0.007847112145350072,0.09543578773519995,61,Greed,64973740.2,5280164.10661,0.02090754951355001,0.02410712028775852,0.0001,0.0,0.0805,0.006230549750636163,0.04867485692504347,0.04886120800690946,0.04101698955098812,0.05046584127928021
2024-07-19,2395.5,80.12999725341797,2.128000020980835,5505.0,16.520000457763672,-0.02323049125293214,-0.03301929291921077,0.001410778962432597,-0.007165879226406085,0.03636765272324057,60,Greed,46934258.2,3747365.43645,-0.3252353305162359,-0.34290413523429764,0.0001,0.0,0.0815,0.012345835822299362,0.049147988229373676,0.04876565701751787,0.04103780213212284,0.04886120800690946
2024-07-20,2395.5,80.12999725341797,2.128000020980835,5505.0,16.520000457763672,0.0,0.0,0.0,0.0,0.0,74,Greed,27764503.0,2244621.07799,-0.5249895265283298,-0.512516320709461,8.099666666666666e-05,-1.900333333333334e-05,0.0811,-0.004920059125449759,0.02305148822615354,0.04880303120079121,0.041805433356996546,0.04876565701751787
2024-07-21,2395.5,80.12999725341797,2.128000020980835,5505.0,16.520000457763672,0.0,0.0,0.0,0.0,0.0,74,Greed,48003513.3,3809329.26623,0.5475158676801074,0.5289164059430767,8.880333333333334e-05,7.806666666666681e-06,0.0811,0.0,0.020588935373926805,0.04874360913033614,0.0419187464527015,0.04880303120079121
2024-07-22,2392.0,79.77999877929688,2.250999927520752,5564.41015625,14.90999984741211,-0.0014621412526544951,-0.0043774503370086724,0.05619194838709325,0.010734217246220293,-0.10253967725977965,70,Greed,63104878.3,4912984.16091,0.2735238751975632,0.2544284012353703,0.0001,1.119666666666666e-05,0.0761,-0.06363469625372714,0.03304576811182842,0.050352282941721144,0.04453286762968997,0.04874360913033614
2024-07-23,2404.60009765625,76.95999908447266,2.187000036239624,5555.740234375,14.720000267028809,0.005253774082549602,-0.035987036715088364,-0.028843771460802588,-0.0015593176939461904,-0.012824987101443355,71,Greed,91901949.7,6858156.21392,0.37592416741125245,0.33355710286347007,0.0001,0.0,0.0731,-0.04021989811190733,0.027505103271327956,0.05077597854457166,0.045104156885819396,0.050352282941721144
2024-07-24,2413.300048828125,77.58999633789062,2.117000102996826,5427.1298828125,18.040000915527344,0.0036115155414233003,0.008152711246337686,-0.032530717460120394,-0.02342124222289286,0.20338443394305505,69,Greed,65943108.4,4862455.61874,-0.33192986823155385,-0.34389505047918184,8.831333333333334e-05,-1.1686666666666664e-05,0.072,-0.015162247739677523,0.027466709804787107,0.050878690547298336,0.04591966701806837,0.05077597854457166
2024-07-25,2351.89990234375,78.27999877929688,2.0409998893737793,5399.22021484375,18.459999084472656,-0.025771655108934748,0.00885362122617054,-0.03656021117924674,-0.005155889019717259,0.023014614095178493,68,Greed,89093279.8,6283716.3428,0.30089153215558645,0.25641799813043925,0.0001,1.1686666666666664e-05,0.072,0.0,0.02675380717203653,0.05043162563409417,0.04688336790358164,0.050878690547298336
2024-07-26,2380.0,77.16000366210938,2.00600004196167,5459.10009765625,16.389999389648438,0.011877017079959726,-0.014410891435045557,-0.01729711916791206,0.011029420409570924,-0.11893482396303547,68,Greed,28702771.0,2112671.15694,-1.1326902398846854,-1.090008481778085,0.0001,0.0,0.0752,0.04348511193973889,0.03388074424712056,0.05028398088864278,0.0468828169826352,0.05043162563409417
2024-07-27,2380.0,77.16000366210938,2.00600004196167,5459.10009765625,16.389999389648438,0.0,0.0,0.0,0.0,0.0,72,Greed,39612851.3,2980056.41193,0.32215992476294153,0.3439891325121405,9.468333333333334e-05,-5.316666666666669e-06,0.0755,0.003981425299184822,0.03433260304031058,0.050200068545190324,0.04831498752718961,0.05028398088864278
2024-07-28,2380.0,77.16000366210938,2.00600004196167,5459.10009765625,16.389999389648438,0.0,0.0,0.0,0.0,0.0,71,Greed,22532300.7,1668896.57989,-0.5642037269828173,-0.5797795530707828,0.0001,5.316666666666669e-06,0.0735,-0.026847250036188052,0.03449960375245034,0.05017203609007298,0.048131894125567065,0.050200068545190324
2024-07-29,2377.300048828125,75.80999755859375,1.906999945640564,5463.5400390625,16.600000381469727,-0.0011350772219737724,-0.017651057634833576,-0.05061141234475294,0.0008129795718284517,0.0127313628261293,74,Greed,48235792.8,3625549.27981,0.7611514682775794,0.7758431248474331,0.0001,0.0,0.0737,0.0027173929765001077,0.026881834113497764,0.050087667047993036,0.04967901870732537,0.05017203609007298
2024-07-30,2405.0,74.7300033569336,2.125999927520752,5436.43994140625,17.690000534057617,0.011584493096314897,-0.014348515000907594,0.10871094771484612,-0.0049725143613676215,0.06359682001889519,67,Greed,49082249.3,3564220.1059,0.017396113365710147,-0.017060536482166225,0.0001,0.0,0.0713,-0.03310647177504063,0.025403730224958086,0.04999837822679663,0.04955476778871011,0.050087667047993036
2024-07-31,2426.5,77.91000366210938,2.0360000133514404,5522.2998046875,16.360000610351562,0.008899986305409351,0.041672698484094266,-0.04325514058195915,0.015669980701917767,-0.07816016987934357,61,Greed,50026564.5,3584869.98704,0.019056706292647073,0.005776941764798306,9.099333333333335e-05,-9.006666666666656e-06,0.0702,-0.015548016388484902,0.02543349121979961,0.046949933067349854,0.04950678668640435,0.04999837822679663
2024-08-01,2435.0,76.30999755859375,1.968000054359436,5446.68017578125,18.59000015258789,0.0034968666714193194,-0.020750402038847978,-0.03396927899423228,-0.013788123791990166,0.1277844414592625,52,Neutral,118477806.5,8067147.08021,0.8621715017713865,0.8110776905438386,0.0001,9.006666666666656e-06,0.0697,-0.007147993265287284,0.025407555953728126,0.046856868605176585,0.049694061510433395,0.046949933067349854
2024-08-02,2425.699951171875,73.5199966430664,1.9670000076293945,5346.56005859375,23.389999389648438,-0.003826634135013617,-0.03724652692098453,-0.0005082829661082405,-0.01855290660855327,0.22968474456012009,57,Greed,175847647.5,11448669.99614,0.3948923248366635,0.3500736675919682,9.361666666666667e-05,-6.38333333333333e-06,0.0627,-0.1058388701276031,0.03788947805929814,0.050284152606872884,0.046792831660168684,0.046856868605176585
2024-08-03,2425.699951171875,73.5199966430664,1.9670000076293945,5346.56005859375,23.389999389648438,0.0,0.0,0.0,0.0,0.0,37,Fear,114027855.5,6905991.6344,-0.4331752159136511,-0.505484178096461,1.550666666666667e-05,-7.811000000000001e-05,0.0597,-0.04902942724031864,0.03616369681771464,0.044415250508912936,0.04656992182776129,0.050284152606872884
2024-08-04,2425.699951171875,73.5199966430664,1.9670000076293945,5346.56005859375,23.389999389648438,0.0,0.0,0.0,0.0,0.0,34,Fear,145409443.8,8239619.98207,0.24311074843367667,0.17656483656243618,-5.3099999999999996e-05,-6.860666666666667e-05,0.0556,-0.07114881914201987,0.03859160402007226,0.04620523498243467,0.046541615888429366,0.044415250508912936
2024-08-05,2401.699951171875,72.94000244140625,1.9420000314712524,5186.330078125,38.56999969482422,-0.00994332279261066,-0.00792021353532362,-0.012791157210896409,-0.0304270413923931,0.500166209806343,26,Fear,910123295.3,46342428.04548,1.834026566202045,1.7271036897747765,-0.00010731666666666667,-5.421666666666667e-05,0.0528,-0.05167201054432081,0.03376063319807046,0.045570314430898505,0.04547830138954587,0.04620523498243467
2024-08-06,2389.10009765625,73.19999694824219,2.009999990463257,5240.02978515625,27.709999084472656,-0.005260032745343863,0.0035581604246189076,0.03441633125161479,0.010300849493599515,-0.33068143847259307,17,Extreme Fear,202849675.5,11109272.00102,-1.5011148897267415,-1.4282778389080923,-1.5086666666666667e-05,9.223e-05,0.054,0.022472855852058576,0.043015813089242814,0.04384885360809222,0.04807090748104118,0.045570314430898505
2024-08-07,2390.5,75.2300033569336,2.111999988555908,5199.5,27.850000381469727,0.0005857822224360302,0.02735475291781767,0.04950064309907494,-0.007764715388769489,0.0050396542353046,29,Fear,207491821.6,11274527.39313,0.02262673497113631,0.014765893114380738,-8.385666666666667e-05,-6.877000000000001e-05,0.0525,-0.028170876966696335,0.04208910539138674,0.04238994305199405,0.048087088830728104,0.04384885360809222
2024-08-08,2422.199951171875,76.19000244140625,2.127000093460083,5319.31005859375,23.790000915527344,0.013173648862206806,0.012680120334172904,0.007077219732548592,0.02278113959089888,-0.15756761727201954,20,Extreme Fear,195521843.2,10904509.03033,-0.05941982181072716,-0.03336959195456578,6.635e-05,0.00015020666666666667,0.059,0.11672427430814139,0.0733632659168016,0.04798399832770944,0.042777073510129666,0.04238994305199405
2024-08-09,2432.10009765625,76.83999633789062,2.1429998874664307,5344.16015625,20.3700008392334,0.0040789238864625725,0.008495037712886217,0.007494083821314175,0.004660798434381699,-0.1552020913603775,48,Neutral,102209312.0,5947435.05579,-0.6486493140286458,-0.6062163326495353,0.0001,3.3650000000000005e-05,0.0584,-0.010221554071538028,0.06382610814794025,0.047987066693724725,0.04291176883296541,0.04798399832770944
2024-08-10,2432.10009765625,76.83999633789062,2.1429998874664307,5344.16015625,20.3700008392334,0.0,0.0,0.0,0.0,0.0,40,Fear,56718443.2,3339165.8943,-0.5889233543401355,-0.5772389999992097,0.0001,0.0,0.06,0.0270286723879192,0.0625656652935354,0.048290725843084296,0.04339601965876907,0.047987066693724725
2024-08-11,2432.10009765625,76.83999633789062,2.1429998874664307,5344.16015625,20.3700008392334,0.0,0.0,0.0,0.0,0.0,39,Fear,164608867.0,10175479.52707,1.0654727220412934,1.1142598146309284,-1.4913333333333332e-05,-0.00011491333333333334,0.0581,-0.03217889836423509,0.05654988983476959,0.04816571359949244,0.04349925828448187,0.048290725843084296
2024-08-12,2462.39990234375,80.05999755859375,2.188999891281128,5344.39013671875,20.709999084472656,0.012381322610815695,0.04105103282825877,0.02123810489545183,4.30330517200971e-05,0.016553359762280576,25,Extreme Fear,155569527.3,9206390.8351,-0.05647940418903673,-0.10008295930340848,7.763333333333334e-06,2.2676666666666666e-05,0.0602,0.03550668845690982,0.05098498522150613,0.04201990634968966,0.042974515082113314,0.04816571359949244
2024-08-13,2466.699951171875,78.3499984741211,2.1480000019073486,5434.43017578125,18.1200008392334,0.0017447607257966857,-0.021590373742851835,-0.018907591340142384,0.016707233419049988,-0.1336002842703326,31,Fear,97406613.7,5800694.54444,-0.46819864178355913,-0.4619202394579211,8.891666666666667e-05,8.115333333333333e-05,0.0609,0.011560822401076006,0.05101854172758068,0.04212726800256427,0.043525203318194,0.04201990634968966
2024-08-14,2439.39990234375,76.9800033569336,2.2190001010894775,5455.2099609375,16.190000534057617,-0.011129137775200023,-0.01764025786340206,0.032519511972194146,0.00381643656119841,-0.11262254625371607,30,Fear,104178866.3,6228835.42983,0.06721517932345983,0.07121172650019053,0.0001,1.1083333333333336e-05,0.0593,-0.026623868712171653,0.050792206402315014,0.041675358064774445,0.043344594387128746,0.04212726800256427
2024-08-15,2453.10009765625,78.16000366210938,2.197000026702881,5543.22021484375,15.229999542236328,0.005600503269123787,0.015212363125069652,-0.009963883950057224,0.01600448993130413,-0.06112666382606371,29,Fear,126106847.4,7554157.94284,0.19102025271399856,0.19290874665118954,7.369333333333333e-05,-2.630666666666667e-05,0.0597,0.0067227143948767375,0.025816791901859176,0.04045568385355715,0.04345247043705211,0.041675358064774445
2024-08-16,2498.60009765625,76.6500015258789,2.122999906539917,5554.25,14.800000190734863,0.01837804343675201,-0.019508429363616648,-0.03426266685825073,0.0019878023683961516,-0.028639943192801342,27,Fear,102684516.5,6047780.98876,-0.2054682016385419,-0.2224067065301598,-3.784e-05,-0.00011153333333333332,0.0594,-0.005037794029957181,0.025490626560556565,0.040465716982391084,0.0441342514717302,0.04045568385355715
2024-08-17,2498.60009765625,76.6500015258789,2.122999906539917,5554.25,14.800000190734863,0.0,0.0,0.0,0.0,0.0,25,Extreme Fear,71686543.8,4354290.49316,-0.35935828485369764,-0.3285297467726006,7.972333333333333e-05,0.00011756333333333332,0.0612,0.02985296314968113,0.02596293034623889,0.04101698955098812,0.0437654347560845,0.040465716982391084
2024-08-18,2498.60009765625,76.6500015258789,2.122999906539917,5554.25,14.800000190734863,0.0,0.0,0.0,0.0,0.0,31,Fear,46118887.0,2785184.93783,-0.4410804939401573,-0.44684740313260474,0.0001,2.0276666666666675e-05,0.0592,-0.03322564762832028,0.026200097146606847,0.04103780213212284,0.04508351711959205,0.04101698955098812
2024-08-19,2501.800048828125,74.37000274658203,2.234999895095825,5608.25,14.649999618530273,0.0012798782157230325,-0.030196953578393984,0.0514110424300707,0.009675327436177775,-0.010186884233373265,28,Fear,70757235.9,4212769.6855,0.4280322430862955,0.4138060377855803,7.033666666666667e-05,-2.9663333333333338e-05,0.0612,0.033225647628320386,0.02573379640275667,0.041805433356996546,0.04473404473317744,0.04103780213212284
2024-08-20,2511.300048828125,74.04000091552734,2.197999954223633,5597.1201171875,15.880000114440918,0.0037900744796478744,-0.004447171575921042,-0.016693345973483393,-0.001986527237609709,0.08062015360140978,30,Fear,64223741.7,3964354.33309,-0.09688185475379077,-0.06077731369074945,7.650333333333334e-05,6.1666666666666765e-06,0.0618,0.009756174945364656,0.02563503266319608,0.0419187464527015,0.04478542409425957,0.041805433356996546
2024-08-21,2508.39990234375,71.93000030517578,2.177000045776367,5620.85009765625,16.270000457763672,-0.0011555060403106994,-0.028912071948661716,-0.009600031875376332,0.004230714721006796,0.0242624863407933,26,Fear,164810989.1,10835175.1072,0.9424263459394489,1.0054547958776676,9.023666666666668e-05,1.3733333333333333e-05,0.0678,0.09265883048270476,0.03934285896500696,0.04453286762968997,0.04175527360737122,0.0419187464527015
2024-08-22,2478.89990234375,73.01000213623047,2.052999973297119,5570.64013671875,17.549999237060547,-0.011830186756921601,0.014903019205474667,-0.05864567824964521,-0.00897294225665722,0.07573095707315049,39,Fear,115940937.5,8130731.81272,-0.3517183947264013,-0.2871468627395092,4.255333333333334e-05,-4.768333333333334e-05,0.0714,0.05173567439918889,0.04063321428995351,0.045104156885819396,0.041448034637476504,0.04453286762968997
2024-08-23,2508.39990234375,74.83000183105469,2.0220000743865967,5634.60986328125,15.859999656677246,0.011830186756921704,0.024622451234376702,-0.015214967643132661,0.01141793740166443,-0.10125371187992283,34,Fear,218750938.4,16222628.62403,0.634852913099193,0.6907561628511366,2.7980000000000003e-05,-1.4573333333333335e-05,0.075,0.049190244190771566,0.038960887502523724,0.04591966701806837,0.041335506950060004,0.045104156885819396
2024-08-24,2508.39990234375,74.83000183105469,2.0220000743865967,5634.60986328125,15.859999656677246,0.0,0.0,0.0,0.0,0.0,56,Greed,150638468.1,11775211.61817,-0.3730511000376528,-0.3204104846644511,0.0001,7.202e-05,0.0791,0.053224761237297934,0.03961093538010572,0.04688336790358164,0.04002368085206362,0.04591966701806837
2024-08-25,2508.39990234375,74.83000183105469,2.0220000743865967,5634.60986328125,15.859999656677246,0.0,0.0,0.0,0.0,0.0,54,Neutral,127882148.2,9844213.15907,-0.16377359240774364,-0.1791128255609324,0.0001,0.0,0.076,-0.03997953448727721,0.04162761598410469,0.0468828169826352,0.04001990579326258,0.04688336790358164
2024-08-26,2517.699951171875,77.41999816894531,1.9559999704360962,5616.83984375,16.149999618530273,0.003700706198852698,0.03402622293678218,-0.03318560088874722,-0.0031587101696058145,0.018119831488631097,55,Greed,83490882.0,6203787.93387,-0.4263716943221706,-0.4617237234306058,0.0001,0.0,0.0713,-0.06383701286608073,0.05619952395016938,0.04831498752718961,0.038660614494517416,0.0468828169826352
2024-08-27,2516.0,75.52999877929688,1.9040000438690186,5625.7998046875,15.430000305175781,-0.0006754281156969496,-0.024715209335050777,-0.02694459708853098,0.0015939251127232035,-0.04560633989509903,48,Neutral,133329574.1,9818649.14925,0.46808663550288004,0.45912348915923695,9.507000000000001e-05,-4.929999999999995e-06,0.0704,-0.01270306425625345,0.05762612840408719,0.048131894125567065,0.0405615848275813,0.04831498752718961
2024-08-28,2501.0,74.5199966430664,1.9299999475479126,5592.18017578125,17.110000610351562,-0.005979686942712076,-0.013462411477556464,0.013563016329922153,-0.005993900794735212,0.10334943742316474,30,Fear,219166854.6,14664803.12619,0.4970092690815296,0.4011667258716477,5.351666666666667e-05,-4.155333333333334e-05,0.0657,-0.06909433767343202,0.0553724336493815,0.04967901870732537,0.03842029354602441,0.048131894125567065
2024-08-29,2525.699951171875,75.91000366210938,2.13700008392334,5591.9599609375,15.649999618530273,0.009827580801596993,0.018480975585486233,0.10188303986903097,-3.937984343658622e-05,-0.08919223096521478,29,Fear,83623583.7,5480005.58815,-0.963507750891835,-0.9843441569046392,1.1203333333333337e-05,-4.2313333333333334e-05,0.064,-0.026215842130892914,0.04973013929746034,0.04955476778871011,0.03842838068244138,0.04967901870732537
2024-08-30,2493.800048828125,73.55000305175781,2.127000093460083,5648.39990234375,15.0,-0.012710561536922458,-0.03158298773172092,-0.004690435450617835,0.010042457079144168,-0.04242069150888951,34,Fear,92636594.9,5830402.84263,0.10235867490626131,0.06197997550169249,1.7000000000000003e-05,5.7966666666666665e-06,0.064,0.0,0.04190349531421901,0.04950678668640435,0.038423428847195115,0.04955476778871011
2024-08-31,2493.800048828125,73.55000305175781,2.127000093460083,5648.39990234375,15.0,0.0,0.0,0.0,0.0,0.0,29,Fear,28006604.3,1759052.01683,-1.1962439066684658,-1.198311059059099,5.767333333333334e-05,4.067333333333334e-05,0.0623,-0.026921657566264443,0.0254223968043508,0.049694061510433395,0.03930239197526729,0.04950678668640435
2024-09-01,2493.800048828125,73.55000305175781,2.127000093460083,5648.39990234375,15.0,0.0,0.0,0.0,0.0,0.0,26,Fear,69332838.9,4195850.13283,0.9064783095378838,0.8693209360833909,2.7470000000000003e-05,-3.020333333333334e-05,0.0591,-0.05273050138135501,0.026353058138245358,0.046792831660168684,0.04081917697470729,0.049694061510433395
2024-09-02,2493.800048828125,73.55000305175781,2.127000093460083,5648.39990234375,15.0,0.0,0.0,0.0,0.0,0.0,26,Fear,85671549.4,5146303.96288,0.21160213173222797,0.20418280669067557,-8.393333333333333e-06,-3.586333333333334e-05,0.0616,0.04143094612742167,0.036031327865256674,0.04656992182776129,0.040490457690348335,0.046792831660168684
2024-09-03,2489.89990234375,70.33999633789062,2.203000068664551,5528.93017578125,20.719999313354492,-0.0015651613535240963,-0.04462491355686993,0.03510751883090268,-0.021377963372397696,0.32304918314980974,26,Fear,92598836.4,5641193.59253,0.07775578420844353,0.09181689308926343,2.345e-05,3.1843333333333334e-05,0.0574,-0.07061756721395342,0.040241179443133296,0.046541615888429366,0.0383928421231492,0.04656992182776129
2024-09-04,2493.39990234375,69.19999694824219,2.1449999809265137,5520.06982421875,21.31999969482422,0.0014046919562063706,-0.016339756459787656,-0.026680555500950325,-0.0016038290273809634,0.02854620073156293,27,Fear,167936594.5,9659857.66336,0.5953099187758586,0.5378832404733199,5.387666666666667e-05,3.042666666666667e-05,0.0572,-0.003490404939768491,0.036891722916490524,0.04547830138954587,0.03865442862356396,0.046541615888429366
2024-09-05,2511.39990234375,69.1500015258789,2.253999948501587,5503.41015625,19.899999618530273,0.0071931259247034075,-0.0007227383460925007,0.04956684928210662,-0.003022581014674196,-0.0689258724224691,29,Fear,169641505.3,9265018.64238,0.010100923589526467,-0.041733041609230345,-6.798e-05,-0.00012185666666666666,0.0525,-0.08574072878817418,0.04466126914490048,0.04807090748104118,0.0349662350482548,0.04547830138954587
2024-09-06,2493.5,67.66999816894531,2.2750000953674316,5408.419921875,22.3799991607666,-0.007152981683501989,-0.021635156991438764,0.009273701552644432,-0.017410944507424406,0.11744795282340682,22,Extreme Fear,178730156.9,9279503.09861,0.05218974699852421,0.001562128091279076,-0.00024902666666666665,-0.00018104666666666667,0.051,-0.028987536873252298,0.042909917350505755,0.048087088830728104,0.034411855320624525,0.04807090748104118
2024-09-07,2493.5,67.66999816894531,2.2750000953674316,5408.419921875,22.3799991607666,0.0,0.0,0.0,0.0,0.0,23,Extreme Fear,52103658.7,2697166.39485,-1.2326419942005318,-1.2356062614280041,-0.0002841,-3.507333333333337e-05,0.0517,0.013632148790057846,0.04637627105085082,0.042777073510129666,0.035245185050491616,0.048087088830728104
2024-09-08,2493.5,67.66999816894531,2.2750000953674316,5408.419921875,22.3799991607666,0.0,0.0,0.0,0.0,0.0,29,Fear,67927469.7,3543721.07212,0.26520534300932874,0.27297558686231976,-0.00039985,-0.00011574999999999997,0.0525,0.015355388083194518,0.047126899997391544,0.04291176883296541,0.03518794558737844,0.042777073510129666
2024-09-09,2501.800048828125,68.70999908447266,2.1700000762939453,5471.0498046875,19.450000762939453,0.0033231463116611603,0.01525181253292539,-0.04725289161179527,0.011513534435818254,-0.14032055609438693,26,Fear,109186927.6,5857214.802,0.4746208316510468,0.5024968754514354,3.6333333333333313e-06,0.0004034833333333333,0.0548,0.042877024356391936,0.04742750872393834,0.04339601965876907,0.03520989461739603,0.04291176883296541
2024-09-10,2512.300048828125,65.75,2.2320001125335693,5495.52001953125,19.079999923706055,0.004188195346663044,-0.04403506466059675,0.028170892226461287,0.004462699977793541,-0.019206447268627396,33,Fear,94683672.9,5252948.70496,-0.14251976885317708,-0.10888462382156544,-4.181333333333333e-05,-4.544666666666666e-05,0.0566,0.03231879125516731,0.04374234838376742,0.04349925828448187,0.034729376450543095,0.04339601965876907
2024-09-11,2512.10009765625,67.30999755859375,2.2699999809265137,5554.1298828125,17.690000534057617,-7.959205722123827e-05,0.023449106693669394,0.01688172815356528,0.01060855564984334,-0.07564112366000948,37,Fear,135094539.5,7484464.10898,0.35543324927155273,0.35403984296158764,9.293e-05,0.00013474333333333334,0.0569,0.0052863559231480246,0.04381839794231021,0.042974515082113314,0.035065652361760194,0.04349925828448187
2024-09-12,2551.199951171875,68.97000122070312,2.3570001125335693,5595.759765625,17.06999969482422,0.015444721969289848,0.024362867390701433,0.037609848607506366,0.00746735215680267,-0.035677019433049094,31,Fear,82877206.1,4783048.75067,-0.4886147581810069,-0.4477512628476756,9.560333333333335e-05,2.6733333333333405e-06,0.0591,0.037935583279767225,0.024524294579591724,0.043525203318194,0.03448633132005875,0.042974515082113314
2024-09-13,2581.300048828125,68.6500015258789,2.305000066757202,5626.02001953125,16.559999465942383,0.011729349341314652,-0.00465049070133241,-0.022308966287879536,0.0053931422343560355,-0.030332402221190383,32,Fear,80813259.1,4748831.51291,-0.025219017922813936,-0.007179566632044955,0.0001,4.396666666666658e-06,0.06,0.015113637810048106,0.014299432657444497,0.043344594387128746,0.03442593458742039,0.043525203318194
2024-09-14,2581.300048828125,68.6500015258789,2.305000066757202,5626.02001953125,16.559999465942383,0.0,0.0,0.0,0.0,0.0,50,Neutral,50162463.9,3026647.69426,-0.47687403390508554,-0.45044295499300413,0.0001,0.0,0.0611,0.018167303955448934,0.013889651792683174,0.04345247043705211,0.03585281845081904,0.043344594387128746
2024-09-15,2581.300048828125,68.6500015258789,2.305000066757202,5626.02001953125,16.559999465942383,0.0,0.0,0.0,0.0,0.0,51,Neutral,54294000.1,3287610.87769,0.07914670950720058,0.08270548847998496,0.0001,0.0,0.0586,-0.04177716959458269,0.028658030841373677,0.0441342514717302,0.03498194088885092,0.04345247043705211
2024-09-16,2580.39990234375,70.08999633789062,2.372999906539917,5633.08984375,17.139999389648438,-0.0003487790851909712,0.02075892382264858,0.02907423265832455,0.0012558408673102855,0.034424760852599955,39,Fear,63064825.2,3682998.46093,0.14974944335300058,0.11356609558883338,0.0001,0.0,0.0587,0.0017050302510839691,0.026277545152737617,0.0437654347560845,0.0357232740742067,0.0441342514717302
2024-09-17,2564.300048828125,71.19000244140625,2.3239998817443848,5634.580078125,17.610000610351562,-0.00625883189495714,0.015572315146450825,-0.0208651499636982,0.00026451509389645083,0.02705207960763049,33,Fear,116142952.8,7126324.71185,0.6106586153165182,0.6600684137651129,0.0001,0.0,0.0628,0.06751534664010217,0.03363665350564566,0.04508351711959205,0.03394721678172562,0.0437654347560845
2024-09-18,2570.699951171875,70.91000366210938,2.2839999198913574,5618.259765625,18.229999542236328,0.00249266043134922,-0.00394087444963749,-0.017361531385220792,-0.0029006587083132912,0.034601606412624705,45,Fear,132110608.5,8023748.09181,0.1288177307814039,0.11861002248301666,0.0001,0.0,0.0635,0.011084832424493134,0.03343267673956802,0.04473404473317744,0.034343795791681675,0.04508351711959205
2024-09-19,2588.0,71.94999694824219,2.3480000495910645,5713.64013671875,16.329999923706055,0.006707160271705417,0.014559871958021912,0.027635666366478774,0.016834356892725128,-0.11006466126974973,49,Neutral,99985839.1,6428441.05343,-0.2786109479292079,-0.22167359589429672,0.0001,0.0,0.0645,0.015625317903080815,0.031989451408092937,0.04478542409425957,0.034259404437889475,0.04473404473317744
2024-09-20,2619.89990234375,71.91999816894531,2.434000015258789,5702.5498046875,16.149999618530273,0.01225073519220459,-0.0004170262146349265,0.03597207774794766,-0.0019429136300157343,-0.011083876262113658,54,Neutral,61931529.6,4046172.20132,-0.4789991534620879,-0.4629607612120507,0.0001,0.0,0.0665,0.030536723860081702,0.032722953652944836,0.04175527360737122,0.03477095353642418,0.04478542409425957
2024-09-21,2619.89990234375,71.91999816894531,2.434000015258789,5702.5498046875,16.149999618530273,0.0,0.0,0.0,0.0,0.0,54,Neutral,43334960.4,2924145.60589,-0.3570697047236188,-0.32476896125602933,0.0001,0.0,0.0695,0.044124804908938095,0.034599150255238575,0.041448034637476504,0.03454027610083972,0.04175527360737122
2024-09-22,2619.89990234375,71.91999816894531,2.434000015258789,5702.5498046875,16.149999618530273,0.0,0.0,0.0,0.0,0.0,52,Neutral,62107572.2,4109110.74543,0.3599082083187719,0.34020430399210067,0.0001,0.0,0.066,-0.051672010544320926,0.037544323488529104,0.041335506950060004,0.0334006157282125,0.041448034637476504
2024-09-23,2626.5,70.37000274658203,2.61299991607666,5718.56982421875,15.890000343322754,0.002516049581020544,-0.02178728969472246,0.07096295358650237,0.0028053344257131223,-0.01623002389340957,50,Neutral,67899221.0,4503108.54983,0.08915664465113245,0.09156130568677102,0.0001,0.0,0.0668,0.012048338516174355,0.0370427524647987,0.04002368085206362,0.033787991047007256,0.041335506950060004
2024-09-24,2651.199951171875,71.55999755859375,2.5510001182556152,5732.93017578125,15.390000343322754,0.009360187860914403,0.016769149514567056,-0.024013468904610112,0.002508031103345345,-0.03197203199588042,54,Neutral,75674406.3,5101022.54432,0.1084154477407425,0.12467307137675042,0.0001,0.0,0.0689,0.03095309747701295,0.031070149790250787,0.04001990579326258,0.03317898123249789,0.04002368085206362
2024-09-25,2659.199951171875,69.69000244140625,2.63700008392334,5722.259765625,15.40999984741211,0.003012958044237874,-0.026479354040803024,0.03315645368021288,-0.001862983206212128,0.0012986692711907113,59,Greed,54633946.8,3783695.82151,-0.32578458366885094,-0.2987397559968362,0.0001,0.0,0.067,-0.02796355862864684,0.03480331386912957,0.038660614494517416,0.03564514107863184,0.04001990579326258
2024-09-26,2669.89990234375,67.66999816894531,2.5850000381469727,5745.3701171875,15.369999885559082,0.004015674633472966,-0.029413947297257197,-0.019916416479016423,0.004030542158199222,-0.0025990893253781478,50,Neutral,73980187.4,5100285.99891,0.30314189370147904,0.2985953538530996,0.0001,0.0,0.0716,0.0664024545756338,0.04140460508140561,0.0405615848275813,0.03305138000597497,0.038660614494517416
2024-09-27,2644.300048828125,68.18000030517578,2.9019999504089355,5738.169921875,16.959999084472656,-0.00963458348443632,0.0075083480002425705,0.11567461465597245,-0.0012540029000721238,0.09844002627741914,61,Greed,48328053.0,3469745.21678,-0.42578512000958324,-0.38521544967162746,0.0001,0.0,0.0726,0.013869847864150377,0.040832047906473434,0.03842029354602441,0.032948979849251374,0.0405615848275813
2024-09-28,2644.300048828125,68.18000030517578,2.9019999504089355,5738.169921875,16.959999084472656,0.0,0.0,0.0,0.0,0.0,64,Greed,34016086.2,2428215.99755,-0.3511786632506491,-0.3569243363638568,0.0001,0.0,0.0707,-0.02651934892822332,0.04045220153012937,0.03842838068244138,0.03280481290976976,0.03842029354602441
2024-09-29,2644.300048828125,68.18000030517578,2.9019999504089355,5738.169921875,16.959999084472656,0.0,0.0,0.0,0.0,0.0,63,Greed,35760874.8,2524260.70929,0.050020876835419344,0.038791401116312955,0.0001,0.0,0.0709,0.0028248606355548407,0.03282642462324723,0.038423428847195115,0.03319490578378542,0.03842838068244138
2024-09-30,2636.10009765625,68.16999816894531,2.9230000972747803,5762.47998046875,16.729999542236328,-0.0031058092325682647,-0.00014671267121886113,0.0072103820347843685,0.004227603658441509,-0.013654088745303506,61,Greed,65429476.0,4455539.72445,0.6041184471974684,0.5681999723976002,6.202333333333333e-05,-3.797666666666667e-05,0.0674,-0.0506254156198205,0.040009330815073,0.03930239197526729,0.03219426300368506,0.038423428847195115
2024-10-01,2667.300048828125,69.83000183105469,2.8959999084472656,5708.75,19.260000228881836,0.01176615388576509,0.024059184564979595,-0.009280076498242213,-0.009367848694454447,0.14082693061688453,50,Neutral,122644974.8,7957749.02154,0.6283209377031365,0.5799979697719986,9.998333333333333e-05,3.7959999999999996e-05,0.0623,-0.07868359212485389,0.047258905509265196,0.04081917697470729,0.030223391118344742,0.03930239197526729
2024-10-02,2647.10009765625,70.0999984741211,2.885999917984009,5709.5400390625,18.899999618530273,-0.007602005078805537,0.0038590291938212363,-0.0034590109768468306,0.00013838132698647728,-0.018868516371758504,42,Fear,126706483.7,7936414.8057,0.0325794616623336,-0.0026845361460206634,9.902000000000001e-05,-9.63333333333318e-07,0.0605,-0.029318060756611686,0.04732649354580385,0.040490457690348335,0.02989242842956312,0.04081917697470729
2024-10-03,2657.10009765625,73.70999908447266,2.9700000286102295,5699.93994140625,20.489999771118164,0.003770601213994833,0.05021569050716062,0.028690530514572807,-0.0016828286544586894,0.08077504919837869,37,Fear,125553305.9,7463764.09121,-0.009142843057258465,-0.06140178064961982,4.276e-05,-5.6260000000000014e-05,0.0596,-0.014987790965491698,0.031450228691432,0.0383928421231492,0.029843112961132397,0.040490457690348335
2024-10-04,2645.800048828125,74.37999725341797,2.8540000915527344,5751.06982421875,19.209999084472656,-0.004261843753354774,0.00904858879004115,-0.03984041131429432,0.008930255699186382,-0.06450602195882109,41,Fear,68363400.2,4109023.31438,-0.6078928199747992,-0.5968744929661436,8.204666666666666e-05,3.9286666666666664e-05,0.0612,0.026491615446976285,0.03435816000436529,0.03865442862356396,0.029490216554359537,0.0383928421231492
2024-10-05,2645.800048828125,74.37999725341797,2.8540000915527344,5751.06982421875,19.209999084472656,0.0,0.0,0.0,0.0,0.0,49,Neutral,29636409.5,1812536.91726,-0.835833940511074,-0.8184578881815328,4.66e-05,-3.544666666666666e-05,0.0608,-0.006557400546159052,0.034976042222373466,0.0349662350482548,0.02986431626467903,0.03865442862356396
2024-10-06,2645.800048828125,74.37999725341797,2.8540000915527344,5751.06982421875,19.209999084472656,0.0,0.0,0.0,0.0,0.0,50,Neutral,32780998.4,1997586.23238,0.10084537433480364,0.09721209219646598,8.523666666666668e-05,3.8636666666666676e-05,0.0617,0.014694141939220784,0.0366045058576955,0.034411855320624525,0.031855945899872895,0.0349662350482548
2024-10-07,2644.800048828125,77.13999938964844,2.746000051498413,5695.93994140625,22.639999389648438,-0.00037802895454220627,0.036434893297252344,-0.038576225033634504,-0.009632263829388773,0.16428729725441985,50,Neutral,90038543.4,5513798.03937,1.0103888082051693,1.0153141171691642,8.672666666666666e-05,1.4899999999999874e-06,0.0595,-0.036307618359758015,0.034961716677018216,0.035245185050491616,0.03415269696170288,0.034411855320624525
2024-10-08,2615.0,73.56999969482422,2.7330000400543213,5751.1298828125,21.420000076293945,-0.011331369029670978,-0.04738461507175182,-0.004745404498015166,0.009642706804694385,-0.05539315779457903,49,Neutral,98268207.5,5927547.82824,0.08746271299313188,0.07235692274873262,3.9183333333333335e-05,-4.754333333333333e-05,0.0597,0.003355707846972315,0.02278449776766764,0.03518794558737844,0.034165220115051874,0.035245185050491616
2024-10-09,2606.0,73.23999786376953,2.6600000858306885,5792.0400390625,20.860000610351562,-0.0034476188142327953,-0.004495639157300412,-0.027073766540954846,0.007088231016994585,-0.02649158974936262,49,Neutral,69181535.8,4077875.51302,-0.35096654832583146,-0.37403446258942114,6.914333333333333e-05,2.9959999999999998e-05,0.0575,-0.03754707259525162,0.024341775591846176,0.03520989461739603,0.03349924872723992,0.03518794558737844
2024-10-10,2620.60009765625,75.8499984741211,2.674999952316284,5780.0498046875,20.93000030517578,0.0055868577505378105,0.035015995038710473,0.005623207461498323,-0.0020722685059824846,0.003350072206641976,39,Fear,57002248.4,3274465.66338,-0.1936432906497977,-0.21942144565171104,-7.896e-05,-0.00014810333333333334,0.0576,0.0017376198985406563,0.02427821884419761,0.034729376450543095,0.03541205816452533,0.03520989461739603
2024-10-11,2657.60009765625,75.55999755859375,2.631999969482422,5815.02978515625,20.459999084472656,0.014020160169731887,-0.0038306753550031453,-0.01620536065403536,0.00603360870729872,-0.022711835262393478,32,Fear,51508944.8,3009802.59157,-0.10133523464561299,-0.08428020714191017,-0.00020734,-0.00012838,0.0592,0.02739897418811456,0.024475228184574337,0.035065652361760194,0.03534840762028308,0.034729376450543095
2024-10-12,2657.60009765625,75.55999755859375,2.631999969482422,5815.02978515625,20.459999084472656,0.0,0.0,0.0,0.0,0.0,49,Neutral,33914427.2,2030290.93623,-0.41791497305162556,-0.3936953912895283,4.949666666666667e-05,0.0002568366666666667,0.0601,0.015088299651201826,0.025551998731700495,0.03448633132005875,0.03621776245660545,0.035065652361760194
2024-10-13,2657.60009765625,75.55999755859375,2.631999969482422,5815.02978515625,20.459999084472656,0.0,0.0,0.0,0.0,0.0,50,Neutral,34382203.3,2042440.5425,0.013698579606152122,0.005966336044687801,0.0001,5.0503333333333335e-05,0.0595,-0.010033528989577923,0.024606969664000476,0.03442593458742039,0.037452549043228825,0.03448633132005875
2024-10-14,2647.800048828125,73.83000183105469,2.49399995803833,5859.85009765625,19.700000762939453,-0.0036943716604866234,-0.023161832450447797,-0.05385617143544974,0.007678114574594323,-0.037853041304464326,48,Neutral,78869331.3,4894943.25072,0.8302533642854769,0.8740572454304492,0.0001,0.0,0.063,0.05715841383994862,0.02973060427538376,0.03585281845081904,0.03649386411477662,0.03442593458742039
2024-10-15,2661.39990234375,70.58000183105469,2.497999906539917,5815.259765625,20.639999389648438,0.0051231384715043505,-0.04501833368193956,0.0016025438566243464,-0.0076385660375134215,0.0466122365702319,65,Greed,109616771.1,6784999.51872,0.32919793492778177,0.32651153975424707,0.0001,0.0,0.0625,-0.007968169649176845,0.030337807271586217,0.03498194088885092,0.03731803933284424,0.03585281845081904
2024-10-16,2674.0,70.38999938964844,2.367000102996826,5842.47021484375,19.579999923706055,0.004723215245810717,-0.0026956452410497786,-0.05386700024391796,0.004668232782779766,-0.05272227783622492,73,Greed,72958932.0,4445004.69158,-0.4070936762917574,-0.4229332979150129,0.0001,0.0,0.0602,-0.037494204427580516,0.030325004168080684,0.0357232740742067,0.0381612990815545,0.03498194088885092
2024-10-17,2691.0,70.66999816894531,2.3469998836517334,5841.47021484375,19.110000610351562,0.006337393065017404,0.003969929843791636,-0.00848550674980333,-0.00017117512853816633,-0.024296843014801575,71,Greed,50393228.3,2960402.82195,-0.3700399005776997,-0.40645557686548567,0.0001,0.0,0.0582,-0.0337869975773831,0.034013830023936376,0.03394721678172562,0.04049846804265137,0.0357232740742067
2024-10-18,2713.699951171875,69.22000122070312,2.257999897003174,5864.669921875,18.030000686645508,0.00840012761358353,-0.020731272950513795,-0.03865844718241387,0.003963686942774387,-0.05817471489231307,73,Greed,28736227.8,1696534.83723,-0.5616981874964446,-0.5567375077763846,0.0001,0.0,0.0599,0.028791150384011425,0.034194228367543454,0.034343795791681675,0.04040067411082883,0.03394721678172562
2024-10-19,2713.699951171875,69.22000122070312,2.257999897003174,5864.669921875,18.030000686645508,0.0,0.0,0.0,0.0,0.0,72,Greed,29084920.9,1768185.82039,0.012061238317206822,0.041366220926156855,0.0001,0.0,0.0605,0.009966859915392074,0.033913140714617776,0.034259404437889475,0.04269505728031926,0.034343795791681675
2024-10-20,2713.699951171875,69.22000122070312,2.257999897003174,5864.669921875,18.030000686645508,0.0,0.0,0.0,0.0,0.0,73,Greed,43992256.8,2706167.73492,0.4137937788693573,0.4255794534014795,0.0001,0.0,0.0632,0.04366093611601616,0.03695171355216407,0.03477095353642418,0.04257157930884227,0.034259404437889475
2024-10-21,2723.10009765625,70.55999755859375,2.312000036239624,5853.97998046875,18.3700008392334,0.0034579737223619676,0.019173521255786898,0.023633546371422946,-0.001824432756419033,0.018681869613305074,72,Greed,61683109.2,3797436.10518,0.33799649993145453,0.338792615725877,0.0001,0.0,0.0604,-0.04531519621204249,0.034749414381152574,0.03454027610083972,0.042235311669730095,0.03477095353642418
2024-10-22,2744.199951171875,72.08999633789062,2.311000108718872,5851.2001953125,18.200000762939453,0.007718602631013913,0.021451910519248066,-0.00043258814838486014,-0.0004749666671957937,-0.009297308909531486,70,Greed,55057837.9,3331008.1595,-0.11362590567266133,-0.13105112107728203,0.0001,0.0,0.0606,0.0033057881344994103,0.034905029292526805,0.0334006157282125,0.04260498428212589,0.03454027610083972
2024-10-23,2714.39990234375,70.7699966430664,2.3420000076293945,5797.419921875,19.239999771118164,-0.01091867720094922,-0.018480152964077994,0.013324890096842276,-0.009233824267679564,0.05556979733891606,71,Greed,48989845.7,2872015.114,-0.11677118484910376,-0.14826109506628807,0.0001,0.0,0.0585,-0.03526813883745788,0.03456182797486828,0.033787991047007256,0.0425114525145098,0.0334006157282125
2024-10-24,2734.89990234375,70.19000244140625,2.5220000743865967,5809.85986328125,19.079999923706055,0.007523937915991553,-0.008229249128125489,0.07404699860464296,0.0021434731305568283,-0.008350771319909049,69,Greed,50790467.6,2970507.90835,0.03609564528434201,0.033719037399075426,0.0001,0.0,0.0588,0.005115100666770409,0.03202582063361472,0.03317898123249789,0.04684659821598148,0.033787991047007256
2024-10-25,2740.89990234375,71.77999877929688,2.559999942779541,5808.1201171875,20.329999923706055,0.002191461563702766,0.022399983188136557,0.01495496910191978,-0.00029949201318627087,0.06345696186597276,72,Greed,101263534.9,5638100.78814,0.6900176837697354,0.640814318002912,0.0001,0.0,0.0543,-0.07961762796469139,0.04143813930606582,0.03564514107863184,0.04376488117740332,0.03317898123249789
2024-10-27,2740.89990234375,71.77999877929688,2.559999942779541,5808.1201171875,20.329999923706055,0.0,0.0,0.0,0.0,0.0,74,Greed,41689768.1,2296681.46625,-0.45560889830735557,-0.4427422779169603,7.750666666666667e-05,1.2400000000000003e-05,0.0554,0.00906624523775326,0.03511304167334591,0.032948979849251374,0.044240274986320896,0.03305138000597497
2024-10-28,2742.89990234375,67.37999725341797,2.309000015258789,5823.52001953125,19.799999237060547,0.00072942126259476,-0.06325767149745264,-0.10319269915897362,0.002647934626732945,-0.026415724719285577,72,Greed,114209317.0,6208853.18523,1.0077771494405172,0.9945109663484755,9.010666666666666e-05,1.2599999999999995e-05,0.0553,-0.0018066852249489244,0.03345243964683446,0.03280481290976976,0.044387941557407586,0.032948979849251374
2024-10-29,2768.39990234375,67.20999908447266,2.3459999561309814,5832.919921875,19.34000015258789,0.009253781457162933,-0.002526164855852338,0.015897194551031776,0.0016128259449012198,-0.023506401253288445,72,Greed,92546674.8,5211058.06668,-0.21031976914588416,-0.17519328766337644,0.0001,9.893333333333343e-06,0.0565,0.021467729624106195,0.03553161071044624,0.03319490578378542,0.044782935088748456,0.03280481290976976
2024-10-30,2788.5,68.61000061035156,2.8450000286102295,5813.669921875,20.350000381469727,0.007234316137240295,0.02061627323877297,0.19285134610282678,-0.0033056916724881185,0.05090543271914016,77,Extreme Greed,64827852.0,3638143.92927,-0.3559777838577438,-0.35930927690292797,0.0001,0.0,0.0559,-0.010676257991341868,0.03379087026461636,0.03219426300368506,0.044593039624573096,0.03319490578378542
2024-10-31,2738.300048828125,69.26000213623047,2.7070000171661377,5705.4501953125,23.15999984741211,-0.01816650912342701,0.009429264219159237,-0.04972206066106166,-0.018790134928745348,0.12934571548232596,77,Extreme Greed,66359212.2,3596067.50427,0.02334726781325646,-0.01163275358224119,0.0001,0.0,0.0533,-0.04762804898925459,0.036539258890427924,0.030223391118344742,0.04322796314723279,0.03219426300368506
2024-11-01,2738.60009765625,69.48999786376953,2.6630001068115234,5728.7998046875,21.8799991607666,0.0001095688511384859,0.003315256766768306,-0.01638767003228602,0.004084158004525459,-0.056853706918779355,75,Greed,89544170.7,4766871.28861,0.2996494372681589,0.281849286879686,7.071e-05,-2.929e-05,0.0528,-0.00942514045958311,0.022458211624535207,0.02989242842956312,0.04320876684879642,0.030223391118344742
2024-11-02,2738.60009765625,69.48999786376953,2.6630001068115234,5728.7998046875,21.8799991607666,0.0,0.0,0.0,0.0,0.0,72,Greed,46110747.9,2415323.56211,-0.663685964914545,-0.6798569170570382,3.456e-05,-3.6150000000000005e-05,0.0523,-0.00951481964133862,0.02149353358493439,0.029843112961132397,0.043409452269145964,0.02989242842956312
2024-11-03,2738.60009765625,69.48999786376953,2.6630001068115234,5728.7998046875,21.8799991607666,0.0,0.0,0.0,0.0,0.0,74,Greed,102875405.6,5222258.10801,0.8024725356423209,0.7710966377970576,9.347333333333334e-05,5.891333333333334e-05,0.051,-0.025170738346551445,0.021139044955441628,0.029490216554359537,0.04492032650525029,0.029843112961132397
2024-11-04,2736.10009765625,71.47000122070312,2.7809998989105225,5712.68994140625,21.979999542236328,-0.0009132920834320161,0.028094971727141534,0.04335719196051501,-0.0028160448131902913,0.004559988951510874,70,Greed,119501557.9,6013425.29505,0.1498108064683632,0.14106462272101075,0.0001,6.526666666666666e-06,0.0494,-0.03187520853044895,0.02180909926660832,0.02986431626467903,0.043917578527491,0.029490216554359537
2024-11-05,2740.300048828125,71.98999786376953,2.6700000762939453,5782.759765625,20.489999771118164,0.0015338367843668287,0.007249392495397435,-0.04073203791511217,0.012191031029563081,-0.07019597706871061,70,Greed,80986524.9,4169420.52526,-0.38904662653272737,-0.3662174554307311,0.0001,0.0,0.0523,0.05704594687700034,0.03319947600994239,0.031855945899872895,0.04532238691586485,0.02986431626467903
2024-11-06,2667.60009765625,71.69000244140625,2.746999979019165,5929.0400390625,16.270000457763672,-0.02688819289182318,-0.004175888887395827,0.028430898488741013,0.024981280957186654,-0.2306140017140018,70,Greed,222409050.6,12317129.07911,1.010235475118344,1.0832138382697059,0.0001,0.0,0.0561,0.07013944145777344,0.045220478851911355,0.03415269696170288,0.04453009047685289,0.031855945899872895
2024-11-07,2698.39990234375,72.36000061035156,2.693000078201294,5973.10009765625,15.199999809265137,0.011479740190580862,0.009302367042198464,-0.019853556607221007,0.007403754173995657,-0.06802753406250556,77,Extreme Greed,67252586.3,3786630.24233,-1.1960627809572633,-1.179514396181171,0.0001,0.0,0.0564,0.005333345975362603,0.039947090299727275,0.034165220115051874,0.045142505162903586,0.03415269696170288
2024-11-08,2687.5,70.37999725341797,2.6689999103546143,5995.5400390625,14.9399995803833,-0.004047575121093911,-0.02774457609362235,-0.0089520060334332,0.0037497940357180464,-0.017253263686007284,75,Greed,79896442.9,4451799.39476,0.17227585664693826,0.1618318673447284,0.0001,0.0,0.0562,-0.003552401604367772,0.03957823802285644,0.03349924872723992,0.04514023115532592,0.034165220115051874
2024-11-09,2687.5,70.37999725341797,2.6689999103546143,5995.5400390625,14.9399995803833,0.0,0.0,0.0,0.0,0.0,75,Greed,110439150.5,6422944.37592,0.32373336269097336,0.3665682652776675,0.0001,0.0,0.0598,0.062088904056940675,0.04311607181963204,0.03541205816452533,0.05879198762641755,0.03349924872723992
2024-11-10,2687.5,70.37999725341797,2.6689999103546143,5995.5400390625,14.9399995803833,0.0,0.0,0.0,0.0,0.0,78,Extreme Greed,173570165.6,10619882.0325,0.4521172352413263,0.5028512696032159,0.00011752333333333334,1.7523333333333336e-05,0.0613,0.024774181985579756,0.038439350420763074,0.03534840762028308,0.05923011617526204,0.03541205816452533
2024-11-11,2611.199951171875,68.04000091552734,2.9200000762939453,6001.35009765625,14.970000267028809,-0.0288015263656269,-0.03381331188501914,0.08987980557349741,0.0009685941909569238,0.0020060646512555826,76,Extreme Greed,195332540.0,12040977.67343,0.11812150915294656,0.1255877309948376,0.0001,-1.7523333333333336e-05,0.0642,0.046223367753749724,0.028896365708711385,0.03621776245660545,0.06003917006382497,0.03534840762028308
2024-11-12,2600.0,68.12000274658203,2.9070000648498535,5983.990234375,14.710000038146973,-0.00429842206071789,0.001175115130863235,-0.004461998523343721,-0.0028968514769364996,-0.017520679062518398,80,Extreme Greed,338794725.3,20644547.57085,0.5506909544173596,0.5391356056936729,0.00032537,0.00022537000000000002,0.061,-0.05112934652260413,0.04242168361882679,0.037452549043228825,0.05909468738892667,0.03621776245660545
2024-11-13,2580.800048828125,68.43000030517578,2.9830000400543213,5985.3798828125,14.020000457763672,-0.00741199771886598,0.004540433309838222,0.025807875075231364,0.00023220076414018386,-0.04804262294940944,84,Extreme Greed,323895569.0,19089590.92199,-0.044973247949052136,-0.07830803579789383,0.00016208,-0.00016329000000000002,0.0588,-0.036732009268730006,0.041421117740992996,0.03649386411477662,0.05853802513496299,0.037452549043228825
2024-11-14,2568.199951171875,68.69999694824219,2.7850000858306885,5949.169921875,14.3100004196167,-0.004894201906120731,0.003937825382707094,-0.0686816147619756,-0.006068108582244,0.020473708634473634,88,Extreme Greed,178500215.1,10293799.0556,-0.5958313396745311,-0.6176015280880672,0.0001615,-5.799999999999978e-07,0.0562,-0.04522509800493578,0.04587113954715339,0.03731803933284424,0.05811108018169365,0.03649386411477662
2024-11-15,2565.699951171875,67.0199966430664,2.822999954223633,5870.6201171875,16.139999389648438,-0.0009739185590534588,-0.024758122586163202,0.013552228857682867,-0.013291430866793769,0.12034200213404177,80,Extreme Greed,120768434.5,6861531.14572,-0.3907148587140054,-0.4056110645866679,0.0001,-6.149999999999999e-05,0.0593,0.05369254910403437,0.050141799465702915,0.0381612990815545,0.05782634356977501,0.03731803933284424
2024-11-16,2565.699951171875,67.0199966430664,2.822999954223633,5870.6201171875,16.139999389648438,0.0,0.0,0.0,0.0,0.0,86,Extreme Greed,101993003.3,6283482.05802,-0.16897073171349863,-0.08800632125993935,0.00010731666666666667,7.316666666666664e-06,0.0644,0.08250432710662821,0.054259259564502664,0.04049846804265137,0.05697517123357683,0.0381612990815545
2024-11-17,2565.699951171875,67.0199966430664,2.822999954223633,5870.6201171875,16.139999389648438,0.0,0.0,0.0,0.0,0.0,90,Extreme Greed,313088343.2,20444160.55875,1.121581181527949,1.1797729998058508,0.00014642333333333334,3.910666666666667e-05,0.0632,-0.018809331957496116,0.054857236696201905,0.04040067411082883,0.05806345132830928,0.04049846804265137
2024-11-18,2610.60009765625,69.16000366210938,2.9730000495910645,5893.6201171875,15.579999923706055,0.017348790536743833,0.031431681545723344,0.05177142764059131,0.003910159746206537,-0.03531258948003348,83,Extreme Greed,244257005.2,16358523.89416,-0.24826442639945537,-0.2229481938774371,0.00014230666666666667,-4.116666666666667e-06,0.0683,0.07760546542393262,0.05989925474570297,0.04269505728031926,0.057433536391997,0.04040067411082883
2024-11-19,2627.10009765625,69.38999938964844,2.997999906539917,5916.97998046875,16.350000381469727,0.006300496006653572,0.003320042349147119,0.008373807809822099,0.003955750520596487,0.04823988512905733,90,Extreme Greed,178490965.2,12082982.56662,-0.3136829861493195,-0.30295103734376033,0.0001,-4.2306666666666666e-05,0.066,-0.034255024550318806,0.057369529320123576,0.04257157930884227,0.05987542916770241,0.04269505728031926
2024-11-20,2648.199951171875,68.87000274658203,3.193000078201294,5917.10986328125,17.15999984741211,0.007999532098494133,-0.007522046678218695,0.06301556971786235,2.19506213354446e-05,0.04835316449300409,83,Extreme Greed,272280989.2,18114984.3162,0.422296596785324,0.4049413953140385,0.0001,0.0,0.0637,-0.035470179448307826,0.05719533886793689,0.042235311669730095,0.06061980277911409,0.04257157930884227
2024-11-21,2672.10009765625,70.0999984741211,3.3389999866485596,5948.7099609375,16.8700008392334,0.008984571185138249,0.017702062836089758,0.044710418738758806,0.005326251844288491,-0.0170441388627829,82,Extreme Greed,212051788.1,13715188.65077,-0.2500040532677537,-0.2782355791920155,0.0001,0.0,0.0658,0.03243527575315374,0.05163484925744299,0.04260498428212589,0.06071242468626091,0.042235311669730095
2024-11-22,2709.89990234375,71.23999786376953,3.128999948501587,5969.33984375,15.239999771118164,0.014046981134497769,0.01613165616169969,-0.06495790873456347,0.0034619595915364653,-0.10161341106495818,94,Extreme Greed,197794395.4,13011738.83599,-0.06960244422454424,-0.05265194196633216,0.0001,0.0,0.0685,0.04021390693690811,0.05051828382212839,0.0425114525145098,0.060212758607571706,0.04260498428212589
2024-11-23,2709.89990234375,71.23999786376953,3.128999948501587,5969.33984375,15.239999771118164,0.0,0.0,0.0,0.0,0.0,93,Extreme Greed,368880217.6,27066500.16719,0.6232438936863279,0.7324448696245679,0.00014208333333333334,4.208333333333333e-05,0.0767,0.11306796310503084,0.057586310721770805,0.04684659821598148,0.057051985906975716,0.0425114525145098
2024-11-24,2709.89990234375,71.23999786376953,3.128999948501587,5969.33984375,15.239999771118164,0.0,0.0,0.0,0.0,0.0,80,Extreme Greed,311398888.7,24015556.3604,-0.1693972871203797,-0.11959500496984164,0.00026494333333333333,0.00012286,0.0776,0.011665718815962635,0.05480999652444228,0.04376488117740332,0.057169176145373805,0.04684659821598148
2024-11-25,2616.800048828125,68.94000244140625,3.36899995803833,5987.3701171875,14.600000381469727,-0.03495948190340738,-0.032817831932857484,0.07390250374086611,0.0030159278201245415,-0.04290198039765308,82,Extreme Greed,212067437.3,16486623.20625,-0.3841703661111466,-0.3761524647254011,0.00019374,-7.120333333333334e-05,0.0762,-0.01820596449657241,0.05266446336931483,0.04410910908442676,0.057123978402237846,0.04376488117740332
2024-11-26,2620.300048828125,68.7699966430664,3.430999994277954,6021.6298828125,14.100000381469727,0.001336617767776714,-0.0024690419843932956,0.01823581023937819,0.005705697155263866,-0.03484673040364113,79,Extreme Greed,242854296.3,18733770.74628,0.135557335242172,0.1277784800776314,0.0001525,-4.1240000000000005e-05,0.0785,0.029737162095762177,0.04789921400988993,0.044240274986320896,0.057863576500196405,0.04410910908442676
2024-11-27,2639.89990234375,68.72000122070312,3.2039999961853027,5998.740234375,14.100000381469727,0.007452166991228204,-0.0007272590783860844,-0.06845173419305577,-0.003808481083577712,0.0,75,Greed,142139115.9,11244561.43534,-0.5356553923472674,-0.5104432336128158,0.0001,-5.249999999999999e-05,0.0814,0.03627664822013186,0.039860287115262204,0.044387941557407586,0.05790373321267114,0.044240274986320896
2024-11-28,2639.89990234375,68.72000122070312,3.2039999961853027,5998.740234375,14.100000381469727,0.0,0.0,0.0,0.0,0.0,77,Extreme Greed,144419199.4,11582975.39731,0.01591390999875897,0.02965179812191519,0.0002405166666666667,0.00014051666666666668,0.0797,-0.02110568721232535,0.0452174807508144,0.044782935088748456,0.05852064219693999,0.044387941557407586
2024-11-29,2657.0,68.0,3.36299991607666,6032.3798828125,13.510000228881836,0.006456666117155565,-0.010532590263326157,0.04843337978772082,0.005592120396801623,-0.04274465552494473,78,Extreme Greed,184472264.6,14519810.74648,0.2447789473548707,0.2259775934091335,0.00018948333333333332,-5.103333333333337e-05,0.081,0.016179568876269486,0.044992355156910656,0.044593039624573096,0.058672074584886366,0.044782935088748456
2024-11-30,2657.0,68.0,3.36299991607666,6032.3798828125,13.510000228881836,0.0,0.0,0.0,0.0,0.0,84,Extreme Greed,175247575.9,14220976.51048,-0.05129943122964081,-0.020795881682353135,0.00029575,0.00010626666666666668,0.0835,0.030397477184371167,0.02333905716923668,0.04322796314723279,0.058234642247037775,0.044593039624573096
2024-12-01,2657.0,68.0,3.36299991607666,6032.3798828125,13.510000228881836,0.0,0.0,0.0,0.0,0.0,81,Extreme Greed,210647482.7,17439586.88666,0.18398634461996197,0.20402463686838893,0.00029813666666666665,2.3866666666666416e-06,0.0828,-0.0084185704655959,0.024606478168474173,0.04320876684879642,0.058278766865496504,0.04322796314723279
2024-12-02,2634.89990234375,68.0999984741211,3.2130000591278076,6047.14990234375,13.34000015258789,-0.008352473231234763,0.0014694855729147065,-0.04562830926682871,0.0024454638805813736,-0.012663116987917826,80,Extreme Greed,255430838.9,20321726.44991,0.19276564556468684,0.1529478516784826,0.00010013333333333335,-0.0001980033333333333,0.0813,-0.01828204483744907,0.024620647471928055,0.043409452269145964,0.05869980120071958,0.04320876684879642
2024-12-03,2644.699951171875,69.94000244140625,3.0420000553131104,6049.8798828125,13.300000190734863,0.003712425318383127,0.026660575793360352,-0.05468988651615979,0.0004513472420221813,-0.0030030023571751023,76,Extreme Greed,481200258.5,39894450.55714,0.6333318375350251,0.6745466482545749,0.00036194,0.00026180666666666665,0.0891,0.09161331792299875,0.039693592910188,0.04492032650525029,0.055759134772485446,0.043409452269145964
2024-12-04,2653.800048828125,68.54000091552734,3.0429999828338623,6086.490234375,13.449999809265137,0.003434974654697664,-0.020220236738356396,0.0003286532534048113,0.00603318162813612,0.011215042298142144,78,Extreme Greed,269355361.5,24513058.91571,-0.5802519670429744,-0.4870312379264693,0.00041749666666666664,5.555666666666665e-05,0.0916,0.02767193720332094,0.03916640878383172,0.043917578527491,0.05619201710033487,0.04492032650525029
2024-12-05,2626.60009765625,68.30000305175781,3.0789999961853027,6075.10986328125,13.539999961853027,-0.010302322170881693,-0.0035077185456156065,0.011761002429777765,-0.0018715258393823342,0.006669172799957789,84,Extreme Greed,215829414.3,19000718.79595,-0.22154320719874226,-0.2547291826987084,0.00029090333333333334,-0.0001265933333333333,0.0869,-0.05267323940873815,0.0455622093049267,0.04532238691586485,0.0558720639485618,0.043917578527491
2024-12-06,2638.60009765625,67.19999694824219,3.0759999752044678,6090.27001953125,12.770000457763672,0.004558239129528256,-0.01623660914236962,-0.0009748241209917851,0.0024923453675383123,-0.058549558775524854,72,Greed,178595709.8,15895138.62772,-0.1893637001800453,-0.17846349402477948,0.0004757433333333334,0.00018484000000000008,0.0909,0.045001968912086625,0.04723696037067106,0.04453009047685289,0.05499837071221717,0.04532238691586485
2024-12-07,2638.60009765625,67.19999694824219,3.0759999752044678,6090.27001953125,12.770000457763672,0.0,0.0,0.0,0.0,0.0,75,Greed,104652137.1,9353174.9381,-0.5344827767891106,-0.5302974645584151,0.00051678,4.103666666666658e-05,0.0886,-0.025628143572397896,0.049190421311431774,0.045142505162903586,0.055275341574281885,0.04453009047685289
2024-12-08,2638.60009765625,67.19999694824219,3.0759999752044678,6090.27001953125,12.770000457763672,0.0,0.0,0.0,0.0,0.0,79,Extreme Greed,68926627.8,5992481.41181,-0.41759929648222005,-0.4452102658209086,0.0004536,-6.317999999999997e-05,0.0883,-0.0033917500011208836,0.048938838707355964,0.04514023115532592,0.0580163964509077,0.045142505162903586
2024-12-09,2664.89990234375,68.37000274658203,3.181999921798706,6052.85009765625,14.1899995803833,0.00991798633808684,0.017260969981989026,0.03387986175701848,-0.006163167285227462,0.1054387557094042,78,Extreme Greed,317610730.6,24186203.45193,1.5277839417202017,1.3952767798861396,0.00024744666666666666,-0.00020615333333333336,0.0724,-0.19853380821824365,0.0932041432501339,0.05879198762641755,0.04616266183980677,0.04514023115532592
2024-12-10,2697.60009765625,68.58999633789062,3.1630001068115234,6034.91015625,14.180000305175781,0.012196028210303023,0.0032125260218978198,-0.005988927246882665,-0.002968284314279252,-0.0007049189751086937,78,Extreme Greed,409950214.2,28325274.1203,0.255209208218636,0.1579721192490574,0.0001,-0.00014744666666666667,0.0697,-0.03800598162519264,0.08008291641354998,0.05923011617526204,0.04581086515959227,0.05879198762641755
2024-12-11,2733.800048828125,70.29000091552734,3.378000020980835,6084.18994140625,13.579999923706055,0.013330075570755336,0.02448285609288817,0.06576284650406404,0.008132626411368235,-0.043234426113106225,74,Greed,174908922.9,12355490.2246,-0.8517703256689101,-0.8296539676587905,0.0001,0.0,0.0749,0.07195357275669548,0.087290592582641,0.06003917006382497,0.04417001172506096,0.05923011617526204
2024-12-12,2687.5,70.0199966430664,3.4549999237060547,6051.25,13.920000076293945,-0.017081207143532985,-0.0038486866287931534,0.022538610540818103,-0.005428731461463251,0.02472854387472121,83,Extreme Greed,164577996.1,12641642.45491,-0.060880799613979755,0.02289580444116507,0.0001,0.0,0.0757,0.010624269920229424,0.08767746236856457,0.05909468738892667,0.04406261047228477,0.06003917006382497
2024-12-13,2656.0,71.29000091552734,3.2799999713897705,6051.08984375,13.8100004196167,-0.011790161839593786,0.017975210387811715,-0.05197902146402772,-2.646698937187397e-05,-0.007933662580971048,76,Extreme Greed,131328840.0,9837896.24288,-0.22568019141533485,-0.2507544295789531,0.0001,0.0,0.0756,-0.0013218772579158245,0.08363394542472655,0.05853802513496299,0.04427176881295069,0.05909468738892667
2024-12-14,2656.0,71.29000091552734,3.2799999713897705,6051.08984375,13.8100004196167,0.0,0.0,0.0,0.0,0.0,83,Extreme Greed,189182922.1,14494815.3893,0.3650099819551195,0.38754913437716126,8.812666666666668e-05,-1.187333333333332e-05,0.0734,-0.029532347565017388,0.0836415096853761,0.05811108018169365,0.04432398601128563,0.05853802513496299
2024-12-15,2656.0,71.29000091552734,3.2799999713897705,6051.08984375,13.8100004196167,0.0,0.0,0.0,0.0,0.0,80,Extreme Greed,128928748.7,9582319.96885,-0.3834544726924631,-0.4138712955250582,0.0001,1.187333333333332e-05,0.0765,0.041366805212020165,0.08736490949864482,0.05782634356977501,0.04418002440449432,0.05811108018169365
2024-12-16,2651.39990234375,70.70999908447266,3.2139999866485596,6074.080078125,14.6899995803833,-0.0017334660635325901,-0.008169085303320521,-0.02032715051225124,0.0037921550087844295,0.06177396381481069,83,Extreme Greed,143765215.9,10689943.27417,0.10892160770567577,0.1093836879808864,0.0001,0.0,0.0729,-0.04820210181787763,0.044038698571874625,0.05697517123357683,0.04513211364814623,0.05782634356977501
2024-12-17,2644.39990234375,70.08000183105469,3.308000087738037,6050.60986328125,15.869999885559082,-0.00264360600282425,-0.00894951991231415,0.028827540523260184,-0.0038714794806554956,0.07726356570616974,87,Extreme Greed,132264573.7,9370771.89145,-0.08337726103821796,-0.13170794670330224,0.0001,0.0,0.0686,-0.06079610428277307,0.048060325052471174,0.05806345132830928,0.044270701150602956,0.05697517123357683
2024-12-18,2636.5,70.58000183105469,3.374000072479248,5872.16015625,27.6200008392334,-0.0029918795594432402,0.007109371433892709,0.019755201921043596,-0.02993650530451818,0.554109651038965,81,Extreme Greed,217711338.9,14545391.78745,0.4983657890867717,0.4396787559324912,0.0001,0.0,0.0645,-0.06162731093011264,0.039418946760999406,0.057433536391997,0.043434746430200746,0.05806345132830928
2024-12-19,2592.199951171875,69.91000366210938,3.5840001106262207,5867.080078125,24.09000015258789,-0.01694536281780769,-0.009538091283001255,0.06038052037390054,-0.0008654867505367934,-0.13674335540527865,75,Greed,328223341.5,20150695.85696,0.41052424400770426,0.32596459382724524,6.06666666666667e-06,-9.393333333333333e-05,0.0584,-0.09934933396754544,0.045926944634416274,0.05987542916770241,0.04153114258560481,0.057433536391997
2024-12-20,2628.699951171875,69.45999908447266,3.747999906539917,5930.85009765625,18.360000610351562,0.01398249166131256,-0.006457718771803879,0.04474281346081278,0.010810479402397299,-0.271622404524963,74,Greed,317431992.6,18341931.31942,-0.03343069701720085,-0.09404905395419326,3.1650000000000004e-05,2.5583333333333333e-05,0.0619,0.058204289856368906,0.05766035747237444,0.06061980277911409,0.043612252011155477,0.05987542916770241
2024-12-21,2628.699951171875,69.45999908447266,3.747999906539917,5930.85009765625,18.360000610351562,0.0,0.0,0.0,0.0,0.0,73,Greed,209151689.0,12827481.19661,-0.41720382545449075,-0.3575999297190028,0.0001,6.835000000000001e-05,0.0594,-0.0412259533219511,0.05786218354773408,0.06071242468626091,0.04308660278001321,0.06061980277911409
2024-12-22,2628.699951171875,69.45999908447266,3.747999906539917,5930.85009765625,18.360000610351562,0.0,0.0,0.0,0.0,0.0,73,Greed,149809804.9,9007409.14189,-0.33369325118729315,-0.3535423613179197,5.490333333333334e-05,-4.5096666666666665e-05,0.06,0.010050335853501286,0.05235188195192831,0.060212758607571706,0.04334752609922715,0.06071242468626091
2024-12-23,2612.300048828125,69.23999786376953,3.6559998989105225,5974.06982421875,16.780000686645508,-0.006258330803749558,-0.003172334679827193,-0.024852713498578975,0.007260849585616372,-0.08998667647636249,70,Greed,203091632.2,12417769.18234,0.3042907451315094,0.3210809687747004,0.0001,4.5096666666666665e-05,0.0632,0.051959738930711166,0.0610191816752903,0.057051985906975716,0.04241661220925586,0.060212758607571706
2024-12-24,2620.0,70.0999984741211,3.946000099182129,6040.0400390625,14.270000457763672,0.00294323974486273,0.012344072817910593,0.07633280679366752,0.010982233165126825,-0.1620282783920423,73,Greed,130502781.0,8290449.52703,-0.44226273046317127,-0.4040242525323794,0.0001,0.0,0.0645,0.020360922648914957,0.059761141652924184,0.057169176145373805,0.04213220279020851,0.057051985906975716
2024-12-25,2620.0,70.0999984741211,3.946000099182129,6040.0400390625,14.270000457763672,0.0,0.0,0.0,0.0,0.0,73,Greed,108495857.2,6998401.84791,-0.18468254711744833,-0.16942237734401297,0.0001,0.0,0.0641,-0.006220859875102394,0.05508504075743116,0.057123978402237846,0.042132626180401055,0.057169176145373805
2024-12-26,2638.800048828125,69.62000274658203,3.7149999141693115,6037.58984375,14.729999542236328,0.007149969097485895,-0.006870850439029008,-0.06032377766937305,-0.0004057410882578191,0.031726735830086665,79,Extreme Greed,118524006.7,7245993.25951,0.08840353847955924,0.0347668466886872,0.0001,0.0,0.0598,-0.06943870297003837,0.046695770445443145,0.057863576500196405,0.040481010021062136,0.057123978402237846
2024-12-27,2617.199951171875,70.5999984741211,3.5139999389648438,5970.83984375,15.949999809265137,-0.008219261513672152,0.013978201051839344,-0.05562368267013716,-0.01111730496491221,0.07957261787497986,74,Greed,136061631.5,8421472.77168,0.13799242763576597,0.1503360642233794,8.212333333333333e-05,-1.787666666666667e-05,0.0621,0.03774032798284711,0.04320155956599315,0.05790373321267114,0.03980857657516634,0.057863576500196405
2024-12-28,2617.199951171875,70.5999984741211,3.5139999389648438,5970.83984375,15.949999809265137,0.0,0.0,0.0,0.0,0.0,72,Greed,139714117.6,8964219.75923,0.026490361828405962,0.06245634493357769,4.483666666666667e-05,-3.728666666666666e-05,0.0646,0.039468421849123046,0.04093048334826739,0.05852064219693999,0.03930425190198558,0.05790373321267114
2024-12-29,2617.199951171875,70.5999984741211,3.5139999389648438,5970.83984375,15.949999809265137,0.0,0.0,0.0,0.0,0.0,73,Greed,78036401.5,4922628.47286,-0.5824229139837633,-0.5993984410946732,0.0001,5.5163333333333334e-05,0.062,-0.04108002574346463,0.045626884133746715,0.058672074584886366,0.039562828039744584,0.05852064219693999
2024-12-30,2606.10009765625,70.98999786376953,3.936000108718872,5906.93994140625,17.399999618530273,-0.004250136932791706,0.00550886907312227,0.1134100344159054,-0.010759673941729728,0.08701136702438074,65,Greed,131367459.7,8088874.99308,0.5208230285842862,0.4966470296777394,0.0001,0.0,0.0607,-0.021190686979639002,0.0411521383912706,0.058234642247037775,0.03990311734628965,0.058672074584886366
2024-12-31,2629.199951171875,71.72000122070312,3.632999897003174,5881.6298828125,17.350000381469727,0.008824710411780469,0.010230673798029735,-0.08010628192295799,-0.0042940064589823065,-0.002877655917339942,64,Greed,104378214.2,6268317.9768,-0.22997745487990864,-0.2549816065843747,0.0001,0.0,0.0593,-0.023334392061772746,0.03982102952809919,0.058278766865496504,0.040051718686158894,0.058234642247037775
2025-01-01,2629.199951171875,71.72000122070312,3.632999897003174,5881.6298828125,17.350000381469727,0.0,0.0,0.0,0.0,0.0,66,Greed,76999101.8,4590937.64779,-0.3042272205768276,-0.31142376961781865,0.0001,0.0,0.061,0.028264558169631422,0.04268641760675167,0.05869980120071958,0.03975187518938651,0.058278766865496504
2025-01-02,2658.89990234375,73.12999725341797,3.6600000858306885,5868.5498046875,17.93000030517578,0.011232867866452192,0.019468975967998597,0.00740444597556923,-0.002226363149448992,0.032882776257846205,70,Greed,92627848.4,5748927.9263,0.18479607824965133,0.22492910605145403,0.0001,0.0,0.062,0.016260520871780326,0.033015190458934585,0.055759134772485446,0.04148654845306137,0.05869980120071958
2025-01-03,2645.0,73.95999908447266,3.3540000915527344,5942.47021484375,16.1299991607666,-0.005241401391997348,0.011285752414910675,-0.08730948016668419,0.01251735670782609,-0.10579446452967473,74,Greed,71761153.3,4526371.49133,-0.2552465458511932,-0.23909276659032852,0.0001,0.0,0.0647,0.042626816461763244,0.033859705847688944,0.05619201710033487,0.04536619447177964,0.055759134772485446
2025-01-04,2645.0,73.95999908447266,3.3540000915527344,5942.47021484375,16.1299991607666,0.0,0.0,0.0,0.0,0.0,73,Greed,114495961.6,7534720.88669,0.467196263254261,0.5096011659127682,0.0001,0.0,0.0658,0.01685863682441661,0.031083924665257223,0.0558720639485618,0.04516676192700212,0.05619201710033487
2025-01-05,2645.0,73.95999908447266,3.3540000915527344,5942.47021484375,16.1299991607666,0.0,0.0,0.0,0.0,0.0,72,Greed,76217700.1,4998819.20223,-0.40694583200773055,-0.4103200641581423,0.0001,0.0,0.0661,0.0045489085263692094,0.024471102634963632,0.05499837071221717,0.04578944222201366,0.0558720639485618
2025-01-06,2638.39990234375,73.55999755859375,3.671999931335449,5975.3798828125,16.040000915527344,-0.0024984295005021796,-0.005423027593440198,0.09058276336114922,0.005522766496818171,-0.005595180591635829,76,Extreme Greed,78403731.1,5268632.63721,0.02827779628962021,0.05256914226725603,0.0001,0.0,0.0677,0.023917433060588505,0.02081687226043565,0.055275341574281885,0.04528516347761631,0.05499837071221717
2025-01-07,2656.699951171875,74.25,3.4489998817443848,5909.02978515625,17.81999969482422,0.006912096917743294,0.009336411136007488,-0.06265215439097231,-0.011166021516637011,0.10523574540106705,78,Extreme Greed,123497549.6,7916214.1176,0.45434979779045237,0.40714220882868224,0.0001,0.0,0.0609,-0.10585300520237788,0.049767597063001594,0.0580163964509077,0.04278350509498201,0.055275341574281885
2025-01-08,2664.5,73.31999969482422,3.6510000228881836,5918.25,17.700000762939453,0.0029316900271960217,-0.012604358873549463,0.056916809274742436,0.0015591440938312422,-0.006756722233491995,70,Greed,167331306.3,9994723.23059,0.3037544026295835,0.23314420069659336,0.0001,0.0,0.0609,0.0,0.048584760964607426,0.04616266183980677,0.04316951977367519,0.0580163964509077
2025-01-09,2664.5,73.31999969482422,3.6510000228881836,5918.25,17.700000762939453,0.0,0.0,0.0,0.0,0.0,69,Greed,184296538.1,11072972.05797,0.09657036324637916,0.10244991249212142,8.842666666666666e-05,-1.157333333333334e-05,0.0599,-0.016556669594447654,0.04831037936190391,0.04581086515959227,0.04477739626473774,0.04616266183980677
2025-01-10,2708.5,76.56999969482422,3.989000082015991,5827.0400390625,19.540000915527344,0.016378553361116682,0.043371932330193555,0.08853948454129108,-0.015531637650233373,0.09889901078493853,50,Neutral,136664340.2,8332594.85808,-0.29901823249308407,-0.2843322740317248,0.0001,1.157333333333334e-05,0.0621,0.03606948381802949,0.04728745146325044,0.04417001172506096,0.04378672290874487,0.04581086515959227
2025-01-11,2708.5,76.56999969482422,3.989000082015991,5827.0400390625,19.540000915527344,0.0,0.0,0.0,0.0,0.0,69,Greed,61488258.9,3758823.4352,-0.7986816035672254,-0.79606892297986,8.361666666666666e-05,-1.6383333333333343e-05,0.0614,-0.01133615378633624,0.04621858395530398,0.04406261047228477,0.044565674754294925,0.04417001172506096
2025-01-12,2708.5,76.56999969482422,3.989000082015991,5827.0400390625,19.540000915527344,0.0,0.0,0.0,0.0,0.0,62,Greed,57509020.6,3491979.88914,-0.0669044288923729,-0.07363711342604935,9.830666666666667e-05,1.469000000000001e-05,0.0595,-0.03143352260151283,0.0463462146818725,0.04427176881295069,0.04449463740571072,0.04406261047228477
2025-01-13,2673.5,78.81999969482422,3.934000015258789,5836.22021484375,19.190000534057617,-0.013006500709167285,0.028961416755598178,-0.013883869638245575,0.0015742043780551176,-0.018074355619041128,61,Greed,185309146.5,10440166.89361,1.1700836770706926,1.095191689467627,7.230333333333334e-05,-2.6003333333333336e-05,0.0576,-0.032453744849738515,0.04324511228670887,0.04432398601128563,0.04580336662103405,0.04427176881295069
2025-01-14,2677.5,77.5,3.9679999351501465,5842.91015625,18.709999084472656,0.001495047933117684,-0.016888831535749937,0.008605449233854201,0.001145623334164268,-0.02533124649612117,63,Greed,103513943.3,6090675.87296,-0.5823191710634351,-0.5389015119591842,9.775666666666666e-05,2.5453333333333322e-05,0.0598,0.037483093254740474,0.029161819649985054,0.04418002440449432,0.04491049096200003,0.04432398601128563
2025-01-15,2712.5,80.04000091552734,4.083000183105469,5949.91015625,16.1200008392334,0.012987195526811112,0.03224858479460386,0.02856988410383702,0.018147132504516373,-0.14899730221337662,70,Greed,139778850.6,8599898.51282,0.3003552135872584,0.3449913460094443,0.0001,2.2433333333333463e-06,0.0634,0.05845820048659415,0.037273939253769144,0.04513211364814623,0.0429599418718091,0.04418002440449432
2025-01-16,2746.39990234375,78.68000030517578,4.257999897003174,5937.33984375,16.600000381469727,0.012420208736854522,-0.017137523754351097,0.041967485099018174,-0.0021149243408667613,0.029341929202495187,75,Greed,187905975.0,11580486.34924,0.2958801696495717,0.29757106797877664,0.0001,0.0,0.0612,-0.035316671924899845,0.039737855561810614,0.044270701150602956,0.042831099456024056,0.04513211364814623
2025-01-17,2744.300048828125,77.87999725341797,3.947999954223633,5996.66015625,15.970000267028809,-0.000764876477197021,-0.010219852162402603,-0.07559043230586174,0.009941478308394033,-0.03869073939502857,75,Greed,88419544.3,5547012.55343,-0.7538486701695508,-0.7360619661606099,0.0001,0.0,0.0634,0.035316671924899935,0.03963453836930366,0.043434746430200746,0.04200930692962962,0.044270701150602956
2025-01-18,2744.300048828125,77.87999725341797,3.947999954223633,5996.66015625,15.970000267028809,0.0,0.0,0.0,0.0,0.0,77,Extreme Greed,160479360.2,9586799.09478,0.5960723028425857,0.5471275536971579,0.0001,0.0,0.059,-0.0719264175374608,0.0488270488294301,0.04153114258560481,0.040646336836580636,0.043434746430200746
2025-01-19,2744.300048828125,77.87999725341797,3.947999954223633,5996.66015625,15.970000267028809,0.0,0.0,0.0,0.0,0.0,77,Extreme Greed,315292805.3,17658164.04858,0.6753364102891461,0.610811170892161,0.0001,0.0,0.0536,-0.09598837582896302,0.059441059471030545,0.043612252011155477,0.03787650074493711,0.04153114258560481
2025-01-20,2744.300048828125,77.87999725341797,3.947999954223633,5996.66015625,15.970000267028809,0.0,0.0,0.0,0.0,0.0,76,Extreme Greed,425020158.0,23309463.52351,0.2986348506826642,0.27766120915595033,0.0001,0.0,0.0538,0.003724399090982494,0.059234712708414,0.04308660278001321,0.038878617890394256,0.043612252011155477
2025-01-21,2755.0,75.88999938964844,3.75600004196167,6049.240234375,15.0600004196167,0.003891391478642485,-0.025884229863912228,-0.04985453745849059,0.00873000944059605,-0.05866972871283094,76,Extreme Greed,273396826.3,14725337.32223,-0.44121228243166116,-0.4592898005120511,0.0001,0.0,0.0552,0.02568948611531087,0.05781815223194968,0.04334752609922715,0.040240346839469664,0.04308660278001321
2025-01-22,2767.60009765625,75.44000244140625,3.9600000381469727,6086.3701171875,15.100000381469727,0.004563111323176753,-0.005947244685812746,0.05288946238154303,0.006119181086994129,0.002652518849032259,84,Extreme Greed,92452022.7,5034770.20531,-1.0842344795089667,-1.0732017517390868,0.0001,0.0,0.0534,-0.03315220731690039,0.04906686959926991,0.04241661220925586,0.040471794565940244,0.04334752609922715
2025-01-23,2763.10009765625,74.62000274658203,3.944999933242798,6118.7099609375,15.020000457763672,-0.0016272807543716752,-0.010929066086829906,-0.0037950975236033416,0.005299419459529372,-0.005312092270843689,75,Greed,148866690.1,7901898.55701,0.47636137170225984,0.45073516860477375,0.0001,0.0,0.0531,-0.00563381771825602,0.04926071750604209,0.04213220279020851,0.042225585781266374,0.04241661220925586
2025-01-24,2777.300048828125,74.66000366210938,4.0269999504089355,6101.240234375,14.850000381469727,0.005125977145751084,0.0005359179363270571,0.020572732178815143,-0.002859215984467759,-0.01138278587602501,75,Greed,130751907.2,7000290.88762,-0.12974951869516194,-0.12115135070582135,0.0001,0.0,0.0527,-0.007561472700576587,0.043527208224560215,0.042132626180401055,0.043077592823945784,0.04213220279020851
2025-01-25,2777.300048828125,74.66000366210938,4.0269999504089355,6101.240234375,14.850000381469727,0.0,0.0,0.0,0.0,0.0,75,Greed,73001434.0,3861086.20719,-0.5828226046632574,-0.5950031588488205,0.0001,0.0,0.0531,0.007561472700576488,0.03988925417851848,0.040481010021062136,0.047693407838636216,0.042132626180401055
2025-01-26,2777.300048828125,74.66000366210938,4.0269999504089355,6101.240234375,14.850000381469727,0.0,0.0,0.0,0.0,0.0,73,Greed,51244191.3,2730392.4218,-0.35387681368387575,-0.34650320160163994,0.0001,0.0,0.052,-0.0209332096664659,0.019261267583534546,0.03980857657516634,0.047714596267424865,0.040481010021062136
2025-01-27,2737.5,73.16999816894531,3.697000026702881,6012.27978515625,17.899999618530273,-0.014434155176814617,-0.020159046665649796,-0.08549998237732871,-0.014688059032112328,0.18680080059864573,71,Greed,226089631.5,11250849.67792,1.484329249097797,1.4159983096088988,0.0001,0.0,0.05,-0.039220713153281156,0.022785431027952125,0.03930425190198558,0.04765103320433397,0.03980857657516634
2025-01-28,2766.800048828125,73.7699966430664,3.4709999561309814,6067.7001953125,16.40999984741211,0.010646340249542608,0.008166623519532719,-0.06307896293642307,0.009175644177716802,-0.08690979573202155,72,Greed,105662344.5,5215320.02054,-0.7606829396178919,-0.7688432007587067,0.0001,0.0,0.0476,-0.04919024419077166,0.020439560005846725,0.039562828039744584,0.0470155156081531,0.03930425190198558
2025-01-29,2769.10009765625,72.62000274658203,3.5350000858306885,6039.31005859375,16.559999465942383,0.000830957531606674,-0.015711695583328272,0.01827059938786406,-0.004689876056919602,0.00909922090372748,72,Greed,177855464.8,8601873.12115,0.5207226443524492,0.5003795323623972,8.765666666666667e-05,-1.2343333333333334e-05,0.0487,0.022846268851169707,0.025336336852230305,0.03990311734628965,0.04677000941864406,0.039562828039744584
2025-01-30,2823.0,72.7300033569336,3.046999931335449,6071.169921875,15.84000015258789,0.019277756347583747,0.001513596515076029,-0.14855584616034856,0.005261548152180238,-0.044451720687903346,70,Greed,84603975.4,4223053.10328,-0.7429899688876566,-0.711421633679357,9.479666666666667e-05,7.140000000000003e-06,0.0496,0.018311803642337688,0.027998743114947572,0.040051718686158894,0.04650567646962404,0.03990311734628965
2025-01-31,2812.5,72.52999877929688,3.0439999103546143,6040.52978515625,16.43000030517578,-0.0037263817408137866,-0.0027537477775536725,-0.0009850669188635375,-0.005059603990267195,0.0365705546041249,76,Extreme Greed,115119308.5,5807168.73466,0.3079877997336411,0.3185347924326209,0.0001,5.2033333333333315e-06,0.0504,0.01600034134644112,0.029670775395252636,0.03975187518938651,0.04797851709639116,0.040051718686158894
2025-02-01,2812.5,72.52999877929688,3.0439999103546143,6040.52978515625,16.43000030517578,0.0,0.0,0.0,0.0,0.0,68,Greed,101179603.9,4991460.95679,-0.12907186173470328,-0.15136449925713663,0.0001,0.0,0.0467,-0.07624701040247138,0.03865792380340649,0.04148654845306137,0.05390016429713565,0.03975187518938651
2025-02-02,2812.5,72.52999877929688,3.0439999103546143,6040.52978515625,16.43000030517578,0.0,0.0,0.0,0.0,0.0,60,Greed,390468120.5,17105654.45361,1.350449134252331,1.231680434826704,4.912333333333334e-05,-5.087666666666667e-05,0.0412,-0.1253059083193709,0.05604132495705375,0.04536619447177964,0.049354601606323246,0.04148654845306137
2025-02-03,2833.89990234375,73.16000366210938,3.3519999980926514,5994.56982421875,18.6200008392334,0.007580052840268373,0.008648621033832713,0.09638477150124344,-0.007637690729495203,0.12512736629705268,44,Fear,781453388.7,29580963.84124,0.6938091764015146,0.54772196232106,-0.0005636133333333333,-0.0006127366666666667,0.0415,0.007255170881172016,0.05793813367283328,0.04516676192700212,0.04966304714713058,0.04536619447177964
2025-02-04,2853.300048828125,72.69999694824219,3.253000020980835,6037.8798828125,17.209999084472656,0.006822415916365941,-0.006307531016772015,-0.029979528109916203,0.007198907403029114,-0.0787457598944896,72,Greed,500655834.9,19759733.33058,-0.44523659596982224,-0.40348484415955294,-0.00021695000000000002,0.00034666333333333325,0.039,-0.062131781107006276,0.05897562634141993,0.04578944222201366,0.04881035558220784,0.04516676192700212
2025-02-05,2871.60009765625,71.02999877929688,3.359999895095825,6061.47998046875,15.770000457763672,0.006393163440626415,-0.023239036738083033,0.032363288812729374,0.003901053915613614,-0.08738112702359498,54,Neutral,214921570.3,8566019.06079,-0.8456457364613189,-0.8358430924538558,-0.00012323333333333334,9.371666666666668e-05,0.0391,0.0025608208616736505,0.05647952908501,0.04528516347761631,0.0488209890979493,0.04578944222201366
2025-02-06,2856.0,70.61000061035156,3.4079999923706055,6083.56982421875,15.5,-0.005447355250461389,-0.005930519651740896,0.014184663974765447,0.003637674355266266,-0.017269406077245503,49,Neutral,230147182.6,8768300.99157,0.06844585633321011,0.02333995367575425,-0.0005030266666666666,-0.0003797933333333333,0.037,-0.0552045543470958,0.05238962425421051,0.04278350509498201,0.047933772306493726,0.04528516347761631
2025-02-07,2867.300048828125,71.0,3.309000015258789,6025.990234375,16.540000915527344,0.00394879297438717,0.005508090869077976,-0.02947957317762293,-0.0095098456936602,0.06494172102266113,44,Fear,225126362.9,8662290.58263,-0.022057171158932812,-0.012163868976134848,-0.00026368666666666665,0.00023933999999999994,0.0377,0.018742181809740664,0.05290212537987481,0.04316951977367519,0.05016488067412296,0.04278350509498201
2025-02-08,2867.300048828125,71.0,3.309000015258789,6025.990234375,16.540000915527344,0.0,0.0,0.0,0.0,0.0,44,Fear,115384124.7,4390918.50894,-0.6683950804280893,-0.6794407563074057,-0.00030233,-3.8643333333333364e-05,0.0396,0.04916902380646991,0.05993364039008947,0.04477739626473774,0.049050694330303596,0.04316951977367519
2025-02-09,2867.300048828125,71.0,3.309000015258789,6025.990234375,16.540000915527344,0.0,0.0,0.0,0.0,0.0,46,Fear,101369182.0,3973695.75401,-0.12949765710652705,-0.09984185068405578,-1.1693333333333332e-05,0.0002906366666666667,0.0392,-0.010152371464018073,0.03976029280445679,0.04378672290874487,0.04974145923295709,0.04477739626473774
2025-02-10,2914.300048828125,72.31999969482422,3.444000005722046,6066.43994140625,15.8100004196167,0.016258833046568513,0.018420834822807805,0.03998755467616356,0.006690112295455172,-0.045139067185260916,43,Fear,166134426.7,6575553.86915,0.4940281401303141,0.5036622311029764,-5.277333333333334e-05,-4.1080000000000006e-05,0.0404,0.030153038170687457,0.042016869380360575,0.044565674754294925,0.04971200335471146,0.04378672290874487
2025-02-11,2912.5,73.31999969482422,3.5190000534057617,6068.5,16.020000457763672,-0.0006178516064746903,0.013732706945136314,0.02154328528891293,0.00033952514367385523,0.013195292452123142,47,Neutral,114567597.2,4615595.91862,-0.37163224268922296,-0.35391782708969455,3.0303333333333335e-05,8.307666666666667e-05,0.0394,-0.025063968663216276,0.03523390122909139,0.04449463740571072,0.04968461168327962,0.044565674754294925
2025-02-12,2909.0,71.37000274658203,3.565000057220459,6051.97021484375,15.890000343322754,-0.0012024393787544148,-0.026955767342579182,0.012987196401027887,-0.0027275831896475754,-0.008147968059884936,46,Fear,183475813.6,7236474.50028,0.4709178354586147,0.4496931542448132,-0.0002659066666666667,-0.00029621000000000004,0.0414,0.04951506452738071,0.039669256094672874,0.04580336662103405,0.048830384477518536,0.04449463740571072
2025-02-13,2925.89990234375,71.29000091552734,3.628000020980835,6115.06982421875,15.100000381469727,0.005792712774394366,-0.001121573494846507,0.017517468119041996,0.010372313214235747,-0.050995233071065085,50,Neutral,139982071.3,5673923.88393,-0.27056850054711024,-0.2432532189155887,-0.00022278666666666666,4.3120000000000034e-05,0.0405,-0.02197890671877523,0.032086121932059015,0.04491049096200003,0.04915065530660479,0.04580336662103405
2025-02-14,2883.60009765625,70.73999786376953,3.7249999046325684,6114.6298828125,14.770000457763672,-0.014562544873085503,-0.007744924392838291,0.026385288193606714,-7.19463955744955e-05,-0.022096641547685154,48,Neutral,116537164.7,4739506.16226,-0.18330411983257325,-0.1799479763073571,9.667e-05,0.00031945666666666667,0.0406,0.0024660924951934683,0.032182803723061267,0.0429599418718091,0.04938387499947262,0.04491049096200003
2025-02-15,2883.60009765625,70.73999786376953,3.7249999046325684,6114.6298828125,14.770000457763672,0.0,0.0,0.0,0.0,0.0,50,Neutral,69768318.8,2783758.50619,-0.5130302110888618,-0.5321309498586118,-0.00011884666666666668,-0.00021551666666666666,0.0396,-0.024938948347251952,0.029448615120188735,0.042831099456024056,0.050152615512966466,0.0429599418718091
2025-02-16,2883.60009765625,70.73999786376953,3.7249999046325684,6114.6298828125,14.770000457763672,0.0,0.0,0.0,0.0,0.0,54,Neutral,91733308.3,3640148.95624,0.27370552315424396,0.2682226076118159,8.773e-05,0.00020657666666666668,0.0399,0.0075472056353826835,0.029190357100416096,0.04200930692962962,0.050081247623892204,0.042831099456024056
2025-02-17,2883.60009765625,70.73999786376953,3.7249999046325684,6114.6298828125,14.770000457763672,0.0,0.0,0.0,0.0,0.0,51,Neutral,125675005.6,5034552.76203,0.3148137096394174,0.3243000935566511,-9.806e-05,-0.00018579000000000002,0.0396,-0.0075472056353827425,0.026607715662198626,0.040646336836580636,0.050881376895810765,0.04200930692962962
2025-02-18,2931.60009765625,71.8499984741211,4.006999969482422,6129.580078125,15.350000381469727,0.01650883496677148,0.015569437709031842,0.07297599780841364,0.002442003655551809,0.038517371348564894,47,Neutral,165058461.5,6259804.62759,0.2726004691300583,0.21782427856284356,-0.0005468333333333333,-0.0004487733333333333,0.0381,-0.03861483612777966,0.028887880515133,0.03787650074493711,0.050755751522890226,0.040646336836580636
2025-02-19,2919.39990234375,72.25,4.28000020980835,6144.14990234375,15.270000457763672,-0.004170300117599673,0.005551735704514271,0.0659102345764056,0.0023741488668242434,-0.005225349676138614,44,Fear,85054601.6,3334254.91809,-0.6630063012454814,-0.6298997334341682,-0.0002856566666666667,0.0002611766666666666,0.0396,0.038614836127779516,0.025576541910107775,0.038878617890394256,0.050149822866231604,0.03787650074493711
2025-02-20,2940.0,72.56999969482422,4.1519999504089355,6117.52001953125,15.65999984741211,0.0070314990870447855,0.004419282092243165,-0.030362924694657154,-0.004343604884290259,0.02521953161034285,49,Neutral,85948547.4,3488328.45619,0.010455409139888652,0.045173427558270765,-3.865000000000001e-05,0.0002470066666666667,0.0419,0.05645670866765707,0.0335324182410967,0.040240346839469664,0.048784849681436565,0.038878617890394256
2025-02-21,2937.60009765625,70.4000015258789,4.234000205993652,6013.1298828125,18.209999084472656,-0.0008166266630073181,-0.030358324246371943,0.019557087445238895,-0.017211396672539132,0.15086116264458116,55,Greed,337875740.8,15122570.26959,1.3689293659585475,1.4667656785805714,-0.0008125133333333334,-0.0007738633333333334,0.043,0.025914288765470368,0.03441362974385926,0.040471794565940244,0.048383887047754544,0.040240346839469664
2025-02-22,2937.60009765625,70.4000015258789,4.234000205993652,6013.1298828125,18.209999084472656,0.0,0.0,0.0,0.0,0.0,49,Neutral,90556984.1,3962781.43898,-1.316698886003393,-1.339242185388196,-0.00030294333333333334,0.0005095700000000001,0.0456,0.05870760082677812,0.035492521156073195,0.042225585781266374,0.047908478297762305,0.040471794565940244
2025-02-23,2937.60009765625,70.4000015258789,4.234000205993652,6013.1298828125,18.209999084472656,0.0,0.0,0.0,0.0,0.0,50,Neutral,99497354.0,4378643.62087,0.09415173972848649,0.09979283853721349,-5.007666666666667e-05,0.00025286666666666667,0.0433,-0.05175508151189634,0.044847732678845405,0.043077592823945784,0.0473805751319581,0.042225585781266374
2025-02-24,2947.89990234375,70.69999694824219,3.99399995803833,5983.25,18.979999542236328,0.003500064634192458,0.004252244899222221,-0.05835399687748168,-0.004981493566252351,0.0414149256001298,49,Neutral,160979940.5,6512533.64917,0.48114871320826386,0.3969895730967463,1.098666666666667e-05,6.106333333333334e-05,0.0384,-0.12009517541476307,0.06739667741338431,0.047693407838636216,0.04276316237981449,0.043077592823945784
2025-02-25,2904.5,68.93000030517578,4.173999786376953,5955.25,19.43000030517578,-0.01483176087132524,-0.02535402841274555,0.04408153298810564,-0.004690715138395557,0.02343251003220151,25,Extreme Fear,311736799.9,11735645.0997,0.6608794776686553,0.588902226146318,-0.00015771,-0.00016869666666666667,0.0385,0.0026007817000574403,0.06568766961834951,0.047714596267424865,0.04283969119977435,0.047693407838636216
2025-02-26,2916.800048828125,68.62000274658203,3.9059998989105225,5956.06005859375,19.100000381469727,0.0042258832321174136,-0.004507423868616894,-0.066360950901628,0.00013601502958346571,-0.017129924070949657,21,Extreme Fear,220659603.1,8680886.70771,-0.3455379850873252,-0.30150712135067836,-3.2689999999999994e-05,0.00012502000000000002,0.0392,0.018018505502678212,0.0641919498571787,0.04765103320433397,0.04407334112791434,0.047714596267424865
2025-02-27,2883.199951171875,70.3499984741211,3.934000015258789,5861.56982421875,21.1299991607666,-0.011586370186078948,0.024898684414304355,0.007142917271638818,-0.015991742678524653,0.10100543688551947,10,Extreme Fear,133182449.2,5223860.61948,-0.5049012699736671,-0.5078869679066845,-9.357333333333334e-05,-6.088333333333335e-05,0.0389,-0.007682496172016282,0.05890891431555876,0.0470155156081531,0.04483628864166065,0.04765103320433397
2025-02-28,2836.800048828125,69.76000213623047,3.8340001106262207,5954.5,19.6299991607666,-0.016224097946286358,-0.008421951647283326,-0.025748050368114776,0.015729780420663385,-0.07363482637456453,16,Extreme Fear,244503915.9,8992670.44538,0.6075113380755424,0.5431731397645024,-0.00023205666666666666,-0.00013848333333333333,0.038,-0.02340809089801473,0.05672080211878018,0.04677000941864406,0.044753195244265326,0.0470155156081531
2025-03-01,2836.800048828125,69.76000213623047,3.8340001106262207,5954.5,19.6299991607666,0.0,0.0,0.0,0.0,0.0,20,Extreme Fear,92943187.8,3475217.73135,-0.9672429021208813,-0.950752717021196,0.0001,0.00033205666666666665,0.0375,-0.01324522675002068,0.04610043209377846,0.04650567646962404,0.044820575629997944,0.04677000941864406
2025-03-02,2836.800048828125,69.76000213623047,3.8340001106262207,5954.5,19.6299991607666,0.0,0.0,0.0,0.0,0.0,26,Fear,207713262.2,8008788.51573,0.804170158898983,0.8348823696081951,9.972666666666667e-05,-2.7333333333333636e-07,0.0398,0.05952597931402701,0.05487128949953563,0.04797851709639116,0.043018489957305464,0.04650567646962404
2025-03-03,2890.199951171875,68.37000274658203,4.122000217437744,5849.72021484375,22.780000686645508,0.01864901343751476,-0.020126638125264197,0.07242986174136191,-0.017753402648308866,0.14882402262573163,33,Fear,230998932.3,8445836.32058,0.10625450691749494,0.053134073638956725,4.987e-05,-4.9856666666666666e-05,0.034,-0.15750638767423059,0.06751505464383402,0.05390016429713565,0.03589171622399171,0.04797851709639116
2025-03-04,2909.60009765625,68.26000213623047,4.349999904632568,5778.14990234375,23.510000228881836,0.00668996126638687,-0.0016101973239740863,0.053837287958234635,-0.012310288231505477,0.031542884125980525,15,Extreme Fear,289360986.8,9524074.56423,0.22526190948960417,0.12014918087687011,-0.00042185666666666666,-0.00047172666666666664,0.0337,-0.00886268725784543,0.06708715054671271,0.049354601606323246,0.03593623587301468,0.05390016429713565
2025-03-05,2915.300048828125,66.30999755859375,4.449999809265137,5842.6298828125,21.93000030517578,0.001957098953760298,-0.02898329621135002,0.022728230139335913,0.011097472528735688,-0.06957029594178693,20,Extreme Fear,128918294.2,4388776.44734,-0.8084961725244648,-0.7747722830322857,2.730666666666667e-05,0.00044916333333333336,0.0346,0.026355844705362456,0.06792317895101717,0.04966304714713058,0.0355788428337497,0.049354601606323246
2025-03-06,2916.60009765625,66.36000061035156,4.302000045776367,5738.52001953125,24.8700008392334,0.0004458405723709752,0.0007537959571209369,-0.03382401183012501,-0.017979677107455568,0.12580671521442058,25,Extreme Fear,86471836.7,2964331.228189,-0.3993600517587797,-0.3923990230578752,-0.00013794666666666665,-0.00016525333333333332,0.03347,-0.033204166840443326,0.06797253921945096,0.04881035558220784,0.0352814328068906,0.04966304714713058
2025-03-07,2904.699951171875,67.04000091552734,4.39900016784668,5770.2001953125,23.3700008392334,-0.004088489842890409,0.010194995310435618,0.02229723903597061,0.005505435045454467,-0.062209107098641185,34,Fear,59525510.4,1981986.207819,-0.3734138067548752,-0.40255197442676305,-0.00020129000000000002,-6.334333333333337e-05,0.03297,-0.015051458139595545,0.06800636307285952,0.0488209890979493,0.04227541797476271,0.04881035558220784
2025-03-08,2904.699951171875,67.04000091552734,4.39900016784668,5770.2001953125,23.3700008392334,0.0,0.0,0.0,0.0,0.0,28,Fear,34207067.9,1116081.10096,-0.5539726804254342,-0.5742759447348004,-3.1226666666666664e-05,0.00017006333333333335,0.03261,-0.010979067282411901,0.06805083440712947,0.047933772306493726,0.042476591704961666,0.0488209890979493
2025-03-09,2904.699951171875,67.04000091552734,4.39900016784668,5770.2001953125,23.3700008392334,0.0,0.0,0.0,0.0,0.0,27,Fear,59000169.6,1815535.141178,0.5451080320186191,0.48655673545340417,-0.0001517,-0.00012047333333333333,0.02982,-0.0894396804646354,0.0620815446027308,0.05016488067412296,0.04024953987550686,0.047933772306493726
2025-03-10,2891.0,66.02999877929688,4.491000175476074,5614.56005859375,27.860000610351562,-0.004727634903135915,-0.015180304110880534,0.020698152656202642,-0.027343541788428148,0.17573880579798803,20,Extreme Fear,157414715.0,4855821.512462,0.9813435010645634,0.9837980291156746,-0.00019371333333333333,-4.2013333333333326e-05,0.02916,-0.022381402196134995,0.035010431515797316,0.049050694330303596,0.046575723885211584,0.05016488067412296
2025-03-11,2912.89990234375,66.25,4.453000068664551,5572.06982421875,26.920000076293945,0.007546651957820141,0.0033262991469503343,-0.008497391419023143,-0.007596646918536578,-0.03432248264884245,24,Extreme Fear,162259087.9,4698897.302686,0.03031054618350319,-0.032850432259410776,-0.00018727000000000001,6.443333333333313e-06,0.0302,0.03504401724036654,0.041139855225278646,0.04974145923295709,0.04653033075645661,0.049050694330303596
2025-03-12,2939.10009765625,67.68000030517578,4.084000110626221,5599.2998046875,24.229999542236328,0.008954330271122598,0.02135525494073462,-0.08650111436927402,0.004874967940490777,-0.10527799167462569,34,Fear,129141739.2,3951180.600848,-0.22828381106369952,-0.17331344419342673,-2.9333333333333506e-07,0.0001869766666666667,0.03109,0.029044299689838408,0.04160741996441793,0.04971200335471146,0.0471233559650458,0.04974145923295709
2025-03-13,2984.300048828125,66.55000305175781,4.111000061035156,5521.52001953125,24.65999984741211,0.015261784579635519,-0.016837129109330447,0.006589395372399955,-0.013988366806464148,0.017590975612529973,45,Fear,47857939.0,1465156.649977,-0.9926735362099512,-0.9920522554815027,5.1003333333333333e-05,5.1296666666666666e-05,0.0304,-0.022443615658486432,0.0410296388530087,0.04968461168327962,0.04818854612621276,0.04971200335471146
2025-03-14,2994.5,67.18000030517578,4.104000091552734,5638.93994140625,21.770000457763672,0.003412042879592822,0.009421998029069015,-0.0017041925858926159,0.02104290595319694,-0.12464959527480426,27,Fear,35955026.8,1119857.02038,-0.2859681165219308,-0.2687611482818278,9.553333333333334e-05,4.453000000000001e-05,0.03109,0.02244361565848632,0.04321953623774526,0.048830384477518536,0.04812132260606121,0.04968461168327962
2025-03-15,2994.5,67.18000030517578,4.104000091552734,5638.93994140625,21.770000457763672,0.0,0.0,0.0,0.0,0.0,46,Fear,15213278.6,480727.541089,-0.8601002633323479,-0.8456556287907532,0.0001,4.466666666666662e-06,0.03185,0.024151157947509935,0.044876323649996885,0.04915065530660479,0.04795680489686085,0.048830384477518536
2025-03-16,2994.5,67.18000030517578,4.104000091552734,5638.93994140625,21.770000457763672,0.0,0.0,0.0,0.0,0.0,30,Fear,25383153.3,792155.792945,0.5119170594694791,0.49945741375967323,6.775666666666666e-05,-3.2243333333333344e-05,0.0307,-0.0367747274250209,0.02998565769288731,0.04938387499947262,0.047727457178290245,0.04915065530660479
2025-03-17,3000.0,67.58000183105469,4.01800012588501,5675.1201171875,20.510000228881836,0.0018350159457296321,0.005936519653962617,-0.021177832453630915,0.0063956349746060355,-0.059620313029912886,32,Fear,33180142.1,1050888.224681,0.2678658693860744,0.28263293308974274,2.3763333333333333e-05,-4.399333333333333e-05,0.03201,0.04178569938862015,0.0303275309958094,0.050152615512966466,0.046893256015412776,0.04938387499947262
2025-03-18,3035.10009765625,66.9000015258789,4.052000045776367,5614.66015625,21.700000762939453,0.011632116405335577,-0.010113118438230645,0.00842629996065624,-0.010710667074319702,0.05639971246110034,34,Fear,23458107.8,739021.491653,-0.3467353839176132,-0.35206401122377246,4.873e-05,2.496666666666667e-05,0.03189,-0.0037558729598052725,0.029221172405539435,0.050081247623892204,0.046948358285343605,0.050152615512966466
2025-03-19,3035.89990234375,67.16000366210938,4.247000217437744,5675.2900390625,19.899999618530273,0.00026348367390129166,0.0038788967949342436,0.047002304845430026,0.010740608172953766,-0.0865925831437999,32,Fear,40636803.0,1324798.055498,0.5494579503013486,0.5836883132599373,2.911666666666667e-05,-1.9613333333333334e-05,0.03325,0.041762286079896925,0.03109880598239872,0.050881376895810765,0.046774693404653865,0.050081247623892204
2025-03-20,3040.0,68.26000213623047,3.9749999046325684,5662.89013671875,19.799999237060547,0.001349626670783865,0.016246088036584214,-0.06618817841460645,-0.002187283513782985,-0.005037813392920311,49,Neutral,71791070.0,2353843.178356,0.5690859612228453,0.5747893505213237,-8.166333333333333e-05,-0.00011077999999999999,0.03219,-0.03239892179114633,0.032978990155582144,0.050755751522890226,0.04720264854396743,0.050881376895810765
2025-03-21,3018.199951171875,68.27999877929688,3.9800000190734863,5667.56005859375,19.280000686645508,-0.007196904393713174,0.00029290527428279986,0.0012570999741912314,0.0008243136078323211,-0.02661357437140071,31,Fear,43562262.6,1395473.454332,-0.499568856195557,-0.5228156359202094,5.941666666666666e-05,0.00014108,0.03248,0.008968669982760316,0.03239530525583872,0.050149822866231604,0.04713089982601874,0.050755751522890226
2025-03-22,3018.199951171875,68.27999877929688,3.9800000190734863,5667.56005859375,19.280000686645508,0.0,0.0,0.0,0.0,0.0,32,Fear,49775551.7,1634032.804445,0.13333269490170938,0.1578173209173525,-7.460666666666666e-05,-0.00013402333333333333,0.03266,0.005526572248841748,0.03143032188457195,0.048784849681436565,0.04710579608443991,0.050149822866231604
2025-03-23,3018.199951171875,68.27999877929688,3.9800000190734863,5667.56005859375,19.280000686645508,0.0,0.0,0.0,0.0,0.0,30,Fear,25253116.1,825682.840747,-0.6785743757582992,-0.6825956216325003,-4.0980000000000004e-05,3.362666666666666e-05,0.03265,-0.0003062318198790479,0.026214617302218076,0.048383887047754544,0.04893689556853818,0.048784849681436565
2025-03-24,3013.10009765625,69.11000061035156,3.9140000343322754,5767.56982421875,17.479999542236328,-0.0016911295043418105,0.012082566886560389,-0.01672194634313559,0.01749211712863917,-0.09801098075725649,45,Fear,41440673.7,1395285.008413,0.49531329705047883,0.5246432507480495,-6.510666666666666e-05,-2.412666666666666e-05,0.03426,0.048133637173533826,0.027618204371995792,0.047908478297762305,0.04794479216924989,0.048383887047754544
2025-03-25,3023.699951171875,69.0,3.8399999141693115,5776.64990234375,17.149999618530273,0.0035117493782604987,-0.0015929423376389708,-0.019087533497650484,0.0015730954906538206,-0.019059192670720065,46,Fear,48228544.3,1664356.878855,0.151688196107868,0.1763400883576919,-9.007333333333334e-05,-2.4966666666666673e-05,0.03467,0.01189626680095824,0.026972890920668856,0.0473805751319581,0.04797536128116452,0.047908478297762305
2025-03-26,3020.89990234375,69.6500015258789,3.8610000610351562,5712.2001953125,18.329999923706055,-0.0009264629905246514,0.00937621753636423,0.005453888842327021,-0.011219640357598032,0.06654090632055294,47,Neutral,29789763.9,1017976.040861,-0.4817862099508948,-0.4916224075178928,-2.4603333333333332e-05,6.547000000000001e-05,0.03342,-0.03672023652968441,0.028762801661578852,0.04276316237981449,0.04768523254456434,0.0473805751319581
2025-03-27,3060.199951171875,69.91999816894531,3.950000047683716,5693.31005859375,18.690000534057617,0.012925489441903849,0.0038689830258029543,0.022789357894636857,-0.0033124610071321114,0.01944959235261349,40,Fear,29545588.2,999546.444806,-0.00823040800199296,-0.01827004043263496,3.5396666666666666e-05,5.9999999999999995e-05,0.03379,0.011010377558951085,0.024842453542146908,0.04283969119977435,0.047751383994303724,0.04276316237981449
2025-03-28,3086.5,69.36000061035156,4.065000057220459,5580.93994140625,21.649999618530273,0.008557505502098309,-0.008041363887377214,0.028698166091290295,-0.019934601126853548,0.14701678678666755,44,Fear,73473443.7,2341643.788412,0.9109895975130082,0.8513068145120732,-3.0390000000000002e-05,-6.578666666666666e-05,0.03162,-0.06637506894487256,0.03710657504536282,0.04407334112791434,0.0467577475871385,0.04283969119977435
2025-03-29,3086.5,69.36000061035156,4.065000057220459,5580.93994140625,21.649999618530273,0.0,0.0,0.0,0.0,0.0,26,Fear,47737257.8,1457726.930971,-0.4312118517671581,-0.4739748305286748,-0.00016445,-0.00013406,0.03001,-0.052259172329050314,0.040910047176121705,0.04483628864166065,0.04588119683408427,0.04407334112791434
2025-03-30,3086.5,69.36000061035156,4.065000057220459,5580.93994140625,21.649999618530273,0.0,0.0,0.0,0.0,0.0,32,Fear,21630418.0,653041.330246,-0.7916116141694931,-0.8029931847378514,1.3526666666666665e-05,0.0001779766666666667,0.02986,-0.005010867341231286,0.04072243364244346,0.044753195244265326,0.04588064594388314,0.04483628864166065
2025-03-31,3122.800048828125,71.4800033569336,4.11899995803833,5611.85009765625,22.280000686645508,0.01169228804819296,0.030107395982433494,0.013196648190452097,0.005523240357645722,0.02868400904935161,34,Fear,49727643.8,1454912.179119,0.8324604269631902,0.8010603996437455,-2.101e-05,-3.4536666666666664e-05,0.0292,-0.022351082836808246,0.030615963956336586,0.044820575629997944,0.045703626916125534,0.044753195244265326
2025-04-01,3118.89990234375,71.19999694824219,3.9509999752044678,5633.06982421875,21.770000457763672,-0.0012497066576345498,-0.003924961698320787,-0.04164170011310713,0.0037741045552120668,-0.02315654960427546,34,Fear,41305120.7,1226787.153533,-0.185574511578404,-0.17054685912999776,1.830666666666667e-05,3.931666666666667e-05,0.02928,0.0027359798188748455,0.029039463129110942,0.043018489957305464,0.045780123556818826,0.044820575629997944
2025-04-02,3139.89990234375,71.70999908447266,4.054999828338623,5670.97021484375,21.510000228881836,0.006710576935193882,0.007137419571240765,0.025981940080620877,0.006705661429484109,-0.01201494235336976,44,Fear,79527002.0,2246726.73872,0.6551101316171861,0.6050756925232879,4.163333333333335e-06,-1.4143333333333334e-05,0.0269,-0.08477840248531733,0.03707805126212142,0.03589171622399171,0.04289900414927788,0.043018489957305464
2025-04-03,3097.0,66.94999694824219,4.138000011444092,5396.52001953125,30.020000457763672,-0.013757020186500003,-0.06868416857286343,0.020261936854847156,-0.04960591182899663,0.3333458875335828,25,Extreme Fear,120003815.6,3141456.61134,0.41142692715143725,0.3352122071174101,-0.00014656333333333335,-0.00015072666666666667,0.02643,-0.017626557991595612,0.033028482582464325,0.03593623587301468,0.04428161770040939,0.03589171622399171
2025-04-04,3012.0,61.9900016784668,3.8369998931884766,5074.080078125,45.310001373291016,-0.02782959105341858,-0.07697291776429961,-0.0755217986613945,-0.061609061898230934,0.41166394753389157,28,Fear,47101974.5,1248112.810464,-0.9352086173557796,-0.9230539224566896,-9.536e-05,5.120333333333335e-05,0.02678,0.013155611646828717,0.034135457647492505,0.0355788428337497,0.044382161565401056,0.03593623587301468
2025-04-05,3012.0,61.9900016784668,3.8369998931884766,5074.080078125,45.310001373291016,0.0,0.0,0.0,0.0,0.0,30,Fear,17713247.3,470301.283258,-0.9780021269172252,-0.9760144203023782,-0.00010359999999999998,-8.239999999999989e-06,0.02646,-0.012021181576216868,0.03184216733119539,0.0352814328068906,0.04434395532887099,0.0355788428337497
2025-04-06,3012.0,61.9900016784668,3.8369998931884766,5074.080078125,45.310001373291016,0.0,0.0,0.0,0.0,0.0,34,Fear,67348319.2,1650563.918328,1.3355651516757967,1.2554987596468556,4.9363333333333336e-05,0.0001529633333333333,0.02311,-0.1353687344005204,0.05364466825726493,0.04227541797476271,0.03646991905838675,0.0352814328068906
2025-04-07,2951.300048828125,60.70000076293945,3.6549999713897705,5062.25,46.97999954223633,-0.02035854214521939,-0.021029398155768406,-0.04859469805352062,-0.0023341946059635883,0.03619418049913722,23,Extreme Fear,116079779.7,2623645.237797,0.5443997643990469,0.46344766472483045,-0.00025259333333333333,-0.0003019566666666667,0.02336,0.01075973367373702,0.05649529720241681,0.042476591704961666,0.036452108920228724,0.04227541797476271
2025-04-08,2968.39990234375,59.58000183105469,3.4649999141693115,4982.77001953125,52.33000183105469,0.0057772864227977104,-0.018623732616628662,-0.05338347750294086,-0.015825083277054855,0.1078478858876829,24,Extreme Fear,66781090.9,1529196.103685,-0.5528577406337061,-0.5398224880378375,-2.83e-05,0.00022429333333333332,0.02243,-0.04062580942790934,0.054406084446123354,0.04024953987550686,0.04060931035288067,0.042476591704961666
2025-04-09,3056.5,62.349998474121094,3.815999984741211,5456.89990234375,33.619998931884766,0.02924741627141751,0.04544366963540521,0.09649014171630077,0.09089487983303646,-0.4424487591644147,18,Extreme Fear,117942094.3,2767968.845632,0.5687738076375941,0.5933716076078259,-0.00028715,-0.00025885000000000003,0.02529,0.12000971214975693,0.0759137480471127,0.046575723885211584,0.03571337253675093,0.04024953987550686
2025-04-10,3155.199951171875,60.06999969482422,3.556999921798706,5268.0498046875,40.720001220703125,0.03178139946409088,-0.037253103871513815,-0.07028527860627012,-0.03522060702411168,0.19159830601000538,39,Fear,64557078.1,1584126.675464,-0.6026440134855492,-0.5580805204228397,-0.00022615666666666668,6.099333333333334e-05,0.02416,-0.04571068761525951,0.07718836151081064,0.04653033075645661,0.03497587544715144,0.046575723885211584
2025-04-11,3222.199951171875,61.5,3.5269999504089355,5363.35986328125,37.560001373291016,0.0210124709703548,0.02352663103073811,-0.008469833787630185,0.01793038083577807,-0.08077971131758639,25,Extreme Fear,54952503.7,1375470.570633,-0.16108052121242109,-0.14123735632074055,1.8903333333333336e-05,0.00024506,0.02532,0.04689622420936121,0.080080701714809,0.0471233559650458,0.03672134981952104,0.04653033075645661
2025-04-12,3222.199951171875,61.5,3.5269999504089355,5363.35986328125,37.560001373291016,0.0,0.0,0.0,0.0,0.0,43,Fear,85916895.5,2274836.273761,0.4469112546080063,0.5031121764777896,-0.00010784333333333335,-0.00012674666666666668,0.02665,0.05119455333587811,0.08306176939166811,0.04818854612621276,0.03856165016162558,0.0471233559650458
2025-04-13,3222.199951171875,61.5,3.5269999504089355,5363.35986328125,37.560001373291016,0.0,0.0,0.0,0.0,0.0,45,Fear,71323373.5,1904831.008341,-0.18615640488532081,-0.17751478712408336,-0.0002523033333333333,-0.00014445999999999996,0.02588,-0.029318680979153678,0.06070005563534187,0.04812132260606121,0.03791812625824833,0.04818854612621276
2025-04-14,3204.800048828125,61.529998779296875,3.325000047683716,5405.97021484375,30.889999389648438,-0.00541463975573675,0.0004876661007729428,-0.05897794874472076,0.007913319326342991,-0.19550720373103717,31,Fear,70478746.7,1832051.405771,-0.01191289365343791,-0.03895696933452301,-0.00021667666666666668,3.562666666666664e-05,0.02628,0.015337723983710062,0.060656668426825204,0.04795680489686085,0.03850518623327808,0.04812132260606121
2025-04-15,3218.699951171875,61.33000183105469,3.3289999961853027,5396.6298828125,30.1200008392334,0.004327834993182707,-0.003255691419578087,0.0012022689982044514,-0.001729275225300909,-0.025243056376930858,38,Fear,61156697.4,1616366.888152,-0.14187181886334696,-0.1252553566989943,8.544666666666666e-05,0.00030212333333333333,0.02567,-0.02348519873336079,0.05824902618312625,0.047727457178290245,0.04049487068300062,0.04795680489686085
2025-04-16,3326.60009765625,62.470001220703125,3.246999979019165,5275.7001953125,32.63999938964844,0.03297325457193712,0.018417311552440873,-0.0249404707878863,-0.022663253964902527,0.08034908060172265,29,Fear,54932504.2,1403308.99267,-0.10733414501011408,-0.1413479550929206,-5.7793333333333335e-05,-0.00014324,0.02526,-0.016100877960703853,0.03832976975844131,0.046893256015412776,0.04037266363656395,0.047727457178290245
2025-04-17,3308.699951171875,64.68000030517578,3.244999885559082,5282.7001953125,29.649999618530273,-0.005395442489893157,0.0347655783810385,-0.0006161717698969011,0.0013259586237727749,-0.09607639881843334,30,Fear,60958016.5,1539376.787434,0.10408013787261608,0.09254463704964312,-1.1236666666666667e-05,4.655666666666667e-05,0.02539,0.005133278794241997,0.03265948653415686,0.046948358285343605,0.04064221859803277,0.046893256015412776
2025-04-18,3308.699951171875,64.68000030517578,3.244999885559082,5282.7001953125,29.649999618530273,0.0,0.0,0.0,0.0,0.0,33,Fear,36573162.7,955574.17377,-0.5108706612411722,-0.4768205411233272,8.348e-05,9.471666666666666e-05,0.02634,0.03673330059854788,0.030766230436828624,0.046774693404653865,0.04058678934753973,0.046948358285343605
2025-04-19,3308.699951171875,64.68000030517578,3.244999885559082,5282.7001953125,29.649999618530273,0.0,0.0,0.0,0.0,0.0,32,Fear,43996665.9,1184001.87563,0.1847991441689944,0.21434301069618306,3.194e-05,-5.153999999999999e-05,0.02731,0.03616423917047875,0.027397278147511063,0.04720264854396743,0.04069554042362285,0.046774693404653865
2025-04-20,3308.699951171875,64.68000030517578,3.244999885559082,5282.7001953125,29.649999618530273,0.0,0.0,0.0,0.0,0.0,37,Fear,38324084.8,1042277.538307,-0.13803531154835158,-0.12749186119939157,0.0001,6.806e-05,0.02727,-0.0014657386281165942,0.023596325312118378,0.04713089982601874,0.04068544857561496,0.04720264854396743
2025-04-21,3406.199951171875,63.08000183105469,3.0160000324249268,5158.2001953125,33.81999969482422,0.029041937846947277,-0.025048248304809336,-0.07318385399252582,-0.02384964833401801,0.13159022186892802,39,Fear,45727422.5,1251627.345904,0.17661962814507795,0.18303632192257377,0.0001,0.0,0.02688,-0.014404681202548276,0.02460072552294593,0.04710579608443991,0.040543789150139765,0.04713089982601874
2025-04-22,3400.800048828125,64.30999755859375,3.006999969482422,5287.759765625,30.56999969482422,-0.0015865736672474797,0.019311311061345086,-0.0029885670391334444,0.02480695212545062,-0.10103320852701309,47,Neutral,86067626.0,2380728.144615,0.6324351634365355,0.6429618026771772,0.0001,0.0,0.02872,0.06621122852507462,0.03091836550587251,0.04893689556853818,0.03921330866258231,0.04710579608443991
2025-04-23,3276.300048828125,62.27000045776367,3.0220000743865967,5375.85986328125,28.450000762939453,-0.03729596062718759,-0.03223532594805014,0.0049759946080229845,0.016523864366879457,-0.07187093853069917,72,Greed,90438045.8,2578233.684083,0.04953170340015679,0.07969816189485662,0.0001,0.0,0.02876,0.0013917886728224851,0.028500113758870998,0.04794479216924989,0.04152697889310511,0.04893689556853818
2025-04-24,3332.0,62.790000915527344,2.930000066757202,5484.77001953125,26.469999313354492,0.016857972511505684,0.008316063471168578,-0.030916442652565854,0.020056628082583162,-0.07213619709070036,63,Greed,77161963.2,2181140.748447,-0.15875840853191808,-0.16725652686037615,0.0001,0.0,0.02917,0.014155251026784185,0.02799237844775973,0.04797536128116452,0.041543774693816114,0.04794479216924989
2025-04-25,3282.39990234375,63.02000045776367,2.937000036239624,5525.2099609375,24.84000015258789,-0.01499789191023496,0.003656303886111966,0.0023862187424727064,0.0073460847957005125,-0.063556727090384,60,Greed,45120525.7,1327308.263693,-0.53656937267428,-0.49669498946958196,0.0001,0.0,0.02944,0.009213509981045448,0.027141736036162576,0.04768523254456434,0.04153894408055272,0.04797536128116452
2025-04-26,3282.39990234375,63.02000045776367,2.937000036239624,5525.2099609375,24.84000015258789,0.0,0.0,0.0,0.0,0.0,65,Greed,43057194.3,1286128.030239,-0.04680792638024675,-0.03151685176180247,0.0001,0.0,0.02992,0.016172859245600968,0.025665112385100674,0.047751383994303724,0.04154357697193169,0.04768523254456434
2025-04-27,3282.39990234375,63.02000045776367,2.937000036239624,5525.2099609375,24.84000015258789,0.0,0.0,0.0,0.0,0.0,61,Greed,33847056.2,990573.812843,-0.24067730234423293,-0.2611070726405319,0.0001,0.0,0.02879,-0.03849904848219195,0.03215084271803469,0.0467577475871385,0.041046287229748714,0.047751383994303724
2025-04-28,3332.5,62.04999923706055,3.1700000762939453,5528.75,25.149999618530273,0.015147940676365497,-0.015511644237855738,0.07634294740120305,0.0006405015390019333,0.012402618169858071,54,Neutral,62802030.6,1820516.419132,0.6181353777963802,0.6085911024455829,0.0001,0.0,0.0291,0.01071006955336242,0.030632091658986685,0.04588119683408427,0.0410088756470609,0.0467577475871385
2025-04-29,3318.800048828125,60.41999816894531,3.385999917984009,5560.830078125,24.170000076293945,-0.004119486550149282,-0.026620353701971432,0.06591764753217541,0.005785641545556399,-0.03974568350601866,60,Greed,63906788.8,1879760.407539,0.01743818939556635,0.03202411830590499,9.221333333333333e-05,-7.786666666666678e-06,0.02896,-0.004822606659931308,0.018969295187504006,0.04588064594388314,0.0415891366679488,0.04588119683408427
2025-04-30,3305.0,58.209999084472656,3.3259999752044678,5569.06005859375,24.700000762939453,-0.004166813216927875,-0.03726300009744934,-0.017878886173179828,0.0014788972519335208,0.021691076650220915,56,Greed,48600615.9,1402089.639598,-0.273789393076224,-0.2931806024076194,7.09e-05,-2.1313333333333325e-05,0.02893,-0.0010364485294718936,0.018987159289577036,0.045703626916125534,0.044251155626522626,0.04588064594388314
2025-05-01,3210.0,59.2400016784668,3.4790000915527344,5604.14013671875,24.600000381469727,-0.02916553616172506,0.017539872177297182,0.04497454916994852,0.006279345716451974,-0.004056816076951518,53,Neutral,36454510.4,1069235.033404,-0.28757101075392816,-0.2710202527714702,0.0001,2.9100000000000003e-05,0.02935,0.014413427286061691,0.019017556806776324,0.045780123556818826,0.044124137847303485,0.045703626916125534
2025-05-02,3231.89990234375,58.290000915527344,3.630000114440918,5686.669921875,22.68000030517578,0.006799232227835648,-0.016166449969052803,0.04248775731755899,0.014619191109112719,-0.08126296612994292,67,Greed,31336941.9,918792.310468,-0.15126753891976777,-0.15163864804823357,8.391333333333334e-05,-1.6086666666666663e-05,0.02925,-0.0034129725962399574,0.018691271899492563,0.04289900414927788,0.04431603010070125,0.045780123556818826
2025-05-03,3231.89990234375,58.290000915527344,3.630000114440918,5686.669921875,22.68000030517578,0.0,0.0,0.0,0.0,0.0,65,Greed,34241072.1,964046.434647,0.08862820812316904,0.04807936049468047,2.898e-05,-5.4933333333333345e-05,0.02754,-0.06024008037735682,0.02734957660788662,0.04428161770040939,0.04320774590196067,0.04289900414927788
2025-05-04,3231.89990234375,58.290000915527344,3.630000114440918,5686.669921875,22.68000030517578,0.0,0.0,0.0,0.0,0.0,64,Greed,28626990.3,778107.008546,-0.17907587252682697,-0.21427540433296832,-8.830000000000002e-06,-3.7810000000000006e-05,0.02701,-0.019432325495984563,0.025109898569456307,0.044382161565401056,0.04306316350421439,0.04428161770040939
2025-05-05,3311.300048828125,57.130001068115234,3.549999952316284,5650.3798828125,23.639999389648438,0.024270706904035648,-0.020101176331286184,-0.022285089747890917,-0.006402047029318447,0.04145667440402957,52,Neutral,34597186.8,937926.892335,0.18942238281145524,0.18680794818892887,7.410333333333334e-05,8.293333333333333e-05,0.02724,0.008479313476787398,0.024828906095397795,0.04434395532887099,0.043191174340096096,0.044382161565401056
2025-05-06,3411.39990234375,59.09000015258789,3.4630000591278076,5606.91015625,24.760000228881836,0.029781859324395553,0.03373231650728526,-0.024812307560849376,-0.007722985278391797,0.046289290341108305,59,Greed,47968929.6,1271867.524428,0.32678112891904054,0.3045695849866948,4.068333333333333e-05,-3.342000000000001e-05,0.02663,-0.022648081455470762,0.025188397535155917,0.03646991905838675,0.0435234562493153,0.04434395532887099
2025-05-07,3381.39990234375,58.06999969482422,3.621000051498413,5631.27978515625,23.549999237060547,-0.008832939557882192,-0.017412533811229817,0.04461496251121383,0.004336938106710132,-0.05010366899456484,67,Greed,44748345.8,1190529.093483,-0.06949902264429644,-0.06608848734880692,7.688e-05,3.6196666666666665e-05,0.02675,0.004496073516174574,0.025671275626139706,0.036452108920228724,0.043523851386582414,0.03646991905838675
2025-05-08,3296.60009765625,59.90999984741211,3.5920000076293945,5663.93994140625,22.479999542236328,-0.025398132101867026,0.031194259420231813,-0.008041092441706782,0.005783021147465641,-0.04649978340350906,65,Greed,80657650.1,2307220.435304,0.5891591769468819,0.6616457005740659,9.127e-05,1.4390000000000003e-05,0.03,0.11466290832013973,0.054317303165139726,0.04060931035288067,0.0384737155749513,0.036452108920228724
2025-05-09,3335.39990234375,61.02000045776367,3.7950000762939453,5659.91015625,21.899999618530273,0.011700918988177024,0.01835825324150491,0.05497527838744996,-0.0007117341348763632,-0.026139385258591493,73,Greed,103995967.8,3200290.092109,0.2541384716145242,0.3271979342237356,0.0001,8.730000000000006e-06,0.03149,0.04847265345077777,0.056760976207356595,0.03571337253675093,0.03723259858759231,0.04060931035288067
2025-05-10,3335.39990234375,61.02000045776367,3.7950000762939453,5659.91015625,21.899999618530273,0.0,0.0,0.0,0.0,0.0,70,Greed,93598013.5,3005549.69833,-0.10534296726817502,-0.06278098032619547,0.0001,0.0,0.03301,0.04714051075216832,0.048327148744552496,0.03497587544715144,0.036901288001794416,0.03571337253675093
2025-05-11,3335.39990234375,61.02000045776367,3.7950000762939453,5659.91015625,21.899999618530273,0.0,0.0,0.0,0.0,0.0,70,Greed,105900195.0,3374089.303273,0.12348793399770801,0.11566497269018998,0.0001,0.0,0.031,-0.06282334137995534,0.057095423312967665,0.03672134981952104,0.03530502302185045,0.03497587544715144
2025-05-12,3220.0,61.95000076293945,3.6459999084472656,5844.18994140625,18.389999389648438,-0.03521122337030222,0.015125933600171835,-0.04005377980538777,0.03203997667702081,-0.1746796139768351,70,Greed,396265570.6,13244606.467162,1.3195875253436176,1.3674649586341483,-2.299999999999999e-05,-0.000123,0.03373,0.08440044458841268,0.06164243526712375,0.03856165016162558,0.031586882217524696,0.03672134981952104
2025-05-13,3240.300048828125,63.66999816894531,3.6470000743865967,5886.5498046875,18.219999313354492,0.006284573623097743,0.027385844879859716,0.0002742810771851462,0.007222059020245977,-0.009287151281460961,70,Greed,180878361.9,6043594.967818,-0.7842598476607572,-0.7845913822423138,-0.00035801999999999996,-0.00033502,0.03409,0.010616437076252852,0.058036467101081776,0.03791812625824833,0.03319766708045635,0.03856165016162558
2025-05-14,3181.39990234375,63.150001525878906,3.492000102996826,5892.580078125,18.6200008392334,-0.018344612393290653,-0.008200592311148426,-0.0434302647507596,0.001023891242276054,0.02171646277508113,73,Greed,89016897.9,3004477.621081,-0.7089985558931121,-0.6988953119396268,8.800000000000002e-06,0.00036681999999999996,0.03314,-0.028263074151394882,0.06211039315153995,0.03850518623327808,0.03303987279027791,0.03791812625824833
2025-05-15,3220.699951171875,61.619998931884766,3.361999988555908,5916.93017578125,17.829999923706055,0.012277391287757004,-0.024526397124652956,-0.03793863588996701,0.004123817438757677,-0.04335388932444697,70,Greed,115579900.4,3629069.233143,0.261135853393288,0.18887248949857807,0.0001,9.120000000000001e-05,0.03099,-0.06707644019876002,0.05902288219255858,0.04049487068300062,0.03122483118478599,0.03850518623327808
2025-05-16,3182.0,62.4900016784668,3.3340001106262207,5958.3798828125,17.239999771118164,-0.012088782158285714,0.014020094966139728,-0.008363214072638675,0.006980849368100189,-0.03365017563674573,71,Greed,101049482.6,3172828.320584,-0.13435174554945972,-0.13435280099820143,8.830666666666666e-05,-1.1693333333333346e-05,0.03073,-0.008425195657263577,0.05581056138319651,0.04037266363656395,0.03156493565740694,0.04049487068300062
2025-05-17,3182.0,62.4900016784668,3.3340001106262207,5958.3798828125,17.239999771118164,0.0,0.0,0.0,0.0,0.0,74,Greed,48610144.1,1471558.302797,-0.7317780881354299,-0.768301495554299,-7.584666666666667e-05,-0.00016415333333333332,0.03015,-0.019054452969198853,0.051221310803362716,0.04064221859803277,0.03153361552482595,0.04037266363656395
2025-05-18,3182.0,62.4900016784668,3.3340001106262207,5958.3798828125,17.239999771118164,0.0,0.0,0.0,0.0,0.0,74,Greed,48839689.6,1502882.955451,0.004711058312367168,0.021063324543856284,5.4173333333333325e-05,0.00013002,0.03121,0.03455363310949363,0.04857244091415467,0.04058678934753973,0.030895043871129582,0.04064221859803277
2025-05-19,3228.89990234375,62.689998626708984,3.11299991607666,5963.60009765625,18.139999389648438,0.014631561796196542,0.003195352579058796,-0.0685859530093522,0.0008757295660482738,0.05088715908092825,74,Greed,50394114.1,1506147.319359,0.03133109075146084,0.0021697124259277855,-1.2856666666666662e-05,-6.702999999999999e-05,0.03026,-0.030911847922478287,0.03243113533996077,0.04069554042362285,0.03070070089141185,0.04058678934753973
2025-05-20,3280.300048828125,62.560001373291016,3.427000045776367,5940.4599609375,18.09000015258789,0.015793404801633753,-0.0020758051911769233,0.09609839174955477,-0.0038877770695725784,-0.0027601031981324977,71,Greed,34833951.7,1049813.824609,-0.369281849795115,-0.36094210766101764,7.884333333333332e-05,9.169999999999998e-05,0.03034,0.002640265560176427,0.03148662370582184,0.04068544857561496,0.03065937786295524,0.04069554042362285
2025-05-21,3309.300048828125,61.56999969482422,3.368000030517578,5844.60986328125,20.8700008392334,0.008801804902702907,-0.015951384222085634,-0.017366150808915484,-0.016266719267758897,0.14295345345940377,70,Greed,89850015.5,2710515.667959,0.947549251006993,0.9485260616177448,0.0001,2.115666666666668e-05,0.03047,0.004275619077231502,0.03188544782224299,0.040543789150139765,0.03084430257885524,0.04068544857561496
2025-05-22,3292.300048828125,61.20000076293945,3.253000020980835,5842.009765625,20.280000686645508,-0.005150277910234424,-0.006027531981941245,-0.03474145150021651,-0.0004449700224211693,-0.028677548720296264,72,Greed,86000899.0,2680645.777571,-0.04378403605204916,-0.011081172893366001,2.6220000000000003e-05,-7.378e-05,0.03148,0.03260983055158479,0.024620609888012786,0.03921330866258231,0.030399827029927117,0.040543789150139765
2025-05-23,3363.60009765625,61.529998779296875,3.3340001106262207,5802.81982421875,22.290000915527344,0.021425434503964738,0.005377638928633734,0.02459516356892924,-0.006730899591473139,0.0945029758899914,78,Extreme Greed,88060886.6,2711022.157009,0.023670718725044202,0.011268016208980505,0.0001,7.378e-05,0.0293,-0.07176490752618085,0.037476742389415695,0.04152697889310511,0.029700058568225905,0.03921330866258231
2025-05-24,3363.60009765625,61.529998779296875,3.3340001106262207,5802.81982421875,22.290000915527344,0.0,0.0,0.0,0.0,0.0,66,Greed,39627377.7,1184356.762454,-0.7985082329677541,-0.8281259327709717,-0.00018991333333333334,-0.00028991333333333336,0.02976,0.015577693941869593,0.03787435200768899,0.041543774693816114,0.03308321932522139,0.04152697889310511
2025-05-25,3363.60009765625,61.529998779296875,3.3340001106262207,5802.81982421875,22.290000915527344,0.0,0.0,0.0,0.0,0.0,74,Greed,38780816.8,1124811.311265,-0.021594523448535526,-0.051584512445116706,-5.615e-05,0.00013376333333333333,0.02953,-0.007758514209059893,0.034302290529666025,0.04153894408055272,0.03411902295430343,0.041543774693816114
2025-05-26,3363.60009765625,61.529998779296875,3.3340001106262207,5802.81982421875,22.290000915527344,0.0,0.0,0.0,0.0,0.0,73,Greed,32572249.7,958719.718371,-0.17446502232691927,-0.15977180955790451,9.357e-05,0.00014972,0.02902,-0.017421448299789505,0.03315398355198959,0.04154357697193169,0.03461626876619208,0.04153894408055272
2025-05-27,3299.10009765625,60.88999938964844,3.3980000019073486,5921.5400390625,18.959999084472656,-0.019362124406121534,-0.010455893316601546,0.019014206301223757,0.02025258080218437,-0.16180673993166564,74,Greed,34744158.7,1023627.938156,0.06455077324815271,0.06550963023686622,8.671666666666667e-05,-6.853333333333331e-06,0.02951,0.01674394149880638,0.034177715318320256,0.041046287229748714,0.034716211636092724,0.04154357697193169
2025-05-28,3293.60009765625,61.84000015258789,3.2039999961853027,5888.5498046875,19.309999465942383,-0.0016685124798728683,0.015481459149985511,-0.05878699579554718,-0.005586802576444734,0.018291620243806275,71,Greed,47174387.7,1374852.831613,0.30583964892087767,0.2949935748878513,8.340000000000001e-05,-3.3166666666666615e-06,0.02942,-0.0030544737815565216,0.03399504597128788,0.0410088756470609,0.035001008071920026,0.041046287229748714
2025-05-29,3317.10009765625,60.939998626708984,3.5220000743865967,5912.169921875,19.18000030517578,0.007109715550713264,-0.014660655724199617,0.09462900317906153,0.0040031708706317415,-0.006754983416935554,74,Greed,151607391.9,4460008.69084,1.1674431194162986,1.176804020812841,-7.585666666666667e-05,-0.00015925666666666668,0.02833,-0.03775340133086635,0.031314577972112324,0.0415891366679488,0.034820802124133285,0.0410088756470609
2025-05-30,3288.89990234375,60.790000915527344,3.447000026702881,5911.68994140625,18.56999969482422,-0.008537804000789136,-0.002464434201305977,-0.021524735913139748,-8.118845699520562e-05,-0.032320726435630054,60,Greed,90042373.2,2438019.837471,-0.5210138583886306,-0.6039645468423741,-2.4616666666666664e-05,5.1240000000000004e-05,0.02606,-0.08351974214572615,0.03496457673651895,0.044251155626522626,0.03230585988440623,0.0415891366679488
2025-05-31,3288.89990234375,60.790000915527344,3.447000026702881,5911.68994140625,18.56999969482422,0.0,0.0,0.0,0.0,0.0,50,Neutral,56956700.3,1457972.924637,-0.4579890375664752,-0.5141391046003151,-0.00016427,-0.00013965333333333332,0.02589,-0.006544777933252788,0.0324671284378248,0.044124137847303485,0.0325717976619593,0.044251155626522626
2025-06-01,3288.89990234375,60.790000915527344,3.447000026702881,5911.68994140625,18.56999969482422,0.0,0.0,0.0,0.0,0.0,56,Greed,30760357.5,796475.059666,-0.6160645684927247,-0.6046065257377873,-9.988666666666667e-05,6.438333333333333e-05,0.02637,0.018370206601749033,0.035459865652786506,0.04431603010070125,0.03355257571894651,0.044124137847303485
2025-06-02,3370.60009765625,62.52000045776367,3.694000005722046,5935.93994140625,18.360000610351562,0.02453766635895122,0.02806119605402807,0.069205588044629,0.004093651490626028,-0.011372940494915069,64,Greed,30035353.2,793499.684264,-0.02385163895981167,-0.0037426743871457535,-8.85e-06,9.103666666666667e-05,0.02695,0.021756296989810773,0.03821401171711425,0.04320774590196067,0.03698774808307107,0.04431603010070125
2025-06-03,3350.199951171875,63.40999984741211,3.7219998836517334,5970.3701171875,17.690000534057617,-0.006070768059979941,0.01413506243041926,0.007551243634389918,0.005783533535368979,-0.03717488007439647,64,Greed,23802814.6,645419.169063,-0.23257129365735638,-0.20655316182837083,8.534666666666667e-05,9.419666666666667e-05,0.02693,-0.0007423905314986998,0.03667118138739203,0.04306316350421439,0.03703790664116234,0.04320774590196067
2025-06-04,3373.5,62.849998474121094,3.7160000801086426,5970.81005859375,17.610000610351562,0.006930750112583484,-0.008870664547419721,-0.0016132844510954663,7.368474471916267e-05,-0.004532581194009188,62,Greed,72298193.8,1990322.618095,1.1109953126438907,1.126152043989245,-0.00016387333333333333,-0.00024922,0.02747,0.019853593283675062,0.03868101546924535,0.043191174340096096,0.0375657503273215,0.04306316350421439
2025-06-05,3350.699951171875,63.369998931884766,3.677000045776367,5939.2998046875,18.479999542236328,-0.006781516425104247,0.00823963572205525,-0.010550627740839584,-0.005291357978698112,0.04822208427528902,57,Greed,76615752.0,2064352.429293,0.05800354845898827,0.03651983842738067,-0.00041791,-0.00025403666666666666,0.02648,-0.03670476903837504,0.0385565313959734,0.0435234562493153,0.03722793190465162,0.043191174340096096
2025-06-06,3322.699951171875,64.58000183105469,3.7839999198913574,6000.35986328125,16.770000457763672,-0.008391573926159246,0.01891424720320025,0.028684415250757576,0.010228196215376713,-0.09709743831107769,45,Fear,51112024.0,1358467.822022,-0.40478292243530456,-0.41845912046845263,-0.00041059999999999995,7.310000000000064e-06,0.02634,-0.005301034753672518,0.020846166877882495,0.043523851386582414,0.0372287318468567,0.0435234562493153
2025-06-07,3322.699951171875,64.58000183105469,3.7839999198913574,6000.35986328125,16.770000457763672,0.0,0.0,0.0,0.0,0.0,52,Neutral,102626811.1,2792441.53649,0.69707944250654,0.720558852637659,-0.0003679966666666667,4.2603333333333265e-05,0.02735,0.03762783255285517,0.02438158655083308,0.0384737155749513,0.036323691390343325,0.043523851386582414
2025-06-08,3322.699951171875,64.58000183105469,3.7839999198913574,6000.35986328125,16.770000457763672,0.0,0.0,0.0,0.0,0.0,62,Greed,70662628.3,1924648.32207,-0.3731823776906683,-0.37217305462258626,-9.625333333333334e-05,0.00027174333333333334,0.02708,-0.009921080823915978,0.024687497142829792,0.03723259858759231,0.036352644837970155,0.0384737155749513
2025-06-09,3332.10009765625,65.29000091552734,3.634999990463257,6005.8798828125,17.15999984741211,0.0028250744326858415,0.010934105537609646,-0.04017252165737706,0.0009195251863913659,0.022989482036049294,62,Greed,100029034.1,2749500.935563,0.34754364717444497,0.35667615601610747,-0.0005296533333333333,-0.00043339999999999996,0.02818,0.039817058426459974,0.027644164769795088,0.036901288001794416,0.03601306988307281,0.03723259858759231
2025-06-10,3320.89990234375,64.9800033569336,3.5329999923706055,6038.81005859375,16.950000762939453,-0.003366964044300687,-0.004759317319035391,-0.02846174214435264,0.005468012541646841,-0.01231320633011249,71,Greed,89226630.6,2508320.876838,-0.11428094049096428,-0.09180586132242056,1.6816666666666668e-05,0.00054647,0.02835,0.0060145237032268525,0.027471625889902658,0.03530502302185045,0.03760846939947166,0.036901288001794416
2025-06-11,3321.300048828125,68.1500015258789,3.506999969482422,6022.240234375,17.260000228881836,0.000120486130438958,0.04763159863056644,-0.0073864037614050125,-0.002747660318287345,0.018123820078471166,72,Greed,51943039.7,1452132.205096,-0.5410318165380434,-0.5465805933104763,-0.00017265666666666665,-0.00018947333333333333,0.02744,-0.03262522731607661,0.030483411313607992,0.031586882217524696,0.03794834734313447,0.03530502302185045
2025-06-12,3380.89990234375,68.04000091552734,3.492000102996826,6045.259765625,18.020000457763672,0.01778563010253441,-0.0016153995491640903,-0.004286294983699447,0.0038151330716763875,0.04309057866717449,71,Greed,49834104.9,1318044.333039,-0.04144814083237643,-0.096883890484602,-0.00016352333333333335,9.133333333333302e-06,0.02568,-0.066289324035924,0.03761248285758789,0.03319766708045635,0.036055072203156395,0.031586882217524696
2025-06-13,3431.199951171875,72.9800033569336,3.5810000896453857,5976.97021484375,20.81999969482422,0.014768122634469274,0.0700896960229113,0.025167448577475875,-0.01136066859010289,0.14443177094572332,61,Greed,67081489.6,1666982.867823,0.2972085560433468,0.23486625435032635,-0.00036115666666666665,-0.0001976333333333333,0.02525,-0.01688632310039155,0.03791332610254915,0.03303987279027791,0.03614108098146114,0.03319766708045635
2025-06-14,3431.199951171875,72.9800033569336,3.5810000896453857,5976.97021484375,20.81999969482422,0.0,0.0,0.0,0.0,0.0,63,Greed,25184165.4,628846.852583,-0.9796927031538291,-0.9748828560027708,-2.6550000000000005e-05,0.00033460666666666663,0.02482,-0.01717637594490781,0.032692666919398004,0.03122483118478599,0.03602805924976117,0.03303987279027791
2025-06-15,3431.199951171875,72.9800033569336,3.5810000896453857,5976.97021484375,20.81999969482422,0.0,0.0,0.0,0.0,0.0,60,Greed,33876006.3,852426.022298,0.29649154515627163,0.30419867858478683,-0.00020983333333333336,-0.00018328333333333336,0.02527,0.017968141623641777,0.03487987795556068,0.03156493565740694,0.03604772839329544,0.03122483118478599
2025-06-16,3396.39990234375,71.7699966430664,3.747999906539917,6033.10986328125,19.110000610351562,-0.010194021599707037,-0.016718962337808015,0.04558022339027415,0.0093488231481891,-0.08570225833796581,61,Greed,30111302.7,775144.269089,-0.11780637877783828,-0.09503726233711937,-6.771333333333333e-05,0.00014212000000000003,0.02538,0.004343540886138673,0.028437656877118547,0.03153361552482595,0.03625822564895515,0.03156493565740694
2025-06-17,3386.60009765625,74.83999633789062,3.8510000705718994,5982.72021484375,21.600000381469727,-0.0028895213050230267,0.04188593780488692,0.027110533718187765,-0.008387259723643134,0.12248154215971613,68,Greed,29214660.4,732359.786267,-0.030229954480695872,-0.05677726118921227,-4.933333333333331e-07,6.722e-05,0.02462,-0.030402341529934197,0.027270250191408663,0.030895043871129582,0.03586697205452898,0.03153361552482595
2025-06-18,3389.800048828125,75.13999938964844,3.989000082015991,5980.8701171875,20.139999389648438,0.0009444399210661637,0.0040005795495912455,0.0352077203254333,-0.00030928803472058796,-0.06998547536577886,52,Neutral,24954795.5,612280.572641,-0.15760464363572643,-0.1790812750198363,-7.959666666666666e-05,-7.910333333333333e-05,0.0248,0.007284532414629069,0.02837746902032037,0.03070070089141185,0.035850573562442145,0.030895043871129582
2025-06-19,3389.800048828125,75.13999938964844,3.989000082015991,5980.8701171875,20.139999389648438,0.0,0.0,0.0,0.0,0.0,57,Greed,20448923.0,500673.953341,-0.19913579207216026,-0.20123553198960933,-4.235666666666666e-05,3.7239999999999996e-05,0.02453,-0.010946794900538534,0.016927433664582506,0.03065937786295524,0.03582975072010369,0.03070070089141185
2025-06-20,3368.10009765625,74.93000030517578,3.8469998836517334,5967.83984375,20.6200008392334,-0.0064221208610746846,-0.0027986835739336347,-0.036246999957546704,-0.002181035215587759,0.02355366230380821,54,Neutral,41408556.2,999110.980529,0.7055573149099572,0.6909107666054854,0.0001,0.00014235666666666667,0.02382,-0.02937129434324388,0.018757464347540522,0.03084430257885524,0.036483655705616284,0.03065937786295524
2025-06-21,3368.10009765625,74.93000030517578,3.8469998836517334,5967.83984375,20.6200008392334,0.0,0.0,0.0,0.0,0.0,49,Neutral,35529018.8,827842.538775,-0.15313773742270845,-0.18804289836000565,7.093e-05,-2.9070000000000005e-05,0.02287,-0.040699555892464226,0.02236663905168755,0.030399827029927117,0.03573064279499444,0.03084430257885524
2025-06-22,3368.10009765625,74.93000030517578,3.8469998836517334,5967.83984375,20.6200008392334,0.0,0.0,0.0,0.0,0.0,42,Fear,61995545.7,1346585.119193,0.5567127453633002,0.48650415965990035,-0.00010795333333333332,-0.00017888333333333334,0.02152,-0.060843272741106076,0.02466731472508037,0.029700058568225905,0.03335801207634681,0.030399827029927117
2025-06-23,3377.699951171875,68.51000213623047,3.697999954223633,6025.169921875,19.829999923706055,0.0028461738938607515,-0.08957459725292966,-0.03950147294001118,0.009560655071259439,-0.0390655806044794,47,Neutral,54354612.4,1204238.05356,-0.13153306418401592,-0.11172480017023734,5.137666666666667e-05,0.00015933,0.02315,0.0730120452386594,0.043666770830889365,0.03308321932522139,0.03347109881138026,0.029700058568225905
2025-06-24,3317.39990234375,64.37000274658203,3.5369999408721924,6092.18017578125,17.479999542236328,-0.018013675886811464,-0.06233202246291182,-0.044513227079844724,0.011060328616958607,-0.12613859464476848,65,Greed,45789981.3,1074323.938054,-0.1714641564490072,-0.11415547733764567,0.0001,4.862333333333333e-05,0.02403,0.03730826921613446,0.04660569002237622,0.03411902295430343,0.03335303733062365,0.03308321932522139
2025-06-25,3327.10009765625,64.91999816894531,3.4059998989105225,6092.16015625,16.760000228881836,0.0029197688926843124,0.008507985708414682,-0.037740340945733086,-3.286108349665331e-06,-0.04206223532916502,66,Greed,31073888.8,729526.666879,-0.38769744017382224,-0.38705092558733634,3.383333333333334e-06,-9.661666666666667e-05,0.02308,-0.04033660810847868,0.04822261389466886,0.03461626876619208,0.03237896006633664,0.03411902295430343
2025-06-26,3333.5,65.23999786376953,3.260999917984009,6141.02001953125,16.59000015258789,0.0019217200310753606,0.004917030567025608,-0.0435046809040558,0.007988131032516797,-0.010194995310435646,74,Greed,40744404.6,928964.712083,0.2709506417204958,0.24167483094807465,5.140000000000004e-06,1.75666666666667e-06,0.02223,-0.037523713663793624,0.04931872911896376,0.034716211636092724,0.03144822906506779,0.03461626876619208
2025-06-27,3273.699951171875,65.5199966430664,3.739000082015991,6173.06982421875,16.31999969482422,-0.018101974273062114,0.004282643300932393,0.1367843462736337,0.005205399256150098,-0.01640878256347104,65,Greed,39918502.1,895420.796062,-0.02047859163529911,-0.03677698227117133,-2.7399999999999996e-06,-7.880000000000004e-06,0.02258,0.015621830745410785,0.04991966715817911,0.035001008071920026,0.03187487886082353,0.034716211636092724
2025-06-28,3273.699951171875,65.5199966430664,3.739000082015991,6173.06982421875,16.31999969482422,0.0,0.0,0.0,0.0,0.0,65,Greed,11835944.7,267312.289317,-1.2156988658536858,-1.2088761731461624,5.6326666666666664e-05,5.906666666666666e-05,0.02292,0.014945333125022766,0.04817738719748647,0.034820802124133285,0.03460790127117278,0.035001008071920026
2025-06-29,3273.699951171875,65.5199966430664,3.739000082015991,6173.06982421875,16.31999969482422,0.0,0.0,0.0,0.0,0.0,68,Greed,20092444.4,463778.779758,0.5292027815587165,0.5509900729390635,-4.921333333333333e-05,-0.00010554,0.02362,0.03008391892267747,0.04060307638854015,0.03230585988440623,0.03440185693069384,0.034820802124133285
2025-06-30,3294.39990234375,65.11000061035156,3.4560000896453857,6204.9501953125,16.729999542236328,0.006303198845365553,-0.006277231686631752,-0.07870634104938365,0.005151137506128882,0.0248121568004225,66,Greed,26123582.0,603137.628528,0.26249458740072035,0.26273773959262675,4.763e-05,9.684333333333334e-05,0.02301,-0.026164906721941685,0.03286023606142256,0.0325717976619593,0.03406348043279108,0.03230585988440623
2025-07-01,3336.699951171875,65.44999694824219,3.4149999618530273,6198.009765625,16.829999923706055,0.012758252337171075,0.005208289105661505,-0.011934395028530534,-0.0011191571098791433,0.005959516032616415,64,Greed,41528440.6,918323.038386,0.46354007687782134,0.42040381202103794,-4.029e-05,-8.792000000000001e-05,0.02179,-0.05447775509074596,0.03339683015049434,0.03355257571894651,0.03337130243467742,0.0325717976619593
2025-07-02,3348.0,67.44999694824219,3.48799991607666,6227.419921875,16.639999389648438,0.003380872641776682,0.030100091680430326,0.021151000133805536,0.0047338743064907745,-0.011353604956222913,63,Greed,43709145.7,999876.95535,0.05117885577985804,0.08508300437442118,8.231666666666667e-05,0.00012260666666666668,0.02367,0.0827572745693641,0.04688753913924825,0.03698774808307107,0.030333096657683595,0.03355257571894651
2025-07-03,3331.60009765625,67.0,3.4089999198913574,6279.35009765625,16.3799991607666,-0.004910454236063616,-0.0066939180180563464,-0.02290951232953838,0.00830437821066394,-0.01574837152360857,73,Greed,72859929.5,1757762.588828,0.5109814600132209,0.56416479619112,0.0001,1.7683333333333334e-05,0.02383,0.006736867584758149,0.04326072153533768,0.03703790664116234,0.030298139870621237,0.03698774808307107
2025-07-04,3331.60009765625,67.0,3.4089999198913574,6279.35009765625,16.3799991607666,0.0,0.0,0.0,0.0,0.0,73,Greed,79262737.8,1844352.935405,0.08422930520851712,0.048086759490351516,8.365e-05,-1.6350000000000004e-05,0.02273,-0.04725965324619888,0.048135567822478166,0.0375657503273215,0.02922685038286546,0.03703790664116234
2025-07-05,3331.60009765625,67.0,3.4089999198913574,6279.35009765625,16.3799991607666,0.0,0.0,0.0,0.0,0.0,67,Greed,39641003.7,890016.755833,-0.6929040996546705,-0.728643493115379,6.046e-05,-2.319e-05,0.02227,-0.020445156595175464,0.04827846586626823,0.03722793190465162,0.0293982575007672,0.0375657503273215
2025-07-06,3331.60009765625,67.0,3.4089999198913574,6279.35009765625,16.3799991607666,0.0,0.0,0.0,0.0,0.0,66,Greed,109758185.5,2401093.293611,1.0184156027929214,0.9924391622866121,-5.095999999999999e-05,-0.00011141999999999999,0.02211,-0.007210486399921302,0.04587403170307297,0.0372287318468567,0.029889589446305403,0.03722793190465162
2025-07-07,3332.199951171875,67.93000030517578,3.4119999408721924,6229.97998046875,17.790000915527344,0.0001800334682463348,0.013785148304748359,0.0008796426434594774,-0.007893368104244017,0.08257552595110282,73,Greed,42292969.0,928613.067892,-0.9536587775751204,-0.9499873034459696,-0.00014419,-9.323e-05,0.02184,-0.012286843992650802,0.04532726217272945,0.036323691390343325,0.030100626814851355,0.0372287318468567
2025-07-08,3307.0,68.33000183105469,3.3399999141693115,6225.52001953125,16.809999465942383,-0.007591297859755788,0.0058711678942017665,-0.021327831009265562,-0.0007161432504695748,-0.05666263749048405,65,Greed,51177220.3,1110395.651266,0.1906736622828558,0.1787795252095381,-0.00012615,1.8039999999999983e-05,0.02186,0.0009153318716884278,0.04030706522849908,0.036352644837970155,0.03071852349362482,0.036323691390343325
2025-07-09,3311.60009765625,68.37999725341797,3.2139999866485596,6263.259765625,15.9399995803833,0.0013900517720019155,0.0007314084547858205,-0.03845451812962765,0.00604380277677969,-0.053142268612983594,66,Greed,30075122.3,663763.871025,-0.5315961886724497,-0.5145452030739053,0.0001,0.00022615,0.02256,0.03151994388146567,0.024374209766559813,0.03601306988307281,0.030765439859242252,0.036352644837970155
2025-07-10,3317.39990234375,66.56999969482422,3.3369998931884766,6280.4599609375,15.779999732971191,0.0017498283805606845,-0.026826323016373506,0.037555904599818384,0.0027424410729257912,-0.010088348541556767,71,Greed,42157799.3,967968.158116,0.3377213757512103,0.37727272192338546,0.0001,0.0,0.02379,0.05308689768500806,0.033333159463857724,0.03760846939947166,0.02941025698308892,0.03601306988307281
2025-07-11,3356.0,68.44999694824219,3.313999891281128,6259.75,16.399999618530273,0.011568474452741711,0.027849486122376768,-0.006916281562553922,-0.0033029717732258423,0.038538013074052885,71,Greed,91498284.0,2265491.121352,0.7749005139031543,0.8503476528044815,0.0001,0.0,0.02462,0.03429379644144116,0.027982714221494256,0.03794834734313447,0.02880240505804896,0.03760846939947166
2025-07-12,3356.0,68.44999694824219,3.313999891281128,6259.75,16.399999618530273,0.0,0.0,0.0,0.0,0.0,79,Extreme Greed,99787775.5,2477924.321008,0.08672546782769346,0.08962967633906721,0.0001,0.0,0.0246,-0.0008126778179903221,0.02509234629054459,0.036055072203156395,0.02998498941851243,0.03794834734313447
2025-07-13,3356.0,68.44999694824219,3.313999891281128,6259.75,16.399999618530273,0.0,0.0,0.0,0.0,0.0,74,Greed,47166970.3,1182314.211571,-0.7493518199846555,-0.7399475282991124,0.0001,0.0,0.0251,0.020121403199421028,0.023262497685957336,0.03614108098146114,0.032022731959976194,0.036055072203156395
2025-07-14,3351.5,66.9800033569336,3.4660000801086426,6268.56005859375,17.200000762939453,-0.0013417817890844313,-0.021709389666200556,0.04484532820768652,0.0014064243309367943,0.04762811660654813,74,Greed,56737225.0,1450296.412228,0.18473665503797201,0.2042942436777379,0.0001,0.0,0.02491,-0.0075985168636490755,0.022288231420520725,0.03602805924976117,0.03220385401934681,0.03614108098146114
2025-07-15,3329.800048828125,66.5199966430664,3.5230000019073486,6243.759765625,17.3799991607666,-0.006495750023279325,-0.006891513624805755,0.016311685494378413,-0.003964145065672561,0.010410643373586315,73,Greed,51740258.1,1278567.131036,-0.09219435573926725,-0.12602793574240556,0.0001,0.0,0.02539,0.019086066442497853,0.020872738807784227,0.03604772839329544,0.035570254883352775,0.03602805924976117
2025-07-16,3352.5,66.37999725341797,3.5510001182556152,6263.7001953125,17.15999984741211,0.006794079381100563,-0.0021068389445210046,0.007916387362510715,0.0031885685253844154,-0.012738986382189699,70,Greed,35257702.2,903370.801018,-0.3835521576311732,-0.34736219951986363,0.0001,0.0,0.02595,0.021816213895310625,0.02040445109004058,0.03625822564895515,0.035305543374197,0.03604772839329544
2025-07-17,3340.10009765625,67.54000091552734,3.5420000553131104,6297.35986328125,16.520000457763672,-0.0037055602760010316,0.017324263597579107,-0.002537732286019085,0.005359380240011013,-0.038009289365250935,74,Greed,64039642.7,1634324.751511,0.5968183012697037,0.5928519005200917,0.0001,0.0,0.02564,-0.012017977559428442,0.01742990889879328,0.03586697205452898,0.035558917130212135,0.03625822564895515
2025-07-18,3353.0,67.33999633789062,3.565000057220459,6296.7900390625,16.40999984741211,0.003854691586396078,-0.0029656691622084916,0.006472514939887504,-9.049030280841674e-05,-0.006680899998967385,73,Greed,83830909.1,2205255.77949,0.2692994743698206,0.2996137789149278,0.0001,0.0,0.02563,-0.0003900916764895406,0.014242917685426012,0.035850573562442145,0.035566207168512,0.03586697205452898
2025-07-19,3353.0,67.33999633789062,3.565000057220459,6296.7900390625,16.40999984741211,0.0,0.0,0.0,0.0,0.0,74,Greed,106898082.7,2750718.787741,0.24307409925911397,0.22101875294566836,0.0001,0.0,0.02594,0.012022638512318025,0.01408352218897237,0.03582975072010369,0.03647268373100208,0.035850573562442145
2025-07-20,3353.0,67.33999633789062,3.565000057220459,6296.7900390625,16.40999984741211,0.0,0.0,0.0,0.0,0.0,72,Greed,111326071.2,2989906.736407,0.04058759102212646,0.08337994019326347,0.0001,0.0,0.02734,0.05256465240750573,0.022008434873579546,0.036483655705616284,0.03519300756836879,0.03582975072010369
2025-07-21,3401.89990234375,67.19999694824219,3.325000047683716,6305.60009765625,16.649999618530273,0.01447860287732854,-0.00208115723450823,-0.06969438146809422,0.001398157005673256,0.014519297711828362,71,Greed,100703535.5,2842624.061624,-0.10028256509503443,-0.05051460413856029,0.0001,0.0,0.02817,0.02990675059247782,0.020920231158418054,0.03573064279499444,0.03584664338672465,0.036483655705616284
2025-07-22,3439.199951171875,66.20999908447266,3.252000093460083,6309.6201171875,16.5,0.010904801640990577,-0.014841707006914905,-0.02219946802395787,0.0006373284966667569,-0.009049812608822908,72,Greed,77854333.6,2158512.497794,-0.25734134558843685,-0.2753082649072031,0.0001,0.0,0.02845,0.00989057868405858,0.021097106132568207,0.03335801207634681,0.03574902710614494,0.03573064279499444
2025-07-23,3394.10009765625,65.25,3.0769999027252197,6358.91015625,15.369999885559082,-0.013200213092493647,-0.014605448906322377,-0.05531515569843563,0.007781532145702873,-0.07094283080176363,74,Greed,107100922.9,2908508.830491,0.3189320318416634,0.29822119442882644,0.0001,0.0,0.02678,-0.06049282030931336,0.035501608997956145,0.03347109881138026,0.038434877220313086,0.03335801207634681
2025-07-24,3371.0,66.02999877929688,3.0940001010894775,6363.35009765625,15.390000343322754,-0.006829222657993172,0.011883119516578307,0.0055097200972293444,0.0006979799969332514,0.001300420054187293,71,Greed,65822235.9,1716652.067926,-0.4868138817405935,-0.5272645986114607,0.0001,0.0,0.02609,-0.02610324111438952,0.03696280262238343,0.03335303733062365,0.03848899481351136,0.03347109881138026
2025-07-25,3334.0,65.16000366210938,3.109999895095825,6388.64013671875,14.930000305175781,-0.011036651923321424,-0.013263325783737057,0.005157907636275897,0.003966451001680552,-0.030345338167419175,70,Greed,110632459.4,2837794.923206,0.5192558178031526,0.5026513932495196,0.0001,0.0,0.02599,-0.003840250495238146,0.037030478914704214,0.03237896006633664,0.039587695795895335,0.03335303733062365
2025-07-26,3334.0,65.16000366210938,3.109999895095825,6388.64013671875,14.930000305175781,0.0,0.0,0.0,0.0,0.0,72,Greed,28293476.1,738307.554203,-1.3635822790872327,-1.346422116181359,0.0001,0.0,0.02593,-0.0023112491028258342,0.03677886309550027,0.03144822906506779,0.04343127644789796,0.03237896006633664
2025-07-27,3334.0,65.16000366210938,3.109999895095825,6388.64013671875,14.930000305175781,0.0,0.0,0.0,0.0,0.0,73,Greed,35063827.3,926824.203846,0.21453878625278283,0.22740342981696898,0.0001,0.0,0.02686,0.0352375915445183,0.03304026678939252,0.03187487886082353,0.04307291412179947,0.03144822906506779
2025-07-28,3309.10009765625,66.70999908447266,2.98799991607666,6389.77001953125,15.029999732971191,-0.0074965057238816635,0.02350901306179033,-0.04001845327611953,0.00017684247126657597,0.006675554006955608,75,Greed,49426537.7,1288196.482192,0.34331744253336294,0.32923453559784177,0.0001,0.0,0.02507,-0.06896627892488946,0.0376717477071534,0.03460790127117278,0.04128526622065336,0.03187487886082353
2025-07-29,3323.39990234375,69.20999908447266,3.0810000896453857,6370.85986328125,15.979999542236328,0.0043120472958143976,0.0367904946280851,0.030650009526951665,-0.002963830197466829,0.06128972569359601,73,Greed,88167798.5,2193870.440305,0.5787543196187042,0.5324241439549665,0.0001,0.0,0.02465,-0.016895011681502963,0.03584190465808529,0.03440185693069384,0.04193777512585198,0.03460790127117278
2025-07-30,3295.800048828125,70.0,3.0450000762939453,6362.89990234375,15.479999542236328,-0.008339380490785232,0.01134989442383949,-0.011753322493385503,-0.0012502139385094711,-0.03178907310180721,74,Greed,67074681.0,1619355.122342,-0.27343515954687253,-0.30363931092457985,0.0001,0.0,0.02444,-0.008555766185304499,0.031261878664494896,0.03406348043279108,0.04294588366202998,0.03440185693069384
2025-07-31,3293.199951171875,69.26000213623047,3.1059999465942383,6339.39013671875,16.719999313354492,-0.0007892237945701002,-0.010627672231444093,0.019834781314766608,-0.003701662046374567,0.07705672799895574,72,Greed,86557951.0,2113053.481263,0.2550075029461397,0.26610605153318667,0.0001,0.0,0.02346,-0.04092429107806511,0.03275841435116719,0.03337130243467742,0.04229096794493273,0.03406348043279108
2025-08-01,3347.699951171875,67.33000183105469,3.0829999446868896,6238.009765625,20.3799991607666,0.01641380667687466,-0.02826164006549793,-0.0074325765694231985,-0.0161213871855698,0.19794842002607435,65,Greed,93942925.7,2170247.076313,0.08187328108510578,0.02670697222573546,-6.269999999999997e-06,-0.00010627,0.02269,-0.03337254443357919,0.03295579685779298,0.030333096657683595,0.04210770248827359,0.03337130243467742
2025-08-02,3347.699951171875,67.33000183105469,3.0829999446868896,6238.009765625,20.3799991607666,0.0,0.0,0.0,0.0,0.0,55,Greed,50470181.8,1144648.116915,-0.6213047219757615,-0.6397437528212119,0.0001,0.00010627,0.02259,-0.0044169683118383965,0.03278299143551068,0.030298139870621237,0.04246666328226971,0.030333096657683595
2025-08-03,3347.699951171875,67.33000183105469,3.0829999446868896,6238.009765625,20.3799991607666,0.0,0.0,0.0,0.0,0.0,53,Neutral,19798140.6,451846.876314,-0.9357946782857226,-0.9295091940636404,0.0001,0.0,0.02298,0.017116941940697707,0.0281034457694877,0.02922685038286546,0.0425926960018258,0.030298139870621237
2025-08-04,3374.39990234375,66.29000091552734,2.931999921798706,6329.93994140625,17.520000457763672,0.007943973509988255,-0.015566859688174842,-0.05021837360993722,0.014629564491414495,-0.15121087497900548,64,Greed,28179957.1,653803.437957,0.35302295991324856,0.3694633994791868,4.7493333333333335e-05,-5.250666666666667e-05,0.02365,0.028738842517332476,0.025165733960281624,0.0293982575007672,0.04227471501912981,0.02922685038286546
2025-08-05,3381.89990234375,65.16000366210938,3.009999990463257,6299.18994140625,17.850000381469727,0.0022201510582657955,-0.01719323012859795,0.026255318239681934,-0.004869703780462017,0.018660417960192417,60,Greed,33982097.8,785507.434907,0.18722286654056333,0.18352317014185598,0.0001,5.250666666666667e-05,0.02298,-0.028738842517332316,0.026213899038825393,0.029889589446305403,0.04256952149496048,0.0293982575007672
2025-08-06,3380.0,64.3499984741211,3.0769999027252197,6345.06005859375,16.770000457763672,-0.0005619433653809127,-0.012508929605690623,0.022014989133959804,0.007255522219852605,-0.06241192646480223,54,Neutral,59637010.6,1388317.168253,0.5624425139088263,0.569517699508595,6.244e-05,-3.756e-05,0.02358,0.025774622688615155,0.02953494532324628,0.030100626814851355,0.04275782310284929,0.029889589446305403
2025-08-07,3400.300048828125,63.880001068115234,3.066999912261963,6340.0,16.56999969482422,0.005987967888747476,-0.0073305702624902,-0.0032552082013970144,-0.0007977981718278668,-0.011997790110594823,62,Greed,35225635.2,838705.404439,-0.5265022742930587,-0.5039881045516523,2.0210000000000008e-05,-4.2229999999999994e-05,0.02445,0.036231320811656136,0.028316791239172044,0.03071852349362482,0.04234227231922946,0.030100626814851355
2025-08-08,3439.10009765625,63.880001068115234,2.990000009536743,6389.4501953125,15.149999618530273,0.01134616025997749,0.0,-0.025426465932852766,0.0077694548163894745,-0.08959330624524582,74,Greed,82655092.0,2073755.418038,0.8529023412952417,0.9052569363796448,0.0001,7.979e-05,0.02527,0.03298770547922178,0.0237090866943896,0.030765439859242252,0.04196787803677394,0.03071852349362482
2025-08-09,3439.10009765625,63.880001068115234,2.990000009536743,6389.4501953125,15.149999618530273,0.0,0.0,0.0,0.0,0.0,67,Greed,38006076.6,972772.603443,-0.7769303740962906,-0.7569661059416165,0.0001,0.0,0.02564,0.01453571065236639,0.02209834341629065,0.02941025698308892,0.042098387871881374,0.030765439859242252
2025-08-10,3439.10009765625,63.880001068115234,2.990000009536743,6389.4501953125,15.149999618530273,0.0,0.0,0.0,0.0,0.0,69,Greed,36878620.3,937314.409633,-0.0301140700003816,-0.037131573047016746,0.0001,0.0,0.02556,-0.0031250025431352776,0.023525555964412387,0.02880240505804896,0.042156476354834146,0.02941025698308892
2025-08-11,3353.10009765625,63.959999084472656,2.9539999961853027,6373.4501953125,16.25,-0.025324517441945554,0.0012515335842291375,-0.012113207774319878,-0.0025072683938851073,0.0700924019998885,70,Greed,70135963.4,1747715.702308,0.6428037049748778,0.6230461260984963,0.0001,0.0,0.02445,-0.04439841358845304,0.03142536453683332,0.02998498941851243,0.04139271915520661,0.02880240505804896
2025-08-12,3348.89990234375,63.16999816894531,2.808000087738037,6445.759765625,14.729999542236328,-0.0012534156557426127,-0.012428397727227305,-0.050687665408517456,0.011281559075170764,-0.09820670937817151,68,Greed,50438297.1,1276734.309699,-0.3296849428201102,-0.3140041250862486,0.0001,0.0,0.02607,0.06415501202452939,0.03439856493503031,0.032022731959976194,0.039543558455673505,0.02998498941851243
2025-08-13,3358.699951171875,62.650001525878906,2.828000068664551,6466.580078125,14.489999771118164,0.002922075262479989,-0.00826577022677899,0.007097254905273564,0.0032248733840464015,-0.016427458860831908,73,Greed,53731732.6,1417316.848909,0.06325300101533476,0.10446004393366923,0.0001,0.0,0.02666,0.022379086805152215,0.03429482059409898,0.03220385401934681,0.040005418782589244,0.032022731959976194
2025-08-14,3335.199951171875,63.959999084472656,2.8410000801086426,6468.5400390625,14.829999923706055,-0.007021346864233285,0.02069416795400631,0.004586358754812961,0.00030304487855445177,0.023193410468529695,75,Greed,85661408.1,2174764.265379,0.46639865965824256,0.4281547337799731,0.0001,0.0,0.02454,-0.08285987546779729,0.04960003337371504,0.035570254883352775,0.03712410489791218,0.03220385401934681
2025-08-15,3336.0,62.79999923706055,2.9159998893737793,6449.7998046875,15.09000015258789,0.0002398515522892742,-0.018302812326256804,0.026056645139359305,-0.0029013399163647113,0.017380131886339894,60,Greed,41429581.4,1020439.319526,-0.7264072580475975,-0.7566870349460403,0.0001,0.0,0.02447,-0.002856561828185125,0.04749567545903267,0.035305543374197,0.03786647312950066,0.035570254883352775
2025-08-16,3336.0,62.79999923706055,2.9159998893737793,6449.7998046875,15.09000015258789,0.0,0.0,0.0,0.0,0.0,56,Greed,21370831.4,530720.834364,-0.6619681786674472,-0.6537523716355371,0.0001,0.0,0.02506,0.02382507201334193,0.048243198919846075,0.035558917130212135,0.03803263972888237,0.035305543374197
2025-08-17,3336.0,62.79999923706055,2.9159998893737793,6449.7998046875,15.09000015258789,0.0,0.0,0.0,0.0,0.0,64,Greed,31709298.2,795958.460192,0.3945829829044331,0.4053108514607477,8.215333333333333e-05,-1.7846666666666673e-05,0.02514,0.003187253694179149,0.048305285539758554,0.035566207168512,0.03805883631997165,0.035558917130212135
2025-08-18,3331.699951171875,63.41999816894531,2.890000104904175,6449.14990234375,14.989999771118164,-0.0012898149154139478,0.009824178912884366,-0.00895623778538701,-0.00010076825773579619,-0.0066489860460745625,60,Greed,41446283.1,1004749.162594,0.267788249180963,0.2329462010876166,3.908666666666667e-05,-4.306666666666666e-05,0.02398,-0.047240053562733135,0.04872747647261479,0.03647268373100208,0.03733751289484296,0.035566207168512
2025-08-19,3313.39990234375,62.349998474121094,2.7660000324249268,6411.3701171875,15.569999694824219,-0.005507846531911064,-0.017015592585072035,-0.04385429345811836,-0.005875329112207127,0.03796266940012603,56,Greed,43356066.1,1035952.086159,0.04504842087278909,0.030582972986804683,2.9760000000000003e-05,-9.32666666666667e-06,0.02334,-0.027051522740958345,0.039089508367113904,0.03519300756836879,0.03702571110450826,0.03647268373100208
2025-08-20,3343.39990234375,63.209999084472656,2.752000093460083,6395.77978515625,15.6899995803833,0.009013401028552843,0.01369885434705882,-0.005074290933361513,-0.002434630632264957,0.007677573755064212,44,Fear,30073980.1,717879.658991,-0.3657862771407081,-0.36677422372996676,2.780333333333334e-05,-1.9566666666666643e-06,0.02443,0.045643258411239104,0.04360497350101929,0.03584664338672465,0.03683251783952464,0.03519300756836879
2025-08-21,3336.89990234375,63.52000045776367,2.8259999752044678,6370.169921875,16.600000381469727,-0.0019460210593331287,0.00489232214518028,0.026534321456379444,-0.004012219728951123,0.05637917834187325,50,Neutral,52559036.8,1285993.677224,0.5582766988866813,0.582985039024719,0.0001,7.219666666666667e-05,0.02441,-0.0008190008647803975,0.030630343230347454,0.03574902710614494,0.0372948168071426,0.03584664338672465
2025-08-22,3374.39990234375,63.65999984741211,2.697999954223633,6466.91015625,14.220000267028809,0.011175298783647576,0.0022015953115401775,-0.04635153466947602,0.015072285158779139,-0.1547532751891094,50,Neutral,173441512.0,4345532.110896,1.1939033876400058,1.2176165071462595,8.045e-05,-1.955e-05,0.02679,0.09303579915164865,0.046741687047632756,0.038434877220313086,0.03324904314547328,0.03574902710614494
2025-08-23,3374.39990234375,63.65999984741211,2.697999954223633,6466.91015625,14.220000267028809,0.0,0.0,0.0,0.0,0.0,60,Greed,95044534.7,2614714.467924,-0.6014948678551059,-0.5079933148587262,0.0001,1.955e-05,0.02761,0.030149342385545612,0.04704726930362505,0.03848899481351136,0.037154539591413,0.038434877220313086
2025-08-24,3374.39990234375,63.65999984741211,2.697999954223633,6466.91015625,14.220000267028809,0.0,0.0,0.0,0.0,0.0,53,Neutral,88887331.9,2360948.153716,-0.06697593401705466,-0.10209160306607815,0.0001,0.0,0.02629,-0.048989387200273175,0.05279864812867389,0.039587695795895335,0.03662909933487765,0.03848899481351136
2025-08-25,3373.800048828125,64.80000305175781,2.696000099182129,6439.31982421875,14.789999961853027,-0.00017778178523024962,0.01774923099622844,-0.0007415109801024853,-0.004275512539646319,0.03930183098997578,47,Neutral,73752083.1,1838126.720023,-0.1866603938085354,-0.2503163323283708,0.0001,0.0,0.02385,-0.09740442140743963,0.0635921450657431,0.04343127644789796,0.032228431615558224,0.039587695795895335
2025-08-26,3388.60009765625,63.25,2.7170000076293945,6465.93994140625,14.619999885559082,0.004377165544111227,-0.02421052284562626,0.007759103413548819,0.00412547371011636,-0.011560827649531319,48,Neutral,47969284.5,1152730.837262,-0.43014834041426186,-0.4666131976064258,0.0001,0.0,0.02435,0.020747632194248498,0.06286266600194997,0.04307291412179947,0.03432794130869625,0.04343127644789796
2025-08-27,3404.60009765625,64.1500015258789,2.867000102996826,6481.39990234375,14.850000381469727,0.0047106015210283785,0.01412898724012466,0.053737889573948074,0.0023881304533030262,0.015609444442969123,51,Neutral,46423795.8,1125663.491776,-0.032748731538806156,-0.023761136190229296,6.956333333333333e-05,-3.0436666666666673e-05,0.02409,-0.010735032901818759,0.06051245018798662,0.04128526622065336,0.03741850794051582,0.04307291412179947
2025-08-28,3431.800048828125,64.5999984741211,2.944000005722046,6501.85986328125,14.430000305175781,0.007957432015570034,0.0069902723203849985,0.026502979984079376,0.003151747441466755,-0.028690497002423307,48,Neutral,49565023.9,1214898.270531,0.06547325338814641,0.07628771305141975,0.0001,3.0436666666666673e-05,0.02514,0.04266338653532132,0.06284113267705765,0.04193777512585198,0.03648425896299359,0.04128526622065336
2025-08-29,3473.699951171875,64.01000213623047,2.996999979019165,6460.259765625,15.359999656677246,0.012135375150160638,-0.009175032640841454,0.017842578523654295,-0.006418740402792551,0.062457311433301986,50,Neutral,53239426.8,1299735.160967,0.07151380544801467,0.06750017605109492,8.287000000000001e-05,-1.7129999999999994e-05,0.0239,-0.050581744224636294,0.0514125132366575,0.04294588366202998,0.035490856463023204,0.04193777512585198
2025-08-30,3473.699951171875,64.01000213623047,2.996999979019165,6460.259765625,15.359999656677246,0.0,0.0,0.0,0.0,0.0,39,Fear,23923436.5,575549.379665,-0.7999406419764928,-0.8145907728143748,9.841e-05,1.553999999999999e-05,0.02409,0.007918357689314974,0.04867844346632708,0.04229096794493273,0.03575679443983168,0.04294588366202998
2025-08-31,3473.699951171875,64.01000213623047,2.996999979019165,6460.259765625,15.359999656677246,0.0,0.0,0.0,0.0,0.0,48,Neutral,32607645.6,782215.001822,0.30968820333136016,0.306804613600019,5.7896666666666664e-05,-4.051333333333334e-05,0.02347,-0.026073806763847768,0.04710863452158582,0.04210770248827359,0.03666760508647544,0.04229096794493273
2025-09-01,3473.699951171875,64.01000213623047,2.996999979019165,6460.259765625,15.359999656677246,0.0,0.0,0.0,0.0,0.0,46,Fear,51349785.9,1186037.008621,0.45411397845764007,0.41624314249366234,5.568333333333334e-05,-2.213333333333321e-06,0.02279,-0.029401166605339313,0.032238935809325506,0.04246666328226971,0.037551051259379034,0.04210770248827359
2025-09-02,3549.39990234375,65.58999633789062,3.009000062942505,6415.5400390625,17.170000076293945,0.02155825335719171,0.02438383494499543,0.00399603723207491,-0.006946350061030363,0.11139697398504478,49,Neutral,37877908.9,872419.663819,-0.3042927034197384,-0.3071022096564529,0.0001,4.431666666666666e-05,0.02336,0.024703314702433216,0.03282536978720803,0.0425926960018258,0.037275622475602406,0.04246666328226971
2025-09-03,3593.199951171875,63.970001220703125,3.063999891281128,6448.259765625,16.350000381469727,0.012264609179004047,-0.02500894692781603,0.018113397829694875,0.005087112302941308,-0.04893575867808498,55,Greed,18244391.4,427784.454837,-0.7305103512727071,-0.7126511154515257,0.0001,0.0,0.0235,0.0059752631900870205,0.03302466248623861,0.04227471501912981,0.03964832237961225,0.0425926960018258
2025-09-04,3565.800048828125,63.47999954223633,3.0739998817443848,6502.080078125,15.300000190734863,-0.007654710471889562,-0.007689354097416977,0.0032583902510987545,0.008311847102873571,-0.06637507981002318,51,Neutral,27441828.5,626779.911756,0.40821072468704284,0.38197600254502523,0.0001,0.0,0.02259,-0.0394930906702014,0.028098090017989276,0.04256952149496048,0.039769845170381006,0.04227471501912981
2025-09-05,3613.199951171875,61.869998931884766,3.0480000972747803,6481.5,15.180000305175781,0.013205346467745164,-0.02568949616802651,-0.008493936908084981,-0.00317017266993674,-0.007874048793430576,48,Neutral,63572585.1,1472263.561413,0.8401138885947523,0.853960872055577,0.0001,0.0,0.02336,0.03351782748011431,0.028464798148367845,0.04275782310284929,0.041146780252462455,0.04256952149496048
2025-09-06,3613.199951171875,61.869998931884766,3.0480000972747803,6481.5,15.180000305175781,0.0,0.0,0.0,0.0,0.0,48,Neutral,26588944.5,610954.673549,-0.8716868164368682,-0.879533560758635,0.0001,0.0,0.02288,-0.020761991448429017,0.02865033631755561,0.04234227231922946,0.04661426561056511,0.04275782310284929
2025-09-07,3613.199951171875,61.869998931884766,3.0480000972747803,6481.5,15.180000305175781,0.0,0.0,0.0,0.0,0.0,44,Fear,20280298.1,468041.776317,-0.2708456312668499,-0.26646521480731095,0.0001,0.0,0.02325,0.016041965521768033,0.028487626331637896,0.04196787803677394,0.04670897137432957,0.04234227231922946
2025-09-08,3638.10009765625,62.2599983215332,3.0899999141693115,6495.14990234375,15.109999656677246,0.00686780141163577,0.0062837457754367386,0.01368539339403454,0.0021037644508885675,-0.004622038508200957,51,Neutral,30106516.7,707293.155083,0.39509177215686153,0.4128876688967503,0.0001,0.0,0.02377,0.02211914933873732,0.026625606268121306,0.042098387871881374,0.04661103247618422,0.04196787803677394
2025-09-09,3643.300048828125,62.630001068115234,3.117000102996826,6512.60986328125,15.039999961853027,0.0014282835584511465,0.005925275537221591,0.008699970696043642,0.0026845470300734414,-0.004643437577763262,48,Neutral,41691402.5,1000458.206902,0.3255532825049471,0.3467681544743382,0.0001,0.0,0.024,0.009629548975843047,0.025445623415225785,0.042156476354834146,0.04912252289718655,0.042098387871881374
2025-09-10,3643.60009765625,63.66999816894531,3.0290000438690186,6532.0400390625,15.350000381469727,8.235294082891736e-05,0.01646905167872603,-0.028638487300671506,0.0029790282293981275,0.02040218289932801,49,Neutral,32986941.0,792798.319317,-0.2341831766147515,-0.232644517859028,0.0001,0.0,0.024,0.0,0.025463104139886162,0.04139271915520661,0.08300487518299943,0.042156476354834146
2025-09-11,3636.89990234375,62.369998931884766,2.934000015258789,6587.47021484375,14.710000038146973,-0.001840587103648067,-0.020629091857851622,-0.031865861606636035,0.008450087623093565,-0.042587961678039646,54,Neutral,33998880.8,812043.218207,0.03021585055425208,0.023984700057784546,0.0001,0.0,0.02394,-0.0025031302181185884,0.017882999157478832,0.039543558455673505,0.08381616189259385,0.04139271915520661
2025-09-12,3649.39990234375,62.689998626708984,2.940999984741211,6584.2900390625,14.760000228881836,0.0034311001737597525,0.005117549967248644,0.002382969462090524,-0.00048287788142832935,0.0033932974726116655,57,Greed,48951073.6,1188265.860592,0.3644936948929686,0.3806967001246435,0.0001,0.0,0.02488,0.03851356774115155,0.019114768687176355,0.040005418782589244,0.08509510012234199,0.039543558455673505
2025-09-13,3649.39990234375,62.689998626708984,2.940999984741211,6584.2900390625,14.760000228881836,0.0,0.0,0.0,0.0,0.0,52,Neutral,45331580.9,1139776.37391,-0.0768173616171646,-0.04166290435363612,0.0001,0.0,0.02531,0.017135306686054067,0.013946670601149574,0.03712410489791218,0.08543548014408461,0.040005418782589244
2025-09-14,3649.39990234375,62.689998626708984,2.940999984741211,6584.2900390625,14.760000228881836,0.0,0.0,0.0,0.0,0.0,55,Greed,27350932.5,675014.54199,-0.5052533163523568,-0.5238531245798179,0.0001,0.0,0.02432,-0.039900517459066344,0.02472518270060386,0.03786647312950066,0.0857848968246898,0.03712410489791218
2025-09-15,3682.199951171875,63.29999923706055,3.0429999828338623,6615.27978515625,15.6899995803833,0.008947642619622902,0.009683393717559274,0.03409421089008679,0.004695577726559718,0.06110270532150231,53,Neutral,56910607.0,1360438.88069,0.7327311151712018,0.7008283987319393,9.768666666666667e-05,-2.313333333333337e-06,0.02354,-0.03259795526583574,0.027438050662636437,0.03803263972888237,0.08607826571972292,0.03786647312950066
2025-09-16,3688.89990234375,64.5199966430664,3.1029999256134033,6606.759765625,16.360000610351562,0.0018178977764950366,0.019089884130283317,0.01952549622012054,-0.0012887604333313247,0.041815828481424934,52,Neutral,25771379.6,606512.068034,-0.7922171801722788,-0.8078380070449772,0.0001,2.313333333333337e-06,0.02371,0.007195798245183379,0.027290180762483515,0.03805883631997165,0.08617788125345847,0.03803263972888237
2025-09-17,3681.800048828125,64.05000305175781,3.0999999046325684,6600.35009765625,15.720000267028809,-0.0019265078645296421,-0.007311125238423738,-0.0009672807663532563,-0.0009706390782443865,-0.039905564494527264,53,Neutral,105104205.7,2459075.039535,1.405687734907676,1.39981593201527,0.0001,0.0,0.02427,0.023344119661195865,0.028915698397606875,0.03733751289484296,0.08602043764490613,0.03805883631997165
2025-09-18,3643.699951171875,63.56999969482422,2.938999891281128,6631.9599609375,15.699999809265137,-0.01040214079746196,-0.007522419841542572,-0.05333273028242333,0.004777687836708263,-0.0012731037820809259,52,Neutral,60305728.6,1470971.811025,-0.5555251923782083,-0.5138620007510881,0.0001,0.0,0.02456,0.011878083540431576,0.029086125067794587,0.03702571110450826,0.08593326592967482,0.03733751289484296
2025-09-19,3671.5,62.68000030517578,2.888000011444092,6664.35986328125,15.449999809265137,0.007600662414640123,-0.014099233791081182,-0.017505125451773743,0.004873523937481177,-0.016051709207089097,53,Neutral,69154591.0,1673872.734031,0.13691734692944268,0.12921666580778057,0.0001,0.0,0.02359,-0.040296209859358015,0.028591806555940017,0.03683251783952464,0.08587817821930582,0.03702571110450826
2025-09-20,3671.5,62.68000030517578,2.888000011444092,6664.35986328125,15.449999809265137,0.0,0.0,0.0,0.0,0.0,48,Neutral,55679108.3,1337737.0077,-0.21673944663767,-0.2241605579978512,0.0001,0.0,0.02433,0.030887263375847556,0.030950305350154098,0.0372948168071426,0.08558430039000009,0.03683251783952464
2025-09-21,3671.5,62.68000030517578,2.888000011444092,6664.35986328125,15.449999809265137,0.0,0.0,0.0,0.0,0.0,49,Neutral,193069687.3,4887443.182186,1.2434461966556714,1.2956899140074347,0.0001,0.0,0.02491,0.023559172478657867,0.02843472986333907,0.03324904314547328,0.0854325823260144,0.0372948168071426
2025-09-22,3740.699951171875,62.63999938964844,2.805999994277954,6693.75,16.100000381469727,0.018672448725779663,-0.0006383804178616805,-0.028804245352164366,0.004400350714762291,0.041210304685733154,45,Fear,113128328.6,2625249.345963,-0.5345283721509789,-0.6214934196450185,5.9233333333333334e-05,-4.076666666666667e-05,0.02253,-0.10042157482993604,0.04775007906216058,0.037154539591413,0.08384111538582964,0.03324904314547328
2025-09-23,3780.60009765625,63.40999984741211,2.8529999256134033,6656.919921875,16.639999389648438,0.010610006389506373,0.01221753336682196,0.01661106651719656,-0.005517351828739721,0.03299010302909157,43,Fear,71752020.6,1635855.19323,-0.45530680975993604,-0.47301015890323267,8.772666666666667e-05,2.849333333333334e-05,0.02303,0.0219499593884406,0.04875825790595594,0.03662909933487765,0.08384940989778375,0.037154539591413
2025-09-24,3732.10009765625,64.98999786376953,2.8580000400543213,6637.97021484375,16.18000030517578,-0.01291164894810577,0.024611803730545136,0.0017510473642359111,-0.0028506771652953692,-0.028033468221638266,44,Fear,81644166.0,1875483.135785,0.1291543496314401,0.13670057708172814,6.240333333333333e-05,-2.532333333333335e-05,0.02271,-0.013992357715126635,0.04726782261247764,0.032228431615558224,0.08390627345689208,0.03662909933487765
2025-09-25,3736.89990234375,64.9800033569336,2.9040000438690186,6604.72021484375,16.739999771118164,0.001285260502940439,-0.0001537971341351223,0.01596701854647731,-0.005021648742526333,0.0340251208969369,44,Fear,90128830.2,1975073.98175,0.09886972790668845,0.05173955811622936,7.52e-05,1.2796666666666672e-05,0.02115,-0.0711654506251802,0.05126310995584733,0.03432794130869625,0.0830678267695763,0.032228431615558224
2025-09-26,3775.300048828125,65.72000122070312,2.8350000381469727,6643.7001953125,15.289999961853027,0.010223498096000606,0.011323729841388266,-0.024047161433523312,0.005884489130413512,-0.09060203394250499,28,Fear,93706710.5,2045352.649287,0.03892971008853742,0.03496436250158304,-2.234666666666666e-05,-9.754666666666666e-05,0.02285,0.07731121184792683,0.06213904601731237,0.03741850794051582,0.08192794168794958,0.03432794130869625
2025-09-27,3775.300048828125,65.72000122070312,2.8350000381469727,6643.7001953125,15.289999961853027,0.0,0.0,0.0,0.0,0.0,33,Fear,34736052.7,783461.396987,-0.992391673249561,-0.9596037076260406,0.0001,0.00012234666666666665,0.02263,-0.009674657694767642,0.06014252220545661,0.03648425896299359,0.08195568252343811,0.03741850794051582
2025-09-28,3775.300048828125,65.72000122070312,2.8350000381469727,6643.7001953125,15.289999961853027,0.0,0.0,0.0,0.0,0.0,37,Fear,56985196.4,1282242.707883,0.49501339152999674,0.4926441486603136,0.0001,0.0,0.02293,0.013169637224366914,0.059288429542112234,0.035490856463023204,0.0819010736523706,0.03648425896299359
2025-09-29,3820.89990234375,63.45000076293945,3.2669999599456787,6661.2099609375,16.1200008392334,0.012006108728818521,-0.035151105558710066,0.14183016972321966,0.002632077259912619,0.0528617716940319,50,Neutral,52137888.0,1176021.27686,-0.08889962046693534,-0.08647371842049618,9.812333333333334e-05,-1.8766666666666617e-06,0.02231,-0.027411088425371852,0.04605030226909532,0.03575679443983168,0.08201515169220466,0.035490856463023204
2025-09-30,3840.800048828125,62.369998931884766,3.302999973297119,6688.4599609375,16.280000686645508,0.005194719543134664,-0.017167832772092623,0.010959017965562767,0.004082503613507919,0.009876613611529673,50,Neutral,89521709.9,1915935.548042,0.5405892632250213,0.48806909829310047,0.0001,1.8766666666666617e-06,0.02117,-0.0524499232976673,0.04829358469484178,0.03666760508647544,0.08292481777213005,0.03575679443983168
2025-10-01,3867.5,61.779998779296875,3.4760000705718994,6711.2001953125,16.290000915527344,0.006927612517481628,-0.009504705681003096,0.05105108938154326,0.0033941541712235066,0.00061407606411764,49,Neutral,66208358.1,1426491.571031,-0.30167445432041584,-0.2949880573660608,0.0001,0.0,0.02224,0.04930738423560773,0.05350963331409182,0.037551051259379034,0.08227185718944989,0.03666760508647544
2025-10-02,3839.699951171875,60.47999954223633,3.441999912261963,6715.35009765625,16.6299991607666,-0.0072140776340165556,-0.021266943429129492,-0.009829555406839175,0.0006181636213842448,0.020656763924054484,64,Greed,135674433.2,3009739.761933,0.7174514320499318,0.7466356343856891,0.0001,0.0,0.0224,0.007168489478612497,0.04426813016365441,0.037275622475602406,0.08246929734376206,0.037551051259379034
2025-10-03,3880.800048828125,60.880001068115234,3.3239998817443848,6715.7900390625,16.649999618530273,0.010647104699776156,0.006592006795596239,-0.03488383088202106,6.55106568658717e-05,0.0012019507755499145,63,Greed,173404585.1,4114235.5454,0.24536936401634699,0.3125994269923301,0.0001,0.0,0.02409,0.07273585776578594,0.0430959363771595,0.03964832237961225,0.08105262076936112,0.037275622475602406
2025-10-04,3880.800048828125,60.880001068115234,3.3239998817443848,6715.7900390625,16.649999618530273,0.0,0.0,0.0,0.0,0.0,71,Greed,53077535.4,1234978.729349,-1.18387372974176,-1.2033992974534236,0.0001,0.0,0.02308,-0.042830374986881165,0.04695382114264259,0.039769845170381006,0.08352922181251159,0.03964832237961225
2025-10-05,3880.800048828125,60.880001068115234,3.3239998817443848,6715.7900390625,16.649999618530273,0.0,0.0,0.0,0.0,0.0,74,Greed,245393209.0,6057349.342258,1.531108082122305,1.5902185553928614,0.0001,0.0,0.02467,0.06662148890136649,0.05288996373096,0.041146780252462455,0.08254421107684361,0.039769845170381006
2025-10-06,3948.5,61.689998626708984,3.3570001125335693,6740.27978515625,16.3700008392334,0.017294429424654912,0.013217089862356094,0.009878910103058452,0.003639959282762629,-0.01695975086576718,71,Greed,1003152383.1,28465788.014922,1.4080408450329278,1.5474306435384129,-0.00358532,-0.0036853199999999997,0.02795,0.12482926905984276,0.06470778147897902,0.04661426561056511,0.07870982455669519,0.041146780252462455
2025-10-07,3976.60009765625,61.72999954223633,3.497999906539917,6714.58984375,17.239999771118164,0.007091447444070091,0.0006482080298397469,0.04114359835830016,-0.003818687706853079,0.05178180930974778,70,Greed,462037860.9,12918454.649968,-0.7752558660161742,-0.7900460635985945,-0.00223446,0.0013508599999999997,0.0276,-0.01260142687800382,0.057354889010170156,0.04670897137432957,0.07871642162220718,0.04661426561056511
2025-10-08,4043.300048828125,62.54999923706055,3.3329999446868896,6753.72021484375,16.299999237060547,0.016633994907520277,0.01319619572542084,-0.048318567148251716,0.005810748494187323,-0.05606719095272428,60,Greed,278772143.0,7693016.969591,-0.5052520813333252,-0.5183438517424406,-0.00053156,0.0017029000000000002,0.02764,0.0014482261763649699,0.0586059457087294,0.04661103247618422,0.08248617948139779,0.04670897137432957
2025-10-09,3946.300048828125,61.5099983215332,3.2690000534057617,6735.10986328125,16.43000030517578,-0.024282758867578195,-0.016766488783076145,-0.019388638650903102,-0.0027593739802789824,0.007943889616864368,70,Greed,158490427.7,4143419.985289,-0.5647005579570317,-0.6187915001014058,-0.00033474000000000004,0.00019682,0.02551,-0.08019346674574915,0.07225298072766011,0.04912252289718655,0.08164940033888568,0.04661103247618422
2025-10-10,3975.89990234375,58.900001525878906,3.1059999465942383,6552.509765625,21.65999984741211,0.007472669571045818,-0.04335861936876658,-0.05114843654699715,-0.027485975439899807,0.2763582839046803,64,Greed,444980572.0,8660106.581009,1.032336424352553,0.7372054995532136,8.870666666666667e-05,0.0004234466666666667,0.01772,-0.3643765869767852,0.15692048151758323,0.08300487518299943,0.048307849084684634,0.04912252289718655
2025-10-11,3975.89990234375,58.900001525878906,3.1059999465942383,6552.509765625,21.65999984741211,0.0,0.0,0.0,0.0,0.0,27,Fear,242779112.6,4550010.52704,-0.6058785944842907,-0.6435974831791286,-0.0010309566666666667,-0.0011196633333333335,0.0187,0.053829578683606216,0.1612213655251421,0.08381616189259385,0.047171869911748716,0.08300487518299943
2025-10-12,3975.89990234375,58.900001525878906,3.1059999465942383,6552.509765625,21.65999984741211,0.0,0.0,0.0,0.0,0.0,24,Extreme Fear,187856681.9,3644948.708659,-0.25647268651264366,-0.2217872529322243,-0.0007315433333333333,0.0002994133333333334,0.02034,0.0840658667598729,0.16308894161963455,0.08509510012234199,0.044619099276528996,0.08381616189259385
2025-10-13,4108.60009765625,59.4900016784668,3.118000030517578,6654.72021484375,19.030000686645508,0.03283124863445809,0.009967142850277801,0.0038560728910242374,0.015478263036934031,-0.1294505171378362,38,Fear,168950712.3,3490718.879759,-0.10607231259762251,-0.04323459592135043,-0.0005867366666666667,0.00014480666666666668,0.02119,0.04093998165979372,0.15278009704153275,0.08543548014408461,0.04362628119190632,0.08509510012234199
2025-10-14,4138.7001953125,58.70000076293945,3.0280001163482666,6644.31005859375,20.809999465942383,0.007299414410765657,-0.013368519582766103,-0.02928940642380191,-0.00156555149694257,0.08941689735171127,38,Fear,158532274.5,3134413.485687,-0.0636488319973228,-0.10766562706490285,-0.00040558666666666663,0.00018115000000000004,0.01996,-0.05979910139688984,0.15243337737393176,0.0857848968246898,0.04314214527508162,0.08543548014408461
2025-10-15,4176.89990234375,58.27000045776367,3.0160000324249268,6671.06005859375,20.639999389648438,0.009187545165353398,-0.00735235082042639,-0.003970913102651884,0.004017918503427979,-0.008202703699969066,34,Fear,116449088.9,2253392.833485,-0.3085040248533753,-0.33000506424597165,-0.0001069,0.00029868666666666663,0.01893,-0.05298230566208646,0.1509731501523586,0.08607826571972292,0.04332093754911088,0.0857848968246898
2025-10-16,4280.2001953125,57.459999084472656,2.937999963760376,6629.06982421875,25.309999465942383,0.02443046188439831,-0.013998351393044674,-0.026202395479788292,-0.006314280275141975,0.20396864241431095,28,Fear,125726407.2,2351981.375076,0.07665400233687063,0.042821104813924676,-0.0001738633333333333,-6.696333333333331e-05,0.01828,-0.034940399195227366,0.15063678530702992,0.08617788125345847,0.04358972450281097,0.08607826571972292
2025-10-17,4189.89990234375,57.540000915527344,3.007999897003174,6664.009765625,20.780000686645508,-0.02132293911227755,0.0013913364167031342,0.0235463064297349,0.0052568739445263,-0.1972085347417192,22,Extreme Fear,139339539.0,2450326.11858,0.1028055064645262,0.04096301407800257,-0.00010588333333333334,6.797999999999997e-05,0.0178,-0.026609108727964535,0.057662538874417725,0.08602043764490613,0.04361048973243495,0.08617788125345847
2025-10-18,4189.89990234375,57.540000915527344,3.007999897003174,6664.009765625,20.780000686645508,0.0,0.0,0.0,0.0,0.0,23,Extreme Fear,38295259.8,682708.763189,-1.2915875576283347,-1.2779080438872343,3.4666666666666665e-05,0.00014055,0.01776,-0.00224971973401533,0.052725946510491783,0.08593326592967482,0.0435916452724215,0.08602043764490613
2025-10-19,4189.89990234375,57.540000915527344,3.007999897003174,6664.009765625,20.780000686645508,0.0,0.0,0.0,0.0,0.0,29,Fear,69684068.3,1254525.656532,0.5986455928023214,0.6084444567794585,1.8186666666666663e-05,-1.648e-05,0.01804,0.015642777070453542,0.036924931012299676,0.08587817821930582,0.04371189666595337,0.08593326592967482
2025-10-20,4336.39990234375,57.52000045776367,3.3970000743865967,6735.1298828125,18.229999542236328,0.03436764429162454,-0.0003476526634173085,0.12161733922955234,0.010615724136144117,-0.13092245513454456,29,Fear,50292540.4,914032.950799,-0.3261149523953874,-0.3166461951904585,9.914666666666667e-05,8.096000000000001e-05,0.0181,0.0033204236373025474,0.028935790497719882,0.08558430039000009,0.0436566674709032,0.08587817821930582
2025-10-21,4087.699951171875,57.81999969482422,3.4739999771118164,6735.35009765625,17.8700008392334,-0.059062035540049886,0.005202009939038112,0.02241395015431072,3.269591641698797e-05,-0.019945187445519826,34,Fear,73557135.0,1328492.092975,0.380205687258961,0.37393319133124264,1.4773333333333336e-05,-8.437333333333333e-05,0.01754,-0.03142795132774318,0.024488528695107085,0.0854325823260144,0.04381076421124705,0.08558430039000009
2025-10-22,4044.39990234375,58.5,3.450000047683716,6699.39990234375,18.600000381469727,-0.01064926865576389,0.011692022927642327,-0.006932416365854406,-0.005351834774743029,0.04003822509368809,25,Extreme Fear,65448129.3,1134844.009939,-0.11680454135624542,-0.1575493290447769,4.851333333333334e-05,3.3740000000000006e-05,0.01707,-0.02716145013768779,0.019945770450826197,0.08384111538582964,0.04427675923031453,0.0854325823260144
2025-10-23,4125.5,61.790000915527344,3.3440001010894775,6738.43994140625,17.299999237060547,0.019854040473195667,0.05471479965183317,-0.03120651941207353,0.0058104798620133855,-0.07245514382509456,27,Fear,30393817.5,526672.147173,-0.7670186938048545,-0.7676722409697496,0.0001,5.148666666666666e-05,0.01746,0.022590013605107068,0.02199882312256836,0.08384940989778375,0.04439739284030621,0.08384111538582964
2025-10-24,4118.39990234375,61.5,3.303999900817871,6791.68994140625,16.3700008392334,-0.0017225098547725875,-0.004704379077171698,-0.01203389981263457,0.007871361975244856,-0.055256014753595165,30,Fear,28176279.6,493013.846508,-0.07575874097519283,-0.06604098345204086,0.0001,0.0,0.01761,0.008554372096658595,0.020628771003423266,0.08390627345689208,0.044355240038018565,0.08384940989778375
2025-10-25,4118.39990234375,61.5,3.303999900817871,6791.68994140625,16.3700008392334,0.0,0.0,0.0,0.0,0.0,37,Fear,20445935.6,357824.704863,-0.3206963604741087,-0.3204940446096792,0.0001,0.0,0.01754,-0.003982935564077793,0.020649197897140353,0.0830678267695763,0.045237807784618875,0.08390627345689208
2025-10-26,4118.39990234375,61.5,3.303999900817871,6791.68994140625,16.3700008392334,0.0,0.0,0.0,0.0,0.0,40,Fear,22500513.9,402883.193044,0.09575403438002798,0.11860346110891964,0.0001,0.0,0.01814,0.033635457742953546,0.024023648318583373,0.08192794168794958,0.04466527187960108,0.0830678267695763
2025-10-27,4001.89990234375,61.310001373291016,3.441999912261963,6875.16015625,15.789999961853027,-0.028695490766858036,-0.003094190638740023,0.04091884665899705,0.012215141327379352,-0.03607361679793433,51,Neutral,37647907.7,680600.805123,0.5147392313749972,0.524329268656085,0.0001,0.0,0.01779,-0.01948294300924676,0.02514327269006496,0.08195568252343811,0.044727984803959134,0.08192794168794958
2025-10-28,3966.199951171875,60.150001525878906,3.3450000286102295,6890.89013671875,16.420000076293945,-0.008960778782097539,-0.019101516385149182,-0.028585970165599425,0.0022853305022299255,0.03912328281902929,50,Neutral,35183780.1,622960.771952,-0.06769219653166875,-0.08849239459092205,-5.4833333333333336e-05,-0.00015483333333333335,0.01738,-0.02331638184049784,0.02373352150003318,0.0819010736523706,0.04824219816186494,0.08195568252343811
2025-10-29,3983.699951171875,60.47999954223633,3.375999927520752,6890.58984375,16.920000076293945,0.004402578266743398,0.005471256513850732,0.009224853131414327,-4.3579204733175357e-05,0.029996250016490023,51,Neutral,52363583.9,917600.102776,0.3976262021944224,0.38727812738457906,-0.00016074,-0.00010590666666666668,0.01776,0.0216286177267781,0.021975024562244757,0.08201515169220466,0.048441342338571634,0.0819010736523706
2025-10-30,4001.300048828125,60.56999969482422,3.9560000896453857,6822.33984375,16.90999984741211,0.004408297096619672,0.0014869916520238826,0.15854188115633971,-0.009954191424534511,-0.0005912048002166111,34,Fear,110695763.1,1869651.051243,0.7485741792821002,0.7117454110022571,-0.00023156333333333333,-7.082333333333332e-05,0.01627,-0.08762581633307764,0.039953853274339826,0.08292481777213005,0.04609892684960282,0.08201515169220466
2025-10-31,3982.199951171875,60.97999954223633,4.124000072479248,6840.2001953125,17.440000534057617,-0.0047849023856938715,0.006746218098867316,0.04159014730862217,0.0026145009178832708,0.030861295216443967,29,Fear,42639896.6,692737.722593,-0.9539952103678435,-0.9928556279460953,-0.00017161333333333333,5.9949999999999994e-05,0.01641,0.00856798387105327,0.039954911914525104,0.08227185718944989,0.046156606624849286,0.08292481777213005
2025-11-01,3982.199951171875,60.97999954223633,4.124000072479248,6840.2001953125,17.440000534057617,0.0,0.0,0.0,0.0,0.0,33,Fear,34867133.9,580720.773302,-0.20124569145501361,-0.17638141627459192,0.0001,0.00027161333333333335,0.01683,0.02527210310071511,0.042167988394730085,0.08246929734376206,0.0462754545327926,0.08227185718944989
2025-11-02,3982.199951171875,60.97999954223633,4.124000072479248,6840.2001953125,17.440000534057617,0.0,0.0,0.0,0.0,0.0,37,Fear,73468545.4,1231313.315244,0.7453126974324181,0.751566570110624,8.440666666666667e-05,-1.5593333333333332e-05,0.01691,0.004742154707774335,0.038943559378086745,0.08105262076936112,0.04726529475782617,0.08246929734376206
2025-11-03,4000.300048828125,61.04999923706055,4.265999794006348,6851.97021484375,17.170000076293945,0.0045349523774452045,0.0011472540064278913,0.03385298803214978,0.0017192339969181521,-0.015602769750574097,42,Fear,119927936.3,1859541.918556,0.49003367067889014,0.41224884131644607,-4.1523333333333336e-05,-0.00012593,0.01491,-0.12587303413384202,0.05889644356822138,0.08352922181251159,0.04200157643270498,0.08105262076936112
2025-11-04,3947.699951171875,60.560001373291016,4.3429999351501465,6771.5498046875,19.0,-0.013236252040332198,-0.00805855625402388,0.01788876685879337,-0.011806250392326715,0.10127529981361154,21,Extreme Fear,135460032.8,1924954.140411,0.12178560436678101,0.03457196724596592,-0.00019935333333333333,-0.00015783,0.01399,-0.06368934009925716,0.06062922359974312,0.08254421107684361,0.04074046603618496,0.08352922181251159
2025-11-05,3980.300048828125,59.599998474121094,4.23199987411499,6796.2900390625,18.010000228881836,0.008224087134207535,-0.015979083336420338,-0.02589067381063135,0.0036468976756877185,-0.05351180726997864,23,Extreme Fear,74726850.8,1040146.585366,-0.5948371599114699,-0.6155404936044266,7.878333333333334e-05,0.00027813666666666665,0.0145,0.03580586074913889,0.06287535668442018,0.07870982455669519,0.04122191750499004,0.08254421107684361
2025-11-06,3979.89990234375,59.43000030517578,4.35699987411499,6720.31982421875,19.5,-0.0001005367923334668,-0.0028563939556934584,0.02910905343270321,-0.011241134514722728,0.07948729367323931,27,Fear,81380127.4,1165311.722533,0.08529163205436735,0.11362697352766744,-7.245666666666667e-05,-0.00015124000000000002,0.01434,-0.011095814255054463,0.05739101784725153,0.07871642162220718,0.04133129352667095,0.07870982455669519
2025-11-07,3999.39990234375,59.75,4.315000057220459,6728.7998046875,19.079999923706055,0.004887656635851291,0.005370036298004862,-0.009686380446499832,0.0012610463474931072,-0.021773803548195154,24,Extreme Fear,110651147.2,1687672.22893,0.3072513262022668,0.37036157592867097,7.544000000000001e-05,0.00014789666666666668,0.01608,0.11452342857934604,0.0764017424450307,0.08248617948139779,0.03480779594527202,0.07871642162220718
2025-11-08,3999.39990234375,59.75,4.315000057220459,6728.7998046875,19.079999923706055,0.0,0.0,0.0,0.0,0.0,20,Extreme Fear,86720460.7,1382047.401062,-0.24369258409256828,-0.19978417650036157,0.0001,2.4559999999999995e-05,0.01588,-0.012515807931830759,0.07540778731319757,0.08164940033888568,0.035075054658792855,0.08248617948139779
2025-11-09,3999.39990234375,59.75,4.315000057220459,6728.7998046875,19.079999923706055,0.0,0.0,0.0,0.0,0.0,22,Extreme Fear,39238958.4,611428.14455,-0.7930197601748774,-0.8155238612721445,0.0001,0.0,0.01572,-0.010126668817928935,0.07518826512032183,0.048307849084684634,0.036277187289261534,0.08164940033888568
2025-11-10,4111.7998046875,60.130001068115234,4.3379998207092285,6832.43017578125,17.600000381469727,0.027716515886168476,0.006339712003290341,0.005316033278181961,0.015283626703501816,-0.08074173830298387,29,Fear,56189632.2,885987.130666,0.3590621694516448,0.3709049839375165,0.0001,0.0,0.01591,0.012014055348634969,0.05534535476618864,0.047171869911748716,0.03632094050759744,0.048307849084684634
2025-11-11,4106.7998046875,61.040000915527344,4.565000057220459,6846.60986328125,17.280000686645508,-0.0012167524528548244,0.015020499160100932,0.05100515550713606,0.0020731999523923177,-0.018349120606183555,26,Fear,113417820.9,1807502.367336,0.7023462702864179,0.7129988384696084,3.604e-05,-6.396e-05,0.01517,-0.047628048989254705,0.05205126044747321,0.044619099276528996,0.03563058263613546,0.047171869911748716
2025-11-12,4204.39990234375,58.4900016784668,4.5329999923706055,6850.919921875,17.510000228881836,0.02348748385555354,-0.04267357382343158,-0.007034556305900126,0.0006293191259445972,0.01322235625691449,24,Extreme Fear,47622281.0,723889.147743,-0.8677777897868646,-0.9150629939506795,3.150333333333334e-05,-4.53666666666666e-06,0.01483,-0.022667637210600177,0.05220500301166964,0.04362628119190632,0.035811896819698735,0.044619099276528996
2025-11-13,4186.89990234375,58.689998626708984,4.645999908447266,6737.490234375,20.0,-0.004170992761122764,0.003413503019600131,0.024622644366872306,-0.01669545163092778,0.13296011418473802,15,Extreme Fear,46593379.0,685762.467702,-0.021842290461548636,-0.05410695903992171,-9.023333333333334e-05,-0.00012173666666666667,0.01418,-0.04481963504585927,0.055215057635174446,0.04314214527508162,0.03521420643059016,0.04362628119190632
2025-11-14,4087.60009765625,60.09000015258789,4.565999984741211,6734.10986328125,19.829999923706055,-0.024002555332014903,0.023574109713979455,-0.01736906987673076,-0.0005018514712717733,-0.008536334869686581,16,Extreme Fear,63404747.2,868050.654389,0.30808028611965166,0.23571875977770446,7.000666666666666e-05,0.00016024,0.01338,-0.058071466403899076,0.02496670628393018,0.04332093754911088,0.03436786745045757,0.04314214527508162
2025-11-15,4087.60009765625,60.09000015258789,4.565999984741211,6734.10986328125,19.829999923706055,0.0,0.0,0.0,0.0,0.0,10,Extreme Fear,28648341.5,392074.003964,-0.794443182433648,-0.7947994629534777,-7.173333333333335e-05,-0.00014174,0.01372,0.025093567597656775,0.03158635437778637,0.04358972450281097,0.03515449157107174,0.04332093754911088
2025-11-16,4087.60009765625,60.09000015258789,4.565999984741211,6734.10986328125,19.829999923706055,0.0,0.0,0.0,0.0,0.0,10,Extreme Fear,38881904.1,520425.931458,0.3054333989804942,0.2831969676595374,2.4400000000000016e-06,7.417333333333334e-05,0.01334,-0.028087581810261556,0.031294785732538875,0.04361048973243495,0.03501917610106845,0.04358972450281097
2025-11-17,4068.300048828125,59.90999984741211,4.361000061035156,6672.41015625,22.3799991607666,-0.0047327908648018505,-0.003000007336277463,-0.045936141909466974,-0.009204497894305158,0.12097172670021585,14,Extreme Fear,88927024.6,1209721.835281,0.8272871329175513,0.8434981487102382,-0.00018042,-0.00018286000000000002,0.01317,-0.012825524732287957,0.027818158196703715,0.0435916452724215,0.036464623780724195,0.04361048973243495
2025-11-18,4061.300048828125,60.7400016784668,4.370999813079834,6617.31982421875,24.690000534057617,-0.0017221023533426794,0.013759053702352598,0.0022903702611606095,-0.008290709844169318,0.09823065960309084,11,Extreme Fear,71790891.1,960752.907768,-0.21405848197240704,-0.23042846796405111,-0.0002891766666666667,-0.00010875666666666667,0.01345,0.021037590292658562,0.031229660589567006,0.04371189666595337,0.03679419585583572,0.0435916452724215
2025-11-19,4077.699951171875,59.439998626708984,4.550000190734863,6642.16015625,23.65999984741211,0.004029960569867122,-0.021635109945549888,0.040135501765139345,0.00374680773726533,-0.042612472886562745,15,Extreme Fear,49233452.8,644995.094858,-0.3771842756970744,-0.39847454410533534,-5.9703333333333335e-05,0.00022947333333333335,0.01323,-0.01649212792098378,0.031136268898667562,0.0436566674709032,0.03812422175694525,0.04371189666595337
2025-11-20,4056.5,59.13999938964844,4.473999977111816,6538.759765625,26.420000076293945,-0.0052125591455094164,-0.005059873201805662,-0.016844416930491615,-0.01568972611631523,0.1103354498808654,11,Extreme Fear,49968943.7,655472.561618,0.014828359042913977,0.016113731725785944,3.362333333333334e-05,9.332666666666668e-05,0.01272,-0.03931142021488824,0.030355470542370828,0.04381076421124705,0.03774780341570527,0.0436566674709032
2025-11-21,4076.699951171875,58.060001373291016,4.579999923706055,6602.990234375,23.43000030517578,0.004967292782076356,-0.018430521854432346,0.023416123515909937,0.009775103041592069,-0.12010403643720817,14,Extreme Fear,86524792.6,1050105.463219,0.5490293060739683,0.4712894356473224,7.381e-05,4.018666666666666e-05,0.01211,-0.049144000346975275,0.028394046503570188,0.04427675923031453,0.036918793963623533,0.04381076421124705
2025-11-22,4076.699951171875,58.060001373291016,4.579999923706055,6602.990234375,23.43000030517578,0.0,0.0,0.0,0.0,0.0,11,Extreme Fear,52628542.2,638859.352661,-0.4971723925723555,-0.49696155449970225,-6.828333333333333e-05,-0.00014209333333333333,0.01244,0.026885529746032494,0.028812837206678953,0.04439739284030621,0.03641460913914916,0.04427675923031453
2025-11-23,4076.699951171875,58.060001373291016,4.579999923706055,6602.990234375,23.43000030517578,0.0,0.0,0.0,0.0,0.0,13,Extreme Fear,52088779.0,659811.650283,-0.010309048668371519,0.032270091164284025,7.926333333333332e-05,0.00014754666666666667,0.01251,0.005611237167786386,0.02888017400801967,0.044355240038018565,0.03636366269093245,0.04439739284030621
2025-11-24,4091.89990234375,58.84000015258789,4.548999786376953,6705.1201171875,20.520000457763672,0.0037215603622990662,0.013344916077058603,-0.006791599840602078,0.015348818899081837,-0.13261722293396586,19,Extreme Fear,41650956.3,531794.381093,-0.22362522254930026,-0.21569750300750568,0.0001,2.073666666666668e-05,0.01299,0.03765150620368838,0.033714462218419214,0.045237807784618875,0.03541373225991124,0.044355240038018565
2025-11-25,4139.2001953125,57.95000076293945,4.423999786376953,6765.8798828125,18.559999465942383,0.01149319363831883,-0.01524131537526606,-0.027863165694699425,0.009020886000832944,-0.10039134402734166,20,Extreme Fear,38486805.2,496939.269447,-0.07900886826023645,-0.06778908856705121,0.0001,0.0,0.01313,0.010719857632196645,0.03275298606759287,0.04466527187960108,0.035221751179145715,0.045237807784618875
2025-11-26,4165.2001953125,58.650001525878906,4.558000087738037,6812.60986328125,17.190000534057617,0.006261760929431564,0.012007018164936087,0.029839734140007165,0.006882969436149685,-0.07668084812071645,15,Extreme Fear,32619345.8,424269.64466,-0.16540991866229382,-0.15809861687321772,8.798e-05,-1.202000000000001e-05,0.0132,0.005317141277620339,0.03233915391392272,0.044727984803959134,0.03523268846154244,0.04466527187960108
2025-11-27,4165.2001953125,58.650001525878906,4.558000087738037,6812.60986328125,17.190000534057617,0.0,0.0,0.0,0.0,0.0,22,Extreme Fear,205317547.2,2939857.014658,1.8396522495795815,1.935747017194512,3.218e-05,-5.5799999999999994e-05,0.01445,0.09047758496611602,0.04201876307486358,0.04824219816186494,0.030620996754320468,0.044727984803959134
2025-11-28,4218.2998046875,58.54999923706055,4.849999904632568,6849.08984375,16.350000381469727,0.012667816416397979,-0.0017065241030113673,0.06209473521327111,0.005340487341137372,-0.050099929787937765,25,Extreme Fear,115306944.7,1628073.892077,-0.5769601343594878,-0.5909632908938094,-0.0012745466666666666,-0.0013067266666666666,0.01382,-0.044577596218917215,0.04081694291145848,0.048441342338571634,0.029995912124687326,0.04824219816186494
2025-11-29,4218.2998046875,58.54999923706055,4.849999904632568,6849.08984375,16.350000381469727,0.0,0.0,0.0,0.0,0.0,28,Fear,48955525.8,676103.724061,-0.8566854078066797,-0.8788064315535321,-0.00047622333333333333,0.0007983233333333332,0.01362,-0.01457751761815753,0.04243616930013578,0.04609892684960282,0.03006195662758724,0.048441342338571634
2025-11-30,4218.2998046875,58.54999923706055,4.849999904632568,6849.08984375,16.350000381469727,0.0,0.0,0.0,0.0,0.0,28,Fear,56118983.6,761060.464578,0.1365618946556407,0.11836630658313275,-0.00047067333333333333,5.549999999999999e-06,0.01327,-0.026033452377250143,0.044958344579419184,0.046156606624849286,0.030057375639973048,0.04609892684960282
2025-12-01,4239.2998046875,59.31999969482422,4.921000003814697,6812.6298828125,17.239999771118164,0.004965958221290471,0.013065435111999804,0.014533077373024934,-0.005337548746055966,0.05300433128459449,24,Extreme Fear,74981122.7,943657.394874,0.28976224064194306,0.2150503622961199,-0.0007492166666666667,-0.00027854333333333334,0.01267,-0.046268854011068464,0.047008361755745395,0.0462754545327926,0.029539862885516518,0.046156606624849286
2025-12-02,4186.60009765625,58.63999938964844,4.840000152587891,6829.3701171875,16.59000015258789,-0.01250914319860585,-0.01152946495521809,-0.016597010404065096,0.002454221195936617,-0.03843213855940299,23,Extreme Fear,32354954.4,417647.175008,-0.8404692253785097,-0.8151261739505552,-0.0007750966666666666,-2.5879999999999935e-05,0.01325,0.04476055809918348,0.05037254888230408,0.04726529475782617,0.030748786110999703,0.0462754545327926
2025-12-03,4199.2998046875,58.95000076293945,4.994999885559082,6849.72021484375,16.079999923706055,0.0030288262173034956,0.005272592755579819,0.031522636934458316,0.0029753605210852863,-0.03122385439376344,28,Fear,29708939.4,399009.479351,-0.0853191687241061,-0.045651822781739175,-0.0003267533333333333,0.0004483433333333333,0.01356,0.02312673008001816,0.051054431801582575,0.04200157643270498,0.03254472106216065,0.04726529475782617
2025-12-04,4211.7998046875,59.66999816894531,5.063000202178955,6857.1201171875,15.779999732971191,0.0029722651693542806,0.012139710922112105,0.013521843730989231,0.001079738711974404,-0.018832960510421614,26,Fear,16001608.1,213427.492979,-0.618758766979905,-0.6256880107314718,-0.00021392,0.0001128333333333333,0.01317,-0.029182766757059827,0.03459091007860163,0.04074046603618496,0.032289693773912054,0.04200157643270498
2025-12-05,4212.89990234375,60.08000183105469,5.289000034332275,6870.39990234375,15.40999984741211,0.00026116008896670296,0.006847687085184139,0.043669965654692056,0.0019347688846794776,-0.023726659065600814,28,Fear,35264345.9,450649.907586,0.790183198913212,0.7473936162860528,-0.00043158666666666667,-0.00021766666666666665,0.01246,-0.055418002395882494,0.03642140339360336,0.04122191750499004,0.03166154700939546,0.04074046603618496
2025-12-06,4212.89990234375,60.08000183105469,5.289000034332275,6870.39990234375,15.40999984741211,0.0,0.0,0.0,0.0,0.0,23,Extreme Fear,27413691.5,344104.105673,-0.2518298439808972,-0.2697465355744758,-7.814666666666668e-05,0.00035344,0.01262,0.01275934375375992,0.037885286669564484,0.04133129352667095,0.03170987562939418,0.04122191750499004
2025-12-07,4212.89990234375,60.08000183105469,5.289000034332275,6870.39990234375,15.40999984741211,0.0,0.0,0.0,0.0,0.0,20,Extreme Fear,46578100.1,577811.672639,0.5300878973608659,0.5183037453358209,-0.00030470666666666666,-0.00022656,0.01234,-0.022436838635825265,0.03766951516178836,0.03480779594527202,0.031520653567287095,0.04133129352667095
2025-12-08,4187.2001953125,58.880001068115234,4.9120001792907715,6846.509765625,16.65999984741211,-0.006118924040939417,-0.020175545371656393,-0.07394797122969814,-0.0034833153316476935,0.07799398814961006,20,Extreme Fear,34321422.7,432871.284081,-0.3053607480092734,-0.28880757128698337,-0.0002502533333333333,5.445333333333336e-05,0.01253,0.015279750430735022,0.03498377809239346,0.035075054658792855,0.031983263123479266,0.03480779594527202
2025-12-09,4206.7001953125,58.25,4.573999881744385,6840.509765625,16.93000030517578,0.0046462393338665645,-0.010757400115354736,-0.07129315759868891,-0.0008767431610132386,0.016076586591024407,22,Extreme Fear,44014649.8,557089.76005,0.24875280077943618,0.25228595763797157,-9.936333333333335e-05,0.00015088999999999993,0.01308,0.042958577121075654,0.03459030609564712,0.036277187289261534,0.03073538028358616,0.035075054658792855
2025-12-10,4196.39990234375,58.459999084472656,4.59499979019165,6886.68017578125,15.770000457763672,-0.002451547168984526,0.0035986515765415294,0.0045806404007918385,0.006726880659139976,-0.07097778416833754,26,Fear,41753449.5,538048.046323,-0.052740457864426216,-0.034778514439119126,-1.9733333333333324e-06,9.739000000000001e-05,0.01272,-0.0279087881170765,0.033819635313359325,0.03632094050759744,0.03046145176450855,0.036277187289261534
2025-12-11,4285.5,57.599998474121094,4.230999946594238,6901.0,14.850000381469727,0.021010239753042382,-0.014820202811459567,-0.08253035103206917,0.00207719198371703,-0.060109539065541076,29,Fear,24119770.7,297924.52325,-0.5487502054579866,-0.591107684866746,-0.00016447666666666666,-0.00016250333333333333,0.01245,-0.0214549350012596,0.03317617399600459,0.03563058263613546,0.03065671496772901,0.03632094050759744
2025-12-12,4300.10009765625,57.439998626708984,4.11299991607666,6827.41015625,15.739999771118164,0.003401069596484952,-0.002781640379193324,-0.02828569027156239,-0.010720913458554537,0.05820533751093889,29,Fear,19846846.1,240782.46575,-0.19498675732079268,-0.21294628261005022,-0.00011932000000000002,4.515666666666664e-05,0.01206,-0.031826431611677204,0.028417022620483647,0.035811896819698735,0.030207153409298446,0.03563058263613546
2025-12-13,4300.10009765625,57.439998626708984,4.11299991607666,6827.41015625,15.739999771118164,0.0,0.0,0.0,0.0,0.0,23,Extreme Fear,20857151.6,254398.661785,0.04965178397151296,0.055008677042462796,-0.0002498933333333333,-0.0001305733333333333,0.01219,0.01072175219414067,0.02821857920199745,0.03521420643059016,0.030228536210085373,0.035811896819698735
2025-12-14,4300.10009765625,57.439998626708984,4.11299991607666,6827.41015625,15.739999771118164,0.0,0.0,0.0,0.0,0.0,21,Extreme Fear,21980102.3,261681.136154,0.05244071136474615,0.028224153816231536,-0.0005740066666666666,-0.00032411333333333327,0.01173,-0.03846628082779594,0.03043708598941303,0.03436786745045757,0.03322283623048701,0.03521420643059016
2025-12-15,4306.7001953125,56.81999969482422,4.01200008392334,6816.509765625,16.5,0.001533693992035725,-0.010852529776578733,-0.024862777826106897,-0.0015978388918367072,0.047155152458690654,16,Extreme Fear,33505644.3,379759.20151,0.4215763080101537,0.3724106466341342,-0.0005211633333333333,5.2843333333333275e-05,0.01109,-0.05610586130310856,0.033443759662863684,0.03515449157107174,0.03181211889898662,0.03436786745045757
2025-12-16,4304.5,55.27000045776367,3.885999917984009,6800.259765625,16.479999542236328,-0.0005110078294488002,-0.027658096927631208,-0.031909561168026186,-0.00238676400843967,-0.0012128842021314815,11,Extreme Fear,36331784.8,397227.951413,0.08097906126336449,0.0449729292020892,7.313333333333334e-05,0.0005942966666666667,0.01087,-0.020037100229157542,0.02042347328161049,0.03501917610106845,0.032560628324692704,0.03515449157107174
2025-12-17,4347.5,55.939998626708984,4.02400016784668,6721.43017578125,17.6200008392334,0.009939980130428714,0.012049389096967787,0.03489614465909521,-0.01165985661137129,0.06688717143322019,16,Extreme Fear,57884976.6,609104.695955,0.4657649069385226,0.4274798666490172,-2.389e-05,-9.702333333333334e-05,0.01021,-0.06263906895654382,0.024625985559360426,0.036464623780724195,0.030446309821926937,0.03501917610106845
2025-12-18,4339.5,56.150001525878906,3.9079999923706055,6774.759765625,16.8700008392334,-0.0018418331441386099,0.0037470451350424486,-0.029250742280552834,0.007902951520479156,-0.04349772183265853,17,Extreme Fear,54989409.2,546384.179714,-0.05131727271739061,-0.1086678133084042,-0.00011287999999999999,-8.898999999999999e-05,0.00971,-0.050211349873340735,0.025084521719750768,0.03679419585583572,0.029455861533297403,0.036464623780724195
2025-12-19,4361.39990234375,56.65999984741211,3.9839999675750732,6834.5,14.90999984741211,0.005033950243312225,0.009041783349827094,0.01926059935527906,0.008779407421828872,-0.12350482776224771,16,Extreme Fear,53090853.0,530301.449964,-0.03513595316796471,-0.029876735793312435,-6.712333333333332e-05,4.575666666666667e-05,0.01015,0.04431742318456282,0.03938243169186914,0.03812422175694525,0.029707495579564428,0.03679419585583572
2025-12-20,4361.39990234375,56.65999984741211,3.9839999675750732,6834.5,14.90999984741211,0.0,0.0,0.0,0.0,0.0,20,Extreme Fear,34656394.7,353532.776277,-0.4265223936874682,-0.40546941802175307,-2.902333333333333e-05,3.809999999999999e-05,0.01019,0.003933141746837146,0.03843903895821717,0.03774780341570527,0.030422201403224696,0.03812422175694525
2025-12-21,4361.39990234375,56.65999984741211,3.9839999675750732,6834.5,14.90999984741211,0.0,0.0,0.0,0.0,0.0,20,Extreme Fear,63764491.3,650413.586074,0.6097142128813299,0.6096322464620497,-0.0005494933333333333,-0.00052047,0.0101,-0.0088714233874197,0.038415745638175076,0.036918793963623533,0.033891456395316745,0.03774780341570527
2025-12-22,4444.60009765625,58.0099983215332,3.9649999141693115,6878.490234375,14.079999923706055,0.018896813791643464,0.023546888834552214,-0.00478049814383798,0.006415870575561936,-0.05727677323142513,25,Extreme Fear,30202181.4,306475.510236,-0.7472823191559975,-0.7524705959798469,-0.0005587266666666667,-9.233333333333359e-06,0.0101,0.0,0.03571975898009933,0.03641460913914916,0.03395842370283726,0.036918793963623533
2025-12-23,4482.7998046875,58.380001068115234,4.4079999923706055,6909.7900390625,14.0,0.008557909489307347,0.006358003178000216,0.10591523668007992,0.004540067046788208,-0.005698015696033632,24,Extreme Fear,30868096.4,306631.746343,0.02180901800541618,0.0005096534373236582,-0.0003281033333333333,0.00023062333333333338,0.00995,-0.014962872676712266,0.035612959995511666,0.03636366269093245,0.033923467644343785,0.03641460913914916
2025-12-24,4480.60009765625,58.349998474121094,4.242000102996826,6932.0498046875,13.470000267028809,-0.0004908198003828014,-0.0005140511397665496,-0.03838618969706519,0.003216304344700708,-0.038592319369021244,24,Extreme Fear,22678318.8,222967.630427,-0.30831382243784583,-0.3186208983823402,-0.00035918333333333333,-3.108000000000001e-05,0.00998,0.0030105391528710626,0.028101524641255118,0.03541373225991124,0.034004996797067776,0.03636366269093245
2025-12-25,4480.60009765625,58.349998474121094,4.242000102996826,6932.0498046875,13.470000267028809,0.0,0.0,0.0,0.0,0.0,23,Extreme Fear,18676948.6,187976.6487,-0.19411928084817404,-0.1707088598154185,-7.755333333333334e-05,0.00028163,0.00988,-0.010070578563596057,0.019788629360653103,0.035221751179145715,0.03394343891317389,0.03541373225991124
2025-12-26,4529.10009765625,56.7400016784668,4.366000175476074,6929.93994140625,13.600000381469727,0.010766277995574931,-0.027979873619687227,0.028812417896506317,-0.00030440987710828846,0.00960481054501314,20,Extreme Fear,27008095.3,269535.233659,0.3688465787117347,0.36038137287002947,-6.395333333333334e-05,1.3600000000000005e-05,0.00994,0.006054508908706222,0.008193035045135801,0.03523268846154244,0.03534676008940373,0.035221751179145715
2025-12-27,4529.10009765625,56.7400016784668,4.366000175476074,6929.93994140625,13.600000381469727,0.0,0.0,0.0,0.0,0.0,23,Extreme Fear,24062860.7,242280.75658,-0.11546704492592223,-0.1066019140844363,7.587e-05,0.00013982333333333334,0.01021,0.02680061150809164,0.013949015651846057,0.030620996754320468,0.035106017863195074,0.03523268846154244
2025-12-28,4529.10009765625,56.7400016784668,4.366000175476074,6929.93994140625,13.600000381469727,0.0,0.0,0.0,0.0,0.0,24,Extreme Fear,23501328.0,239119.182291,-0.02361267187377704,-0.013135106548156887,-7.751999999999999e-05,-0.00015339,0.01005,-0.01579499767148949,0.014917890801641534,0.029995912124687326,0.035792905744883106,0.030620996754320468
2025-12-29,4325.10009765625,58.08000183105469,4.686999797821045,6905.740234375,14.199999809265137,-0.04608798173882948,0.023341943080538913,0.07094537748520852,-0.003498162923937312,0.04317213038393171,24,Extreme Fear,34511230.5,346585.993202,0.38422786261399305,0.37116886615813094,-0.0003107466666666667,-0.0002332266666666667,0.00983,-0.02213370034600954,0.01694988406506987,0.03006195662758724,0.035528488927037034,0.029995912124687326
2025-12-30,4370.10009765625,57.95000076293945,3.9719998836517334,6896.240234375,14.329999923706055,0.010350630404542907,-0.0022408190917251633,-0.16552295891364222,-0.0013766142506534472,0.009113285340826614,23,Extreme Fear,32812645.2,323492.613194,-0.05047082732082959,-0.06895468480976451,-0.0005591566666666667,-0.00024841000000000007,0.00988,0.005073577600701183,0.01644897662605217,0.030057375639973048,0.04456001261811859,0.03006195662758724
2025-12-31,4325.60009765625,57.41999816894531,3.686000108718872,6845.5,14.949999809265137,-0.010235032825325435,-0.009187940147117662,-0.07472782814810122,-0.007384867434248815,0.0423560505625017,21,Extreme Fear,40417715.4,392766.957012,0.20845422336916666,0.19404017162339113,-0.00059033,-3.1173333333333274e-05,0.00958,-0.03083491977700728,0.019719809854618922,0.029539862885516518,0.04521408900557062,0.030057375639973048
2026-01-01,4325.60009765625,57.41999816894531,3.686000108718872,6845.5,14.949999809265137,0.0,0.0,0.0,0.0,0.0,20,Extreme Fear,22951091.6,225276.761803,-0.5659026892085127,-0.5558867525145378,-0.00042587,0.00016446,0.01019,0.06172925525186421,0.032002592331368984,0.030748786110999703,0.04987072283590446,0.029539862885516518
2026-01-02,4314.39990234375,57.31999969482422,3.618000030517578,6858.47021484375,14.510000228881836,-0.0025926392560806856,-0.001743045168221482,-0.018620493334679293,0.0018929140261155547,-0.029873204408338686,28,Fear,62549884.6,657895.67918,1.002598892341595,1.071716677709056,-0.00028543666666666666,0.00014043333333333335,0.01079,0.05721293203540984,0.03776285994674506,0.03254472106216065,0.04837664172935508,0.030748786110999703
2026-01-03,4314.39990234375,57.31999969482422,3.618000030517578,6858.47021484375,14.510000228881836,0.0,0.0,0.0,0.0,0.0,29,Fear,28000420.6,297963.970097,-0.8037448604962026,-0.7920738029955718,-0.00014793,0.00013750666666666666,0.01073,-0.005576222627436069,0.0375905633202026,0.032289693773912054,0.04848279430208975,0.03254472106216065
2026-01-04,4314.39990234375,57.31999969482422,3.618000030517578,6858.47021484375,14.510000228881836,0.0,0.0,0.0,0.0,0.0,25,Extreme Fear,80952938.9,895236.942287,1.0616484531002957,1.1001158497419297,-4.889999999999999e-06,0.00014304,0.01107,0.031195190077938376,0.037012573371781744,0.03166154700939546,0.04942291407752857,0.032289693773912054
2026-01-05,4436.89990234375,58.31999969482422,3.5230000019073486,6902.0498046875,14.899999618530273,0.027997669976117596,0.017295484831722364,-0.02660849550753415,0.006334024511051582,0.026523104679246158,26,Fear,114125604.4,1258039.275332,0.3434316502572848,0.3402212340048436,-2.2166666666666656e-06,2.6733333333333333e-06,0.01124,0.015240097744999551,0.033491734443363605,0.03170987562939418,0.04944005195910525,0.03166154700939546
2026-01-06,4482.2001953125,57.130001068115234,3.3499999046325684,6944.81982421875,14.75,0.010158128512449065,-0.020615691035027604,-0.050352582531414974,0.0061775920038938375,-0.0101181045635892,44,Fear,78424032.0,880649.084898,-0.3751692238508379,-0.3566504251710667,9.175e-05,9.396666666666666e-05,0.01124,0.0,0.033899514622434804,0.031520653567287095,0.05825377941845235,0.03170987562939418
2026-01-07,4449.2998046875,55.9900016784668,3.5250000953674316,6920.93017578125,15.380000114440918,-0.007367304357957669,-0.020156258093818158,0.050920145949737525,-0.0034458535710101927,0.04182488873256102,42,Fear,48083550.0,526207.209558,-0.48919028822189253,-0.5149641623698704,1.8900000000000016e-06,-8.986e-05,0.01081,-0.039007212814428066,0.035956966812257164,0.031983263123479266,0.06249123634481621,0.031520653567287095
2026-01-08,4449.7001953125,57.7599983215332,3.4070000648498535,6921.4599609375,15.449999809265137,8.998553214307117e-05,0.031123332186466183,-0.034048305605694704,7.654532942294603e-05,0.004541019480065979,28,Fear,71773002.1,779962.796948,0.4005682672465525,0.39355115263883317,4.786333333333333e-05,4.597333333333333e-05,0.01085,0.00369344833535173,0.0302279175227627,0.03073538028358616,0.06273526214653345,0.031983263123479266
2026-01-09,4490.2998046875,59.119998931884766,3.1689999103546143,6966.27978515625,14.489999771118164,0.009082749101682023,0.023272793047802182,-0.07241610529256935,0.006454611138321038,-0.06415025046171281,27,Fear,31909263.7,344976.060272,-0.8106120242698086,-0.8157711982178393,8.663000000000002e-05,3.876666666666668e-05,0.01079,-0.005545300716425376,0.021611915287090243,0.03046145176450855,0.06304246289810617,0.03073538028358616
2026-01-10,4490.2998046875,59.119998931884766,3.1689999103546143,6966.27978515625,14.489999771118164,0.0,0.0,0.0,0.0,0.0,25,Extreme Fear,36811261.8,404540.485651,0.14290745977948513,0.15927679551824908,7.888e-05,-7.750000000000012e-06,0.01101,0.020184171464545386,0.02267140678122429,0.03065671496772901,0.06278119999308228,0.03046145176450855
2026-01-11,4490.2998046875,59.119998931884766,3.1689999103546143,6966.27978515625,14.489999771118164,0.0,0.0,0.0,0.0,0.0,29,Fear,61861491.8,694056.068315,0.519094057179341,0.5398009276966792,-0.00038158666666666664,-0.0004604666666666666,0.01096,-0.004551669214719298,0.01920107007529585,0.030207153409298446,0.06288032940358865,0.03065671496772901
2026-01-12,4604.2998046875,59.5,3.4089999198913574,6977.27001953125,15.119999885559082,0.025071135876622564,0.006407053978539629,0.0730029172360459,0.0015763900591805138,0.04255962264580009,27,Fear,31029669.5,336176.319393,-0.6899540552907277,-0.7249169648997251,-0.0004842033333333333,-0.00010261666666666668,0.01075,-0.019346526946197633,0.018639287546064455,0.030228536210085373,0.06293236952104313,0.030207153409298446
2026-01-13,4589.2001953125,61.150001525878906,3.4189999103546143,6963.740234375,15.979999542236328,-0.003284847544970745,0.027353574534645247,0.002929114780792214,-0.0019410055882070072,0.05531954850954804,26,Fear,92132038.6,1034346.192264,1.0882789228840193,1.1238890253753966,-0.00034523999999999997,0.00013896333333333335,0.01165,0.08040042543803795,0.03796757041461855,0.03322283623048701,0.061129903859270175,0.030228536210085373
2026-01-14,4626.2998046875,62.02000045776367,3.119999885559082,6926.60009765625,16.75,0.008051610829708839,0.014127033966977518,-0.09151511929578726,-0.005347633584135448,0.047060346578984245,48,Neutral,65865640.7,761506.877439,-0.33560583019732604,-0.30622560406731264,7.953e-05,0.00042477,0.01139,-0.02257040255261874,0.03519050497888643,0.03181211889898662,0.06221955176004231,0.03322283623048701
2026-01-15,4616.2998046875,59.189998626708984,3.128000020980835,6944.47021484375,15.84000015258789,-0.002163894212595402,-0.04670433555197605,0.0025608642488838393,0.002576603920444464,-0.055859862251721834,61,Greed,33558511.6,372791.852,-0.6743263899090067,-0.714278977381662,5.980666666666667e-05,-1.9723333333333335e-05,0.01092,-0.04213980714233195,0.03995135315439008,0.032560628324692704,0.06247282941550211,0.03181211889898662
2026-01-16,4588.39990234375,59.439998626708984,3.1029999256134033,6940.009765625,15.859999656677246,-0.0060621179774391735,0.004214791804453334,-0.008024467896726974,-0.0006425086684515026,0.0012617985402639538,49,Neutral,15847643.2,174341.548135,-0.7502697349374027,-0.7600039308294971,1.7040000000000003e-05,-4.276666666666667e-05,0.01111,0.0172496333347798,0.04026443839322287,0.030446309821926937,0.06271453699997986,0.032560628324692704
2026-01-17,4588.39990234375,59.439998626708984,3.1029999256134033,6940.009765625,15.859999656677246,0.0,0.0,0.0,0.0,0.0,50,Neutral,50248626.7,580428.261994,1.153962421951567,1.2027499182984038,9.480333333333334e-05,7.776333333333334e-05,0.01156,0.03970525959269296,0.042188095061328465,0.029455861533297403,,0.030446309821926937
2026-01-18,4588.39990234375,59.439998626708984,3.1029999256134033,6940.009765625,15.859999656677246,0.0,0.0,0.0,0.0,0.0,49,Neutral,52123017.3,598345.259063,0.036623424772955104,0.030401729818937795,-7.237333333333333e-05,-0.00016717666666666667,0.0111,-0.04060575492594302,0.04586860282016282,0.029707495579564428,,0.029455861533297403
2026-01-19,4588.39990234375,59.439998626708984,3.1029999256134033,6940.009765625,15.859999656677246,0.0,0.0,0.0,0.0,0.0,44,Fear,41350428.1,439665.097275,-0.2315238674859112,-0.3081546490978312,-0.00015683666666666666,-8.446333333333333e-05,0.01074,-0.03297001923756994,0.04718615278006104,0.030422201403224696,,0.029707495579564428
2026-01-20,4759.60009765625,60.34000015258789,3.9070000648498535,6796.85986328125,20.09000015258789,0.036632293474919336,0.015027858954032521,0.23040047117754334,-0.020842460953261224,0.23642199186244148,32,Fear,43207295.0,441712.125086,0.04392657223504943,0.004645074639423457,-6.944e-05,8.739666666666666e-05,0.00991,-0.08043074073882195,0.040054276290645854,0.033891456395316745,,0.030422201403224696
2026-01-21,4831.7998046875,60.619998931884766,4.875,6875.6201171875,16.899999618530273,0.015055377008505682,0.004629617750091477,0.2213502717785015,0.01152111763356032,-0.17290858706520473,24,Extreme Fear,34062506.4,342339.023732,-0.2378120864212377,-0.2548568256651165,5.5276666666666665e-05,0.00012471666666666667,0.01002,0.011038747314821976,0.04209210097068774,0.03395842370283726,,0.033891456395316745
2026-01-22,4908.7998046875,59.36000061035156,5.045000076293945,6913.35009765625,15.640000343322754,0.015810444337397162,-0.021004244868480324,0.03427756447844649,0.0054725007079021405,-0.07748184228810683,20,Extreme Fear,42164653.1,434573.200405,0.2133850054767517,0.23856285743945116,-5.261e-05,-0.00010788666666666666,0.01015,0.012890609831077609,0.042038067800140876,0.033923467644343785,,0.03395842370283726
2026-01-23,4976.2001953125,61.06999969482422,5.275000095367432,6915.60986328125,16.09000015258789,0.013637113842028292,0.028400133096568393,0.04458102851300698,0.0003268164274822459,0.02836621341894342,24,Extreme Fear,16457070.2,170285.714408,-0.940827081523929,-0.9368867016650779,4.409666666666667e-05,9.670666666666667e-05,0.01029,0.013698844358161927,0.04166797099957655,0.034004996797067776,,0.033923467644343785
2026-01-24,4976.2001953125,61.06999969482422,5.275000095367432,6915.60986328125,16.09000015258789,0.0,0.0,0.0,0.0,0.0,25,Extreme Fear,22150622.9,227896.408443,0.29711043372571794,0.29141347748437585,-2.0246666666666664e-05,-6.434333333333334e-05,0.01033,0.0038797332855888492,0.03625763347972979,0.03394343891317389,,0.034004996797067776
2026-01-25,4976.2001953125,61.06999969482422,5.275000095367432,6915.60986328125,16.09000015258789,0.0,0.0,0.0,0.0,0.0,25,Extreme Fear,153815865.0,1690529.017511,1.9378905872057326,2.0039056102745807,-0.00025691,-0.00023666333333333334,0.01092,0.055543687185211674,0.042999563834514115,0.03534676008940373,,0.03394343891317389
2026-01-26,5079.7001953125,60.630001068115234,6.800000190734863,6950.22998046875,16.149999618530273,0.02058565637353524,-0.007230904537314283,0.25394394279004123,0.00499359426016032,0.003722055560557878,20,Extreme Fear,349882689.2,4109372.139689,0.8218417193882833,0.8882287447076662,-0.00110308,-0.00084617,0.01105,0.011834457647003017,0.040966082984995954,0.035106017863195074,,0.03534676008940373
2026-01-27,5079.89990234375,62.38999938964844,6.953999996185303,6978.60009765625,16.350000381469727,3.931395514705028e-05,0.02861515863927036,0.022394392805802858,0.004073587840441241,0.012307894626495038,29,Fear,194620624.0,2265603.485739,-0.5865457789491337,-0.595429089706455,-0.0009016299999999999,0.00020145000000000004,0.01157,0.04598511324182344,0.02001698334629831,0.035792905744883106,,0.035106017863195074
2026-01-28,5301.60009765625,63.209999084472656,7.460000038146973,6978.02978515625,16.350000381469727,0.04271712307880896,0.01305750566045477,0.07023838629209651,-8.172639170147053e-05,0.0,29,Fear,73425557.5,843984.467853,-0.9747800757991674,-0.987462350639423,-0.00030397666666666666,0.0005976533333333332,0.01147,-0.008680610064305991,0.023002124757883366,0.035528488927037034,,0.035792905744883106
2026-01-29,5318.39990234375,65.41999816894531,3.9179999828338623,6969.009765625,16.8799991607666,0.0031638076649501356,0.03436549212071179,-0.6439741041882078,-0.0012934674424623016,0.0319015187754475,26,Fear,81187177.6,861774.324039,0.10048525353066727,0.020859339918754,-8.910999999999999e-05,0.00021486666666666667,0.00995,-0.14216237997077785,0.06553804585951072,0.04456001261811859,,0.035528488927037034
2026-01-30,4713.89990234375,65.20999908447266,4.354000091552734,6939.02978515625,17.440000534057617,-0.1206569177115754,-0.0032151767555849923,0.10551366869862883,-0.0043111794144580756,0.03263700965321155,16,Extreme Fear,79169699.5,752562.389428,-0.025163679821794835,-0.1355095286025058,-8.598333333333331e-05,3.1266666666666785e-06,0.00945,-0.05155780966485001,0.06740742126377595,0.04521408900557062,,0.04456001261811859
2026-01-31,4713.89990234375,65.20999908447266,4.354000091552734,6939.02978515625,17.440000534057617,0.0,0.0,0.0,0.0,0.0,20,Extreme Fear,130870959.7,1123674.40607,0.502618153725471,0.4008754114498861,-0.0002514633333333333,-0.00016548000000000002,0.00826,-0.13459015397276464,0.0808844921764576,0.04987072283590446,,0.04521408900557062
2026-02-01,4713.89990234375,65.20999908447266,4.354000091552734,6939.02978515625,17.440000534057617,0.0,0.0,0.0,0.0,0.0,14,Extreme Fear,438705961.1,4239620.61834,1.2096175989091067,1.3278697532411299,-0.00096142,-0.0007099566666666667,0.00816,-0.01218041855687096,0.07226652869099334,0.04837664172935508,,0.04987072283590446
2026-02-02,4622.5,62.13999938964844,3.236999988555908,6976.43994140625,16.34000015258789,-0.0195798858862585,-0.04822292322273334,-0.296448012430919,0.005376785277364613,-0.0651503503332419,14,Extreme Fear,169046810.0,1414572.065662,-0.953653737361966,-1.0976467301730621,-0.00180793,-0.0008465099999999999,0.00823,0.008541845712962773,0.07187022897673856,0.04848279430208975,,0.04837664172935508
2026-02-03,4903.7001953125,63.209999084472656,3.311000108718872,6917.81005859375,18.0,0.05905437776175919,0.017072607857606444,0.022603319992062554,-0.008439495590663714,0.09675565912600367,17,Extreme Fear,248116664.4,2159510.653724,0.38372339770037617,0.42305458856716266,-0.0037762533333333334,-0.0019683233333333333,0.00871,0.05668577617543323,0.07413399309207064,0.04942291407752857,,0.04848279430208975
2026-02-04,4920.39990234375,65.13999938964844,3.4649999141693115,6882.72021484375,18.639999389648438,0.0033997461243729043,0.030076288477937793,0.04546231647033555,-0.005085300155013826,0.03493801861709743,14,Extreme Fear,69356540.4,586419.630932,-1.2746386041839095,-1.3036012987653713,-0.00115323,0.0026230233333333335,0.00842,-0.033861962610176086,0.07293022364896753,0.04944005195910525,,0.04942291407752857
2026-02-05,4861.39990234375,63.290000915527344,3.509000062942505,6798.39990234375,21.770000457763672,-0.012063365980342067,-0.028811437225438243,0.012618506667421,-0.01232667785383289,0.15522311976046393,12,Extreme Fear,193639696.3,1551371.816453,1.0267387443604015,0.9728592343218433,-0.0006286866666666667,0.0005245433333333334,0.00704,-0.1790016580842843,0.08195199980739536,0.05825377941845235,,0.04944005195910525
2026-02-06,4951.2001953125,63.54999923706055,3.421999931335449,6932.2998046875,20.3700008392334,0.018303568705588632,0.00409963237731521,-0.025105959134144054,0.019504344282200718,-0.06646962483553287,9,Extreme Fear,111426442.5,825293.369327,-0.5526345320193852,-0.6311559390581658,-0.0003187966666666667,0.00030989,0.00787,0.11144989225936085,0.10196121732059166,0.06249123634481621,,0.05825377941845235
2026-02-07,4951.2001953125,63.54999923706055,3.421999931335449,6932.2998046875,20.3700008392334,0.0,0.0,0.0,0.0,0.0,6,Extreme Fear,63938510.3,496762.950496,-0.555442819721047,-0.5076259707664955,-0.00018591666666666667,0.00013288000000000002,0.00805,0.022614029001160173,0.09079331864798072,0.06273526214653345,,0.06249123634481621
2026-02-08,4951.2001953125,63.54999923706055,3.421999931335449,6932.2998046875,20.3700008392334,0.0,0.0,0.0,0.0,0.0,7,Extreme Fear,44188932.6,347290.016869,-0.3694474808907625,-0.3579527371835438,-0.0003091433333333333,-0.00012322666666666666,0.0077,-0.04445176257083381,0.09210676040237538,0.06304246289810617,,0.06273526214653345
2026-02-09,5050.89990234375,64.36000061035156,3.138000011444092,6964.81982421875,17.360000610351562,0.01993641500519393,0.012665345977459917,-0.08663949744660283,0.004680117860123293,-0.15989452704748955,14,Extreme Fear,27416317.2,208076.567041,-0.4773360096731914,-0.5122540916192707,-0.0003381,-2.8956666666666653e-05,0.00767,-0.0039037134804734037,0.09184747758603266,0.06278119999308228,,0.06304246289810617
2026-02-10,5003.7998046875,63.959999084472656,3.115000009536743,6941.81005859375,17.790000915527344,-0.009368841148208894,-0.006234457955889157,-0.0073565026568077315,-0.0033091822845107053,0.024467808750071016,9,Extreme Fear,24791654.1,186250.149129,-0.10063128608477545,-0.11081546478724215,-0.00037941666666666663,-4.131666666666665e-05,0.00742,-0.033137558199875676,0.08712008726344792,0.06288032940358865,,0.06278119999308228
2026-02-11,5071.60009765625,64.62999725341797,3.1589999198913574,6941.47021484375,17.649999618530273,0.013458784179660236,0.010420783126096593,0.014026341160115453,-4.89572699497733e-05,-0.007900791374484802,11,Extreme Fear,51144305.1,374456.469388,0.7241440806489834,0.6983849016351575,-7.156333333333334e-05,0.0003078533333333333,0.00744,0.002691791665711353,0.0874483414123166,0.06293236952104313,,0.06288032940358865
2026-02-12,4923.7001953125,62.84000015258789,3.2170000076293945,6832.759765625,20.81999969482422,-0.02959604886955879,-0.028086840962171712,0.018193754167389473,-0.01578494138611745,0.16517828676271432,5,Extreme Fear,70742302.8,551359.613746,0.32439258730274023,0.3869116932044597,-0.00014623,-7.466666666666665e-05,0.0077,0.03434948001463764,0.051739266143491926,0.061129903859270175,,0.06293236952104313
2026-02-13,5022.0,62.88999938964844,3.243000030517578,6836.169921875,20.600000381469727,0.01976794067778529,0.0007953430347292803,0.008049586106997212,0.0004989646444475858,-0.010622954215521119,9,Extreme Fear,46052708.5,362904.839254,-0.4292571587830297,-0.4182466037096907,1.3700000000000045e-06,0.00014759999999999998,0.0081,0.050643732818754936,0.03472287824141634,0.06221955176004231,,0.061129903859270175
2026-02-14,5022.0,62.88999938964844,3.243000030517578,6836.169921875,20.600000381469727,0.0,0.0,0.0,0.0,0.0,9,Extreme Fear,40947954.9,337720.874142,-0.11748470981546917,-0.07192091092080195,-0.00012519,-0.00012656,0.00838,0.033983852815598785,0.035975762981108286,0.06247282941550211,,0.06221955176004231
2026-02-15,5022.0,62.88999938964844,3.243000030517578,6836.169921875,20.600000381469727,0.0,0.0,0.0,0.0,0.0,8,Extreme Fear,43770505.7,355708.034159,0.0666583370515462,0.05189052743449993,-9.392e-05,3.127000000000002e-05,0.00797,-0.050163421691868076,0.0373426597144015,0.06271453699997986,,0.06247282941550211
