date,gold,crude_oil,natgas,sp500,vix,gold_lg_ret,crude_oil_lg_ret,natgas_lg_ret,sp500_lg_ret,vix_lg_ret,fear_greed,sentiment,volume_in_BTC,volume_in_USDT,delta_volume_in_BTC,delta_volume_in_USDT,funding_rate,funding_change,close_price,log_returns,7d_vol,30d_vol,30d_vol_target,benchmark
2023-06-04,1952.4000244140625,71.73999786376953,2.171999931335449,4282.3701171875,14.600000381469727,0.0,0.0,0.0,0.0,0.0,52,Neutral,19258.41049,523747237.4389696,,,8.283333333333335e-05,,27115.21,0.0016975360281114345,0.011431617492213251,0.015725922187571344,0.02490777324711251,0.01639684913924811
2023-06-05,1958.0,72.1500015258789,2.244999885559082,4273.7900390625,14.729999542236328,0.0028641465728216076,0.00569886404184349,0.03305709976013099,-0.002005591490657713,0.008864644555221157,53,Neutral,65805.60305,1722665798.0920303,1.2287571135530826,1.1906190559477543,9.131333333333332e-05,8.479999999999973e-06,25728.2,-0.05250715845555731,0.021466064871771908,0.01783287623630415,0.02264629183234399,0.015725922187571344
2023-06-06,1965.5,71.73999786376953,2.26200008392334,4283.85009765625,13.960000038146973,0.003823121771459306,-0.005698864041843443,0.007543944577009816,0.002351130233850576,-0.053690099330757315,44,Fear,68392.60438,1797636024.0812125,0.038559708241820374,0.04259950817824402,-1.9719999999999998e-05,-0.00011103333333333331,27230.08,0.05673457801927024,0.03353452818936071,0.020846496982991458,0.02095740195744213,0.01783287623630415
2023-06-07,1942.699951171875,72.52999877929688,2.3289999961853027,4267.52001953125,13.9399995803833,-0.011667932951336448,0.01095181021826159,0.029189574468975667,-0.003819293926420617,-0.0014337248360685253,53,Neutral,59619.44364,1589291467.5372329,-0.13728293924484491,-0.12318418277289933,8.001666666666667e-05,9.973666666666666e-05,26339.34,-0.03325860556385626,0.035195263941344354,0.02113443026326819,0.019893034533915145,0.020846496982991458
2023-06-08,1963.5999755859375,71.29000091552734,2.3519999980926514,4293.93017578125,13.649999618530273,0.010700777840001093,-0.017244174573166782,0.009827039961141109,0.00616957160752325,-0.02102288154628079,50,Neutral,31075.51083,823023638.236875,-0.6515616805606077,-0.6580586556938876,4.201666666666667e-05,-3.8e-05,26498.61,0.00602863973269374,0.035090995141634614,0.02118081950987542,0.019928569877516376,0.02113443026326819
2023-06-09,1962.199951171875,70.16999816894531,2.253999948501587,4298.85986328125,13.829999923706055,-0.0007132429056668153,-0.015835234802188534,-0.04255963645541434,0.0011474010230505239,0.013100646475644259,50,Neutral,27934.7097,741158215.0539023,-0.10655008500218349,-0.10477080420492754,6.302666666666667e-05,2.1010000000000004e-05,26477.81,-0.0007852550651334101,0.034270303160319975,0.021181031893345442,0.0199677602482136,0.02118081950987542
2023-06-10,1962.199951171875,70.16999816894531,2.253999948501587,4298.85986328125,13.829999923706055,0.0,0.0,0.0,0.0,0.0,49,Neutral,64944.60108,1673795235.4008923,0.8436646245364443,0.8146348049214156,4.9909999999999995e-05,-1.3116666666666676e-05,25841.21,-0.024336519277700846,0.03513340503000141,0.021226029522052027,0.019226685040501467,0.021181031893345442
2023-06-11,1962.199951171875,70.16999816894531,2.253999948501587,4298.85986328125,13.829999923706055,0.0,0.0,0.0,0.0,0.0,47,Neutral,30014.29595,776111471.8669971,-0.7718608155885088,-0.7685527638388185,4.5239999999999994e-05,-4.670000000000001e-06,25925.55,0.003258464490493794,0.03519997675704409,0.021220686913115412,0.01922400510502865,0.021226029522052027
2023-06-12,1955.300048828125,67.12000274658203,2.2660000324249268,4338.93017578125,15.010000228881836,-0.003522608540493114,-0.044438740090224194,0.005309784145119211,0.00927797498175416,0.08187652073388114,47,Neutral,29900.50893,773303698.8633221,-0.003798298501647057,-0.00362430435714478,5.116333333333333e-05,5.923333333333338e-06,25905.19,-0.0007856342026842933,0.028748028859643393,0.021220659882968125,0.019349215590827067,0.021220686913115412
2023-06-13,1944.5999755859375,69.41999816894531,2.3399999141693115,4369.009765625,14.609999656677246,-0.005487371483662416,0.03369288097774668,0.03213471577469008,0.006908570725908897,-0.027010458630547705,45,Fear,41065.60853,1068985236.5126554,0.3172954944623994,0.3237932455482504,7.561e-05,2.444666666666667e-05,25934.25,0.0011211542039807445,0.01532012278615602,0.021190865680025404,0.020059130207134623,0.021220659882968125
2023-06-14,1955.300048828125,68.2699966430664,2.3420000076293945,4372.58984375,13.880000114440918,0.005487371483662365,-0.016704601798411153,0.0008543757433382518,0.0008190899801265841,-0.05125723893976474,46,Fear,45077.31608,1152808416.919793,0.09320815479134606,0.07549124557141869,2.9383333333333334e-05,-4.622666666666667e-05,25128.6,-0.03155784923802867,0.014839584606051703,0.021799217130522002,0.02043484824134808,0.021190865680025404
2023-06-15,1957.800048828125,70.62000274658203,2.5329999923706055,4425.83984375,14.5,0.0012777594632126471,0.033843047133893404,0.07839909957437252,0.012104580493589997,0.04369968610284749,41,Fear,48664.86063,1224436974.8502872,0.0765780714333918,0.06028005901526726,3.205e-05,2.666666666666666e-06,25598.49,0.018526725673652867,0.017194452009338022,0.022131606616212964,0.020338304665025675,0.021799217130522002
2023-06-16,1958.4000244140625,71.77999877929688,2.631999969482422,4409.58984375,13.539999961853027,0.0003064070167053769,0.016292439320637658,0.038339633860707455,-0.0036783764677510893,-0.06850038475975376,47,Neutral,51596.91662,1335158158.639614,0.05850469326657864,0.08656862975074857,1.6626666666666664e-05,-1.5423333333333335e-05,26345.0,0.028745138290379006,0.021473107481902107,0.022660500552485183,0.019901103838095485,0.022131606616212964
2023-06-17,1958.4000244140625,71.77999877929688,2.631999969482422,4409.58984375,13.539999961853027,0.0,0.0,0.0,0.0,0.0,47,Neutral,27842.2195,738491809.8811625,-0.6169083595677177,-0.5921950230066979,9.137e-05,7.474333333333333e-05,26516.99,0.006507155969033793,0.018819546969311027,0.022373696555805754,0.01994656809173903,0.022660500552485183
2023-06-18,1958.4000244140625,71.77999877929688,2.631999969482422,4409.58984375,13.539999961853027,0.0,0.0,0.0,0.0,0.0,49,Neutral,21538.31022,571013013.8553362,-0.25672033552498225,-0.25719801096499184,6.214666666666667e-05,-2.9223333333333335e-05,26339.97,-0.006698102267960423,0.019229207022464515,0.0223972929185939,0.020001380632636463,0.022373696555805754
2023-06-19,1958.4000244140625,71.77999877929688,2.631999969482422,4409.58984375,13.539999961853027,0.0,0.0,0.0,0.0,0.0,47,Neutral,35872.65974,954193987.2948112,0.5101422180407162,0.5134549910205625,5.7090000000000004e-05,-5.056666666666662e-06,26844.35,0.0189678131440085,0.020134916160616696,0.022629123308513962,0.019808766451519275,0.0223972929185939
2023-06-20,1935.5,70.5,2.492000102996826,4388.7099609375,13.880000114440918,-0.011762134766634989,-0.017993158895064698,-0.054658359612050685,-0.004746353835236048,0.024800698656906404,49,Neutral,69666.95525,1912797983.5310054,0.6637506674088693,0.695455370188853,4.35e-06,-5.274000000000001e-05,28307.99,0.05308872645011515,0.026879601145758467,0.024488610651278622,0.017494684331192705,0.022629123308513962
2023-06-21,1933.300048828125,72.52999877929688,2.5969998836517334,4365.68994140625,13.199999809265137,-0.0011372784228845022,0.028387542726777716,0.041271245623388145,-0.005259086366925201,-0.050232148180967114,59,Greed,108926.40412,3210301129.366291,0.4469463569924153,0.5177976595495798,6.282e-05,5.847e-05,29993.89,0.057849597296170514,0.023475448623055586,0.026536603552378215,0.013931505610963013,0.024488610651278622
2023-06-22,1912.699951171875,69.51000213623047,2.6080000400543213,4381.89013671875,12.90999984741211,-0.01071258172670636,-0.04252959469989951,0.004226771543074732,0.0037039303873345254,-0.022214622103519467,65,Greed,59054.5646,1775822103.7632556,-0.6122106223764823,-0.5921012697605126,9.745333333333334e-05,3.463333333333334e-05,29884.92,-0.0036396889082070654,0.025907850536068026,0.026499924940600394,0.013931237821237851,0.026536603552378215
2023-06-23,1919.0999755859375,69.16000366210938,2.7290000915527344,4348.330078125,13.4399995803833,0.003340482534468814,-0.005047944078749438,0.04535161585163115,-0.007688288056502158,0.04023311083432769,65,Greed,73931.89635,2265077496.195469,0.22468250960693179,0.2433455002525448,0.0001,2.546666666666667e-06,30688.5,0.026533986237444202,0.02582692537671559,0.02591159810678535,0.013137234974681123,0.026499924940600394
2023-06-24,1919.0999755859375,69.16000366210938,2.7290000915527344,4348.330078125,13.4399995803833,0.0,0.0,0.0,0.0,0.0,62,Greed,30513.30135,933244397.7040021,-0.8849816514743081,-0.8866971372069669,0.0001,0.0,30527.43,-0.005262367873937984,0.027328020464461807,0.025980399623021098,0.014215005383899401,0.02591159810678535
2023-06-25,1919.0999755859375,69.16000366210938,2.7290000915527344,4348.330078125,13.4399995803833,0.0,0.0,0.0,0.0,0.0,64,Greed,30223.44801,926316644.4167665,-0.00954465108948666,-0.007450989971400485,0.0001,0.0,30462.66,-0.002123952410926466,0.02662554567033109,0.025998617730683245,0.014227156246510646,0.025980399623021098
2023-06-26,1923.699951171875,69.37000274658203,2.7909998893737793,4328.81982421875,14.25,0.0023940761271535643,0.003031823224082698,0.022464639643126144,-0.004496934363132171,0.05852160284113717,55,Greed,45180.41489,1367837657.5451825,0.40204564675159926,0.3897702949460941,0.0001,0.0,30267.99,-0.00641095284669021,0.028569323831578536,0.026071802410428148,0.014229632614460174,0.025998617730683245
2023-06-27,1914.0,67.69999694824219,2.763000011444092,4378.41015625,13.739999771118164,-0.00505509651683476,-0.024368402149869475,-0.010082864834228464,0.01139073352418076,-0.03644563657852305,59,Greed,42699.64157,1306206257.0193572,-0.056473167989139886,-0.046104192052281216,0.0001,0.0,30692.44,0.013925651745678577,0.02379345627145986,0.02503242390611761,0.013956518276793822,0.026071802410428148
2023-06-28,1912.300048828125,69.55999755859375,2.6029999256134033,4376.85986328125,13.430000305175781,-0.0008885614102553915,0.02710351954766955,-0.05965245264801524,-0.0003541393883898215,-0.02282023687755186,62,Greed,40463.51937,1224103637.6132562,-0.05378971416268208,-0.06491809696258459,7.966666666666667e-05,-2.033333333333333e-05,30077.41,-0.020241978544881276,0.01523789480041884,0.025251276858005385,0.013527729658849887,0.02503242390611761
2023-06-29,1909.199951171875,69.86000061035156,2.7009999752044678,4396.43994140625,13.539999961853027,-0.0016224510460784893,0.004303593727232923,0.036957468195175876,0.00446356811449,0.008157231408190429,54,Neutral,36330.62903,1107940389.9242406,-0.10773965146748246,-0.0997060645879147,8.624666666666668e-05,6.580000000000008e-06,30447.31,0.012223257058951633,0.0157097149032845,0.025296713204775133,0.01330890172108728,0.025251276858005385
2023-06-30,1921.0999755859375,70.63999938964844,2.7980000972747803,4450.3798828125,13.59000015258789,0.0062136453694543944,0.01110329953992615,0.035282845378766484,0.0121943502618858,0.0036859747242309056,56,Greed,89419.07618,2726355505.5063505,0.9006728790826765,0.9004629504791872,0.0001,1.3753333333333322e-05,30472.0,0.0008105804662547625,0.011689525924146132,0.024996322132150826,0.013305056998500207,0.025296713204775133
2023-07-01,1921.0999755859375,70.63999938964844,2.7980000972747803,4450.3798828125,13.59000015258789,0.0,0.0,0.0,0.0,0.0,59,Greed,17501.75075,533859338.1325383,-1.6310331207240023,-1.630588624107386,0.0001,0.0,30585.9,0.0037308892745919983,0.011638545762405885,0.024756505765603287,0.013270727852172698,0.024996322132150826
2023-07-02,1921.0999755859375,70.63999938964844,2.7980000972747803,4450.3798828125,13.59000015258789,0.0,0.0,0.0,0.0,0.0,63,Greed,23286.41019,711031423.4334425,0.2855690179823519,0.28658423241113207,0.0001,0.0,30617.03,0.001017271646457164,0.01159116899869422,0.024669849338733205,0.013648983248833934,0.024756505765603287
2023-07-03,1921.699951171875,69.79000091552734,2.7090001106262207,4455.58984375,13.569999694824219,0.00031225960354315117,-0.012105801508016404,-0.03232530706960484,0.0011699930926736418,-0.0014727880332322733,62,Greed,43761.64311,1352635339.5043936,0.6308877688613491,0.6430934469558093,0.0001,0.0,31156.2,0.01745687224902878,0.012609000461413732,0.024711351816177028,0.013516057259832286,0.024669849338733205
2023-07-04,1921.699951171875,69.79000091552734,2.7090001106262207,4455.58984375,13.569999694824219,0.0,0.0,0.0,0.0,0.0,64,Greed,33206.11943,1028794008.5245212,-0.276023526508071,-0.27366754217639205,0.0001,0.0,30766.51,-0.012586501609656327,0.013147176753934935,0.02490777324711251,0.013377706451350667,0.024711351816177028
2023-07-05,1919.5999755859375,71.79000091552734,2.6570000648498535,4446.81982421875,14.180000305175781,-0.0010933672637802037,0.028254457193867853,-0.019381912754662535,-0.0019702580976127164,0.04397109126777171,61,Greed,33215.67122,1013694790.3170501,0.0002876101343359274,-0.014785386614695606,0.0001,0.0,30504.81,-0.008542384639438915,0.010588614255832872,0.02264629183234399,0.013317891977907241,0.02490777324711251
2023-07-06,1908.699951171875,71.80000305175781,2.6089999675750732,4411.58984375,15.4399995803833,-0.005694461811811971,0.00013931521652338637,-0.018230697458361197,-0.007954061175894762,0.08512897479383684,56,Greed,71319.6261,2181763648.99527,0.7641497611598687,0.7665316989085864,6.404e-05,-3.596e-05,29895.43,-0.02017875019166179,0.012322935221659238,0.02095740195744213,0.012845371994562142,0.02264629183234399
2023-07-07,1926.199951171875,73.86000061035156,2.5820000171661377,4398.9501953125,14.829999923706055,0.009126768323334932,0.02828689913027681,-0.010402694653647343,-0.002869212795733482,-0.04030936641410981,55,Greed,34070.53895,1027461795.2332091,-0.738738499962475,-0.753042078584522,1.4203333333333332e-05,-4.983666666666667e-05,30344.7,0.014916247025860701,0.014013456947674257,0.019893034533915145,0.012497346620950657,0.02095740195744213
2023-07-08,1926.199951171875,73.86000061035156,2.5820000171661377,4398.9501953125,14.829999923706055,0.0,0.0,0.0,0.0,0.0,58,Greed,13094.59042,395759717.5724278,-0.9562338505663616,-0.9540395101385746,2.6913333333333335e-05,1.2710000000000004e-05,30284.63,-0.0019815498424806542,0.013885090873895533,0.019928569877516376,0.012538587416467423,0.019893034533915145
2023-07-09,1926.199951171875,73.86000061035156,2.5820000171661377,4398.9501953125,14.829999923706055,0.0,0.0,0.0,0.0,0.0,55,Greed,15388.50196,465781514.2589476,0.16142140469791552,0.1629094173721413,6.227e-05,3.535666666666666e-05,30160.71,-0.004100239112277894,0.013870453330165504,0.0199677602482136,0.013051629508703495,0.019928569877516376
2023-07-10,1925.0,72.98999786376953,2.6689999103546143,4409.52978515625,15.069999694824219,-0.0006231570554215221,-0.011849001491944946,0.03313953776191725,0.002402138610626312,0.016053841382581882,56,Greed,41262.87652,1254289037.7420728,0.9863426175485339,0.990607516592912,1.8876666666666665e-05,-4.339333333333333e-05,30411.57,0.008283044133908972,0.012019577135362607,0.019226685040501467,0.012987887035594812,0.0199677602482136
2023-07-11,1931.300048828125,74.83000183105469,2.7309999465942383,4439.259765625,14.84000015258789,0.0032674088391857186,0.02489648236569345,0.02296398610142489,0.006719583998254874,-0.015379744366417212,57,Greed,28476.83311,868966244.2412692,-0.3708723387495101,-0.36701990711125865,6.743e-05,4.855333333333333e-05,30622.1,0.006898842392956891,0.01180697475254069,0.01922400510502865,0.012915905357578732,0.019226685040501467
2023-07-12,1956.199951171875,75.75,2.631999969482422,4472.16015625,13.539999961853027,0.012810414334619996,0.012219545827684955,-0.03692382106793469,0.007383905235389679,-0.09167798335466223,64,Greed,38108.99669,1166497472.433173,0.2913595044727109,0.29445664452419507,6.0566666666666664e-05,-6.8633333333333326e-06,30380.0,-0.007937473335964864,0.011741805141516825,0.019349215590827067,0.01285482461795683,0.01922400510502865
2023-07-13,1959.199951171875,76.88999938964844,2.5450000762939453,4510.0400390625,13.609999656677246,0.0015324108197861239,0.01493737671662713,-0.03361332188778594,0.008434482989627111,0.005156526770827636,57,Greed,70772.51836,2194927210.224416,0.6190203787361953,0.6321432386667017,1.838e-05,-4.218666666666666e-05,31454.23,0.034748976139702924,0.014496341176462223,0.020059130207134623,0.010940499689173837,0.019349215590827067
2023-07-14,1960.0999755859375,75.41999816894531,2.5390000343322754,4505.419921875,13.34000015258789,0.00045927816023401885,-0.019303353554000074,-0.0023603637359513995,-0.001024932196907484,-0.020037739511752393,60,Greed,60749.48424,1869443273.7476244,-0.15271217428142633,-0.16050821238105706,0.0001,8.162000000000001e-05,30312.01,-0.03698946968873567,0.021507715936624195,0.02043484824134808,0.00877054975785886,0.020059130207134623
2023-07-15,1960.0999755859375,75.41999816894531,2.5390000343322754,4505.419921875,13.34000015258789,0.0,0.0,0.0,0.0,0.0,56,Greed,14118.55329,427921094.3021783,-1.4592688237074782,-1.4744571314708803,-4.406666666666667e-06,-0.00010440666666666667,30289.52,-0.0007422255191403193,0.02149526178640652,0.020338304665025675,0.008826892236983519,0.02043484824134808
2023-07-16,1960.0999755859375,75.41999816894531,2.5390000343322754,4505.419921875,13.34000015258789,0.0,0.0,0.0,0.0,0.0,57,Greed,15760.1281,477189328.0072937,0.10999344396869144,0.10897450672169702,4.782666666666667e-05,5.2233333333333334e-05,30231.99,-0.0019011428276580337,0.021440956733603665,0.019901103838095485,0.008915889178881219,0.020338304665025675
2023-07-17,1952.4000244140625,74.1500015258789,2.51200008392334,4522.7900390625,13.479999542236328,-0.003936082358076451,-0.016982378389892278,-0.01069103422958422,0.0038479695744204137,0.01044001959958077,54,Neutral,30882.76839,929647644.243343,0.6727151585042048,0.6668923109973168,5.1080000000000006e-05,3.2533333333333383e-06,30138.0,-0.0031138012758330853,0.021168001703105566,0.01994656809173903,0.009326085310108463,0.019901103838095485
2023-07-18,1977.199951171875,75.75,2.628999948501587,4554.97998046875,13.300000190734863,0.012622280219577665,0.021348355227265157,0.0455242441442257,0.007092066941428338,-0.013443021956755858,56,Greed,30003.8601,897157095.4774112,-0.028872327688612313,-0.035574656161453416,6.0860000000000003e-05,9.779999999999998e-06,29859.13,-0.00929617827722886,0.021008133419985885,0.020001380632636463,0.01647910779018403,0.01994656809173903
2023-07-19,1977.5,75.3499984741211,2.6029999256134033,4565.72021484375,13.760000228881836,0.0001517429045972916,-0.005294539567523786,-0.009938928723978016,0.002355134827233639,0.03400179957037673,50,Neutral,25657.36137,769254865.2851151,-0.15649551996025465,-0.15380864214138598,7.638000000000001e-05,1.5520000000000007e-05,29909.21,0.0016758040032582482,0.0209918805936665,0.019808766451519275,0.016757547435967714,0.020001380632636463
2023-07-20,1968.300048828125,75.62999725341797,2.756999969482422,4534.8701171875,13.989999771118164,-0.004663169815610156,0.0037090887299437904,0.05747852353736224,-0.006779827396257691,0.01657692317794938,56,Greed,37540.68193,1125950643.7116494,0.3805946729922953,0.38096063555086246,5.952e-05,-1.686000000000001e-05,29800.0,-0.00365806621063334,0.013339990649552245,0.017494684331192705,0.016797252295611756,0.019808766451519275
2023-07-21,1964.300048828125,77.06999969482422,2.7130000591278076,4536.33984375,13.600000381469727,-0.002034278228194697,0.0188611022782814,-0.016088065501487298,0.0003240420146130911,-0.028272951525750628,50,Neutral,23881.40865,713123417.7612139,-0.45232492093881743,-0.4567284725714186,2.457e-05,-3.4949999999999996e-05,29901.72,0.0034076103143899864,0.0041139951972304556,0.013931505610963013,0.016797799219723308,0.017494684331192705
2023-07-22,1964.300048828125,77.06999969482422,2.7130000591278076,4536.33984375,13.600000381469727,0.0,0.0,0.0,0.0,0.0,52,Neutral,14660.40467,437785700.3396102,-0.48794997571708093,-0.4879249798596587,1.1053333333333333e-05,-1.3516666666666667e-05,29794.0,-0.0036089728683473903,0.004116778596285536,0.013931237821237851,0.016801211968314956,0.013931505610963013
2023-07-23,1964.300048828125,77.06999969482422,2.7130000591278076,4536.33984375,13.600000381469727,0.0,0.0,0.0,0.0,0.0,54,Neutral,18292.78637,548940321.0915866,0.2213564949423697,0.22626020883506523,7.426666666666666e-05,6.321333333333333e-05,30083.75,0.009678127907075769,0.006152985836483013,0.013137234974681123,0.016594762867670983,0.013931237821237851
2023-07-24,1960.300048828125,78.73999786376953,2.684999942779541,4554.64013671875,13.90999984741211,-0.002038424953129538,0.02143716255522998,-0.01037434882137731,0.004026038496874852,0.02253817417444661,55,Greed,39628.99691,1162562413.8190155,0.7730543007983449,0.7503920944774395,8.112666666666668e-05,6.860000000000012e-06,29176.5,-0.030621568131757492,0.01296412246805924,0.014215005383899401,0.016207837469030276,0.013137234974681123
2023-07-25,1962.0999755859375,79.62999725341797,2.7300000190734863,4567.4599609375,13.859999656677246,0.0009177681383586431,0.011239613392143006,0.01662090953382343,0.0028107195758387046,-0.003601025974701848,50,Neutral,21565.7478,629531351.1145664,-0.6084547894439097,-0.613406169882444,8.026666666666666e-05,-8.600000000000155e-07,29228.91,0.0017946972401168204,0.012976798564049093,0.014227156246510646,0.016218095952160266,0.014215005383899401
2023-07-26,1968.9000244140625,78.77999877929688,2.6649999618530273,4566.75,13.1899995803833,0.0034597077644024344,-0.010731729729882442,-0.02409757287974662,-0.00015545097867591856,-0.049548034075017525,51,Neutral,33931.63366,995569172.1396836,0.4532414195309005,0.45833895046714435,8.406333333333333e-05,3.7966666666666704e-06,29351.96,0.004201036310069169,0.013163740711832005,0.014229632614460174,0.016150222814344077,0.014227156246510646
2023-07-27,1945.4000244140625,80.08999633789062,2.492000102996826,4537.41015625,14.40999984741211,-0.012007399562659367,0.016491814562992667,-0.06711840104755121,-0.006445393055197076,0.08846346450642487,51,Neutral,22476.47626,659594157.3443576,-0.41187846284980345,-0.41168987314241906,3.2806666666666665e-05,-5.125666666666667e-05,29222.78,-0.004410782171051959,0.01317606626529934,0.013956518276793822,0.016155520519743016,0.014229632614460174
2023-07-28,1960.4000244140625,80.58000183105469,2.638000011444092,4582.22998046875,13.329999923706055,0.007680922504028945,0.006099545875976461,0.056935416377097064,0.009829375810433848,-0.07790527095526234,52,Neutral,23993.61627,702705076.837866,0.06531854347773877,0.06331255016139703,7.016e-05,3.735333333333334e-05,29314.14,0.0031214513568593983,0.013154042966098149,0.013527729658849887,0.016157285527567282,0.013956518276793822
2023-07-29,1960.4000244140625,80.58000183105469,2.638000011444092,4582.22998046875,13.329999923706055,0.0,0.0,0.0,0.0,0.0,52,Neutral,10851.36844,318276733.8766431,-0.7934966106807912,-0.7920160462665944,7.365666666666667e-05,3.496666666666663e-06,29352.9,0.0013213554199944793,0.013237435342936428,0.01330890172108728,0.016150781862111007,0.013527729658849887
2023-07-30,1960.4000244140625,80.58000183105469,2.638000011444092,4582.22998046875,13.329999923706055,0.0,0.0,0.0,0.0,0.0,52,Neutral,15706.97441,459830379.6509824,0.36981364811378925,0.367936444928646,6.022666666666667e-05,-1.3429999999999998e-05,29281.09,-0.002449433712539638,0.012186177444457373,0.013305056998500207,0.019853681802933346,0.01330890172108728
2023-07-31,1970.5,81.80000305175781,2.634000062942505,4588.9599609375,13.630000114440918,0.005138771146053185,0.015026778429613846,-0.0015174314160361743,0.0014676354365687912,0.022256125637552852,50,Neutral,22605.48964,663025204.2072346,0.3640879375568538,0.365955323266121,5.99e-05,-3.2666666666667144e-07,29232.25,-0.0016693633056041337,0.003164384914559938,0.013270727852172698,0.020001592646738623,0.013305056998500207
2023-08-01,1940.699951171875,81.37000274658203,2.559999942779541,4576.72998046875,13.930000305175781,-0.015238610077067491,-0.0052705924534539855,-0.02849639107752737,-0.0026686453076827116,0.021771555594829822,53,Neutral,44719.65162,1299160215.077924,0.6822202573595367,0.6726603414487998,7.689333333333333e-05,1.6993333333333332e-05,29705.99,0.016076157104390566,0.006811453175323618,0.013648983248833934,0.02157196948924779,0.013270727852172698
2023-08-02,1937.4000244140625,79.48999786376953,2.4769999980926514,4513.39013671875,16.09000015258789,-0.0017018269642495524,-0.023375487751982435,-0.03295908640253019,-0.013936200638336184,0.14415316078816753,53,Neutral,48181.65141,1419729744.649752,0.07456523387386753,0.08874846550521784,0.0001,2.3106666666666674e-05,29186.01,-0.017659224099430867,0.010045144105762432,0.013516057259832286,0.021429790699442706,0.013648983248833934
2023-08-03,1932.0,81.55000305175781,2.565000057220459,4501.89013671875,15.920000076293945,-0.0027911448212779625,0.025585165778128107,0.034910351193704885,-0.0025512254502915274,-0.010621785279120641,52,Neutral,26476.91994,773302705.4947629,-0.598704864601654,-0.6075512415685608,0.0001,0.0,29193.64,0.0002613924558795061,0.009920459468660875,0.013377706451350667,0.021449349869455223,0.013516057259832286
2023-08-04,1939.5999755859375,82.81999969482422,2.5769999027252197,4478.02978515625,17.100000381469727,0.0039260178715701454,0.015453207943668348,0.004667392992028158,-0.0053141693739379705,0.07150230060821486,54,Neutral,23551.95217,686643453.3930904,-0.11706469611926995,-0.11885540343840771,9.372e-05,-6.280000000000001e-06,29113.99,-0.002732062666357572,0.00984589993686567,0.013317891977907241,0.021497598356480498,0.013377706451350667
2023-08-05,1939.5999755859375,82.81999969482422,2.5769999027252197,4478.02978515625,17.100000381469727,0.0,0.0,0.0,0.0,0.0,50,Neutral,11645.52018,338478560.1218247,-0.7042871395649868,-0.7073544143565925,8.060333333333333e-05,-1.311666666666667e-05,29072.13,-0.0014388313646510047,0.009793563733369186,0.012845371994562142,0.021495227532461227,0.013317891977907241
2023-08-06,1939.5999755859375,82.81999969482422,2.5769999027252197,4478.02978515625,17.100000381469727,0.0,0.0,0.0,0.0,0.0,49,Neutral,13178.1972,383209498.8777505,0.12364216456015137,0.12412108164330754,0.0001,1.939666666666667e-05,29088.42,0.0005601735343276643,0.009804490009550903,0.012497346620950657,0.02148439731308649,0.012845371994562142
2023-08-07,1933.5,81.94000244140625,2.7249999046325684,4518.43994140625,15.770000457763672,-0.0031499215966817747,-0.01068227251884067,0.05584249919505223,0.008983618964856572,-0.08096905581433864,49,Neutral,30966.87746,899492595.6812717,0.8543544275187678,0.8532489876702037,9.223e-05,-7.770000000000002e-06,29211.06,0.004207247848642796,0.009981928339376181,0.012538587416467423,0.021435491382867534,0.012497346620950657
2023-08-08,1924.0999755859375,82.91999816894531,2.7769999504089355,4499.3798828125,15.989999771118164,-0.004873518808943379,0.011888963571621945,0.0189027973488947,-0.004227205100058866,0.013854082529355417,54,Neutral,45700.53392,1352934531.6659672,0.38919181674996806,0.40820041770289023,8.360000000000001e-05,-8.62999999999999e-06,29770.42,0.01896787840738051,0.01079023853934579,0.013051629508703495,0.02143801353687545,0.012538587416467423
2023-08-09,1915.4000244140625,84.4000015258789,2.9590001106262207,4467.7099609375,15.960000038146973,-0.004531822404694159,0.01769115419565046,0.06348022033754672,-0.007063619102045116,-0.0018779181199778247,50,Neutral,38003.88725,1130396850.0974114,-0.1844215304357633,-0.17970719463727547,8.838e-05,4.7799999999999915e-06,29581.99,-0.006349552885029144,0.0081830161548929,0.012987887035594812,0.0214983388041735,0.013051629508703495
2023-08-10,1914.4000244140625,82.81999969482422,2.763000011444092,4468.830078125,15.850000381469727,-0.0005222204866973095,-0.018897845248431876,-0.06853436072123821,0.00025068252108086326,-0.006916070021043906,53,Neutral,23463.45373,692863472.0877249,-0.4822444003397211,-0.4894910750219396,9.425666666666667e-05,5.876666666666664e-06,29455.75,-0.004276592986209428,0.008510017614665048,0.012915905357578732,0.0215112169808473,0.012987887035594812
2023-08-11,1912.9000244140625,83.19000244140625,2.7699999809265137,4464.0498046875,14.84000015258789,-0.0007838424255554935,0.004457603210535083,0.0025302632303245407,-0.0010702648992294865,-0.06584327636934278,51,Neutral,20637.0443,607176051.3015367,-0.1283563223678894,-0.13201418570587342,9.041000000000001e-05,-3.846666666666658e-06,29426.03,-0.0010094804377126705,0.008398951064408458,0.01285482461795683,0.02150566616290787,0.012915905357578732
2023-08-12,1912.9000244140625,83.19000244140625,2.7699999809265137,4464.0498046875,14.84000015258789,0.0,0.0,0.0,0.0,0.0,54,Neutral,8971.48068,263949405.5434029,-0.8330369951572959,-0.8330613449895826,9.768333333333333e-05,7.273333333333317e-06,29430.17,0.0001406818655240356,0.008327027227386534,0.010940499689173837,0.021866175246855125,0.01285482461795683
2023-08-13,1912.9000244140625,83.19000244140625,2.7699999809265137,4464.0498046875,14.84000015258789,0.0,0.0,0.0,0.0,0.0,54,Neutral,11101.70947,326264625.2296824,0.2130483700846145,0.21195134681134967,8.212333333333333e-05,-1.5559999999999993e-05,29303.84,-0.004301773191170979,0.008639581746034046,0.00877054975785886,0.02262437281389984,0.010940499689173837
2023-08-14,1910.5999755859375,82.51000213623047,2.7950000762939453,4489.72021484375,14.819999694824219,-0.0012031118637709465,-0.008207653636332482,0.00898482059013154,0.005734004879419051,-0.0013486487456545642,50,Neutral,31443.11532,924613476.681799,1.041080947671554,1.0416670012142704,0.0001,1.787666666666667e-05,29430.93,0.0043275966976988696,0.008647018914547527,0.008826892236983519,0.02283652330563611,0.00877054975785886
2023-08-15,1902.5,80.98999786376953,2.6589999198913574,4437.85986328125,16.459999084472656,-0.0042485053218494105,-0.018593860122389717,-0.049882051770118396,-0.011618139396096483,0.1049555403517943,53,Neutral,27503.87691,806683957.3100156,-0.1338530771569561,-0.13644382220188958,0.0001,0.0,29200.0,-0.0078774528796102,0.004192503882712197,0.008915889178881219,0.022990014409209534,0.008826892236983519
2023-08-16,1896.0999755859375,79.37999725341797,2.5920000076293945,4404.330078125,16.780000686645508,-0.0033696785716191323,-0.020079251129936113,-0.02552030070005767,-0.007584081792624527,0.0192546023319537,52,Neutral,32996.69854,959870747.0063142,0.182080538937858,0.17386667192747088,0.0001,0.0,28730.51,-0.016209084961303622,0.006576390530116349,0.009326085310108463,0.022881852419579688,0.008915889178881219
2023-08-17,1884.0999755859375,80.38999938964844,2.621000051498413,4370.35986328125,17.889999389648438,-0.00634889183821112,0.01264336999299781,0.011126162556185159,-0.0077428113775290805,0.06405412144418428,50,Neutral,100271.54033,2755821274.340605,1.1114743970216232,1.0546721435098014,0.0001,0.0,26623.41,-0.07616872037641167,0.02800182442310672,0.01647910779018403,0.018177396541618988,0.009326085310108463
2023-08-18,1886.0999755859375,81.25,2.5510001182556152,4369.7099609375,17.299999237060547,0.0010609517869105895,0.010641038462359106,-0.027070458473407267,-0.00014871788395720285,-0.03353540600052895,37,Fear,69790.65711,1834219523.699404,-0.3623817607238744,-0.4070964380450659,5.04e-05,-4.9600000000000006e-05,26054.0,-0.021619596661148415,0.027431706099210258,0.016757547435967714,0.017719611109129188,0.01647910779018403
2023-08-19,1886.0999755859375,81.25,2.5510001182556152,4369.7099609375,17.299999237060547,0.0,0.0,0.0,0.0,0.0,39,Fear,26160.75343,680623880.8247554,-0.9812398215018053,-0.9913644929756846,-1.9606666666666666e-05,-7.000666666666666e-05,26100.01,0.0017643901949644589,0.027610898142610377,0.016797252295611756,0.01778230181526283,0.016757547435967714
2023-08-20,1886.0999755859375,81.25,2.5510001182556152,4369.7099609375,17.299999237060547,0.0,0.0,0.0,0.0,0.0,37,Fear,19056.91209,497880752.2301158,-0.3168304518827373,-0.3126492543533219,-2.542e-05,-5.813333333333334e-06,26189.99,0.003441579224086804,0.028356708130897666,0.016797799219723308,0.01800939407017076,0.016797252295611756
2023-08-21,1893.300048828125,80.72000122070312,2.631999969482422,4399.77001953125,17.1299991607666,0.0038101719353384462,-0.006544430041808612,0.031258516352000824,0.006855634859799785,-0.0098751940591841,38,Fear,30267.24233,788205156.3215925,0.46263614133941877,0.45939781163650595,-1.2e-05,1.342e-05,26126.92,-0.0024110762869472635,0.027655381752060074,0.016801211968314956,0.01801501362088954,0.016797799219723308
2023-08-22,1896.4000244140625,80.3499984741211,2.559999942779541,4387.5498046875,16.969999313354492,0.0016360008536025392,-0.004594317974920206,-0.027736765728517174,-0.0027813310465456837,-0.009384224560183918,37,Fear,34247.06688,886782344.1602929,0.12353490602897732,0.11784116130226384,2.706666666666667e-06,1.4706666666666668e-05,26056.0,-0.0027181324335439115,0.02800591285757968,0.016594762867670983,0.018447393522822503,0.016801211968314956
2023-08-23,1918.5,78.88999938964844,2.496999979019165,4436.009765625,15.979999542236328,0.011586265785144559,-0.018337603822861738,-0.024917233244509836,0.010984330710791359,-0.060109127091726666,37,Fear,44023.69978,1156326251.922411,0.2511271977711943,0.2654036663240487,9.886666666666666e-06,7.179999999999999e-06,26432.72,0.01435456870308414,0.030305848911966058,0.016207837469030276,0.018264938095529995,0.016594762867670983
2023-08-24,1918.199951171875,79.05000305175781,2.5190000534057617,4376.31005859375,17.200000762939453,-0.0001564098483359136,0.002026132890635851,0.00877201567642938,-0.01354935398400801,0.07357151648426023,41,Fear,30205.22116,792966965.8982658,-0.3767133247416326,-0.377221670620622,1.528e-05,5.393333333333333e-06,26180.05,-0.009604966342235453,0.011207047828281606,0.016218095952160266,0.01817152186403186,0.016207837469030276
2023-08-25,1911.0999755859375,79.83000183105469,2.5399999618530273,4405.7099609375,15.680000305175781,-0.0037082411186100178,0.009818794333739538,0.008302047440303339,0.006695501060295156,-0.09252339379134855,39,Fear,27753.33772,722611079.1898074,-0.08465868437266183,-0.09291041264750317,2.4536666666666665e-05,9.256666666666666e-06,26060.01,-0.004595714908301547,0.007611187926481197,0.016150222814344077,0.01830244989859369,0.016218095952160266
2023-08-26,1911.0999755859375,79.83000183105469,2.5399999618530273,4405.7099609375,15.680000305175781,0.0,0.0,0.0,0.0,0.0,38,Fear,10022.22322,261041530.4758038,-1.0185511618689045,-1.0181916357313299,3.75e-05,1.2963333333333332e-05,26017.37,-0.0016375635459644805,0.007590789280856581,0.016155520519743016,0.018302106347917395,0.016150222814344077
2023-08-27,1911.0999755859375,79.83000183105469,2.5399999618530273,4405.7099609375,15.680000305175781,0.0,0.0,0.0,0.0,0.0,38,Fear,12099.64216,315548363.0193776,0.18837092932277558,0.18963244504950758,1.7690000000000002e-05,-1.9809999999999995e-05,26101.77,0.00323873624067934,0.007573811952700345,0.016157285527567282,0.018304796495774607,0.016155520519743016
2023-08-28,1917.9000244140625,80.0999984741211,2.5789999961853027,4433.31005859375,15.079999923706055,0.0035518704503101632,0.003376438430007358,0.0152376594081176,0.006245078594196461,-0.0390166768644729,39,Fear,22692.62655,591008939.17657,0.6288641715238258,0.6275191824911686,2.851e-05,1.0819999999999998e-05,26120.0,0.000698176287035663,0.0075328869321262,0.016150781862111007,0.01833324496574942,0.016157285527567282
2023-08-29,1936.5,81.16000366210938,2.555999994277954,4497.6298828125,14.449999809265137,0.009651369784435556,0.013146725055070738,-0.008958191143453304,0.014404068712056505,-0.04267495616173323,39,Fear,74251.99488,2023326050.758479,1.185424594257107,1.2306668532813325,-2.1136666666666664e-05,-4.964666666666666e-05,27716.34,0.059320826564098275,0.023476586636965488,0.019853681802933346,0.015312488550285244,0.016150781862111007
2023-08-30,1944.300048828125,81.62999725341797,2.7960000038146973,4514.8701171875,13.880000114440918,0.004019820260445598,0.005774247736830996,0.08974629145928854,0.003825854181192944,-0.040245438035115294,49,Neutral,35448.25848,969086451.1625257,-0.7393905187142813,-0.7361441712861442,4.847666666666666e-05,6.961333333333332e-05,27299.99,-0.0151357950818478,0.02492052759719384,0.020001592646738623,0.015089501641478311,0.019853681802933346
2023-08-31,1938.199951171875,83.62999725341797,2.7679998874664307,4507.66015625,13.569999694824219,-0.003142358107314131,0.02420546673482652,-0.010064828635673729,-0.0015982129743398576,-0.022587511965907553,52,Neutral,51032.80401,1360373186.0116708,0.3643945161536839,0.33916051777089923,5.9576666666666675e-05,1.1100000000000012e-05,25940.78,-0.05107008806335594,0.032606091145283504,0.02157196948924779,0.011680318446769524,0.020001592646738623
2023-09-01,1939.800048828125,85.55000305175781,2.765000104904175,4515.77001953125,13.09000015258789,0.0008252180232353599,0.022698761459047576,-0.0010843241859066373,0.001797512765518541,-0.036012859779136375,40,Fear,41032.15056,1059444591.7097493,-0.2181127224205165,-0.2500142628673915,4.935e-05,-1.0226666666666675e-05,25805.05,-0.005246038619321044,0.032617932226886255,0.021429790699442706,0.013343588401038456,0.02157196948924779
2023-09-02,1939.800048828125,85.55000305175781,2.765000104904175,4515.77001953125,13.09000015258789,0.0,0.0,0.0,0.0,0.0,39,Fear,16250.77698,419812969.9468598,-0.9262151976249565,-0.9256907772533828,1.639e-05,-3.2959999999999996e-05,25869.51,0.0024948459526167835,0.03265039137962983,0.021449349869455223,0.013867041106814216,0.021429790699442706
2023-09-03,1939.800048828125,85.55000305175781,2.765000104904175,4515.77001953125,13.09000015258789,0.0,0.0,0.0,0.0,0.0,40,Fear,17474.47667,453100690.1021077,0.0726006185315485,0.07630507229263293,2.6546666666666668e-05,1.0156666666666667e-05,25971.21,0.003923561650647033,0.03266558185202046,0.021497598356480498,0.013886151054794191,0.021449349869455223
2023-09-04,1939.800048828125,85.55000305175781,2.765000104904175,4515.77001953125,13.09000015258789,0.0,0.0,0.0,0.0,0.0,40,Fear,21777.59609,563532890.5699993,0.2201403987352929,0.2181113253950114,1.0333333333333333e-05,-1.6213333333333336e-05,25826.02,-0.005606105973525642,0.032706962648464406,0.021495227532461227,0.013952199026387281,0.021497598356480498
2023-09-05,1926.199951171875,86.69000244140625,2.5820000171661377,4496.830078125,14.010000228881836,-0.007035775353867591,0.013237529032623712,-0.0684763738414858,-0.004202997821381205,0.06792278510731134,40,Fear,21323.39337,548893707.6002005,-0.021076988724867223,-0.026320888299018543,1.798e-05,7.646666666666667e-06,25792.1,-0.0013142673496244822,0.01906094738788966,0.02148439731308649,0.014233489084852662,0.021495227532461227
2023-09-06,1918.0999755859375,87.54000091552734,2.509999990463257,4465.47998046875,14.449999809265137,-0.004214024777917077,0.009757277178099374,-0.02828154972864541,-0.006996014491432261,0.030923024672847757,42,Fear,27262.52386,700763180.8011677,0.24570825639372257,0.24426518759493213,3.6966666666666667e-06,-1.4283333333333334e-05,25759.95,-0.0012472832474370724,0.019193529463712555,0.021435491382867534,0.014542352234604004,0.02148439731308649
2023-09-07,1917.5,86.87000274658203,2.5789999961853027,4451.14013671875,14.399999618530273,-0.0003128457579778613,-0.007683062332156812,0.027118976075876395,-0.003216433115732967,-0.003466221267795236,41,Fear,27687.49567,718923008.9071183,0.015467884694851032,0.02558427175986236,4.879e-05,4.509333333333333e-05,26255.0,0.019035486849342184,0.008421116573068713,0.02143801353687545,0.01421293122127091,0.021435491382867534
2023-09-08,1918.4000244140625,87.51000213623047,2.6050000190734863,4457.490234375,13.84000015258789,0.00046926375810114266,0.007340317070030951,0.01003095710713648,0.0014256060622570594,-0.03966521887634129,46,Fear,28999.76471,754184537.1096923,0.04630682508820356,0.04788281104958336,-9.013333333333332e-06,-5.780333333333333e-05,25910.5,-0.01320815513349337,0.00992269561516343,0.0214983388041735,0.013935538012801039,0.02143801353687545
2023-09-09,1918.4000244140625,87.51000213623047,2.6050000190734863,4457.490234375,13.84000015258789,0.0,0.0,0.0,0.0,0.0,41,Fear,10980.62277,284109473.8075783,-0.9711555634531023,-0.9762774472005641,-1.337e-05,-4.3566666666666684e-06,25901.61,-0.0003431630206622342,0.009889463867992358,0.0215112169808473,0.01417006993514821,0.0214983388041735
2023-09-10,1918.4000244140625,87.51000213623047,2.6050000190734863,4457.490234375,13.84000015258789,0.0,0.0,0.0,0.0,0.0,40,Fear,18738.26914,483577459.2055345,0.534435757699525,0.5318518722042145,1.9433333333333332e-05,3.280333333333333e-05,25841.61,-0.0023191454606873935,0.00977614072653199,0.02150566616290787,0.014252085111542245,0.0215112169808473
2023-09-11,1923.300048828125,87.29000091552734,2.6080000400543213,4487.4599609375,13.800000190734863,0.0025509680494884674,-0.002517177723412052,0.001150976895452474,0.006700951498135517,-0.0028943552301342276,40,Fear,41682.32,1057371884.6697066,0.7995091473324224,0.7823302470888189,1.1203333333333333e-05,-8.229999999999999e-06,25162.52,-0.02663039767580389,0.01389238919923444,0.021866175246855125,0.013783292404558403,0.02150566616290787
2023-09-12,1911.300048828125,88.83999633789062,2.743000030517578,4461.89990234375,14.229999542236328,-0.006258821711373876,0.01760103856922371,0.05046856365842859,-0.005712169023003997,0.03068377394831886,30,Fear,56434.38537,1464393036.9616623,0.30300158432767826,0.3256543720274292,1.551e-05,4.3066666666666655e-06,25840.1,0.02657196307677719,0.018067514477044053,0.02262437281389984,0.013032890153385693,0.021866175246855125
2023-09-13,1909.0999755859375,88.5199966430664,2.680000066757202,4467.43994140625,13.479999542236328,-0.001151750325271196,-0.003608480544858315,-0.023235403648918195,0.0012408621175346041,-0.0541453084074137,41,Fear,31610.82753,825437881.4687591,-0.5795789371533391,-0.5732821154149789,2.2336666666666666e-05,6.826666666666667e-06,26222.0,0.014671204201257093,0.01883101548280572,0.02283652330563611,0.012793504073217223,0.02262437281389984
2023-09-14,1910.0,90.16000366210938,2.7079999446868896,4505.10009765625,12.819999694824219,0.0004713280283196849,0.018357433089449215,0.01039351519204334,0.00839458553366625,-0.0502006438375704,45,Fear,38333.1725,1015267319.7730227,0.19281593877569633,0.20699321508958804,-2.863333333333335e-06,-2.52e-05,26522.73,0.011403348118842957,0.01791542418378828,0.022990014409209534,0.01263673015363633,0.02283652330563611
2023-09-15,1923.699951171875,90.7699966430664,2.6440000534057617,4450.31982421875,13.789999961853027,0.00714714748905865,0.0067428872062673595,-0.023917392435921562,-0.012234145842493929,0.07293726135107188,45,Fear,26227.29369,695203258.0004445,-0.37951503161260336,-0.37870296567278994,1.3863333333333333e-05,1.6726666666666667e-05,26600.0,0.0029091145916004006,0.01671303171578747,0.022881852419579688,0.012782239460016151,0.022990014409209534
2023-09-16,1923.699951171875,90.7699966430664,2.6440000534057617,4450.31982421875,13.789999961853027,0.0,0.0,0.0,0.0,0.0,43,Fear,13960.93351,370889866.4592735,-0.630537646979217,-0.6282990977299382,-2.9540000000000002e-05,-4.340333333333334e-05,26559.67,-0.0015173159554027868,0.016766785601158886,0.018177396541618988,0.015455065578440235,0.022881852419579688
2023-09-17,1923.699951171875,90.7699966430664,2.6440000534057617,4450.31982421875,13.789999961853027,0.0,0.0,0.0,0.0,0.0,46,Fear,12998.10277,344703727.5601071,-0.07145955940042854,-0.0732198752422633,8.96e-06,3.85e-05,26527.51,-0.0012115920994153866,0.016706913192213728,0.017719611109129188,0.015481320175832862,0.018177396541618988
2023-09-18,1931.5,91.4800033569336,2.7279999256134033,4453.52978515625,14.0,0.00404651357660179,0.007791608294717611,0.031275770525110755,0.0007210276941755188,0.015113640576325997,46,Fear,43000.43256,1158780347.625305,1.1964067691359337,1.2124380191152015,-2.2343333333333333e-05,-3.1303333333333336e-05,26762.51,0.008819719840065637,0.009987264626671495,0.01778230181526283,0.015455838383400766,0.017719611109129188
2023-09-19,1932.0,91.19999694824219,2.8480000495910645,4443.9501953125,14.109999656677246,0.00025883266612720474,-0.0030655422323710565,0.043048298248920876,-0.0021533273615331264,0.00782641191758886,46,Fear,36190.52187,981539255.55962,-0.17241291742432394,-0.16600129811237177,-4.2000000000000004e-06,1.8143333333333333e-05,27210.26,0.01659208048714994,0.00740777412712873,0.01800939407017076,0.01537258210975907,0.01778230181526283
2023-09-20,1945.5999755859375,90.27999877929688,2.7330000400543213,4402.2001953125,15.140000343322754,0.007014664451038297,-0.010138925189995375,-0.04121708936058387,-0.009439204206291041,0.07045652915299092,47,Neutral,34207.21867,927206075.9626273,-0.0563605637353513,-0.05694616336589339,-2.460666666666667e-05,-2.040666666666667e-05,27125.0,-0.003138296199427117,0.007543714722933682,0.01801501362088954,0.01634019042321787,0.01800939407017076
2023-09-21,1919.199951171875,89.62999725341797,2.609999895095825,4330.0,17.540000915527344,-0.013661993139932882,-0.007225883702320368,-0.04604974046030737,-0.016536918318488084,0.1471437684547391,47,Neutral,34476.82662,920768143.3513128,0.007850712158971773,-0.006967584925513749,3.901e-05,6.361666666666668e-05,26568.08,-0.020745316649489014,0.011583881512699888,0.018447393522822503,0.01573269812674629,0.01801501362088954
2023-09-22,1925.4000244140625,90.02999877929688,2.63700008392334,4320.06005859375,17.200000762939453,0.003225343940292486,0.00445287983582428,0.010291758055027352,-0.0022982374027607495,-0.01957461096422612,43,Fear,18198.2292,484331618.9485319,-0.6389631135313243,-0.6424384248848893,1.0359999999999997e-05,-2.8650000000000005e-05,26580.14,0.0004538251782273123,0.011526766864133323,0.018264938095529995,0.015720660320055688,0.018447393522822503
2023-09-23,1925.4000244140625,90.02999877929688,2.63700008392334,4320.06005859375,17.200000762939453,0.0,0.0,0.0,0.0,0.0,47,Neutral,9440.7026,250873957.3886738,-0.6562938872919343,-0.6578191840081355,2.8136666666666668e-05,1.777666666666667e-05,26575.96,-0.0001572726369548166,0.011510477828673506,0.01817152186403186,0.02319450221932883,0.018264938095529995
2023-09-24,1925.4000244140625,90.02999877929688,2.63700008392334,4320.06005859375,17.200000762939453,0.0,0.0,0.0,0.0,0.0,44,Fear,15706.65771,416368301.3736848,0.5090542750749916,0.5066195572114888,2.0719999999999995e-05,-7.416666666666673e-06,26248.38,-0.01240277490489352,0.012459107790501129,0.01830244989859369,0.023116118200422857,0.01817152186403186
2023-09-25,1916.5999755859375,89.68000030517578,2.6389999389648438,4337.43994140625,16.899999618530273,-0.004580980852414224,-0.003895152394691035,0.0007580951965906554,0.0040149942038066174,-0.017595828819496954,47,Neutral,26266.2039,688252596.3809944,0.5141984095913411,0.5025857080346877,4.0323333333333334e-05,1.960333333333334e-05,26304.81,0.002147539347757194,0.011773385616856522,0.018302106347917395,0.023130513595057727,0.01830244989859369
2023-09-26,1900.4000244140625,90.38999938964844,2.6559998989105225,4273.52978515625,18.940000534057617,-0.008488367011878772,0.00788585289105018,0.006421159160340801,-0.014844165482264943,0.1139625165984174,46,Fear,18495.35066,485217905.0421048,-0.350763705196693,-0.3495578376702639,1.6699999999999982e-06,-3.865333333333334e-05,26221.67,-0.0031656440496646743,0.00829914088849513,0.018304796495774607,0.02328889291858223,0.018302106347917395
2023-09-27,1871.5999755859375,93.68000030517578,2.7639999389648438,4274.509765625,18.219999313354492,-0.015270736211994373,0.035751087489206496,0.03985769026984988,0.00022928777229479233,-0.03875626180982169,44,Fear,34771.57978,918797815.048481,0.6312809953093382,0.6384680139788861,5.1319999999999997e-05,4.965e-05,26372.99,0.005754212215801185,0.009302746103917292,0.01833324496574942,0.02347687963359913,0.018304796495774607
2023-09-28,1860.4000244140625,91.70999908447266,2.944999933242798,4299.7001953125,17.34000015258789,-0.006002135474614082,-0.02125330795910164,0.06342991061233007,0.005875877143000698,-0.04950387399329117,46,Fear,44517.83491,1193420040.1309185,0.24708951324105852,0.26151235465165146,-1.8796666666666666e-05,-7.011666666666666e-05,27021.39,0.024288394222757907,0.011186599553309936,0.015312488550285244,0.023286990530418168,0.01833324496574942
2023-09-29,1848.0999755859375,90.79000091552734,2.928999900817871,4288.0498046875,17.520000457763672,-0.006633460391607215,-0.010082257120324335,-0.005447760452086495,-0.002713259648289315,0.01032713148414973,48,Neutral,28478.76219,767827314.9319088,-0.4467312702044427,-0.4410135898986951,-1.995e-05,-1.1533333333333347e-06,26906.96,-0.0042437853832940535,0.01146151960768601,0.015089501641478311,0.023193485333560727,0.015312488550285244
2023-09-30,1848.0999755859375,90.79000091552734,2.928999900817871,4288.0498046875,17.520000457763672,0.0,0.0,0.0,0.0,0.0,47,Neutral,12804.62307,345406056.6806953,-0.7993523401089956,-0.7988441566916525,1.344e-05,3.3390000000000004e-05,26962.56,0.002064247824862265,0.011430757107496452,0.011680318446769524,0.023235431228951435,0.015089501641478311
2023-10-01,1848.0999755859375,90.79000091552734,2.928999900817871,4288.0498046875,17.520000457763672,0.0,0.0,0.0,0.0,0.0,48,Neutral,24602.81468,674657121.9944204,0.6530545712187834,0.6694838935733887,-8.623333333333333e-06,-2.2063333333333333e-05,27992.57,0.03748988079317705,0.01567455752200991,0.013343588401038456,0.022571221512067422,0.011680318446769524
2023-10-02,1830.0,88.81999969482422,2.8399999141693115,4288.39013671875,17.610000610351562,-0.009842104245885983,-0.02193731103961071,-0.03085701203244205,7.936440615299324e-05,0.005123845531178813,50,Neutral,57071.14241,1600944483.4902065,0.8414377477665609,0.8641444418517521,1.694e-05,2.5563333333333333e-05,27494.51,-0.017952769440012815,0.018724291436005194,0.013867041106814216,0.022224531468005185,0.013343588401038456
2023-10-03,1824.5999755859375,89.2300033569336,2.9489998817443848,4229.4501953125,19.780000686645508,-0.002955195304593962,0.0046054971051253885,0.03766206778185505,-0.013839395863449198,0.11620440374120897,50,Neutral,28928.96555,794301815.426502,-0.6794552406967371,-0.700885527045181,2.7796666666666668e-05,1.0856666666666667e-05,27426.46,-0.0024781075361443865,0.018667964251073258,0.013886151054794191,0.02250532105119015,0.013867041106814216
2023-10-04,1818.5,84.22000122070312,2.9619998931884766,4263.75,18.579999923706055,-0.0033487861038289848,-0.05778490630519061,0.004398590052101778,0.008077047607828946,-0.06258563162924412,49,Neutral,29816.142,820421385.2557853,0.03020656336012458,0.03235458351890048,3.124666666666667e-05,3.449999999999999e-06,27778.57,0.012756619276586195,0.018813549453095914,0.013952199026387281,0.022640353800558823,0.013886151054794191
2023-10-05,1816.5999755859375,82.30999755859375,3.1659998893737793,4258.18994140625,18.489999771118164,-0.0010453767983573286,-0.022939859904561943,0.06660424673187004,-0.0013048811469951228,-0.0048556962591010805,48,Neutral,30681.49619,849415594.0472504,0.028609818201780653,0.034730483884638494,-3.459e-05,-6.583666666666667e-05,27410.39,-0.013342721522066095,0.018564207251102617,0.014233489084852662,0.02230004579917672,0.013952199026387281
2023-10-06,1830.199951171875,82.79000091552734,3.3380000591278076,4308.5,17.450000762939453,0.007458615173471331,0.00581471488570491,0.05290291643631898,0.011745642093961117,-0.057890340650457284,50,Neutral,37983.24277,1052864393.8176135,0.21348533981838758,0.2147211464332177,-9.396666666666666e-06,2.5193333333333335e-05,27931.09,0.018818266735082634,0.019294797285665626,0.014542352234604004,0.02227423414773249,0.014233489084852662
2023-10-07,1830.199951171875,82.79000091552734,3.3380000591278076,4308.5,17.450000762939453,0.0,0.0,0.0,0.0,0.0,49,Neutral,13348.83825,372820279.523143,-1.0457157241417117,-1.0381732438465952,2.3520000000000002e-05,3.291666666666667e-05,27956.67,0.0009154062279922295,0.019332119533472324,0.01421293122127091,0.022273609963003652,0.014542352234604004
2023-10-08,1830.199951171875,82.79000091552734,3.3380000591278076,4308.5,17.450000762939453,0.0,0.0,0.0,0.0,0.0,50,Neutral,19693.56921,549839951.4800811,0.38886278782381806,0.3885307593752066,2.1503333333333335e-05,-2.016666666666667e-06,27917.05,-0.0014181982742726472,0.013071191789554001,0.013935538012801039,0.022212916254286435,0.01421293122127091
2023-10-09,1849.5,86.37999725341797,3.375999927520752,4335.66015625,17.700000762939453,0.010490108470351069,0.042448843526906935,0.011319712311552328,0.006284068119387409,0.014224990313812625,50,Neutral,31534.74639,870014634.3621609,0.4707978514964238,0.45888279404344773,5.115e-05,2.964666666666667e-05,27590.12,-0.011779875664382407,0.011838644011950514,0.01417006993514821,0.021903069429101654,0.013935538012801039
2023-10-10,1861.0,85.97000122070312,3.381999969482422,4358.240234375,17.030000686645508,0.006198645369741984,-0.004757723350522214,0.00177568618811972,0.005194476099985354,-0.03858814768935068,50,Neutral,22776.84383,626258724.2775784,-0.3253455995317213,-0.32874644932888786,4.263666666666667e-05,-8.513333333333332e-06,27390.12,-0.007275373195296091,0.012173614644899572,0.014252085111542245,0.022025708899268106,0.01417006993514821
2023-10-11,1872.800048828125,83.48999786376953,3.377000093460083,4376.9501953125,16.09000015258789,0.0063206856067081355,-0.029271573766282092,-0.001479472373952138,0.004283819500095073,-0.056778564506664936,47,Neutral,37349.44706,1007065585.9346406,0.49457370880924584,0.4750324373379633,6.855666666666667e-05,2.5919999999999996e-05,26875.52,-0.01896652932854734,0.012452552537308587,0.013783292404558403,0.02137077988814366,0.014252085111542245
2023-10-12,1869.300048828125,82.91000366210938,3.3440001010894775,4349.60986328125,16.690000534057617,-0.0018706079095983437,-0.006971112321425114,-0.009820043626344725,-0.006266024940654918,0.03661179918471129,45,Fear,23428.64112,626909068.3868717,-0.4663588537868327,-0.47399451700281964,6.655e-05,-2.006666666666662e-06,26759.63,-0.004321426540286491,0.011864519464583063,0.013032890153385693,0.02137798789699906,0.013783292404558403
2023-10-13,1927.4000244140625,87.69000244140625,3.2360000610351562,4327.77978515625,19.31999969482422,0.03060790174466398,0.05605216933477332,-0.03282970739501989,-0.005031495660219892,0.14633104331612187,44,Fear,24115.76499,647553796.3580662,0.028906522198485083,0.032400369681613105,2.2196666666666667e-05,-4.4353333333333334e-05,26862.0,0.0038182399293200187,0.007852107828107522,0.012793504073217223,0.021466258519248292,0.013032890153385693
2023-10-14,1927.4000244140625,87.69000244140625,3.2360000610351562,4327.77978515625,19.31999969482422,0.0,0.0,0.0,0.0,0.0,47,Neutral,10417.25576,280059019.0534013,-0.8394021367218498,-0.8382015100096065,1.5906666666666665e-05,-6.2900000000000025e-06,26852.48,-0.0003544668067039467,0.0076901539800849185,0.01263673015363633,0.021944574843777764,0.012793504073217223
2023-10-15,1927.4000244140625,87.69000244140625,3.2360000610351562,4327.77978515625,19.31999969482422,0.0,0.0,0.0,0.0,0.0,45,Fear,15274.6917,412673965.3439348,0.3827336826726752,0.387657487745641,1.669e-05,7.833333333333366e-07,27154.15,0.011171707530674917,0.009999484517835899,0.012782239460016151,0.022880291967483285,0.01263673015363633
2023-10-16,1921.0999755859375,86.66000366210938,3.1089999675750732,4373.6298828125,17.209999084472656,-0.003274031158004244,-0.01181543706247282,-0.04003689741030011,0.010538642302589985,-0.11565025596248249,47,Neutral,78399.22445,2210785548.2360964,1.6356167135401283,1.678445332007362,3.394333333333334e-05,1.7253333333333336e-05,28500.78,0.04840156611029453,0.021458911766872427,0.015455065578440235,0.023871207189525786,0.012782239460016151
2023-10-17,1922.699951171875,86.66000366210938,3.0789999961853027,4373.2001953125,17.8799991607666,0.0008324968566677746,0.0,-0.009696252943818777,-9.824987944376507e-05,0.03819216578233453,52,Neutral,38428.44532,1090741746.4830873,-0.7130160861825926,-0.7064899378965955,-2.0466666666666673e-06,-3.5990000000000006e-05,28395.91,-0.0036863346095197267,0.021167693016867845,0.015481320175832862,0.025828964867040463,0.015455065578440235
2023-10-18,1955.300048828125,88.31999969482422,3.055999994277954,4314.60009765625,19.219999313354492,0.016813236521731816,0.018974120503322253,-0.0074979982715461775,-0.013490408251151898,0.07226864500819706,50,Neutral,32162.47591,914773525.1527581,-0.1779975203068104,-0.17593672400301055,-9.716666666666666e-06,-7.67e-06,28320.0,-0.0026768518861103275,0.018841943297810273,0.015455838383400766,0.025759317867063012,0.015481320175832862
2023-10-19,1968.4000244140625,89.37000274658203,2.9570000171661377,4278.0,21.399999618530273,0.006677383090401854,0.01181850705256384,-0.03293162275628217,-0.008519032328057976,0.10743953638554433,52,Neutral,35895.50179,1023984017.0322788,0.10981156071640799,0.11277967596597853,-4.2193333333333335e-05,-3.247666666666667e-05,28713.71,0.01380644022600064,0.01818404373415682,0.01537258210975907,0.025800285665466802,0.015455838383400766
2023-10-20,1982.5,88.75,2.8989999294281006,4224.16015625,21.709999084472656,0.007137632114181281,-0.006961657770482004,-0.01980942107960855,-0.012665149196155915,0.014382037517315394,53,Neutral,59422.0992,1753411192.551091,0.5040542082677177,0.5378622253649455,-1.5490000000000002e-05,2.6703333333333332e-05,29669.04,0.03272936881268124,0.019744162286829223,0.01634019042321787,0.025508384910669615,0.01537258210975907
2023-10-21,1982.5,88.75,2.8989999294281006,4224.16015625,21.709999084472656,0.0,0.0,0.0,0.0,0.0,63,Greed,27517.51897,821964508.4353629,-0.769843342288111,-0.757621205437582,2.872e-05,4.421e-05,29909.8,0.008082108028452294,0.018949232407277045,0.01573269812674629,0.0255265656489046,0.01634019042321787
2023-10-22,1982.5,88.75,2.8989999294281006,4224.16015625,21.709999084472656,0.0,0.0,0.0,0.0,0.0,53,Neutral,22852.54563,683854827.8969322,-0.18576033803273131,-0.18395156185838332,2.7536666666666667e-05,-1.1833333333333327e-06,29992.46,0.002759830846653565,0.019520479215917055,0.015720660320055688,0.0273703975169264,0.01573269812674629
2023-10-23,1976.300048828125,85.48999786376953,2.9260001182556152,4217.0400390625,20.3700008392334,-0.0031322401557761035,-0.037424043305457406,0.009270517417398491,-0.0016869920654349177,-0.06370967028123974,53,Neutral,93513.64246,2941620022.8651876,1.4090448170521828,1.4589700815781752,6.162666666666666e-05,3.4089999999999994e-05,33069.99,0.09768020786547688,0.03591274956581615,0.02319450221932883,0.022575183009778187,0.015720660320055688
2023-10-24,1975.0,83.73999786376953,2.9709999561309814,4247.68017578125,18.969999313354492,-0.0006580360180047346,-0.020682649969346264,0.015262238701344093,0.0072395235196288195,-0.07120452368766046,66,Greed,115265.02418,3933194868.161196,0.20912670071489733,0.290491581398259,0.0001,3.837333333333334e-05,33922.73,0.02545906657086265,0.03418907777907811,0.023116118200422857,0.022243094782444902,0.02319450221932883
2023-10-25,1984.0999755859375,85.38999938964844,3.009999990463257,4186.77001953125,20.190000534057617,0.004597000160347399,0.01951225569098259,0.013041493877702266,-0.014443434657238052,0.0623287110258037,72,Greed,54887.02529,1888210825.6063828,-0.7419570479601704,-0.7338223115798144,0.0001,0.0,34496.05,0.016759533553249224,0.03226328053538595,0.023130513595057727,0.02214857466605575,0.023116118200422857
2023-10-26,1987.199951171875,83.20999908447266,3.2139999866485596,4137.22998046875,20.68000030517578,0.0015611896722705911,-0.025861468861977484,0.06557618756873906,-0.011903081205584871,0.023979605620941095,71,Greed,39744.66255,1363077907.10912,-0.3228014304559516,-0.3258844179592684,0.0001,0.0,34151.66,-0.01003363081588025,0.035161811771215246,0.02328889291858223,0.022013976301509072,0.023130513595057727
2023-10-27,1988.5999755859375,85.54000091552734,3.1640000343322754,4117.3701171875,21.270000457763672,0.0007042731011225338,0.02761659159195094,-0.01567920240485395,-0.00481183857862075,0.028130586336432287,70,Greed,32330.40106,1096889423.419842,-0.20646755975607473,-0.2172669324927308,0.0001,0.0,33892.02,-0.00763160546721126,0.036906302789217714,0.02347687963359913,0.022036259729155665,0.02328889291858223
2023-10-28,1988.5999755859375,85.54000091552734,3.1640000343322754,4117.3701171875,21.270000457763672,0.0,0.0,0.0,0.0,0.0,65,Greed,16880.13144,575936523.347353,-0.6498707209894573,-0.6442362040231364,0.0001,0.0,34081.0,0.005560455807826632,0.03704280881557443,0.023286990530418168,0.022089797499873175,0.02347687963359913
2023-10-29,1988.5999755859375,85.54000091552734,3.1640000343322754,4117.3701171875,21.270000457763672,0.0,0.0,0.0,0.0,0.0,72,Greed,20685.52176,711652985.1790963,0.20329674780331758,0.21159296013593198,0.0001,0.0,34525.89,0.012969433130901344,0.03651001544062752,0.023193485333560727,0.022131284001874967,0.023286990530418168
2023-10-30,1996.199951171875,82.30999755859375,3.3519999980926514,4166.81982421875,19.75,0.003814487522985263,-0.03849153617823873,0.05772012129450242,0.011938474300285915,-0.07414415938657903,68,Greed,33657.95976,1159771907.6421053,0.48681555006420524,0.48838822118579817,0.0001,0.0,34474.73,-0.0014828854979810758,0.013178630279725661,0.023235431228951435,0.02211862143894525,0.023193485333560727
2023-10-31,1985.199951171875,81.0199966430664,3.575000047683716,4193.7998046875,18.139999389648438,-0.0055257086747362814,-0.015796580982289202,0.06440800743325462,0.006454084821688244,-0.08503408030686435,66,Greed,32737.89822,1125442444.4884882,-0.027716199942952987,-0.030047112110510345,0.0001,0.0,34639.77,0.004775852062776867,0.010011874566125968,0.022571221512067422,0.022148401410867168,0.023235431228951435
2023-11-01,1978.800048828125,80.44000244140625,3.49399995803833,4237.85986328125,16.8700008392334,-0.0032290150880346837,-0.007184401086049107,-0.022917989781844953,0.010451194990191868,-0.07258246473530151,66,Greed,53473.28165,1856348820.4794536,0.49064874695290844,0.5004353164435087,0.0001,0.0,35421.43,0.022314560261213128,0.011408158102783233,0.022224531468005185,0.02223823551506232,0.022571221512067422
2023-11-02,1985.5999755859375,82.45999908447266,3.4719998836517334,4317.77978515625,15.65999984741211,0.003430498125606122,0.024801720920969248,-0.006316436414570557,0.018682938934086474,-0.07442726548610695,72,Greed,48015.57732,1686141698.092171,-0.10765663498459888,-0.0961686587800783,0.0001,0.0,34941.59,-0.013639193957310053,0.012190458983280802,0.02250532105119015,0.022213304321279572,0.022224531468005185
2023-11-03,1991.5,80.51000213623047,3.515000104904175,4358.33984375,14.90999984741211,0.0029670004669155115,-0.02393188933045226,0.012308791819685487,0.00934988354455146,-0.04907756227614069,65,Greed,39071.20644,1347962831.5658624,-0.2061396982347527,-0.22384846090608831,0.0001,0.0,34716.78,-0.0064546666973641625,0.012022048228009287,0.022640353800558823,0.022182006440167372,0.02250532105119015
2023-11-04,1991.5,80.51000213623047,3.515000104904175,4358.33984375,14.90999984741211,0.0,0.0,0.0,0.0,0.0,68,Greed,18377.55545,639958598.4198353,-0.7542556799873645,-0.7449462337775284,0.0001,0.0,35062.07,0.00989677583723088,0.0122592169239608,0.02230004579917672,0.023618573653439782,0.022640353800558823
2023-11-05,1991.5,80.51000213623047,3.515000104904175,4358.33984375,14.90999984741211,0.0,0.0,0.0,0.0,0.0,70,Greed,24528.73376,859350974.0014893,0.2887151293428492,0.29477393864635343,0.0001,0.0,35011.88,-0.0014324869251003767,0.011709853023271962,0.02227423414773249,0.024799640453428896,0.02230004579917672
2023-11-06,1981.5999755859375,80.81999969482422,3.2639999389648438,4365.97998046875,14.890000343322754,-0.004983536766927965,0.0038430290287168557,-0.0740861367049792,0.0017514577241005862,-0.0013422487895297923,74,Greed,22346.47086,782427702.2653205,-0.09317683164513807,-0.0937758980639462,0.0001,0.0,35046.09,0.0009766198683485855,0.011624629650798341,0.022273609963003652,0.02491784654538818,0.02227423414773249
2023-11-07,1966.800048828125,77.37000274658203,3.140000104904175,4378.3798828125,14.8100004196167,-0.0074967054908099675,-0.043625311813656455,-0.03873058507322973,0.0028360934017119537,-0.005387213140145018,68,Greed,38688.73692,1358031361.1978526,0.5488801167818994,0.5513898766429319,0.0001,0.0,35399.12,0.010022908737337355,0.011971261211063525,0.022212916254286435,0.025142408619335338,0.022273609963003652
2023-11-08,1951.5,75.33000183105469,3.1059999465942383,4382.77978515625,14.449999809265137,-0.007809573743291399,-0.026720657915963647,-0.01088712579702475,0.0010044110324198868,-0.024608255254246005,66,Greed,33401.34137,1185492160.4927278,-0.1469524620630498,-0.13587810886169643,0.0001,0.0,35624.72,0.0063528178351219345,0.008801332401216411,0.021903069429101654,0.025268788959939316,0.022212916254286435
2023-11-09,1964.199951171875,75.73999786376953,3.0409998893737793,4347.35009765625,15.289999961853027,0.006486705243964605,0.005427908124148504,-0.021149335215120295,-0.008116690699068705,0.05650461608727744,69,Greed,82537.88885,3033417922.7826815,0.9046613867467993,0.9395319974237935,0.00013342333333333332,3.3423333333333315e-05,36701.09,0.029766675983155067,0.011723788517691344,0.022025708899268106,0.02509379322990209,0.021903069429101654
2023-11-10,1932.5999755859375,77.16999816894531,3.0329999923706055,4415.240234375,14.170000076293945,-0.01621877893218127,0.018704362473103198,-0.0026341461260066257,0.015495759270772258,-0.07607195835929698,70,Greed,43414.04898,1605069174.5241032,-0.6424743487610498,-0.6365231560523313,0.00010560666666666666,-2.781666666666666e-05,37301.63,0.01623057053490802,0.01044435835565408,0.02137077988814366,0.025026057198643332,0.022025708899268106
2023-11-11,1932.5999755859375,77.16999816894531,3.0329999923706055,4415.240234375,14.170000076293945,0.0,0.0,0.0,0.0,0.0,70,Greed,22984.97235,851924612.7339427,-0.6359424716414083,-0.6334240938194786,0.00013751666666666666,3.191e-05,37130.0,-0.004611757237879132,0.011870471226735771,0.02137798789699906,0.027660769983681693,0.02137077988814366
2023-11-12,1932.5999755859375,77.16999816894531,3.0329999923706055,4415.240234375,14.170000076293945,0.0,0.0,0.0,0.0,0.0,73,Greed,17687.18874,655570813.1382711,-0.2620000487889181,-0.26199171364238194,0.00022046000000000001,8.294333333333336e-05,37064.13,-0.0017756126342137468,0.011917427486632732,0.021466258519248292,0.027645366084834137,0.02137798789699906
2023-11-13,1945.5,78.26000213623047,3.197000026702881,4411.5498046875,14.760000228881836,0.006652779492155402,0.014025887336881721,0.05266065223920243,-0.0008361884413700847,0.04079377559244869,72,Greed,32798.18252,1208037462.3041444,0.6175325253691449,0.611246063289614,0.00021284000000000003,-7.619999999999985e-06,36462.93,-0.016353527492521336,0.015043140526639827,0.021944574843777764,0.02786234131180329,0.021466258519248292
2023-11-14,1961.800048828125,78.26000213623047,3.1059999465942383,4495.7001953125,14.15999984741211,0.008343430595057662,0.0,-0.02887717089807556,0.01889537047457725,-0.04149975718963313,69,Greed,45503.68416,1639130785.08681,0.3274201903491737,0.3051689813652859,0.00016076,-5.208000000000003e-05,35551.19,-0.0253224983929354,0.018798526225032385,0.022880291967483285,0.027256720921004358,0.021944574843777764
2023-11-15,1960.0999755859375,76.66000366210938,3.190000057220459,4502.8798828125,14.180000305175781,-0.0008669641439555301,-0.020656536355641606,0.026685227202091384,0.0015957382078471765,0.0014114651359527655,60,Greed,53569.13385,1963249656.5094738,0.16317974796924403,0.18043499607444463,0.0001,-6.0759999999999994e-05,37858.2,0.06287397140001015,0.030297093563920484,0.023871207189525786,0.0256661583506552,0.022880291967483285
2023-11-16,1983.9000244140625,72.9000015258789,3.062000036239624,4508.240234375,14.319999694824219,0.01206913677911117,-0.050291447777470084,-0.0409526256634301,0.0011897193967137305,0.009824597595795924,70,Greed,47490.39566,1744503339.0151725,-0.12044554723313941,-0.1181311926456411,0.00012404333333333335,2.4043333333333348e-05,36163.51,-0.04579700167213188,0.03467928275460494,0.025828964867040463,0.023930088208817826,0.023871207189525786
2023-11-17,1981.5999755859375,75.88999938964844,2.9600000381469727,4514.02001953125,13.800000190734863,-0.0011600298000505828,0.04019625542750343,-0.03387902784731113,0.0012812279371779871,-0.03698853423681555,63,Greed,38283.61112,1391225051.1923273,-0.21550559745071043,-0.22628520487621823,0.0001,-2.4043333333333348e-05,36613.92,0.012377896572665345,0.03436891439750814,0.025759317867063012,0.024378841184937067,0.025828964867040463
2023-11-18,1981.5999755859375,75.88999938964844,2.9600000381469727,4514.02001953125,13.800000190734863,0.0,0.0,0.0,0.0,0.0,69,Greed,17102.24186,624434069.5256634,-0.8058123386744579,-0.801094218998078,0.0001,0.0,36568.1,-0.001252220312786142,0.034360546131741485,0.025800285665466802,0.024826255353692664,0.025759317867063012
2023-11-19,1981.5999755859375,75.88999938964844,2.9600000381469727,4514.02001953125,13.800000190734863,0.0,0.0,0.0,0.0,0.0,66,Greed,21246.34648,781531839.4371592,0.21697539239641375,0.22441013969904813,0.0001,0.0,37359.86,0.021420590373204398,0.03550532332343503,0.025508384910669615,0.02475911749760533,0.025800285665466802
2023-11-20,1977.699951171875,77.5999984741211,2.881999969482422,4547.3798828125,13.40999984741211,-0.001970058216140758,0.02228249215254567,-0.02670479423515718,0.007363103793795633,-0.028667920069603205,69,Greed,36022.70291,1343722642.386475,0.5279644258416665,0.541943242040548,0.0001,0.0,37448.78,0.0023772666332884944,0.03466345417070905,0.0255265656489046,0.025287990788239033,0.025508384910669615
2023-11-21,1999.300048828125,77.7699966430664,2.8459999561309814,4538.18994140625,13.350000381469727,0.010862615061766792,0.0021883020161747205,-0.012570002734914161,-0.002022975931757968,-0.004484272494153086,71,Greed,47646.54804,1756747495.9818547,0.27966080732722537,0.2680202321871626,0.0001,0.0,35741.65,-0.046657457238005864,0.03838970157068756,0.0273703975169264,0.023324888812928324,0.0255265656489046
2023-11-22,1991.4000244140625,77.0999984741211,2.8970000743865967,4556.6201171875,12.850000381469727,-0.00395922248666503,-0.008652448763582765,0.017761260210937758,0.004052905094313324,-0.03817257239318107,62,Greed,45051.30697,1657141022.427348,-0.05600818822840851,-0.05837024381901495,0.0001,0.0,37408.34,0.045576998787717926,0.034035290992519084,0.022575183009778187,0.02215374911931702,0.0273703975169264
2023-11-23,1991.4000244140625,77.0999984741211,2.8970000743865967,4556.6201171875,12.850000381469727,0.0,0.0,0.0,0.0,0.0,66,Greed,23827.92882,888826648.8541473,-0.6369436226561715,-0.6229469000474672,0.0001,0.0,37294.28,-0.003053710529443689,0.028128731836520027,0.022243094782444902,0.022200492335396345,0.022575183009778187
2023-11-24,2002.199951171875,75.54000091552734,2.8550000190734863,4559.33984375,12.460000038146973,0.005408630384414501,-0.020440931374297266,-0.014603894675621842,0.0005966956096450322,-0.030820324606726488,66,Greed,44680.80646,1688715728.079148,0.628685651204688,0.6418213739796753,0.0001,0.0,37713.57,0.011180012954367782,0.028075690673945126,0.02214857466605575,0.022516612616869023,0.022243094782444902
2023-11-25,2002.199951171875,75.54000091552734,2.8550000190734863,4559.33984375,12.460000038146973,0.0,0.0,0.0,0.0,0.0,73,Greed,11396.14464,430165251.7609749,-1.366268914996958,-1.3675541535331455,0.0001,0.0,37780.67,0.0017776195288349984,0.028000388343852003,0.022013976301509072,0.022571884828834585,0.02214857466605575
2023-11-26,2002.199951171875,75.54000091552734,2.8550000190734863,4559.33984375,12.460000038146973,0.0,0.0,0.0,0.0,0.0,73,Greed,21264.53723,797321193.5893991,0.6237656576906736,0.6170881595734675,0.0001,0.0,37447.43,-0.008859513391713852,0.02731000498955939,0.022036259729155665,0.023085059085680346,0.022013976301509072
2023-11-27,2011.800048828125,74.86000061035156,2.7939999103546143,4550.43017578125,12.6899995803833,0.004783316372955456,-0.009042618774556595,-0.02159762103889736,-0.0019560693168983586,0.018290732238712026,66,Greed,30001.07376,1112557435.2767923,0.34419240660315437,0.3331590390677018,0.0001,0.0,37242.7,-0.005482130309367848,0.02737350784017009,0.022089797499873175,0.02321683011725696,0.022036259729155665
2023-11-28,2039.699951171875,76.41000366210938,2.7060000896453857,4554.89013671875,12.6899995803833,0.013772846290545529,0.02049391495704665,-0.032002665872835075,0.0009796385280502918,0.0,68,Greed,37544.46667,1414360251.6823456,0.22429283534208833,0.24001594896549128,0.0001,0.0,37818.87,0.01535223194675372,0.01872199102650097,0.022131284001874967,0.023578357678973826,0.022089797499873175
2023-11-29,2047.0999755859375,77.86000061035156,2.803999900817871,4550.580078125,12.979999542236328,0.0036214312587581126,0.018798724434829987,0.0355753709237132,-0.0009466966151019382,0.022595427349522586,72,Greed,32994.19107,1252586505.66259,-0.1291944905738421,-0.12146669191701849,0.0001,0.0,37854.64,0.0009453771250752638,0.008779838798870048,0.02211862143894525,0.023747072513602103,0.022131284001874967
2023-11-30,2038.0999755859375,75.95999908447266,2.802000045776367,4567.7998046875,12.920000076293945,-0.004406156206906349,-0.024705476130070746,-0.0007134695488366595,0.003776931264994605,-0.004633171749536602,74,Greed,24740.29147,934491058.9608141,-0.28789836956915255,-0.29296383784666247,0.0001,0.0,37723.96,-0.0034581251896556686,0.00881753847282506,0.022148401410867168,0.023713359218085636,0.02211862143894525
2023-12-01,2071.0,74.06999969482422,2.813999891281128,4594.6298828125,12.630000114440918,0.016013593082084946,-0.0251962859862309,0.004273455805354645,0.005856558953846637,-0.0227015588361216,71,Greed,43415.66324,1669750777.6239815,0.5623871319228573,0.580427600193796,0.0001,0.0,38682.52,0.025092382063089787,0.012233446007869044,0.02223823551506232,0.023366438909046036,0.022148401410867168
2023-12-02,2071.0,74.06999969482422,2.813999891281128,4594.6298828125,12.630000114440918,0.0,0.0,0.0,0.0,0.0,74,Greed,26696.92161,1043421976.7660652,-0.48627201689003996,-0.4701687063048014,8.488e-05,-1.5120000000000004e-05,39450.35,0.019655100831166433,0.013576163707325714,0.022213304321279572,0.024359514520010717,0.02223823551506232
2023-12-03,2071.0,74.06999969482422,2.813999891281128,4594.6298828125,12.630000114440918,0.0,0.0,0.0,0.0,0.0,73,Greed,26710.65335,1059860641.0494444,0.0005142244452354457,0.015631754741354805,0.0001,1.5120000000000004e-05,39972.26,0.013142794289187723,0.011965936156497308,0.022182006440167372,0.024424873770292618,0.022213304321279572
2023-12-04,2024.0999755859375,73.04000091552734,2.694000005722046,4569.77978515625,13.079999923706055,-0.022906437155782732,-0.014003339083783048,-0.04357983994503447,-0.005423188063826943,0.0350093947727438,74,Greed,79272.33059,3285736844.1408806,1.087826659374076,1.131453503685489,0.0001,0.0,41991.1,0.049271977534901416,0.017357766585204642,0.023618573653439782,0.024643150295934488,0.022182006440167372
2023-12-05,2018.5,72.31999969482422,2.7100000381469727,4567.18017578125,12.850000381469727,-0.0027704839468059126,-0.009906536957191996,0.005921568855814618,-0.0005690315939348026,-0.017740499168593812,75,Greed,67490.74644,2890205389.4901266,-0.16089864836981557,-0.1282633638315797,0.0001,0.0,44073.32,0.04839691964470645,0.020917906920108337,0.024799640453428896,0.023623354419203393,0.023618573653439782
2023-12-06,2030.5,69.37999725341797,2.569000005722046,4549.33984375,12.970000267028809,0.005927406833356961,-0.04150210991003878,-0.05343192861289295,-0.003913851944943747,0.009295177888952625,72,Greed,51431.10492,2256979505.594805,-0.2717473551882172,-0.247300151207088,0.0001,0.0,43762.69,-0.007072982823143485,0.022419949060498448,0.02491784654538818,0.023585058824076306,0.024799640453428896
2023-12-07,2029.9000244140625,69.33999633789062,2.5850000381469727,4585.58984375,13.0600004196167,-0.00029552536040616107,-0.0005767145110153752,0.006208802362351621,0.007936610684821922,0.006915137061659103,72,Greed,47103.26845,2046945851.8836446,-0.08790075105720847,-0.09767856351657647,0.0001,0.0,43273.14,-0.011249508685349425,0.023960709647440563,0.025142408619335338,0.023499818622509352,0.02491784654538818
2023-12-08,1998.300048828125,71.2300033569336,2.5810000896453857,4604.3701171875,12.350000381469727,-0.01568969924387106,0.02689223767527876,-0.0015485672481542563,0.0040871341465037936,-0.05589806201597754,72,Greed,42900.37556,1875581755.4469104,-0.09346181224961145,-0.0874299730327079,0.00017843333333333335,7.843333333333335e-05,44170.99,0.020536119557329653,0.023848430439057086,0.025268788959939316,0.023194478349637455,0.025142408619335338
2023-12-09,1998.300048828125,71.2300033569336,2.5810000896453857,4604.3701171875,12.350000381469727,0.0,0.0,0.0,0.0,0.0,73,Greed,24925.97008,1096487106.5648339,-0.5429703451575872,-0.5368073507825402,0.00019618333333333332,1.774999999999997e-05,43713.6,-0.010408972260493799,0.02628395575634634,0.02509379322990209,0.0260968402417329,0.025268788959939316
2023-12-10,1998.300048828125,71.2300033569336,2.5810000896453857,4604.3701171875,12.350000381469727,0.0,0.0,0.0,0.0,0.0,74,Greed,18956.61758,830485162.5569535,-0.2737571518176277,-0.27785674585120096,0.00021676666666666669,2.0583333333333364e-05,43789.51,0.0017350244818206502,0.026743311077380587,0.025026057198643332,0.02636304749401417,0.02509379322990209
2023-12-11,1978.0,71.31999969482422,2.430999994277954,4622.43994140625,12.630000114440918,-0.01021061033941788,0.0012626635976269154,-0.05987426248908394,0.003916813547781492,0.022418851461215666,74,Greed,76663.89804,3205540835.511434,1.3972778238484818,1.3506260393291831,0.00011576666666666668,-0.000101,41253.4,-0.059660757354924286,0.033081862063681675,0.027660769983681693,0.02372095115081321,0.025026057198643332
2023-12-12,1977.800048828125,68.61000061035156,2.311000108718872,4643.7001953125,12.069999694824219,-0.00010109265866683018,-0.03873848311721898,-0.050622314643879535,0.0045888127956924,-0.04535193559782461,67,Greed,42722.69773,1773961284.3375635,-0.5847005653126686,-0.5916657638525943,0.0001,-1.576666666666668e-05,41492.39,0.005776503301278852,0.025107210302887508,0.027645366084834137,0.02380087242072792,0.027660769983681693
2023-12-13,1982.300048828125,69.47000122070312,2.3350000381469727,4707.08984375,12.1899995803833,0.0022726708042306704,0.012456716677692235,0.010331529121569918,0.01355834517501981,0.009892899244538936,65,Greed,45865.99773,1919703389.4848804,0.07099371058117544,0.07895562974915936,0.00011557333333333333,1.557333333333333e-05,42869.03,0.032639616880829996,0.02959996627475251,0.02786234131180329,0.02763419147447269,0.027645366084834137
2023-12-14,2030.199951171875,71.58000183105469,2.3919999599456787,4719.5498046875,12.479999542236328,0.0238764749712153,0.029920708641966384,0.024117911885373888,0.002643565185154432,0.02351141719134706,72,Greed,42047.05709,1798740625.30166,-0.0869346543490402,-0.06508392204159755,0.0001,-1.557333333333333e-05,43022.26,0.0035680023564587876,0.029436679777541042,0.027256720921004358,0.027627439145182623,0.02786234131180329
2023-12-15,2021.0999755859375,71.43000030517578,2.490999937057495,4719.18994140625,12.279999732971191,-0.0044923807443041424,-0.0020977774791577537,0.04055439166880894,-7.625240044859478e-05,-0.016155425287520307,70,Greed,33421.7932,1416898938.509979,-0.22958121977983315,-0.23861612999673806,0.0001,0.0,41940.3,-0.025470477640977214,0.029003791934196055,0.0256661583506552,0.027656752938650206,0.027256720921004358
2023-12-16,2021.0999755859375,71.43000030517578,2.490999937057495,4719.18994140625,12.279999732971191,0.0,0.0,0.0,0.0,0.0,67,Greed,24118.85747,1020469627.8857331,-0.3262141760576468,-0.32820769659261806,0.0001,0.0,42278.03,0.008020387258140575,0.029517353136817474,0.023930088208817826,0.02782909771573588,0.0256661583506552
2023-12-17,2021.0999755859375,71.43000030517578,2.490999937057495,4719.18994140625,12.279999732971191,0.0,0.0,0.0,0.0,0.0,73,Greed,27722.11452,1161963642.9627964,0.1392364506344463,0.12984842878070793,0.0001,0.0,41374.65,-0.021599191335207872,0.029974311654735235,0.024378841184937067,0.027636802458406086,0.023930088208817826
2023-12-18,2026.300048828125,72.47000122070312,2.503000020980835,4740.56005859375,12.5600004196167,0.0025695884133355284,0.014454746526187893,0.004805809819835922,0.004518122263400515,0.0225452934750457,65,Greed,46734.0925,1936003306.0825727,0.5222434776532295,0.510514326928035,0.00012988666666666668,2.9886666666666673e-05,42657.8,0.030541766708551847,0.022596983710951115,0.024826255353692664,0.02713056165853825,0.024378841184937067
2023-12-19,2038.4000244140625,73.44000244140625,2.492000102996826,4768.3701171875,12.529999732971191,0.005953704386447858,0.013296079590339167,-0.0044043785757169,0.005849267450818904,-0.002391446852206076,73,Greed,40927.86444,1747830242.4615936,-0.1326628172179253,-0.10225053931942966,0.0001,-2.9886666666666673e-05,42275.99,-0.008990828549252048,0.023170747962274318,0.02475911749760533,0.027814106047469023,0.024826255353692664
2023-12-20,2034.5,74.22000122070312,2.447000026702881,4698.35009765625,13.670000076293945,-0.0019151099131709602,0.010564892523759216,-0.018222846883163696,-0.014793147965305628,0.0870779087201619,74,Greed,48710.2947,2115813869.779619,0.17407928465952194,0.19106438966413727,0.00014714333333333332,4.714333333333331e-05,43668.93,0.03241755264462973,0.0231229845877964,0.025287990788239033,0.027159306636538105,0.02475911749760533
2023-12-21,2039.0999755859375,73.88999938964844,2.572000026702881,4746.75,13.649999618530273,0.0022584336059977327,-0.0044561795392595365,0.0498210213844876,0.010248769307271876,-0.00146416263251253,70,Greed,34624.29384,1514529919.1877797,-0.34133482810563676,-0.33433444043623683,0.0002843566666666667,0.00013721333333333336,43861.8,0.004406916568444891,0.023130762471878525,0.023324888812928324,0.027140192423607403,0.025287990788239033
2023-12-22,2057.10009765625,73.55999755859375,2.609999895095825,4754.6298828125,13.029999732971191,0.008788749383462259,-0.004476125993481734,0.014666364383911437,0.0016586821527610754,-0.04648512304109983,74,Greed,32783.19638,1436074497.5128598,-0.05463949115789605,-0.05319175867743761,0.0002614233333333333,-2.2933333333333367e-05,43969.04,0.0024419680670525194,0.019587346250769595,0.02215374911931702,0.027129534133724643,0.023324888812928324
2023-12-23,2057.10009765625,73.55999755859375,2.609999895095825,4754.6298828125,13.029999732971191,0.0,0.0,0.0,0.0,0.0,70,Greed,16557.1293,722943825.3332176,-0.683099296148261,-0.6863371042477056,0.00013783666666666668,-0.00012358666666666663,43702.16,-0.006088221088727501,0.020152372267852277,0.022200492335396345,0.028492493613996278,0.02215374911931702
2023-12-24,2057.10009765625,73.55999755859375,2.609999895095825,4754.6298828125,13.029999732971191,0.0,0.0,0.0,0.0,0.0,71,Greed,25144.33496,1093460634.8894227,0.41781583859299165,0.4137713177765376,0.00016839666666666666,3.055999999999998e-05,42991.5,-0.016395107062850675,0.019086879743089667,0.022516612616869023,0.028458138754962232,0.022200492335396345
2023-12-25,2057.10009765625,73.55999755859375,2.609999895095825,4754.6298828125,13.029999732971191,0.0,0.0,0.0,0.0,0.0,73,Greed,27021.23992,1172053386.5109816,0.07199059937658796,0.06940968044783555,0.00019302666666666667,2.4630000000000013e-05,43576.13,0.013507101635684676,0.01623070910260922,0.022571884828834585,0.02833242443405249,0.022516612616869023
2023-12-26,2058.199951171875,75.56999969482422,2.549999952316284,4774.75,12.989999771118164,0.0005345192470838028,0.026958008447507856,-0.02325684067059258,0.004222761046978559,-0.003074557580709151,71,Greed,41010.04282,1746333612.304945,0.4171937630886809,0.3987612697571106,0.0003223566666666667,0.00012933,42508.93,-0.02479535186467053,0.019039807982185703,0.023085059085680346,0.02802643089281442,0.022571884828834585
2023-12-27,2081.89990234375,74.11000061035156,2.61899995803833,4781.580078125,12.430000305175781,0.011449100696166307,-0.019508890795290112,0.026699209032716793,0.0014294356164229985,-0.044066882988488563,73,Greed,36191.21136,1554082990.052276,-0.1250006742936333,-0.11663285683346937,0.00032622333333333337,3.866666666666688e-06,43428.85,0.02140979529821103,0.01624058175981623,0.02321683011725696,0.029051462339293815,0.023085059085680346
2023-12-28,2073.89990234375,71.7699966430664,2.556999921798706,4783.35009765625,12.470000267028809,-0.0038500458433421737,-0.03208396953053284,-0.023957883777725918,0.0003701061103271183,0.0032128510314717836,73,Greed,35150.52485,1508408742.378081,-0.029176759378974532,-0.029830372490680337,0.00033684,1.0616666666666608e-05,42563.76,-0.02012077980823538,0.01752800589313521,0.023578357678973826,0.028866244214331534,0.02321683011725696
2023-12-29,2062.39990234375,71.6500015258789,2.5139999389648438,4769.830078125,12.449999809265137,-0.0055605396969713086,-0.0016733390980195589,-0.01695957983587868,-0.0028304770367338357,-0.0016051735149952427,65,Greed,42597.18912,1803086285.2465775,0.1921487181333611,0.17844451738251343,0.0005072133333333333,0.00017037333333333335,42066.95,-0.011740790238734814,0.017439428925124817,0.023747072513602103,0.02878867938558045,0.023578357678973826
2023-12-30,2062.39990234375,71.6500015258789,2.5139999389648438,4769.830078125,12.449999809265137,0.0,0.0,0.0,0.0,0.0,68,Greed,22906.57818,964875790.984935,-0.6203641419213259,-0.6252556994961398,0.0003815166666666667,-0.00012569666666666665,42140.28,0.0017416561151908701,0.017705664276550473,0.023713359218085636,0.029299622392663524,0.023747072513602103
2023-12-31,2062.39990234375,71.6500015258789,2.5139999389648438,4769.830078125,12.449999809265137,0.0,0.0,0.0,0.0,0.0,67,Greed,23585.91603,1001519241.5559053,0.029225629420205537,0.03727398860873197,0.0003200833333333333,-6.143333333333338e-05,42283.58,0.0033947781497301243,0.01719252588222662,0.023366438909046036,0.029344039006902592,0.023713359218085636
2024-01-01,2062.39990234375,71.6500015258789,2.5139999389648438,4769.830078125,12.449999809265137,0.0,0.0,0.0,0.0,0.0,65,Greed,27174.29903,1169995682.0280013,0.1416218825117392,0.15548196955252302,0.00032741,7.326666666666686e-06,44179.55,0.04386318131378095,0.024246644429234573,0.024359514520010717,0.028211667132282535,0.023366438909046036
2024-01-02,2064.39990234375,70.37999725341797,2.568000078201294,4742.830078125,13.199999809265137,0.0009692741355228508,-0.017884082702064517,0.021252330389981228,-0.005676660799723162,0.05849620755206713,71,Greed,65146.40661,2944331821.8230762,0.8743655083985254,0.9228818475037787,0.00051585,0.00018844,44946.91,0.01722000317113513,0.021570980257503647,0.024424873770292618,0.028105672714431474,0.024359514520010717
2024-01-03,2034.199951171875,72.69999694824219,2.6679999828338623,4704.81005859375,14.039999961853027,-0.014736982781769346,0.032432249693658995,0.03820170533936121,-0.008048618327197648,0.06169358073792997,70,Greed,81194.55173,3507104563.744232,0.22021100158645404,0.17490888070533256,0.00016094000000000001,-0.00035490999999999995,42845.23,-0.04788769521256018,0.028996661205827737,0.024643150295934488,0.0267037378503942,0.024424873770292618
2024-01-04,2042.300048828125,72.19000244140625,2.821000099182129,4688.68017578125,14.130000114440918,0.0039740504436172235,-0.0070397765918172265,0.05576234555906608,-0.003434271663317429,0.006389808914936812,68,Greed,48038.06334,2095095359.4936347,-0.524854465084938,-0.5151917164413446,0.0001,-6.094000000000001e-05,44151.1,0.03002352150755492,0.029933357725781286,0.023623354419203393,0.026114369632711843,0.024643150295934488
2024-01-05,2042.4000244140625,73.80999755859375,2.8929998874664307,4697.240234375,13.350000381469727,4.895124937695209e-05,0.022192624734812802,0.025202519917066235,0.0018240216394339805,-0.05678379137481154,72,Greed,48075.25327,2100953924.3687155,0.0007738767772826337,0.00279242129234073,0.0001,0.0,44145.11,-0.0001356796630157846,0.02914779291936263,0.023585058824076306,0.026166893935845058,0.023623354419203393
2024-01-06,2042.4000244140625,73.80999755859375,2.8929998874664307,4697.240234375,13.350000381469727,0.0,0.0,0.0,0.0,0.0,70,Greed,17835.06144,781212883.4916061,-0.9916012959710838,-0.9892990794794685,0.0001,0.0,43968.32,-0.004012787545087865,0.0293972248676132,0.023499818622509352,0.02617197444544619,0.023585058824076306
2024-01-07,2042.4000244140625,73.80999755859375,2.8929998874664307,4697.240234375,13.350000381469727,0.0,0.0,0.0,0.0,0.0,71,Greed,23023.8508,1014635096.1241482,0.25536440621282414,0.26143662483723223,0.0001,0.0,43929.02,-0.000894225072540774,0.0295066840489987,0.023194478349637455,0.026236434624216282,0.023499818622509352
2024-01-08,2026.5999755859375,70.7699966430664,2.9800000190734863,4763.5400390625,13.079999923706055,-0.007766098913480239,-0.0420590560517803,0.0296293198223867,0.014015945436353141,-0.020432073224587316,71,Greed,72814.57589,3298772150.6815076,1.1513854835014323,1.179021287037726,0.0001,0.0,46951.04,0.06653020711240704,0.03513193235532952,0.0260968402417329,0.023677407651010153,0.023194478349637455
2024-01-09,2026.4000244140625,72.23999786376953,3.190000057220459,4756.5,12.760000228881836,-9.866823194536253e-05,0.020558744884156332,0.06809762781638924,-0.0014789938523175842,-0.024769044342090624,76,Extreme Greed,69927.66617,3251442072.8083963,-0.040454786074384436,-0.01445171104443346,0.0001,0.0,46110.0,-0.018075510415030107,0.03621996359775174,0.02636304749401417,0.02382971316419193,0.0260968402417329
2024-01-10,2021.699951171875,71.37000274658203,3.0390000343322754,4783.4501953125,12.6899995803833,-0.0023221142671955622,-0.01211622807075257,-0.0484924095023172,0.005649980650495912,-0.005501047194517584,73,Greed,89911.41203,4123809481.712767,0.251363507444026,0.23767875499708593,0.0001,0.0,46653.99,0.01172860796383382,0.028203877749299593,0.02372095115081321,0.02486550545709656,0.02636304749401417
2024-01-11,2014.300048828125,72.0199966430664,3.0969998836517334,4780.240234375,12.4399995803833,-0.0036669527431482853,0.009066160142917532,0.018905338191126064,-0.0006712808369611647,-0.019897195079787117,76,Extreme Greed,87470.3296,4105139605.028302,-0.02752522922676617,-0.004537616777549397,0.0001,0.0,46339.16,-0.006771062230729273,0.02774614114887276,0.02380087242072792,0.024932996457686256,0.02372095115081321
2024-01-12,2046.699951171875,72.68000030517578,3.312999963760376,4783.830078125,12.699999809265137,0.015956951403282443,0.009122436117268835,0.06742024895613598,0.0007506937530339595,0.02068492486626542,71,Greed,86327.93707,3827483735.576057,-0.013146379476528348,-0.07003215167814274,0.0001,0.0,42782.73,-0.0798528754667809,0.04318449135105772,0.02763419147447269,0.019758650782877696,0.02380087242072792
2024-01-13,2046.699951171875,72.68000030517578,3.312999963760376,4783.830078125,12.699999809265137,0.0,0.0,0.0,0.0,0.0,64,Greed,36118.47464,1547370611.5531662,-0.8713487687834569,-0.9056504883742632,0.0001,0.0,42847.99,0.0015242196406752171,0.043245105315600336,0.027627439145182623,0.020441053417747504,0.02763419147447269
2024-01-14,2046.699951171875,72.68000030517578,3.312999963760376,4783.830078125,12.699999809265137,0.0,0.0,0.0,0.0,0.0,60,Greed,28228.40894,1202212782.257693,-0.24647561724596023,-0.2523932668516912,0.0001,0.0,41732.35,-0.02638212870563945,0.04403651401317095,0.027656752938650206,0.01965223849285645,0.027627439145182623
2024-01-15,2046.699951171875,72.68000030517578,3.312999963760376,4783.830078125,12.699999809265137,0.0,0.0,0.0,0.0,0.0,52,Neutral,40269.89303,1718982911.1081028,0.3552752384721954,0.35756894121417604,0.0001,0.0,42511.1,0.01848861088034885,0.03295704673721622,0.02782909771573588,0.020578636205691093,0.027656752938650206
2024-01-16,2026.0,72.4000015258789,2.9000000953674316,4765.97998046875,13.84000015258789,-0.010165310319773104,-0.0038599272595207343,-0.133143342501397,-0.0037383190523568345,0.08596098276860784,64,Greed,45045.74589,1931947150.05907,0.11207443020087343,0.11679559520500553,0.0001,0.0,43137.95,0.014637901828299413,0.034593270110587375,0.027636802458406086,0.020540050159191987,0.02782909771573588
2024-01-17,2002.5999755859375,72.55999755859375,2.869999885559082,4739.2099609375,14.789999961853027,-0.011617081726109013,0.002207451692811289,-0.010398779981104425,-0.005632731271107821,0.06638831292880744,60,Greed,33266.21388,1419888430.9228892,-0.30313626500582963,-0.30795008162049115,0.0001,0.0,42776.1,-0.008423584725432613,0.03334647756818329,0.02713056165853825,0.020357904202419945,0.027636802458406086
2024-01-18,2018.5999755859375,74.08000183105469,2.697000026702881,4780.93994140625,14.130000114440918,0.007957865627687473,0.020731842895027334,-0.06217193583809484,0.008766720726243148,-0.04565106934788655,63,Greed,43907.51641,1839426541.263579,0.27754323831889566,0.2588755619335481,0.0001,0.0,41327.5,-0.03445139745815894,0.03419847470107672,0.027814106047469023,0.01908719435132444,0.02713056165853825
2024-01-19,2026.5,73.41000366210938,2.5190000534057617,4839.81005859375,13.300000190734863,0.0039059773581561485,-0.009085399046793905,-0.06827803548690115,0.012238308232548512,-0.06053615522690582,51,Neutral,48342.74559,1993846466.5387518,0.09623064908469843,0.0806118101640362,0.0001,0.0,41659.03,0.007990013891329613,0.020309801991556794,0.027159306636538105,0.019090867564614485,0.027814106047469023
2024-01-20,2026.5,73.41000366210938,2.5190000534057617,4839.81005859375,13.300000190734863,0.0,0.0,0.0,0.0,0.0,52,Neutral,15923.99493,662768008.1509343,-1.1104890843879514,-1.1013959331724392,0.0001,0.0,41696.04,0.0008880084302503328,0.0202833990070298,0.027140192423607403,0.019238153769813183,0.027159306636538105
2024-01-21,2026.5,73.41000366210938,2.5190000534057617,4839.81005859375,13.300000190734863,0.0,0.0,0.0,0.0,0.0,56,Greed,11730.16301,489151571.0309043,-0.30566352733616153,-0.30375261400585774,0.0001,0.0,41580.33,-0.002778941360300473,0.01772193221246886,0.027129534133724643,0.01914795391722859,0.027140192423607403
2024-01-22,2019.800048828125,75.19000244140625,2.4189999103546143,4850.43017578125,13.1899995803833,-0.003311646301174295,0.02395805985137076,-0.04050782400262055,0.0021919211872316853,-0.008305114652697272,55,Greed,55426.19911,2247452153.7954326,1.5528888306756583,1.5248800748301097,0.0001,0.0,39568.02,-0.049606002668420156,0.023344935516943294,0.028492493613996278,0.01612413232772811,0.027129534133724643
2024-01-23,2023.699951171875,74.37000274658203,2.450000047683716,4864.60009765625,12.550000190734863,0.0019289741822805175,-0.010965604213236486,0.012733849450348387,0.002917115340764486,-0.0497382541401881,50,Neutral,57956.63351,2275851990.6468267,0.04464264268715459,0.012557285174807599,0.0001,0.0,39897.6,0.008294955472882228,0.02231847928204428,0.028458138754962232,0.01652839174013636,0.028492493613996278
2024-01-24,2013.9000244140625,75.08999633789062,2.6410000324249268,4868.5498046875,13.140000343322754,-0.004854342213876016,0.009634673695664826,0.07506960157313708,0.0008115989762168653,0.04594035840873762,48,Neutral,39293.82861,1569704923.8307493,-0.38862755905748864,-0.37146682858657243,0.0001,0.0,40084.88,0.004683034141144241,0.023121190147965404,0.02833242443405249,0.01688042644192469,0.028458138754962232
2024-01-25,2016.9000244140625,77.36000061035156,2.571000099182129,4894.16015625,13.449999809265137,0.0014885385122534204,0.029782513692605563,-0.026862678731504594,0.00524657813497798,0.023318052682289685,52,Neutral,31022.11853,1238813296.1526136,-0.2363670226877579,-0.236733752941528,0.0001,0.0,39961.09,-0.003092975166303934,0.020297455131826916,0.02802643089281442,0.016814720976138755,0.02833242443405249
2024-01-26,2016.800048828125,78.01000213623047,2.7119998931884766,4890.97021484375,13.260000228881836,-4.9570163444326434e-05,0.0083671919494853,0.05339136383235922,-0.0006519977554263648,-0.014227089848027405,49,Neutral,47384.96726,1951700659.289807,0.4236045809538842,0.4545472233079102,0.0001,0.0,41823.51,0.04555239092628425,0.027815979515177627,0.029051462339293815,0.015307689427294876,0.02802643089281442
2024-01-27,2016.800048828125,78.01000213623047,2.7119998931884766,4890.97021484375,13.260000228881836,0.0,0.0,0.0,0.0,0.0,55,Greed,16224.41667,678418702.3509445,-1.0717877225844965,-1.0566917520183312,9.088666666666666e-05,-9.11333333333334e-06,42120.63,0.00707902280697713,0.027926244037498098,0.028866244214331534,0.017344518586038107,0.029051462339293815
2024-01-28,2016.800048828125,78.01000213623047,2.7119998931884766,4890.97021484375,13.260000228881836,0.0,0.0,0.0,0.0,0.0,54,Neutral,27294.99838,1154365891.6682587,0.5201861664807169,0.5315418082296313,8.241666666666667e-05,-8.469999999999992e-06,42031.06,-0.002128775638974226,0.027910921930035408,0.02878867938558045,0.018503079824792257,0.028866244214331534
2024-01-29,2025.199951171875,76.77999877929688,2.490000009536743,4927.93017578125,13.600000381469727,0.004156315901078261,-0.01589287731034141,-0.08540361638673473,0.007528365505246204,0.0253178187724606,55,Greed,31542.74207,1343462280.3618684,0.144640041315667,0.15169889135842216,9.714000000000001e-05,1.4723333333333335e-05,43302.7,0.029806119942710457,0.018056586993209965,0.029299622392663524,0.023380282453525837,0.02878867938558045
2024-01-30,2031.5,77.81999969482422,2.0769999027252197,4924.97021484375,13.3100004196167,0.003105999442300761,0.013454289960908507,-0.1813582162469301,-0.0006008303969786162,-0.021554156857807073,61,Greed,37619.24546,1633251085.6713595,0.17617224958924996,0.19532248644164102,8.213666666666667e-05,-1.500333333333334e-05,42941.1,-0.008385579459892248,0.019781542694153068,0.029344039006902592,0.023874336927087753,0.029299622392663524
2024-01-31,2048.39990234375,75.8499984741211,2.0999999046325684,4845.64990234375,14.350000381469727,0.008284516486208303,-0.02564077795736542,0.011012801256610156,-0.016236851740733683,0.07523430485544245,60,Greed,39871.13688,1711665577.0530825,0.05813690887230794,0.0468943586625643,7.384666666666667e-05,-8.290000000000004e-06,42580.0,-0.008444749797383772,0.02100933473767635,0.028211667132282535,0.023610886545174434,0.029344039006902592
2024-02-01,2053.0,73.81999969482422,2.049999952316284,4906.18994140625,13.880000114440918,0.0022431851049437793,-0.027127992209682653,-0.024097529426346284,0.012416286114049784,-0.0333010054652046,63,Greed,35231.04664,1497121440.6440022,-0.123724974976631,-0.1339226933098224,0.0001,2.615333333333334e-05,43082.94,0.011742435619609937,0.020368581546128254,0.028105672714431474,0.02386920047446006,0.028211667132282535
2024-02-02,2036.0999755859375,72.27999877929688,2.0789999961853027,4958.60986328125,13.850000381469727,-0.008265936631712222,-0.02108224463230448,0.01404723715103721,0.01062777072263312,-0.0021637031473936137,63,Greed,29672.14418,1277919437.2905612,-0.17171900138085,-0.15831090896735345,0.0001,0.0,43200.0,0.0027134001651212595,0.013417216238318328,0.0267037378503942,0.02382454335906769,0.028105672714431474
2024-02-03,2036.0999755859375,72.27999877929688,2.0789999961853027,4958.60986328125,13.850000381469727,0.0,0.0,0.0,0.0,0.0,60,Greed,12033.40998,518775350.0336009,-0.9025217531224072,-0.9015176569511115,8.232333333333334e-05,-1.7676666666666666e-05,43011.09,-0.004382505832045197,0.01376286628014965,0.026114369632711843,0.02641757221576878,0.0267037378503942
2024-02-04,2036.0999755859375,72.27999877929688,2.0789999961853027,4958.60986328125,13.850000381469727,0.0,0.0,0.0,0.0,0.0,60,Greed,17066.89404,730999557.7083682,0.34945361976533057,0.3429419168139022,9.051000000000001e-05,8.186666666666674e-06,42582.88,-0.010005694851545816,0.014550485257104718,0.026166893935845058,0.030243744712603653,0.026114369632711843
2024-02-05,2025.699951171875,72.77999877929688,2.0820000171661377,4942.81005859375,13.670000076293945,-0.005120905671782916,0.006893726576010502,0.001441971396795338,-0.0031914247092839714,-0.013081603859306986,60,Greed,29467.75905,1262620640.5407174,0.5461561861760673,0.5465318587486996,0.0001,9.489999999999992e-06,42708.7,0.002950351987088814,0.008037926152277641,0.02617197444544619,0.0304550560214403,0.026166893935845058
2024-02-06,2034.5,73.30999755859375,2.009000062942505,4954.22998046875,13.0600004196167,0.004334792726306237,0.007255816521489378,-0.035691861274736926,0.0023077459317481074,-0.045649500338780576,64,Greed,24675.85433,1061049582.6002767,-0.17747154409781318,-0.17393084397485314,8.907666666666668e-05,-1.0923333333333324e-05,43098.95,0.009095988310426472,0.008420210649124212,0.026236434624216282,0.03044421085002834,0.02617197444544619
2024-02-07,2035.199951171875,73.86000061035156,1.9670000076293945,4995.06005859375,12.829999923706055,0.0003439817122514089,0.007474425755050153,-0.021127573877445384,0.008207682594008628,-0.017767983297182415,62,Greed,34392.59915,1496013692.382922,0.33201619222172757,0.3435454416815882,7.068666666666666e-05,-1.839000000000002e-05,44349.6,0.028605054685199374,0.012499303862653076,0.023677407651010153,0.030343935919460118,0.026236434624216282
2024-02-08,2032.199951171875,76.22000122070312,1.9170000553131104,4997.91015625,12.789999961853027,-0.0014751441294395143,0.031452493773191474,-0.025748050368114776,0.000570420540090595,-0.003122560072828745,66,Greed,45439.62231,2042912128.1517665,0.27854306229372533,0.31157227155402845,6.375e-05,-6.936666666666657e-06,45288.65,0.02095275967005496,0.013658070601569821,0.02382971316419193,0.030388167396841713,0.023677407651010153
2024-02-09,2023.300048828125,76.83999633789062,1.847000002861023,5026.60986328125,12.930000305175781,-0.004389060106493958,0.008101378780224825,-0.03719879015138931,0.0057259171287955156,0.010886603777725476,72,Greed,73503.481,3453043306.4209757,0.48094830310296993,0.5248796562823809,7.653666666666667e-05,1.2786666666666664e-05,47132.77,0.039912063594217916,0.018149985180634164,0.02486550545709656,0.029988795549060036,0.02382971316419193
2024-02-10,2023.300048828125,76.83999633789062,1.847000002861023,5026.60986328125,12.930000305175781,0.0,0.0,0.0,0.0,0.0,74,Greed,24802.35936,1176079377.6922762,-1.0863939815118193,-1.0770696147729955,9.347000000000001e-05,1.6933333333333343e-05,47751.09,0.013033381077871586,0.016584720839115257,0.024932996457686256,0.0305390644344699,0.02486550545709656
2024-02-11,2023.300048828125,76.83999633789062,1.847000002861023,5026.60986328125,12.930000305175781,0.0,0.0,0.0,0.0,0.0,71,Greed,29958.80837,1443314885.7714052,0.18888459969625393,0.2047561268076779,0.0001,6.529999999999993e-06,48299.99,0.01142945972783506,0.01274713742585897,0.019758650782877696,0.030811750941593493,0.024932996457686256
2024-02-12,2018.199951171875,76.91999816894531,1.7680000066757202,5021.83984375,13.930000305175781,-0.002523865081532603,0.0010406066744543267,-0.043713734774802185,-0.0009494041426524416,0.07449459331360889,70,Greed,59009.96705,2898220863.0181804,0.6778829788630177,0.6971545811722083,0.0001,0.0,49917.27,0.03293568144658824,0.011855051275823028,0.020441053417747504,0.03063713476866566,0.019758650782877696
2024-02-13,1992.9000244140625,77.87000274658203,1.6890000104904175,4953.169921875,15.850000381469727,-0.012615124246704407,0.012274907944354303,-0.045712323954625725,-0.013768609419845444,0.1291247146912568,79,Extreme Greed,55551.56706,2745025370.067447,-0.06039463710024856,-0.05430673601407384,0.0001,0.0,49699.59,-0.004370351494182536,0.015021026130052982,0.01965223849285645,0.031191129964855874,0.020441053417747504
2024-02-14,1990.300048828125,76.63999938964844,1.6089999675750732,5000.6201171875,14.380000114440918,-0.0013054709316034623,-0.01592167916154222,-0.0485237961786628,0.009534168304216807,-0.09733116413954013,74,Greed,57046.37401,2919604456.723313,0.02655279059252151,0.061657829876382374,0.00010761,7.60999999999999e-06,51795.17,0.041300218103198914,0.016839214663568657,0.020578636205691093,0.031468182515672544,0.01965223849285645
2024-02-15,2002.0999755859375,78.02999877929688,1.5809999704360962,5029.72998046875,14.010000228881836,0.005911211825204104,0.017974226785918826,-0.017555308330184576,0.00580437267404004,-0.02606698356529103,72,Greed,53816.03055,2802825737.9920154,-0.058293127783074314,-0.040820046649262545,0.0001,-7.60999999999999e-06,51880.0,0.0016364577734705157,0.018566163328210504,0.020540050159191987,0.034097212766389016,0.020578636205691093
2024-02-16,2011.5,79.19000244140625,1.6089999675750732,5005.56982421875,14.239999771118164,0.004684094906416618,0.014756706567403265,0.017555308330184618,-0.0048150435759610425,0.016283513224718212,72,Greed,37772.25318,1965003863.9713342,-0.3539965981711547,-0.3551338887122103,0.0001,0.0,52124.11,0.004694246184426713,0.01676960496246713,0.020357904202419945,0.03480982075666181,0.020540050159191987
2024-02-17,2011.5,79.19000244140625,1.6089999675750732,5005.56982421875,14.239999771118164,0.0,0.0,0.0,0.0,0.0,76,Extreme Greed,25674.00622,1319908544.979089,-0.3860957412958815,-0.3979317616256426,0.00012013666666666667,2.0136666666666666e-05,51642.64,-0.009279917800631372,0.01903577448392969,0.01908719435132444,0.034852917903013717,0.020357904202419945
2024-02-18,2011.5,79.19000244140625,1.6089999675750732,5005.56982421875,14.239999771118164,0.0,0.0,0.0,0.0,0.0,72,Greed,21992.10363,1139209588.4334626,-0.15479558591124468,-0.14722777163803943,0.00016546666666666669,4.5330000000000015e-05,52137.67,0.009540032294676114,0.019045243714941148,0.019090867564614485,0.03906044744448481,0.01908719435132444
2024-02-19,2011.5,79.19000244140625,1.6089999675750732,5005.56982421875,14.239999771118164,0.0,0.0,0.0,0.0,0.0,75,Greed,29534.99432,1539600521.6007729,0.2948923454250731,0.30118830276395986,0.00018661666666666666,2.1149999999999972e-05,51774.73,-0.00698552773070659,0.017247030523190692,0.019238153769813183,0.04195181198542292,0.019090867564614485
2024-02-20,2027.5,78.18000030517578,1.5759999752044678,4975.509765625,15.420000076293945,0.007922794599725029,-0.012836194783739074,-0.020722872155541413,-0.0060234264658172495,0.0796104831722431,72,Greed,49614.47318,2574874999.3787174,0.5187067807050245,0.5142780077896151,0.00013877333333333331,-4.7843333333333343e-05,52258.82,0.009306488030900633,0.01674704730364561,0.01914795391722859,0.04271702138578253,0.019238153769813183
2024-02-21,2022.300048828125,77.91000366210938,1.7730000019073486,4981.7998046875,15.34000015258789,-0.002568005317217988,-0.0034595029211889807,0.117783052465364,0.0012634014951035982,-0.005201567196740616,78,Extreme Greed,43079.40049,2210278288.725095,-0.14123765316105863,-0.15268255890467772,0.00010414,-3.463333333333331e-05,51849.39,-0.007865510526459354,0.008154356937498185,0.01612413232772811,0.0430790106440544,0.01914795391722859
2024-02-22,2019.699951171875,78.61000061035156,1.7319999933242798,5087.02978515625,14.539999961853027,-0.0012865403339371805,0.008944564222842582,-0.023396221881944092,0.02090288866640342,-0.05356033640438439,74,Greed,35309.44574,1820949707.158534,-0.19889442314154307,-0.19376024799256378,0.00012012333333333334,1.5983333333333333e-05,51288.42,-0.01087817419895304,0.009091985777483625,0.01652839174013636,0.04295563011213127,0.01612413232772811
2024-02-23,2038.5999755859375,76.48999786376953,1.6030000448226929,5088.7998046875,13.75,0.009314324420003009,-0.02733894016442214,-0.07739990469673122,0.000347887026502183,-0.055864645369204845,76,Extreme Greed,30545.79544,1559143576.8296163,-0.1449234655067455,-0.15522150080966007,0.00010996999999999999,-1.0153333333333343e-05,50744.15,-0.010668655359765033,0.009162544114631079,0.01688042644192469,0.043472652083714564,0.01652839174013636
2024-02-24,2038.5999755859375,76.48999786376953,1.6030000448226929,5088.7998046875,13.75,0.0,0.0,0.0,0.0,0.0,72,Greed,16560.4211,847793393.571868,-0.612211469962884,-0.609254993830921,0.0001,-9.969999999999988e-06,51568.22,0.016109250933854777,0.011399214476785886,0.016814720976138755,0.04379379614988007,0.01688042644192469
2024-02-25,2038.5999755859375,76.48999786376953,1.6030000448226929,5088.7998046875,13.75,0.0,0.0,0.0,0.0,0.0,74,Greed,18721.63159,966951114.4504629,0.12266404745914453,0.1315109738984942,0.00013837333333333333,3.837333333333333e-05,51728.85,0.0031100616788884284,0.010721917785591376,0.015307689427294876,0.043803382544068833,0.016814720976138755
2024-02-26,2028.5,77.58000183105469,1.659000039100647,5069.52978515625,13.739999771118164,-0.004966682111913958,0.014149700208427214,0.03433813318794164,-0.003793939244668484,-0.0007275539764438033,72,Greed,51256.72199,2710403072.980595,1.0071671453612678,1.0307046978813064,0.00025185,0.00011347666666666669,54476.47,0.051753212367562834,0.022205765369896158,0.017344518586038107,0.04319009557696766,0.015307689427294876
2024-02-27,2034.0,78.87000274658203,1.6150000095367432,5078.18017578125,13.430000305175781,0.0027076939620032797,0.016491276620096248,-0.026880072197387854,0.001704895538720964,-0.02282023687755186,79,Extreme Greed,67194.98562,3795949115.2249317,0.27075185579680433,0.3368371165684083,0.00042916000000000004,0.00017731000000000002,57037.34,0.045937275755513214,0.026640018028144963,0.018503079824792257,0.04265018850840315,0.017344518586038107
2024-02-28,2033.0,78.54000091552734,1.8849999904632568,5069.759765625,13.84000015258789,-0.0004917629801586159,-0.0041929014273732485,0.15459285326096994,-0.001659531321112244,0.03007192795607551,82,Extreme Greed,118763.46984,7162581994.48574,0.5695352407186208,0.6349360539048371,0.0003464966666666667,-8.266333333333334e-05,62432.1,0.09037342510456357,0.037702857105423905,0.023380282453525837,0.03978084871329632,0.018503079824792257
2024-02-29,2045.699951171875,78.26000213623047,1.8600000143051147,5096.27001953125,13.399999618530273,0.006227470697706523,-0.0035714167278449132,-0.013351320424662099,0.0052154704557999644,-0.03230828272568483,80,Extreme Greed,78425.07603,4872212871.27608,-0.4149901431760667,-0.3853223074782826,0.0006748633333333332,0.0003283666666666665,61130.98,-0.021060790861507746,0.03953860779099785,0.023874336927087753,0.039534147623422757,0.023380282453525837
2024-03-01,2086.89990234375,79.97000122070312,1.8350000381469727,5137.080078125,13.109999656677246,0.019939659139843434,0.02161493552946405,-0.013531993120957394,0.007975936433387976,-0.021879406901220193,80,Extreme Greed,47737.93473,2956537377.9660296,-0.49641736435023087,-0.4995294434046263,0.0005471866666666667,-0.0001276766666666665,62387.9,0.02035257099534111,0.03648463742974805,0.023610886545174434,0.03959256829118666,0.023874336927087753
2024-03-02,2086.89990234375,79.97000122070312,1.8350000381469727,5137.080078125,13.109999656677246,0.0,0.0,0.0,0.0,0.0,80,Extreme Greed,25534.73659,1582566973.834093,-0.6256866147861019,-0.6249705831603296,0.0004899866666666667,-5.719999999999998e-05,61987.28,-0.006442143609634661,0.038788162327008865,0.02386920047446006,0.039867172743897325,0.023610886545174434
2024-03-03,2086.89990234375,79.97000122070312,1.8350000381469727,5137.080078125,13.109999656677246,0.0,0.0,0.0,0.0,0.0,83,Extreme Greed,28994.90903,1804536272.9443457,0.1270805194847851,0.13125545060217328,0.00044618,-4.3806666666666716e-05,63113.97,0.018012936948412033,0.037697543462910606,0.02382454335906769,0.041530051518649996,0.02386920047446006
2024-03-04,2117.699951171875,78.73999786376953,1.9160000085830688,5130.9501953125,13.489999771118164,0.014650906546489963,-0.015500321222901771,0.04319518173327539,-0.0011939745749630112,0.028573381665131348,82,Extreme Greed,84835.16005,5568877537.081252,1.073589816210537,1.1268898679754675,0.0005517466666666667,0.00010556666666666672,68245.71,0.07817243529189463,0.04154893892984157,0.02641757221576878,0.03893867396615129,0.02382454335906769
2024-03-05,2133.5,78.1500015258789,1.9570000171661377,5078.64990234375,14.460000038146973,0.007433252615668022,-0.0075211819929224405,0.021173013157248764,-0.010245406275917994,0.06943756611583544,90,Extreme Greed,132696.7813,8674526591.287142,0.447356605484012,0.44319723847785164,0.00073359,0.00018184333333333327,63724.01,-0.06855316030923639,0.055446696037559,0.030243744712603653,0.03739201462841468,0.02641757221576878
2024-03-06,2150.300048828125,79.12999725341797,1.9290000200271606,5104.759765625,14.5,0.00784356635087546,0.012461958518870208,-0.014410952879860179,0.005127932853001643,0.0027624300578069465,75,Greed,78738.85491,5197743036.597276,-0.5219299428427816,-0.5121662527894082,0.00039836666666666663,-0.0003352233333333334,66074.04,0.03621451680304252,0.04634381782877908,0.0304550560214403,0.03689763044954428,0.030243744712603653
2024-03-07,2158.0,78.93000030517578,1.8179999589920044,5157.35986328125,14.4399995803833,0.0035744768391498196,-0.0025306473246359336,-0.05926477110710492,0.010251402284983627,-0.004146545021177181,82,Extreme Greed,53059.8869,3548088039.2736087,-0.39471552557962813,-0.3818156220304282,0.0004183733333333333,2.000666666666668e-05,66823.17,0.011273945248864211,0.04452881150518361,0.03044421085002834,0.036949915581314864,0.0304550560214403
2024-03-08,2178.60009765625,78.01000213623047,1.8049999475479126,5123.68994140625,14.739999771118164,0.009500646655496024,-0.01172433660244081,-0.007176410473117975,-0.006549922992050337,0.020562766827898746,81,Extreme Greed,74261.932842,5044395324.399055,0.3361772592887064,0.35186891229529105,0.00047076333333333334,5.239000000000003e-05,68124.19,0.019282486315176334,0.04450006387137206,0.030343935919460118,0.0368066864181863,0.03044421085002834
2024-03-09,2178.60009765625,78.01000213623047,1.8049999475479126,5123.68994140625,14.739999771118164,0.0,0.0,0.0,0.0,0.0,84,Extreme Greed,19872.89743,1355964036.9092987,-1.318241611188101,-1.3137651224965572,0.0002560733333333333,-0.00021469000000000002,68313.27,0.0027716745979517753,0.04397732029983537,0.030388167396841713,0.03725197969225462,0.030343935919460118
2024-03-10,2178.60009765625,78.01000213623047,1.8049999475479126,5123.68994140625,14.739999771118164,0.0,0.0,0.0,0.0,0.0,79,Extreme Greed,38404.66835,2659307501.0945783,0.658822158560297,0.6735530832522516,0.0004964666666666667,0.00024039333333333342,68955.88,0.009362842188647231,0.043963430356797714,0.029988795549060036,0.03781350403065533,0.030388167396841713
2024-03-11,2182.5,77.93000030517578,1.7589999437332153,5117.93994140625,15.220000267028809,0.001788495240181465,-0.0010260592127867838,-0.02581512895803399,-0.0011228682680281005,0.03204549874488908,82,Extreme Greed,75292.825726,5352704377.618805,0.6732058305646438,0.6995361733685712,0.0006010433333333334,0.00010457666666666664,72078.1,0.044283373561153284,0.036832658829126556,0.0305390644344699,0.037112625872313516,0.029988795549060036
2024-03-12,2160.39990234375,77.55999755859375,1.7139999866485596,5175.27001953125,13.84000015258789,-0.010177664197878154,-0.004759192874689783,-0.025915621381532188,0.011139512586668012,-0.0950474087634793,81,Extreme Greed,68783.546691,4909667978.559339,-0.09042028497770774,-0.08639560628868931,0.0004590166666666667,-0.00014202666666666665,71452.01,-0.008724217811494954,0.018579315817483604,0.030811750941593493,0.0371138476742013,0.0305390644344699
2024-03-13,2175.39990234375,79.72000122070312,1.6579999923706055,5165.31005859375,13.75,0.006919166252700285,0.02746871176017195,-0.033217760274411076,-0.0019263840021219723,-0.006524137102079705,81,Extreme Greed,52659.711647,3829764501.253793,-0.2671138911028944,-0.24840300466651463,0.00047682,1.780333333333326e-05,73072.41,0.022424831790492365,0.016764759452588374,0.03063713476866566,0.03759712031389934,0.030811750941593493
2024-03-14,2163.0,81.26000213623047,1.7410000562667847,5150.47998046875,14.399999618530273,-0.0057163638155206895,0.01913340619143594,0.04884764099317167,-0.002875221051495188,0.04618935597842095,88,Extreme Greed,71757.628746,5132189849.096632,0.3094434946707225,0.2927291258892315,0.0003380133333333333,-0.0001388066666666667,71388.94,-0.02330791194500903,0.022084602904266407,0.031191129964855874,0.0383532761842838,0.03063713476866566
2024-03-15,2157.300048828125,81.04000091552734,1.6549999713897705,5117.08984375,14.40999984741211,-0.0026386845425951824,-0.0027110456107564012,-0.05065870156283177,-0.0065040228597376655,0.0006942193314014823,83,Extreme Greed,103334.03546,7065279917.872112,0.3646726305883926,0.3196601964476544,0.00022716333333333333,-0.00011084999999999996,69499.85,-0.02681836109117046,0.025300632412552766,0.031468182515672544,0.03848737573018789,0.031191129964855874
2024-03-16,2157.300048828125,81.04000091552734,1.6549999713897705,5117.08984375,14.40999984741211,0.0,0.0,0.0,0.0,0.0,81,Extreme Greed,55926.95336,3788544202.8848557,-0.613920368588553,-0.6232108057463566,0.00018004999999999999,-4.711333333333334e-05,65300.63,-0.062322910279710986,0.035316875701900716,0.034097212766389016,0.037305267536486816,0.031468182515672544
2024-03-17,2157.300048828125,81.04000091552734,1.6549999713897705,5117.08984375,14.40999984741211,0.0,0.0,0.0,0.0,0.0,79,Extreme Greed,49742.21589,3322963634.2425127,-0.11719244813350001,-0.1311247843093263,0.00018563,5.580000000000011e-06,68393.48,0.046275814432356635,0.04045264881474852,0.03480982075666181,0.036255169294419076,0.034097212766389016
2024-03-18,2160.699951171875,82.72000122070312,1.7029999494552612,5149.419921875,14.329999923706055,0.0015747582428707817,0.020518554279512564,0.02859038045884932,0.006298184238480456,-0.00556716290639392,77,Extreme Greed,55691.08088,3768277912.418918,0.11296601944362254,0.12576106428409353,0.00025990999999999997,7.427999999999997e-05,67609.99,-0.01152174525222046,0.03515388261148635,0.034852917903013717,0.036880195308896795,0.03480982075666181
2024-03-19,2156.300048828125,83.47000122070312,1.74399995803833,5178.509765625,13.819999694824219,-0.0020384080923120792,0.009025874969930351,0.023789929425469362,0.00563325304434312,-0.036238440258669194,79,Extreme Greed,101005.32487,6484805948.535393,0.5953532306529185,0.5428437842517592,0.00026668666666666667,6.7766666666666995e-06,61937.4,-0.08763155563733493,0.04598136608927216,0.03906044744448481,0.0338880438171564,0.034852917903013717
2024-03-20,2157.89990234375,81.68000030517578,1.6990000009536743,5224.6201171875,13.039999961853027,0.0007416687251718953,-0.021678122894452184,-0.026141458175087,0.008864765516360184,-0.05809524268421421,74,Greed,90420.58592,5769770052.062583,-0.11070127510891047,-0.1168296667988173,0.00014745,-0.00011923666666666666,67840.51,0.09103531158594273,0.06137193919684967,0.04195181198542292,0.02932659342254793,0.03906044744448481
2024-03-21,2182.39990234375,81.06999969482422,1.6829999685287476,5241.52978515625,12.920000076293945,0.01128966261576579,-0.007496202357379792,-0.009461946741937635,0.003231309094528888,-0.009245049313565606,78,Extreme Greed,53357.48002,3551223142.964417,-0.5274577873475778,-0.4853401359385917,0.00016405666666666666,1.660666666666665e-05,65501.27,-0.03508997737785613,0.061937090317218016,0.04271702138578253,0.02884934422289168,0.04195181198542292
2024-03-22,2158.10009765625,80.62999725341797,1.659000039100647,5234.18017578125,13.0600004196167,-0.011196893703511956,-0.00544222060235778,-0.01436286173206055,-0.0014031718343267125,0.010777651718640221,75,Greed,51482.37821,3310481978.1076455,-0.03577459604385653,-0.07019829994863813,0.00012754666666666667,-3.650999999999999e-05,63796.64,-0.026369007379098856,0.061919761040729424,0.0430790106440544,0.028425859653764075,0.04271702138578253
2024-03-23,2158.10009765625,80.62999725341797,1.659000039100647,5234.18017578125,13.0600004196167,0.0,0.0,0.0,0.0,0.0,73,Greed,26410.11409,1706152172.6316135,-0.6674925321820621,-0.662853147923775,0.00010268666666666668,-2.485999999999999e-05,63990.01,0.003026453038660462,0.05790507491421257,0.04295563011213127,0.028878284078314283,0.0430790106440544
2024-03-24,2158.10009765625,80.62999725341797,1.659000039100647,5234.18017578125,13.0600004196167,0.0,0.0,0.0,0.0,0.0,74,Greed,31395.78015,2059312948.6486874,0.17292644750138433,0.18813176351181163,0.00013617,3.348333333333331e-05,67209.99,0.04909491976870599,0.05831243642709135,0.043472652083714564,0.027460992213846607,0.04295563011213127
2024-03-25,2174.800048828125,81.94999694824219,1.6150000095367432,5218.18994140625,13.1899995803833,0.00770847852509448,0.016238513317663482,-0.026880072197387854,-0.0030596403820319297,0.009904778937777805,75,Greed,53431.14486,3679964073.8112125,0.5317203192725025,0.5805305824840369,0.00023562666666666668,9.945666666666669e-05,69880.01,0.038957731173826136,0.06010369834160717,0.04379379614988007,0.0270256980087411,0.043472652083714564
2024-03-26,2175.60009765625,81.62000274658203,1.5750000476837158,5203.580078125,13.239999771118164,0.0003678047123048936,-0.004034904322067613,-0.025079660026752947,-0.002803721982805726,0.003783598305736472,81,Extreme Greed,38934.38417,2738537345.33588,-0.3165160409985757,-0.29547902728300984,0.00022358333333333334,-1.204333333333334e-05,69988.0,0.0015441704140665396,0.04475930057813457,0.043803382544068833,0.027036837796741306,0.04379379614988007
2024-03-27,2190.60009765625,81.3499984741211,1.718000054359436,5248.490234375,12.779999732971191,0.006870990033479146,-0.0033135487204207707,0.08690555265020734,0.008593595582706042,-0.03536110516659866,83,Extreme Greed,49119.35685,3426458581.943343,0.23237541827895808,0.22410328210237992,0.00033979666666666665,0.00011621333333333331,69469.99,-0.007428938024621631,0.03120069187333727,0.04319009557696766,0.027069900321430702,0.043803382544068833
2024-03-28,2217.39990234375,83.16999816894531,1.7630000114440918,5254.35009765625,13.010000228881836,0.012159770828042574,0.022125868956704677,0.025856054703814992,0.0011158627007616052,0.017836882062060327,80,Extreme Greed,35439.03239,2500571208.0026274,-0.3264393677096257,-0.3150080554243599,0.00027841333333333335,-6.13833333333333e-05,70780.6,0.01869009109453202,0.02639765086773214,0.04265018850840315,0.026763307426590034,0.04319009557696766
2024-03-29,2217.39990234375,83.16999816894531,1.7630000114440918,5254.35009765625,13.010000228881836,0.0,0.0,0.0,0.0,0.0,79,Extreme Greed,25445.08353,1779608477.3224537,-0.3312912797967563,-0.3401258054273123,0.0002462533333333333,-3.2160000000000044e-05,69850.54,-0.01322713532737063,0.023611152752704843,0.03978084871329632,0.02670475846910351,0.04265018850840315
2024-03-30,2217.39990234375,83.16999816894531,1.7630000114440918,5254.35009765625,13.010000228881836,0.0,0.0,0.0,0.0,0.0,75,Greed,13644.61142,954555919.6855745,-0.6231778668780662,-0.622902435764448,0.0002875033333333333,4.125e-05,69582.18,-0.0038493164497219014,0.02422780784029026,0.039534147623422757,0.02684715880557717,0.03978084871329632
2024-03-31,2217.39990234375,83.16999816894531,1.7630000114440918,5254.35009765625,13.010000228881836,0.0,0.0,0.0,0.0,0.0,75,Greed,19396.34433,1367523707.261245,0.35173993579084445,0.35951064358425827,0.0003751366666666666,8.763333333333331e-05,71280.01,0.024107423379159526,0.01915602806600019,0.03959256829118666,0.027750623699350524,0.039534147623422757
2024-04-01,2236.5,83.70999908447266,1.8370000123977661,5243.77001953125,13.649999618530273,0.008576849575533693,0.006471749870282901,0.041116903074915175,-0.0020156145269577246,0.04802118356729221,79,Extreme Greed,41445.32039,2876486469.465523,0.7592903657848582,0.7435679821220601,0.00043706999999999996,6.193333333333334e-05,69649.8,-0.02313609473301786,0.016889635133970876,0.039867172743897325,0.02823810391435054,0.03959256829118666
2024-04-02,2261.0,85.1500015258789,1.8619999885559082,5205.81005859375,14.609999656677246,0.010895049405066982,0.01705599129351878,0.013517359726837996,-0.007265388203672426,0.0679667085789778,79,Extreme Greed,71799.82793,4750030717.922425,0.5495071020334049,0.5015815114652236,0.00012460666666666667,-0.0003124633333333333,65463.99,-0.06197960825197718,0.028619016423909543,0.041530051518649996,0.026334426222739956,0.039867172743897325
2024-04-03,2294.39990234375,85.43000030517578,1.840999960899353,5211.490234375,14.329999923706055,0.014664135564459967,0.003282905707169063,-0.011342291696614739,0.001090527523337898,-0.01935096574743714,71,Greed,39887.21778,2630556596.1359286,-0.5878261633534312,-0.5909556276464557,0.0001,-2.460666666666667e-05,65963.28,0.007598003093028574,0.02935833740371179,0.03893867396615129,0.02892410801429802,0.041530051518649996
2024-04-04,2288.800048828125,86.58999633789062,1.7740000486373901,5147.2099609375,16.350000381469727,-0.002443644773025144,0.013486962431428861,-0.03707196970795173,-0.01241103561926225,0.13187268415873488,70,Greed,41510.48453,2795469450.572386,0.039890118426063034,0.06080459604179406,0.0001,0.0,68487.79,0.03755725764251874,0.03281529884853793,0.03739201462841468,0.02817454181151993,0.03893867396615129
2024-04-05,2325.699951171875,86.91000366210938,1.784999966621399,5204.33984375,16.030000686645508,0.015993363911782323,0.0036888494189806584,0.006181485227925788,0.011038050135699558,-0.019765911218254613,79,Extreme Greed,37915.23073,2555458935.236009,-0.09059313701714458,-0.0897682234249498,0.0001,0.0,67820.62,-0.009789202703133824,0.03269197517088549,0.03689763044954428,0.028148320779527638,0.03739201462841468
2024-04-06,2325.699951171875,86.91000366210938,1.784999966621399,5204.33984375,16.030000686645508,0.0,0.0,0.0,0.0,0.0,75,Greed,20134.28919,1373131967.7648187,-0.6329286061184906,-0.6211375913982633,0.0001,0.0,68896.0,0.015731842680183246,0.033554642985857114,0.036949915581314864,0.028019274428663116,0.03689763044954428
2024-04-07,2325.699951171875,86.91000366210938,1.784999966621399,5204.33984375,16.030000686645508,0.0,0.0,0.0,0.0,0.0,78,Extreme Greed,21534.74433,1496213373.1855776,0.06724335466449426,0.08584325998766056,0.0001,0.0,69360.39,0.006717834111896003,0.0319557164379393,0.0368066864181863,0.028024441559013402,0.036949915581314864
2024-04-08,2331.699951171875,86.43000030517578,1.843999981880188,5202.39013671875,15.1899995803833,0.002576546332762105,-0.005538301290720926,0.03251871877593392,-0.0003747011900415767,-0.05382472047334399,76,Extreme Greed,45723.87624,3270853309.6629424,0.752952971350345,0.7821134033181792,0.00018396333333333333,8.396333333333333e-05,71620.0,0.03205840927643814,0.03320336699823646,0.03725197969225462,0.027312968528102305,0.0368066864181863
2024-04-09,2343.5,85.2300033569336,1.871999979019165,5209.91015625,14.979999542236328,0.005047944048811655,-0.013981317374481906,0.015070251539649507,0.0014444494736345207,-0.013921341452394936,80,Extreme Greed,39293.90242,2749007421.6421075,-0.15155126535493774,-0.1738109928944975,0.00020192999999999999,1.796666666666665e-05,69146.0,-0.03515415339654028,0.02480768733682726,0.03781350403065533,0.02745426149324939,0.03725197969225462
2024-04-10,2329.60009765625,86.20999908447266,1.8849999904632568,5160.64013671875,15.800000190734863,-0.005948917440644637,0.011432645681132773,0.006920448993004578,-0.009501981832212592,0.053294004573997446,78,Extreme Greed,42006.02377,2901564970.815804,0.0667436789643979,0.054010327605124274,0.00011462000000000001,-8.730999999999998e-05,70631.08,0.02125006308303191,0.025318958414794875,0.037112625872313516,0.02772268684777056,0.03781350403065533
2024-04-11,2354.800048828125,85.0199966430664,1.7640000581741333,5199.06005859375,14.90999984741211,0.010759197967561912,-0.013899686155501469,-0.06634382527756119,0.007417221983342437,-0.0579778335620304,76,Extreme Greed,31917.25595,2247473274.6162577,-0.2746662286869158,-0.25544364041306084,0.00017964999999999998,6.502999999999997e-05,70006.23,-0.00888603616768445,0.022780970921093425,0.0371138476742013,0.027729770509643287,0.037112625872313516
2024-04-12,2356.199951171875,85.66000366210938,1.7699999809265137,5123.41015625,17.309999465942383,0.0005943121990892287,0.007499531492312272,0.00339554524662417,-0.014657587802248536,0.14925221979285147,79,Extreme Greed,56072.86229,3843551585.3212748,0.5635051549358586,0.5365902350291037,0.00016367333333333332,-1.5976666666666652e-05,67116.52,-0.04215402471169341,0.028425651899609536,0.03759712031389934,0.02693581521169866,0.0371138476742013
2024-04-13,2356.199951171875,85.66000366210938,1.7699999809265137,5123.41015625,17.309999465942383,0.0,0.0,0.0,0.0,0.0,72,Greed,71395.22019,4614468627.809045,0.24157896564359377,0.18279988992796545,0.0001,-6.367333333333332e-05,63924.51,-0.04872735746222276,0.032117494469676135,0.0383532761842838,0.025905786230935233,0.03759712031389934
2024-04-14,2356.199951171875,85.66000366210938,1.7699999809265137,5123.41015625,17.309999465942383,0.0,0.0,0.0,0.0,0.0,72,Greed,61599.17818,3946124834.6970353,-0.14758239377032117,-0.1564626782322746,0.0001,0.0,65661.84,0.026815078915186055,0.03472624806272333,0.03848737573018789,0.025658711101079718,0.0383532761842838
2024-04-15,2365.800048828125,85.41000366210938,1.690999984741211,5061.81982421875,19.229999542236328,0.00406612066202905,-0.002922782104032367,-0.04565947491684348,-0.012094195787459195,0.10518719746045613,74,Greed,52389.53069,3398072231.5612235,-0.16194175384396095,-0.14952576275219415,7.253e-05,-2.7470000000000006e-05,63419.99,-0.03473882339914055,0.030906558084733565,0.037305267536486816,0.028293690766878717,0.03848737573018789
2024-04-16,2390.800048828125,85.36000061035156,1.7319999933242798,5051.41015625,18.399999618530273,0.010511806622644015,-0.0005856186910562605,0.023956745392988282,-0.0020586245275039964,-0.04412089191313562,65,Greed,53435.29331,3355338198.4469132,0.01976467568794825,-0.0126557104554906,6.330333333333333e-05,-9.226666666666664e-06,63793.39,0.005870468536476564,0.030861965435504103,0.036255169294419076,0.02843286213268526,0.037305267536486816
2024-04-17,2371.699951171875,82.69000244140625,1.7120000123977661,5022.2099609375,18.209999084472656,-0.00802108139040866,-0.031778908884939415,-0.011614521324665379,-0.005797375076004185,-0.010379800419449975,67,Greed,50610.54509,3128625247.4738536,-0.05431149549160743,-0.06995887964123151,5.494333333333333e-05,-8.360000000000001e-06,61277.37,-0.040238973210926274,0.02865530126876758,0.036880195308896795,0.027733840161040316,0.036255169294419076
2024-04-18,2382.300048828125,82.7300033569336,1.7569999694824219,5011.1201171875,18.0,0.004459451082454631,0.0004836285201896646,0.025945506874584426,-0.0022106017004853043,-0.01159908556727462,57,Greed,43601.60918,2726741448.886802,-0.14906589809701498,-0.13748640219552843,3.195e-05,-2.2993333333333336e-05,63470.08,0.035158006998813135,0.035577232370466824,0.0338880438171564,0.027067654304428954,0.036880195308896795
2024-04-19,2398.39990234375,83.13999938964844,1.7519999742507935,4967.22998046875,18.709999084472656,0.006735379565596977,0.004943592704169771,-0.0028498140186565615,-0.008797129654056974,0.03868633345731804,66,Greed,69774.30271,4419893235.183288,0.4701717284929929,0.48300825304940687,3.133666666666667e-05,-6.133333333333297e-07,63818.01,0.005466825160537417,0.03380580304440883,0.02932659342254793,0.02713662454797046,0.0338880438171564
2024-04-20,2398.39990234375,83.13999938964844,1.7519999742507935,4967.22998046875,18.709999084472656,0.0,0.0,0.0,0.0,0.0,66,Greed,23137.42975,1486949581.439479,-1.1038141442667144,-1.0893887801864284,4.479333333333333e-05,1.3456666666666663e-05,64940.59,0.01743741302682119,0.029194688847970978,0.02884934422289168,0.030196505492860896,0.02932659342254793
2024-04-21,2398.39990234375,83.13999938964844,1.7519999742507935,4967.22998046875,18.709999084472656,0.0,0.0,0.0,0.0,0.0,72,Greed,19316.42152,1254396628.1531765,-0.18049605160170176,-0.17007207808078534,3.1213333333333335e-05,-1.3579999999999995e-05,64941.15,8.623229100669178e-06,0.02712028086835983,0.028425859653764075,0.03044775073765639,0.02884934422289168
2024-04-22,2332.199951171875,82.8499984741211,1.7910000085830688,5010.60009765625,16.940000534057617,-0.02798980048135961,-0.003494201028036716,0.022016150053744146,0.00869335115683908,-0.09938037060315114,73,Greed,31397.99371,2071690434.976552,0.4857884061902199,0.5017102266717564,2.6013333333333334e-05,-5.200000000000001e-06,66819.32,0.028510785110948657,0.02465454091666385,0.028878284078314283,0.03018862493049369,0.028425859653764075
2024-04-23,2327.699951171875,83.36000061035156,1.812000036239624,5070.5498046875,15.6899995803833,-0.001931372558694458,0.006136859871728367,0.011657099749672016,0.01189356656772209,-0.07665418074960349,71,Greed,22599.90004,1502139968.7198818,-0.3287985130272652,-0.3214741720373673,9.736666666666668e-06,-1.6276666666666666e-05,66414.0,-0.006084382651452649,0.025191141607332476,0.027460992213846607,0.030353568989241284,0.028878284078314283
2024-04-24,2324.5,82.80999755859375,1.652999997138977,5071.6298828125,15.970000267028809,-0.0013756724603899396,-0.006619787763346306,-0.09183941051249919,0.00021298737793290078,0.01768843894684457,72,Greed,33595.69637,2195714861.6576557,0.3964524912798739,0.37961693356943943,4.587333333333333e-05,3.613666666666666e-05,64289.59,-0.03251015685090299,0.022905107874115378,0.0270256980087411,0.029719863022591875,0.027460992213846607
2024-04-25,2329.800048828125,83.56999969482422,1.6380000114440918,5048.419921875,15.369999885559082,0.0022774857931127522,0.009135802798020112,-0.009115824690578039,-0.0045869342701194095,-0.03829442884280131,72,Greed,31341.46338,2007704069.2622728,-0.06945604501952897,-0.08951585569538756,4.076333333333333e-05,-5.109999999999997e-06,64498.34,0.0032417662557915235,0.019210923165812094,0.027036837796741306,0.029761013394460502,0.0270256980087411
2024-04-26,2334.800048828125,83.8499984741211,1.6139999628067017,5099.9599609375,15.029999732971191,0.0021438073190774686,0.003344869709890436,-0.014760445613920785,0.010157381332325343,-0.022369364106276213,70,Greed,27085.19346,1736631357.3537388,-0.14595471773668997,-0.14504457987083175,2.652e-05,-1.424333333333333e-05,63770.01,-0.011356469895713836,0.019791647673565012,0.027069900321430702,0.029761119204266637,0.027036837796741306
2024-04-27,2334.800048828125,83.8499984741211,1.6139999628067017,5099.9599609375,15.029999732971191,0.0,0.0,0.0,0.0,0.0,67,Greed,20933.06052,1320337707.7871158,-0.2576574595462208,-0.2740596921226917,6.768e-05,4.1160000000000006e-05,63461.98,-0.004842030716018614,0.018229727075665253,0.026763307426590034,0.029795422829213446,0.027069900321430702
2024-04-28,2334.800048828125,83.8499984741211,1.6139999628067017,5099.9599609375,15.029999732971191,0.0,0.0,0.0,0.0,0.0,65,Greed,16949.20005,1078450016.4732296,-0.21110911421455397,-0.20236270274850862,5.6900000000000014e-06,-6.199e-05,63118.62,-0.005425173243951366,0.0181814687170963,0.02670475846910351,0.029940976676511247,0.026763307426590034
2024-04-29,2345.39990234375,82.62999725341797,2.0299999713897705,5116.169921875,14.670000076293945,0.004529666146779777,-0.014656692597930232,0.22932023215640493,0.0031734080766393944,-0.0242435886429269,67,Greed,28150.22947,1765038324.6837213,0.5073348682173742,0.4926475634901875,4.948e-05,4.379e-05,63866.0,0.01177132522006203,0.013741187023851575,0.02684715880557717,0.02999059161851974,0.02670475846910351
2024-04-30,2291.39990234375,81.93000030517578,1.9910000562667847,5035.68994140625,15.649999618530273,-0.02329297954868033,-0.008507549595007585,-0.019398725617362993,-0.015855551118928123,0.0646662952555313,67,Greed,54947.65535,3372142467.4322524,0.6688255049096192,0.6473758855239401,9.631333333333333e-05,4.683333333333333e-05,60672.0,-0.051304831768252054,0.02180177514733812,0.027750623699350524,0.028280833563674754,0.02684715880557717
2024-05-01,2299.89990234375,79.0,1.9320000410079956,5018.39013671875,15.390000343322754,0.0037026594091494527,-0.03641737541153739,-0.03008129632662707,-0.0034413534856316866,-0.01675292245214082,54,Neutral,81166.46823,4705572361.7402,0.3901211978971353,0.33319912594244183,9.616000000000001e-05,-1.5333333333331718e-07,58364.97,-0.03876642553474422,0.02284222004684914,0.02823810391435054,0.027289872886483057,0.027750623699350524
2024-05-02,2299.199951171875,78.94999694824219,2.0350000858306885,5064.2001953125,14.680000305175781,-0.0003043861623244103,-0.0006331504196816675,0.05194010405580334,0.009087024725084856,-0.047231926184048506,43,Fear,47583.81961,2778840305.0505786,-0.5340094297562208,-0.5267137311057689,4.2266666666666666e-05,-5.389333333333335e-05,59060.61,0.011848323644138173,0.024109597746205542,0.026334426222739956,0.027258989127585724,0.02823810391435054
2024-05-03,2299.0,78.11000061035156,2.1419999599456787,5127.7900390625,13.489999771118164,-8.696932457233537e-05,-0.010696604611133635,0.05124409225426044,0.012478557659508005,-0.08453739072202397,48,Neutral,43628.40143,2658193708.347904,-0.08678443206516812,-0.04438684909405884,9.259999999999998e-06,-3.300666666666667e-05,62882.01,0.06269590851696512,0.037348653261314334,0.02892410801429802,0.024956209407173996,0.026334426222739956
2024-05-04,2299.0,78.11000061035156,2.1419999599456787,5127.7900390625,13.489999771118164,0.0,0.0,0.0,0.0,0.0,67,Greed,24368.69282,1547468697.8765798,-0.5824091199270188,-0.5410263372892714,5.474333333333334e-05,4.5483333333333346e-05,63892.04,0.01593467072506892,0.03790684922332014,0.02817454181151993,0.024944555274634735,0.02892410801429802
2024-05-05,2299.0,78.11000061035156,2.1419999599456787,5127.7900390625,13.489999771118164,0.0,0.0,0.0,0.0,0.0,69,Greed,18526.75029,1182572239.5306182,-0.27408357798816557,-0.2689285677984766,3.815333333333334e-05,-1.6590000000000002e-05,64012.0,0.0018757817997593531,0.03780202414485816,0.028148320779527638,0.025274659648242565,0.02817454181151993
2024-05-06,2321.60009765625,78.4800033569336,2.194999933242798,5180.740234375,13.489999771118164,0.00978239943094232,0.004725760595283706,0.02444206278776975,0.010273173691247842,0.0,71,Greed,34674.91949,2218131198.4661326,0.6268009950424448,0.6289731088466161,2.439e-05,-1.3763333333333341e-05,63165.19,-0.013317207511333138,0.037911232922913915,0.028019274428663116,0.025092516942048948,0.028148320779527638
2024-05-07,2315.199951171875,78.37999725341797,2.2070000171661377,5187.7001953125,13.229999542236328,-0.002760589407145369,-0.0012751003018784941,0.005452118938810627,0.0013425282288256131,-0.019461709726451316,68,Greed,25598.79472,1624531631.592377,-0.3034713752253296,-0.3114454913527532,5.5576666666666666e-05,3.1186666666666664e-05,62312.08,-0.013598050793730939,0.03186441899861646,0.028024441559013402,0.024925825700472908,0.028019274428663116
2024-05-08,2313.60009765625,78.98999786376953,2.187000036239624,5187.669921875,13.0,-0.0006912606128823438,0.0077524774024004825,-0.009103376787537407,-5.835635193424912e-06,-0.01753758606489831,64,Greed,26121.19004,1623561041.1255188,0.020201594733268703,-0.0005976371942213177,6.578666666666666e-05,1.0209999999999999e-05,61193.03,-0.018122013335120257,0.02798632448683075,0.027312968528102305,0.025006475828369477,0.028024441559013402
2024-05-09,2332.10009765625,79.26000213623047,2.3010001182556152,5214.080078125,12.6899995803833,0.007964395898361993,0.0034123795824652194,0.05081310418126414,0.005078032639106711,-0.02413510880196279,55,Greed,30660.8061,1895849912.7734754,0.1602383008227489,0.1550453304401219,5.405333333333333e-05,-1.1733333333333332e-05,63074.01,0.030275504659909153,0.029376858742218646,0.02745426149324939,0.02452619211226648,0.027312968528102305
2024-05-10,2367.300048828125,78.26000213623047,2.252000093460083,5222.68017578125,12.550000190734863,0.01498089474872309,-0.012696970635629665,-0.021525110667999448,0.001648040080166728,-0.011093567883784123,66,Greed,36529.34025,2255550468.413852,0.17513061546270003,0.17372681255604175,4.8710000000000006e-05,-5.343333333333327e-06,60799.99,-0.03671917430504504,0.02255009681882446,0.02772268684777056,0.02334215128586788,0.02745426149324939
2024-05-11,2367.300048828125,78.26000213623047,2.252000093460083,5222.68017578125,12.550000190734863,0.0,0.0,0.0,0.0,0.0,53,Neutral,13374.56936,814928013.4573288,-1.0047606852653321,-1.0180495500145177,5.9063333333333334e-05,1.0353333333333328e-05,60825.99,0.0004275402409262431,0.020871737207342783,0.027729770509643287,0.023356954766166647,0.02772268684777056
2024-05-12,2367.300048828125,78.26000213623047,2.252000093460083,5222.68017578125,12.550000190734863,0.0,0.0,0.0,0.0,0.0,56,Greed,12753.13236,781041632.4623835,-0.04757817815522628,-0.042471327264671885,5.144666666666666e-05,-7.616666666666671e-06,61483.99,0.01075965097938284,0.021754609830766627,0.02693581521169866,0.024273761127465227,0.027729770509643287
2024-05-13,2336.10009765625,79.12000274658203,2.38100004196167,5221.419921875,13.600000381469727,-0.013267171767020015,0.010929077949739378,0.055701833349906416,-0.00024133317386520824,0.08034914001546065,57,Greed,32733.41839,2041896626.6108148,0.94261960843612,0.9610059188152746,9.206666666666666e-05,4.062e-05,62940.08,0.023406346968515828,0.023945101640793474,0.025905786230935233,0.024061339017207778,0.02693581521169866
2024-05-14,2353.39990234375,78.0199966430664,2.3440001010894775,5246.68017578125,13.420000076293945,0.007378135479851928,-0.014000560976655058,-0.015661670286598987,0.004826148527454041,-0.013323683562621993,66,Greed,29088.72041,1800171876.1676655,-0.11804604090265061,-0.12599694775868012,8.086e-05,-1.1206666666666669e-05,61577.49,-0.021886781008613777,0.02488661575970454,0.025658711101079718,0.02406829602559297,0.025905786230935233
2024-05-15,2388.699951171875,78.62999725341797,2.4159998893737793,5308.14990234375,12.449999809265137,0.014888214910604233,0.007788110021032777,0.030254319441893322,0.01164782778729962,-0.07502552963798141,64,Greed,43559.74719,2794259631.8910465,0.4037830100701208,0.4396850342141107,3.996e-05,-4.09e-05,66206.5,0.07248226375544757,0.03599905262001594,0.028293690766878717,0.02024381737948478,0.025658711101079718
2024-05-16,2380.0,79.2300033569336,2.494999885559082,5297.10009765625,12.420000076293945,-0.0036487767790969396,0.00760178627366133,0.03217544905180873,-0.0020838374740880464,-0.0024125249424847843,70,Greed,31106.3671,2045507646.8293848,-0.33672096619449127,-0.31192118457029827,3.598e-05,-3.979999999999999e-06,65235.21,-0.014779291590717515,0.036058042149717875,0.02843286213268526,0.020057228514410018,0.028293690766878717
2024-05-17,2412.199951171875,80.05999755859375,2.625999927520752,5303.27001953125,11.989999771118164,0.013438686241467436,0.010421265723094177,0.05117306494459885,0.0011640956878937513,-0.03523513269813392,74,Greed,26292.23409,1745971822.3447454,-0.1681389143039887,-0.15833467786506156,1.7213333333333333e-05,-1.8766666666666664e-05,67024.0,0.027051410361314365,0.03159581346079487,0.027733840161040316,0.019464367714064765,0.02843286213268526
2024-05-18,2412.199951171875,80.05999755859375,2.625999927520752,5303.27001953125,11.989999771118164,0.0,0.0,0.0,0.0,0.0,73,Greed,14441.25774,967145944.6835316,-0.5991843830507979,-0.5907171885833729,2.6159999999999997e-05,8.946666666666663e-06,66915.2,-0.0016246180943355483,0.031751042039940905,0.027067654304428954,0.0194676524001808,0.027733840161040316
2024-05-19,2412.199951171875,80.05999755859375,2.625999927520752,5303.27001953125,11.989999771118164,0.0,0.0,0.0,0.0,0.0,72,Greed,18025.30409,1204989222.8768685,0.22168732270677377,0.21987649293323422,4.4426666666666666e-05,1.826666666666667e-05,66274.01,-0.00962833180615985,0.03296992513128261,0.02713662454797046,0.01973743329507481,0.027067654304428954
2024-05-20,2433.89990234375,79.80000305175781,2.750999927520752,5308.1298828125,12.149999618530273,0.008955695038778591,-0.0032527803713785952,0.04650270731595106,0.0009159703084911664,0.013256188439843044,70,Greed,50816.7011,3485474763.752294,1.0364485088787314,1.0621336423338976,3.5459999999999996e-05,-8.96666666666667e-06,71446.62,0.07515278314448008,0.04109032568252864,0.030196505492860896,0.013604976764668838,0.02713662454797046
2024-05-21,2421.699951171875,79.26000213623047,2.6710000038146973,5321.41015625,11.859999656677246,-0.005025116242057949,-0.006789927983864295,-0.029511520039913013,0.0024987497668926086,-0.024157773768248323,76,Extreme Greed,49607.4336,3509345769.233608,-0.024084368896045188,0.006825364007292338,0.00010172333333333334,6.626333333333335e-05,70148.34,-0.018338454758227797,0.040532786095876724,0.03044775073765639,0.013301070347540639,0.030196505492860896
2024-05-22,2389.199951171875,77.56999969482422,2.8420000076293945,5307.009765625,12.289999961853027,-0.01351119128257647,-0.02155286414589558,0.06205509680341045,-0.0027097912093521476,0.03561455585241666,76,Extreme Greed,27673.18026,1931700812.3032143,-0.5836769709658152,-0.5970287648310476,0.00011919666666666666,1.747333333333332e-05,69166.62,-0.014093766386815483,0.03404681888491772,0.03018862493049369,0.013226572829385089,0.03044775073765639
2024-05-23,2335.0,76.87000274658203,2.6570000648498535,5267.83984375,12.770000457763672,-0.02294667031813439,-0.00906503147732145,-0.0673103411745777,-0.007408162283471933,0.038312785417210074,76,Extreme Greed,40513.17374,2766790260.7886024,0.38116347624881386,0.35928703296872916,0.0001,-1.9196666666666652e-05,67969.65,-0.017457094288918538,0.034336273918919545,0.030353568989241284,0.012940949925859363,0.03018862493049369
2024-05-24,2332.5,77.72000122070312,2.5199999809265137,5304.72021484375,11.930000305175781,-0.0010712373814988035,0.010996921124401168,-0.05293879723035906,0.0069766490766732595,-0.06804244420089076,74,Greed,28095.83664,1906438696.7156012,-0.36600579566708524,-0.37245095279532303,0.0001,0.0,68549.99,0.008501978114690344,0.03312312922169057,0.029719863022591875,0.013054760506699166,0.030353568989241284
2024-05-25,2332.5,77.72000122070312,2.5199999809265137,5304.72021484375,11.930000305175781,0.0,0.0,0.0,0.0,0.0,76,Extreme Greed,12130.39418,837339788.9838961,-0.8399071843668502,-0.8227622752336397,0.0001,0.0,69290.57,0.01074556177134258,0.03315179961918818,0.029761013394460502,0.015123722357927973,0.029719863022591875
2024-05-26,2332.5,77.72000122070312,2.5199999809265137,5304.72021484375,11.930000305175781,0.0,0.0,0.0,0.0,0.0,75,Greed,11872.11797,818914878.9908898,-0.021521595516355106,-0.022249803068401332,0.0001,0.0,68507.67,-0.011363112097898122,0.03328544771839239,0.029761119204266637,0.015984456681788824,0.029761013394460502
2024-05-27,2332.5,77.72000122070312,2.5199999809265137,5304.72021484375,11.930000305175781,0.0,0.0,0.0,0.0,0.0,74,Greed,23136.92737,1604722197.8374028,0.6672373053910139,0.6727257895279178,0.0001,0.0,69436.43,0.013465947937329524,0.01426845648951419,0.029795422829213446,0.015798587941379522,0.029761119204266637
2024-05-28,2355.199951171875,79.83000183105469,2.5899999141693115,5306.0400390625,12.920000076293945,0.0096849750810076,0.026786756378970412,0.027398948617695804,0.00024877090688591537,0.07972024256920057,72,Greed,32622.97042,2224860225.7992225,0.34358672576630267,0.32674343763803493,0.0001,0.0,68398.39,-0.0150623714003808,0.013767649848370783,0.029940976676511247,0.01600128530155347,0.029795422829213446
2024-05-29,2340.300048828125,79.2300033569336,2.493000030517578,5266.9501953125,14.279999732971191,-0.0063464816760843545,-0.00754433924800599,-0.03817102578945623,-0.007394317215742535,0.10008343395238188,72,Greed,23159.83149,1573095221.6483984,-0.3425972775875275,-0.34664893647609124,0.00010852666666666667,8.52666666666666e-06,67652.42,-0.010966160005080427,0.013416960817626066,0.02999059161851974,0.016264626264576847,0.029940976676511247
2024-05-30,2342.89990234375,77.91000366210938,2.572000026702881,5235.47998046875,14.470000267028809,0.001110289464388048,-0.016800695999504067,0.03119699997479177,-0.005992957535754186,0.013217620885411141,73,Greed,28478.2184,1945001081.5215867,0.20672015163569124,0.21221737581914063,0.0001,-8.52666666666666e-06,68352.17,0.010290184685345129,0.012561337052530605,0.028280833563674754,0.016233482860370425,0.02999059161851974
2024-05-31,2322.89990234375,76.98999786376953,2.5869998931884766,5277.509765625,12.920000076293945,-0.00857307357068379,-0.011878845804020198,0.005815045158577769,0.007995824231928897,-0.1133010548377929,73,Greed,26690.32184,1812659052.2496767,-0.06483850661469279,-0.07046767626051924,0.00012289,2.2890000000000006e-05,67540.01,-0.011953148002230988,0.012847454874672114,0.027289872886483057,0.0172072469311759,0.028280833563674754
2024-06-01,2322.89990234375,76.98999786376953,2.5869998931884766,5277.509765625,12.920000076293945,0.0,0.0,0.0,0.0,0.0,72,Greed,8837.66133,598305207.9932046,-1.1052787355738607,-1.108449130834147,0.00010083333333333335,-2.205666666666666e-05,67766.85,0.003352974306247208,0.011881074686309319,0.027258989127585724,0.017193638486210274,0.027289872886483057
2024-06-02,2322.89990234375,76.98999786376953,2.5869998931884766,5277.509765625,12.920000076293945,0.0,0.0,0.0,0.0,0.0,73,Greed,15426.32529,1046827665.3829314,0.5570531981963823,0.5594185938246369,0.0001,-8.333333333333446e-07,67765.63,-1.800306465331948e-05,0.011339667402238466,0.024956209407173996,0.017277574448223903,0.027258989127585724
2024-06-03,2346.60009765625,74.22000122070312,2.75600004196167,5283.39990234375,13.109999656677246,0.010151150585457774,-0.036641843463558636,0.06328150646088464,0.0011154602235352391,0.014598767328195046,73,Greed,29633.374,2047757076.2268357,0.6528257417641572,0.6709807651658606,0.00011378333333333333,1.378333333333332e-05,68809.9,0.015292495676779325,0.011756302374807804,0.024944555274634735,0.017686799733860198,0.024956209407173996
2024-06-04,2325.5,73.25,2.5859999656677246,5291.33984375,13.15999984741211,-0.009032443941432378,-0.013155424182366147,-0.06366810130352463,0.0015016810037827531,0.0038066427145914943,73,Greed,29619.78489,2069902136.99324,-0.0004586796887395056,0.010756244326518078,0.00010669333333333335,-7.0899999999999745e-06,70537.84,0.02480167347858517,0.013501409526355385,0.025274659648242565,0.01898603429098286,0.024944555274634735
2024-06-05,2354.10009765625,74.06999969482422,2.756999969482422,5354.02978515625,12.630000114440918,0.012223460620860391,0.011132340007921552,0.06403085389907728,0.011778015849957281,-0.04110696887890819,75,Greed,28703.18082,2040073765.8676395,-0.03143459990098152,-0.014515362403417609,0.00013204333333333333,2.534999999999998e-05,71108.0,0.008050544645661345,0.011685273598988405,0.025092516942048948,0.018769938848479214,0.025274659648242565
2024-06-06,2370.300048828125,75.55000305175781,2.821000099182129,5352.9599609375,12.579999923706055,0.00685801971176186,0.019784141207531986,0.02294834620582441,-0.00019983660163685183,-0.003966700215845465,78,Extreme Greed,21842.00449,1551467659.1542966,-0.2731730192467742,-0.27378460714164693,0.00010735999999999999,-2.468333333333334e-05,70799.06,-0.004354124285061161,0.012316284833293119,0.024925825700472908,0.019853217234831307,0.025092516942048948
2024-06-07,2305.199951171875,75.52999877929688,2.9179999828338623,5346.990234375,12.220000267028809,-0.027849130615993235,-0.0002648169491050799,0.033806977039391596,-0.0011158420502790662,-0.029034269612359193,77,Extreme Greed,35598.45045,2507250591.3329782,0.48846718288250657,0.4799854110356119,0.00010055333333333335,-6.806666666666643e-06,69355.6,-0.020598830454873523,0.014536068693884076,0.025006475828369477,0.02071799617652437,0.024925825700472908
2024-06-08,2305.199951171875,75.52999877929688,2.9179999828338623,5346.990234375,12.220000267028809,0.0,0.0,0.0,0.0,0.0,72,Greed,9773.82967,678267390.5310388,-1.2925937383759003,-1.307400458310776,0.0001,-5.533333333333405e-07,69310.46,-0.00065106056369522,0.014634557944898879,0.02452619211226648,0.021090753836974608,0.025006475828369477
2024-06-09,2305.199951171875,75.52999877929688,2.9179999828338623,5346.990234375,12.220000267028809,0.0,0.0,0.0,0.0,0.0,75,Greed,9890.56709,687344656.0725566,0.011873111878491499,0.013294257698797326,0.0001,0.0,69648.14,0.004860162159083764,0.014570814462107985,0.02334215128586788,0.021697501236418462,0.02452619211226648
2024-06-10,2307.699951171875,77.73999786376953,2.9059998989105225,5360.7900390625,12.739999771118164,0.0010839169709689002,0.02883998578138424,-0.004120913856128262,0.002577529978240972,0.041672656583176315,72,Greed,17122.66941,1192466549.9691226,0.5488217983122328,0.5509433228231801,0.0001,0.0,69540.0,-0.0015538683361776106,0.01374621244504071,0.023356954766166647,0.021681019510299968,0.02334215128586788
2024-06-11,2307.5,77.9000015258789,3.128999948501587,5375.31982421875,12.850000381469727,-8.664897474244984e-05,0.0020560745194554914,0.07393591786669747,0.0027067148552095224,0.008597208849178589,74,Greed,41436.01588,2793799020.4691243,0.8837471693973059,0.8513784326558657,0.0001,0.0,67314.24,-0.032530322415029955,0.014606917819220943,0.024273761127465227,0.021104843419259653,0.023356954766166647
2024-06-12,2336.0,78.5,3.0450000762939453,5421.02978515625,12.039999961853027,0.012275377571110555,0.007672652323997818,-0.02721252201097664,0.008467720241887338,-0.06510940431526659,72,Greed,37175.32356,2550285139.184372,-0.1085052554303438,-0.09119715349543511,0.0001,0.0,68263.99,0.014010590579490376,0.015738694823497008,0.024061339017207778,0.020978679875657026,0.024273761127465227
2024-06-13,2300.199951171875,78.62000274658203,2.9590001106262207,5433.740234375,11.9399995803833,-0.015444010517410593,0.0015275301402533966,-0.028649515412917312,0.00234191143711672,-0.008340363891643488,70,Greed,29079.55571,1958897960.9172916,-0.24560982165653247,-0.26382312193285473,0.0001,0.0,66773.01,-0.02208343776467173,0.016848804527939975,0.02406829602559297,0.02133738922221261,0.024061339017207778
2024-06-14,2331.39990234375,78.44999694824219,2.88100004196167,5431.60009765625,12.65999984741211,0.013472849167638714,-0.0021647146502484236,-0.02671394013706729,-0.00039393828099749413,0.058553331842595924,74,Greed,28408.18797,1884451554.428285,-0.023357961933550647,-0.03874522426703079,0.0001,0.0,66043.99,-0.010977921824138023,0.01605827034672975,0.02024381737948478,0.022005185997196627,0.02406829602559297
2024-06-15,2331.39990234375,78.44999694824219,2.88100004196167,5431.60009765625,12.65999984741211,0.0,0.0,0.0,0.0,0.0,74,Greed,11451.80242,758175888.0283372,-0.9085302782115376,-0.9104767040107898,0.0001,0.0,66228.25,0.0027860739213107213,0.016334554278185403,0.020057228514410018,0.02502530566021801,0.02024381737948478
2024-06-16,2331.39990234375,78.44999694824219,2.88100004196167,5431.60009765625,12.65999984741211,0.0,0.0,0.0,0.0,0.0,71,Greed,9392.52223,624653672.6138575,-0.19823326896025012,-0.19371802864324286,0.0001,0.0,66676.87,0.006751007092293841,0.016567664476223928,0.019464367714064765,0.02500864415884495,0.020057228514410018
2024-06-17,2312.39990234375,80.33000183105469,2.7880001068115234,5473.22998046875,12.75,-0.008182999621581656,0.023681732701511034,-0.032812939457918244,0.007635164372320518,0.007083866941161012,71,Greed,27386.16851,1812061226.7565656,1.0701242217898606,1.0650229032975904,0.0001,0.0,66504.33,-0.002591057844952401,0.016523471394577268,0.0194676524001808,0.025137482991472154,0.019464367714064765
2024-06-18,2330.39990234375,81.56999969482422,2.9089999198913574,5487.02978515625,12.300000190734863,0.007753980763100305,0.01531837059133567,0.042484820765417666,0.0025181541815171163,-0.035931993719163995,74,Greed,42350.10244,2755141806.0310903,0.4359327529502851,0.41900391687313177,9.412e-05,-5.880000000000005e-06,65175.32,-0.020186188658431685,0.01368128867434589,0.01973743329507481,0.024881961021250176,0.0194676524001808
2024-06-19,2330.39990234375,81.56999969482422,2.9089999198913574,5487.02978515625,12.300000190734863,0.0,0.0,0.0,0.0,0.0,64,Greed,20060.79576,1307731953.9545317,-0.7472033892453219,-0.745174609658775,5.698000000000001e-05,-3.713999999999999e-05,64974.37,-0.0030879852219766885,0.01108142532598244,0.013604976764668838,0.026002522863356466,0.01973743329507481
2024-06-20,2353.800048828125,82.16999816894531,2.740999937057495,5473.169921875,13.279999732971191,0.009991179448078678,0.007328706088144798,-0.059486557617545614,-0.0025291273954115403,0.07665984605542543,60,Greed,24265.29031,1584896152.1663702,0.19027949619148216,0.1922245821797925,5.588666666666667e-05,-1.0933333333333387e-06,64869.99,-0.001607771373120505,0.008951158158416161,0.013301070347540639,0.026023281724683954,0.013604976764668838
2024-06-21,2316.39990234375,80.7300033569336,2.7049999237060547,5464.6201171875,13.199999809265137,-0.016016849994939065,-0.017679954670203727,-0.013220910263653346,-0.0015633517188252497,-0.006042308797982368,63,Greed,25993.56442,1665541539.708616,0.06880203814358843,0.049631433579802486,6.890666666666668e-05,1.3020000000000007e-05,64143.56,-0.011261416759841722,0.008987868427905684,0.013226572829385089,0.02603591326926764,0.013301070347540639
2024-06-22,2316.39990234375,80.7300033569336,2.7049999237060547,5464.6201171875,13.199999809265137,0.0,0.0,0.0,0.0,0.0,53,Neutral,7308.95542,470027247.3402083,-1.2687486189250272,-1.26511493251877,8.048666666666667e-05,1.1579999999999994e-05,64262.01,0.001844936066219504,0.008872754711328359,0.012940949925859363,0.02611848427856348,0.013226572829385089
2024-06-23,2316.39990234375,80.7300033569336,2.7049999237060547,5464.6201171875,13.199999809265137,0.0,0.0,0.0,0.0,0.0,55,Greed,8224.45447,526848525.0029452,0.1180116024658539,0.11412241230085683,5.6609999999999995e-05,-2.3876666666666675e-05,63210.01,-0.016505957689856198,0.008383417593900442,0.013054760506699166,0.026330360162173216,0.012940949925859363
2024-06-24,2330.0,81.62999725341797,2.811000108718872,5447.8701171875,13.329999923706055,0.005854053366742159,0.011086512827385236,0.03843844650696162,-0.0030698791558664423,0.009800313324426333,51,Neutral,52161.35414,3180853460.924751,1.8472299099385017,1.7979917453154357,9.007333333333334e-05,3.346333333333334e-05,60293.3,-0.04724168823827901,0.01673698261198536,0.015123722357927973,0.024766079349826838,0.013054760506699166
2024-06-25,2316.60009765625,80.83000183105469,2.75600004196167,5469.2998046875,12.84000015258789,-0.0057676319065113404,-0.009848601417630847,-0.01975996222363866,0.003925873679181344,-0.03745181832153341,30,Fear,31189.24361,1914901308.84587,-0.5142685992707656,-0.5074834592682886,7.049333333333334e-05,-1.958e-05,61806.01,0.024779622477455705,0.02182542593544722,0.015984456681788824,0.024426382198495102,0.015123722357927973
2024-06-26,2299.199951171875,80.9000015258789,2.628000020980835,5477.89990234375,12.550000190734863,-0.0075394205654809275,0.0008656365268328098,-0.04755725977104267,0.0015711962247204525,-0.022844629369817324,46,Fear,22485.66463,1381716993.3554919,-0.3271953006808434,-0.32633916157408405,0.0001,2.9506666666666667e-05,60864.99,-0.015342476362678105,0.021896152575423086,0.015798587941379522,0.0247699044774614,0.015984456681788824
2024-06-27,2324.5,81.73999786376953,2.684999942779541,5482.8701171875,12.239999771118164,0.010943747042885628,0.010329609075931839,0.021457598043730836,0.0009069098567990731,-0.025011422391106403,40,Fear,18344.28631,1126705164.782892,-0.20355982534083145,-0.20402933371110415,0.0001,0.0,61706.47,0.013730655086801458,0.023506413445739584,0.01600128530155347,0.024704752673822803,0.015798587941379522
2024-06-28,2327.699951171875,81.54000091552734,2.6010000705718994,5460.47998046875,12.4399995803833,0.0013756724603899051,-0.0024497433826135406,-0.03178469305055309,-0.0040920134623695995,0.016207795195103535,47,Neutral,24821.19255,1519872032.026636,0.30237967330542603,0.29932855168921035,0.0001,0.0,60427.84,-0.020938861751513153,0.024066945578388673,0.016264626264576847,0.02428185394377262,0.01600128530155347
2024-06-29,2327.699951171875,81.54000091552734,2.6010000705718994,5460.47998046875,12.4399995803833,0.0,0.0,0.0,0.0,0.0,30,Fear,11509.55904,701345872.4881144,-0.7685199156013798,-0.7733802567873905,0.0001,0.0,60986.68,0.009205553774616642,0.024746722950786344,0.016233482860370425,0.024707840178284035,0.016264626264576847
2024-06-30,2327.699951171875,81.54000091552734,2.6010000705718994,5460.47998046875,12.4399995803833,0.0,0.0,0.0,0.0,0.0,47,Neutral,17326.30136,1070250012.5446604,0.40904774586330195,0.42264639269365883,0.0001,0.0,62772.01,0.028853793809744524,0.02774449412083736,0.0172072469311759,0.024306365091118276,0.016233482860370425
2024-07-01,2327.60009765625,83.37999725341797,2.4779999256134033,5475.08984375,12.220000267028809,-4.2898852745440194e-05,0.02231473089305164,-0.04844426041097068,0.0026719909814295235,-0.017843077984553226,53,Neutral,24547.10538,1550980813.6701345,0.34836828333130493,0.37099523605723145,0.0001,0.0,62899.99,0.0020367312407112426,0.018894023274576132,0.017193638486210274,0.0247518988956371,0.0172072469311759
2024-07-02,2323.0,82.80999755859375,2.434999942779541,5509.009765625,12.029999732971191,-0.0019782819678747557,-0.006859641948526388,-0.017505020152755044,0.0061762057711850496,-0.015670467805554818,51,Neutral,18573.11875,1160792332.6175597,-0.2788786332860982,-0.2897846965124656,0.0001,0.0,62135.47,-0.012229003319739846,0.01793182049193128,0.017277574448223903,0.02469242117288852,0.017193638486210274
2024-07-03,2359.800048828125,83.87999725341797,2.4179999828338623,5537.02001953125,12.09000015258789,0.01571743658704651,0.01283837572594993,-0.007005987942102696,0.0050715622695336636,0.0049751694580224505,50,Neutral,32160.11127,1945901232.9066572,0.54901159731831,0.516622411264837,0.0001,0.0,60208.58,-0.0315021343281225,0.02110898344367517,0.017686799733860198,0.026559715761927734,0.017277574448223903
2024-07-04,2359.800048828125,83.87999725341797,2.4179999828338623,5537.02001953125,12.09000015258789,0.0,0.0,0.0,0.0,0.0,44,Fear,54568.77276,3168619756.2436485,0.5287348874725889,0.4875708563727513,0.0001,0.0,57050.01,-0.05388661548310068,0.027465528787770612,0.01898603429098286,0.02464358250689552,0.017686799733860198
2024-07-05,2388.5,83.16000366210938,2.319000005722046,5567.18994140625,12.479999542236328,0.012088663472560882,-0.008620666262815612,-0.041804684352431114,0.00543397436096954,0.03174864901379818,29,Fear,81348.24756,4515040083.536515,0.3992774997884836,0.3541179797427185,7.254000000000001e-05,-2.7459999999999998e-05,56628.79,-0.007410738462197537,0.02714078844396844,0.018769938848479214,0.02592041657951595,0.01898603429098286
2024-07-06,2388.5,83.16000366210938,2.319000005722046,5567.18994140625,12.479999542236328,0.0,0.0,0.0,0.0,0.0,26,Fear,21651.31558,1235398733.4357028,-1.3236730730317199,-1.2960202856361762,5.497e-05,-1.757000000000001e-05,58230.13,0.027885405242016163,0.03002579634035369,0.019853217234831307,0.02876847890144678,0.018769938848479214
2024-07-07,2388.5,83.16000366210938,2.319000005722046,5567.18994140625,12.479999542236328,0.0,0.0,0.0,0.0,0.0,29,Fear,19118.93918,1094135752.452869,-0.12438679455570568,-0.12142899458623985,9.388e-05,3.8910000000000005e-05,55857.81,-0.04159356377998373,0.027889170538390077,0.02071799617652437,0.028638372594682982,0.019853217234831307
2024-07-08,2355.199951171875,82.33000183105469,2.365999937057495,5572.85009765625,12.369999885559082,-0.01403992502750996,-0.010030923475955026,0.020064678212418956,0.0010161824764044329,-0.00885314910859194,28,Fear,48090.2049,2699942701.375511,0.9223990921750803,0.9032657666055081,8.709e-05,-6.790000000000008e-06,56714.62,0.015222671228313616,0.02974680549331611,0.021090753836974608,0.028636649246809847,0.02071799617652437
2024-07-09,2360.10009765625,81.41000366210938,2.3440001010894775,5576.97998046875,12.510000228881836,0.002078403578812869,-0.011237422981347668,-0.009341824111600837,0.0007407974780654752,0.011254165621822165,27,Fear,27732.20788,1592351321.655387,-0.5504840389559551,-0.5280188085644831,6.953666666666667e-05,-1.755333333333332e-05,58050.0,0.023272682322844962,0.03309387754206978,0.021697501236418462,0.035111694916997,0.021090753836974608
2024-07-10,2372.199951171875,82.0999984741211,2.3289999961853027,5633.91015625,12.850000381469727,0.00511374163037859,0.008439837303350642,-0.0064199255773836,0.010156314878105886,0.026815498252858585,28,Fear,24951.73799,1452293495.6501489,-0.1056509983963184,-0.09206771454069629,8.236666666666666e-05,1.2829999999999984e-05,57725.85,-0.0055996280225802065,0.03166936184150193,0.021681019510299968,0.0352055435453344,0.021697501236418462
2024-07-11,2415.0,82.62000274658203,2.2679998874664307,5584.5400390625,12.920000076293945,0.017881513074975274,0.006313817339398577,-0.02654065301676331,-0.008801649969266724,0.0054326632319714845,29,Fear,29761.05735,1728929618.0583844,0.1762572598783201,0.17435847117231568,0.0001,1.7633333333333346e-05,57339.89,-0.006708538049520128,0.02383476992385685,0.021104843419259653,0.035169467425881985,0.021681019510299968
2024-07-12,2414.0,82.20999908447266,2.3289999961853027,5615.35009765625,12.460000038146973,-0.0004141644291962591,-0.004974877184572584,0.026540653016763362,0.00550186402496512,-0.03625298783869797,25,Extreme Fear,23652.4569,1360201319.0761504,-0.22973374319033624,-0.23986978161420983,4.480333333333334e-05,-5.5196666666666666e-05,57889.1,0.009532569171711086,0.023731070520312307,0.020978679875657026,0.035845089482749865,0.021104843419259653
2024-07-13,2414.0,82.20999908447266,2.3289999961853027,5615.35009765625,12.460000038146973,0.0,0.0,0.0,0.0,0.0,25,Extreme Fear,15357.74519,900429281.1482327,-0.4318470759596044,-0.41251636784783635,8.394666666666668e-05,3.914333333333334e-05,59204.02,0.022460333746386348,0.02286105478618503,0.02133738922221261,0.035660569252726475,0.020978679875657026
2024-07-14,2414.0,82.20999908447266,2.3289999961853027,5615.35009765625,12.460000038146973,0.0,0.0,0.0,0.0,0.0,33,Fear,21178.33907,1273562988.611176,0.32135899794499967,0.34670212555853464,6.929666666666666e-05,-1.4650000000000017e-05,60797.91,0.02656596839138983,0.013691907563847649,0.022005185997196627,0.03552590858916791,0.02133738922221261
2024-07-15,2422.89990234375,81.91000366210938,2.1579999923706055,5631.22021484375,13.119999885559082,0.0036800068503831792,-0.0036558097911436604,-0.07625712596374949,0.0028222164233526843,0.05161425837245012,52,Neutral,38690.9782,2435540879.0289335,0.6026275340490067,0.6483503835433388,2.426e-05,-4.503666666666666e-05,64724.14,0.06257882518464983,0.023601466529398284,0.02502530566021801,0.03392903210866288,0.022005185997196627
2024-07-16,2462.39990234375,80.76000213623047,2.187999963760376,5667.2001953125,13.1899995803833,0.016171314917783012,-0.014139308340223741,0.013806004696292772,0.0063690499714532745,0.005321160122665793,65,Greed,42530.52915,2725231969.2884507,0.09461569958224847,0.11238469205726159,2.1563333333333334e-05,-2.6966666666666674e-06,65043.99,0.004929571655444641,0.02404552685075245,0.02500864415884495,0.03402107780078751,0.02502530566021801
2024-07-17,2454.800048828125,82.8499984741211,2.0350000858306885,5588.27001953125,14.479999542236328,-0.00309113301982428,0.025549905558976974,-0.07249200692503521,-0.014025441523645543,0.09330942042807858,69,Greed,29567.52954,1922412273.0882094,-0.36354536678136723,-0.3489727611636825,1.6633333333333326e-06,-1.9900000000000003e-05,64087.99,-0.014806827344029673,0.025639026351151326,0.025137482991472154,0.034306941225055496,0.02500864415884495
2024-07-18,2451.800048828125,82.81999969482422,2.125,5544.58984375,15.930000305175781,-0.0012228428297097356,-0.00036215102259073414,0.04327594130458014,-0.007847112145350072,0.09543578773519995,61,Greed,22568.7225,1449872437.6497972,-0.2701117966687029,-0.2821052111449508,1.7873333333333334e-05,1.6210000000000002e-05,63987.92,-0.0015626673332034774,0.024980309971776825,0.024881961021250176,0.034391987276133226,0.025137482991472154
2024-07-19,2395.5,80.12999725341797,2.128000020980835,5505.0,16.520000457763672,-0.02323049125293214,-0.03301929291921077,0.001410778962432597,-0.007165879226406085,0.03636765272324057,60,Greed,35634.72739,2331517674.368659,0.45675566331757433,0.47504383939526557,4.4966666666666664e-05,2.709333333333333e-05,66660.0,0.040910757335444886,0.026466323216172795,0.026002522863356466,0.03350323311831444,0.024881961021250176
2024-07-20,2395.5,80.12999725341797,2.128000020980835,5505.0,16.520000457763672,0.0,0.0,0.0,0.0,0.0,74,Greed,14386.92434,961878801.8482211,-0.9070008887346617,-0.8853862397812269,1.6300000000000007e-06,-4.333666666666666e-05,67139.96,0.00717432290208512,0.026871798176296566,0.026023281724683954,0.03367126867778808,0.026002522863356466
2024-07-21,2395.5,80.12999725341797,2.128000020980835,5505.0,16.520000457763672,0.0,0.0,0.0,0.0,0.0,74,Greed,21819.11191,1465757867.9747434,0.416466516716585,0.4212392465889847,-8.243333333333335e-06,-9.873333333333336e-06,68165.34,0.015156828740989328,0.026608234400712926,0.02603591326926764,0.03347803894123169,0.026023281724683954
2024-07-22,2392.0,79.77999877929688,2.250999927520752,5564.41015625,14.90999984741211,-0.0014621412526544951,-0.0043774503370086724,0.05619194838709325,0.010734217246220293,-0.10253967725977965,70,Greed,21451.04303,1448418369.8467097,-0.017013008544313934,-0.011900243047345218,5.9526666666666674e-05,6.777000000000001e-05,67532.01,-0.009334516829783621,0.018395504572980982,0.02611848427856348,0.03426661822508106,0.02603591326926764
2024-07-23,2404.60009765625,76.95999908447266,2.187000036239624,5555.740234375,14.720000267028809,0.005253774082549602,-0.035987036715088364,-0.028843771460802588,-0.0015593176939461904,-0.012824987101443355,71,Greed,31406.15316,2088544473.3235078,0.38123056392696786,0.36599521742998287,4.553666666666667e-05,-1.3990000000000007e-05,65936.01,-0.023916981434216472,0.02163802790429417,0.026330360162173216,0.03409611727927909,0.02611848427856348
2024-07-24,2413.300048828125,77.58999633789062,2.117000102996826,5427.1298828125,18.040000915527344,0.0036115155414233003,0.008152711246337686,-0.032530717460120394,-0.02342124222289286,0.20338443394305505,69,Greed,23082.56277,1526490826.4669967,-0.3079263601889099,-0.31349587545931484,0.0001,5.446333333333334e-05,65376.0,-0.008529507623456263,0.02094706519061393,0.024766079349826838,0.03588863982907989,0.026330360162173216
2024-07-25,2351.89990234375,78.27999877929688,2.0409998893737793,5399.22021484375,18.459999084472656,-0.025771655108934748,0.00885362122617054,-0.03656021117924674,-0.005155889019717259,0.023014614095178493,68,Greed,35126.42934,2266419771.224864,0.41987634574261157,0.3952298694673684,0.0001,0.0,65799.95,0.006463859817351855,0.020885324631690343,0.024426382198495102,0.0358668549389181,0.024766079349826838
2024-07-26,2380.0,77.16000366210938,2.00600004196167,5459.10009765625,16.389999389648438,0.011877017079959726,-0.014410891435045557,-0.01729711916791206,0.011029420409570924,-0.11893482396303547,68,Greed,24244.36023,1630839588.6966548,-0.37076979727936293,-0.3291064258237792,7.780000000000001e-05,-2.2199999999999998e-05,67907.99,0.03153462223775808,0.018258202394204746,0.0247699044774614,0.03534578787515461,0.024426382198495102
2024-07-27,2380.0,77.16000366210938,2.00600004196167,5459.10009765625,16.389999389648438,0.0,0.0,0.0,0.0,0.0,72,Greed,31710.21921,2162335067.0234175,0.2684549789872246,0.2820937200328243,7.892666666666666e-05,1.126666666666657e-06,67896.5,-0.00016921384598440523,0.01816564240900657,0.024704752673822803,0.03553056728246022,0.0247699044774614
2024-07-28,2380.0,77.16000366210938,2.00600004196167,5459.10009765625,16.389999389648438,0.0,0.0,0.0,0.0,0.0,71,Greed,10868.69394,736755676.1377451,-1.0707524602872616,-1.076687640431855,6.720333333333333e-05,-1.172333333333333e-05,68249.88,0.005191188977428364,0.017295853080152454,0.02428185394377262,0.03680009977251962,0.024704752673822803
2024-07-29,2377.300048828125,75.80999755859375,1.906999945640564,5463.5400390625,16.600000381469727,-0.0011350772219737724,-0.017651057634833576,-0.05061141234475294,0.0008129795718284517,0.0127313628261293,74,Greed,36467.29633,2499265962.091455,1.210529326789403,1.2214960266985428,7.994666666666666e-05,1.274333333333333e-05,66784.69,-0.02170181316434392,0.01897913023871522,0.024707840178284035,0.03666101005012074,0.02428185394377262
2024-07-30,2405.0,74.7300033569336,2.125999927520752,5436.43994140625,17.690000534057617,0.011584493096314897,-0.014348515000907594,0.10871094771484612,-0.0049725143613676215,0.06359682001889519,67,Greed,23132.25441,1533270724.799421,-0.4551879295698883,-0.48859389125661207,4.883e-05,-3.1116666666666666e-05,66188.0,-0.008974685027823451,0.01675996494115038,0.024306365091118276,0.036689824333775295,0.024707840178284035
2024-07-31,2426.5,77.91000366210938,2.0360000133514404,5522.2998046875,16.360000610351562,0.008899986305409351,0.041672698484094266,-0.04325514058195915,0.015669980701917767,-0.07816016987934357,61,Greed,22625.43905,1489443332.5960116,-0.022153043497258728,-0.02900073447466244,4.689e-05,-1.9399999999999984e-06,64628.0,-0.02385142421501373,0.018994199417666606,0.0247518988956371,0.036490988495200244,0.024306365091118276
2024-08-01,2435.0,76.30999755859375,1.968000054359436,5446.68017578125,18.59000015258789,0.0034968666714193194,-0.020750402038847978,-0.03396927899423228,-0.013788123791990166,0.1277844414592625,52,Neutral,35542.26854,2270877792.65868,0.4516477563802447,0.4217640016820082,9.402666666666667e-05,4.7136666666666665e-05,65354.02,0.011171199683345215,0.01940791644143994,0.02469242117288852,0.03639353897700923,0.0247518988956371
2024-08-02,2425.699951171875,73.5199966430664,1.9670000076293945,5346.56005859375,23.389999389648438,-0.003826634135013617,-0.03724652692098453,-0.0005082829661082405,-0.01855290660855327,0.22968474456012009,57,Greed,38820.42937,2469588785.6981573,0.08822398691269158,0.08388520370885316,0.0001,5.973333333333339e-06,61498.33,-0.06080893312569105,0.02437790431101228,0.026559715761927734,0.03509839904642158,0.02469242117288852
2024-08-03,2425.699951171875,73.5199966430664,1.9670000076293945,5346.56005859375,23.389999389648438,0.0,0.0,0.0,0.0,0.0,37,Fear,28034.71567,1711555901.18011,-0.3255030506566977,-0.36664881270460487,8.011666666666667e-05,-1.9883333333333333e-05,60697.99,-0.013099436128860992,0.02361886303688135,0.02464358250689552,0.035567193164373886,0.026559715761927734
2024-08-04,2425.699951171875,73.5199966430664,1.9670000076293945,5346.56005859375,23.389999389648438,0.0,0.0,0.0,0.0,0.0,34,Fear,31616.52003,1874490041.5437353,0.12023618218868744,0.09093380403400388,8.447666666666668e-05,4.360000000000006e-06,58161.0,-0.04269555681819708,0.02338834391318933,0.02592041657951595,0.03507453907419733,0.02464358250689552
2024-08-05,2401.699951171875,72.94000244140625,1.9420000314712524,5186.330078125,38.56999969482422,-0.00994332279261066,-0.00792021353532362,-0.012791157210896409,-0.0304270413923931,0.500166209806343,26,Fear,162065.59186,8580928177.429901,1.6343213715645444,1.521205442250207,6.798666666666666e-05,-1.6490000000000013e-05,54018.81,-0.07388270778154322,0.030265409268943617,0.02876847890144678,0.03223095731424163,0.02592041657951595
2024-08-06,2389.10009765625,73.19999694824219,2.009999990463257,5240.02978515625,27.709999084472656,-0.005260032745343863,0.0035581604246189076,0.03441633125161479,0.010300849493599515,-0.33068143847259307,17,Extreme Fear,55884.77676,3119018848.329888,-1.0647091281142742,-1.0120236061608965,1.7353333333333332e-05,-5.0633333333333335e-05,56022.01,0.03641232998749407,0.03915352603840236,0.028638372594682982,0.03213709541519439,0.02876847890144678
2024-08-07,2390.5,75.2300033569336,2.111999988555908,5199.5,27.850000381469727,0.0005857822224360302,0.02735475291781767,0.04950064309907494,-0.007764715388769489,0.0050396542353046,29,Fear,44269.37684,2490553853.602583,-0.23299884290245867,-0.22501336376749398,-1.4493333333333334e-05,-3.184666666666667e-05,55134.16,-0.015975161468007117,0.03926555443235305,0.028636649246809847,0.03285379023939311,0.028638372594682982
2024-08-08,2422.199951171875,76.19000244140625,2.127000093460083,5319.31005859375,23.790000915527344,0.013173648862206806,0.012680120334172904,0.007077219732548592,0.02278113959089888,-0.15756761727201954,20,Extreme Fear,48349.52949,2836312292.431818,0.08816332022262648,0.1299996029178107,2.29e-05,3.739333333333333e-05,61685.99,0.11228735091416127,0.06437359963705165,0.035111694916997,0.025022683235686644,0.028636649246809847
2024-08-09,2432.10009765625,76.83999633789062,2.1429998874664307,5344.16015625,20.3700008392334,0.0040789238864625725,0.008495037712886217,0.007494083821314175,0.004660798434381699,-0.1552020913603775,48,Neutral,30972.48017,1878350555.5122633,-0.4453574167557579,-0.4121106921824856,4.008e-05,1.718e-05,60837.99,-0.013842409307287744,0.060301514746123504,0.0352055435453344,0.025150805499761397,0.035111694916997
2024-08-10,2432.10009765625,76.83999633789062,2.1429998874664307,5344.16015625,20.3700008392334,0.0,0.0,0.0,0.0,0.0,40,Fear,9995.20621,607372221.2460397,-1.1309934747069743,-1.1290074889319843,-2.4233333333333334e-05,-6.431333333333334e-05,60923.51,0.001404713543484379,0.06008701822936279,0.035169467425881985,0.026300901752989315,0.0352055435453344
2024-08-11,2432.10009765625,76.83999633789062,2.1429998874664307,5344.16015625,20.3700008392334,0.0,0.0,0.0,0.0,0.0,39,Fear,19189.84512,1152081498.1567774,0.6522756400615956,0.6401837659876441,1.1316666666666666e-05,3.555e-05,58712.59,-0.036964958668207114,0.05943544493415043,0.035845089482749865,0.0255520668391445,0.035169467425881985
2024-08-12,2462.39990234375,80.05999755859375,2.188999891281128,5344.39013671875,20.709999084472656,0.012381322610815695,0.04105103282825877,0.02123810489545183,4.30330517200971e-05,0.016553359762280576,25,Extreme Fear,37009.91743,2186851067.316586,0.6568046762601383,0.6408923355987087,2.5526666666666667e-05,1.4210000000000001e-05,59346.64,0.010741321896940523,0.049330347507317164,0.035660569252726475,0.025473263702729714,0.035845089482749865
2024-08-13,2466.699951171875,78.3499984741211,2.1480000019073486,5434.43017578125,18.1200008392334,0.0017447607257966857,-0.021590373742851835,-0.018907591340142384,0.016707233419049988,-0.1336002842703326,31,Fear,27858.95851,1668247896.8477187,-0.28403133071039427,-0.2706887281907875,9.196666666666666e-06,-1.633e-05,60587.15,0.020687318243458014,0.048460110927879704,0.03552590858916791,0.02529927426424082,0.035660569252726475
2024-08-14,2439.39990234375,76.9800033569336,2.2190001010894775,5455.2099609375,16.190000534057617,-0.011129137775200023,-0.01764025786340206,0.032519511972194146,0.00381643656119841,-0.11262254625371607,30,Fear,28422.76326,1705464263.505865,0.02003576269184747,0.022063456874123664,-2.6629999999999997e-05,-3.582666666666666e-05,58683.39,-0.031926101818424826,0.0502908807225668,0.03392903210866288,0.02570353069247525,0.03552590858916791
2024-08-15,2453.10009765625,78.16000366210938,2.197000026702881,5543.22021484375,15.229999542236328,0.005600503269123787,0.015212363125069652,-0.009963883950057224,0.01600448993130413,-0.06112666382606371,29,Fear,37686.17622,2194915865.052229,0.28210300133798594,0.2523063465389799,-2.776666666666667e-05,-1.1366666666666722e-06,57541.06,-0.019657942646201854,0.021671242183538737,0.03402107780078751,0.025472205090723166,0.03392903210866288
2024-08-16,2498.60009765625,76.6500015258789,2.122999906539917,5554.25,14.800000190734863,0.01837804343675201,-0.019508429363616648,-0.03426266685825073,0.0019878023683961516,-0.028639943192801342,27,Fear,27610.84344,1614654900.3332715,-0.31108477486885355,-0.30702246568340397,-6.392999999999999e-05,-3.616333333333332e-05,58874.6,0.022910978337253942,0.024794525369441028,0.034306941225055496,0.025296614339107838,0.03402107780078751
2024-08-17,2498.60009765625,76.6500015258789,2.122999906539917,5554.25,14.800000190734863,0.0,0.0,0.0,0.0,0.0,25,Extreme Fear,7721.72931,457737705.7722839,-1.2741702309899474,-1.260580203577383,1.9790000000000002e-05,8.371999999999999e-05,59491.99,0.010431923382209742,0.025391701835243512,0.034391987276133226,0.025378884774879807,0.034306941225055496
2024-08-18,2498.60009765625,76.6500015258789,2.122999906539917,5554.25,14.800000190734863,0.0,0.0,0.0,0.0,0.0,31,Fear,13634.85717,813166580.7264851,0.5685911981575905,0.5746396596604342,-1.6866666666666652e-06,-2.1476666666666667e-05,58427.35,-0.018057579517003593,0.022005596665386217,0.03350323311831444,0.025990981481823244,0.034391987276133226
2024-08-19,2501.800048828125,74.37000274658203,2.234999895095825,5608.25,14.649999618530273,0.0012798782157230325,-0.030196953578393984,0.0514110424300707,0.009675327436177775,-0.010186884233373265,28,Fear,22809.31251,1336287900.197634,0.5145393549959785,0.49671484013900336,-4.1076666666666666e-05,-3.939e-05,59438.5,0.017158062435947308,0.02268460316625204,0.03367126867778808,0.026157370332383082,0.03350323311831444
2024-08-20,2511.300048828125,74.04000091552734,2.197999954223633,5597.1201171875,15.880000114440918,0.0037900744796478744,-0.004447171575921042,-0.016693345973483393,-0.001986527237609709,0.08062015360140978,30,Fear,31477.44548,1890620149.7910202,0.3221023768702633,0.3470093507751593,3.7333333333333313e-07,4.145e-05,59013.8,-0.007170849698593443,0.02086642298154256,0.03347803894123169,0.026303091671219504,0.03367126867778808
2024-08-21,2508.39990234375,71.93000030517578,2.177000045776367,5620.85009765625,16.270000457763672,-0.0011555060403106994,-0.028912071948661716,-0.009600031875376332,0.004230714721006796,0.0242624863407933,26,Fear,27983.6422,1682529555.0960546,-0.11765114054454114,-0.11660654827259247,-2.317e-05,-2.3543333333333332e-05,61156.03,0.03565715238614722,0.0212922710855694,0.03426661822508106,0.02553642645975699,0.03347803894123169
2024-08-22,2478.89990234375,73.01000213623047,2.052999973297119,5570.64013671875,17.549999237060547,-0.011830186756921601,0.014903019205474667,-0.05864567824964521,-0.00897294225665722,0.07573095707315049,39,Fear,21241.20588,1288544247.9560175,-0.27567716354340743,-0.2667852573686269,-2.717333333333333e-05,-4.0033333333333294e-06,60375.84,-0.012839442327577983,0.02004801092825571,0.03409611727927909,0.025400799276617845,0.03426661822508106
2024-08-23,2508.39990234375,74.83000183105469,2.0220000743865967,5634.60986328125,15.859999656677246,0.011830186756921704,0.024622451234376702,-0.015214967643132661,0.01141793740166443,-0.10125371187992283,34,Fear,38118.07089,2375916932.7935486,0.584745502488566,0.611870348751006,-1.7516666666666668e-05,9.656666666666662e-06,64037.24,0.05887576421662603,0.027910689796176672,0.03588863982907989,0.02299390830079668,0.03409611727927909
2024-08-24,2508.39990234375,74.83000183105469,2.0220000743865967,5634.60986328125,15.859999656677246,0.0,0.0,0.0,0.0,0.0,56,Greed,15857.15616,1015774255.1740764,-0.8770675800864327,-0.8497323052645871,1.633333333333333e-05,3.3849999999999996e-05,64157.01,0.0018685710918962383,0.02817766669382815,0.0358668549389181,0.02299908969983138,0.03588863982907989
2024-08-25,2508.39990234375,74.83000183105469,2.0220000743865967,5634.60986328125,15.859999656677246,0.0,0.0,0.0,0.0,0.0,54,Neutral,12305.47977,789935122.9930242,-0.2535762182511249,-0.2514555943661584,-1.0763333333333332e-05,-2.7096666666666664e-05,64220.0,0.0009813284334161388,0.025743407547269722,0.03534578787515461,0.023158707952201936,0.0358668549389181
2024-08-26,2517.699951171875,77.41999816894531,1.9559999704360962,5616.83984375,16.149999618530273,0.003700706198852698,0.03402622293678218,-0.03318560088874722,-0.0031587101696058145,0.018119831488631097,55,Greed,19470.05276,1238341818.4320166,0.45883285626593795,0.4495777011963473,3.225333333333333e-05,4.3016666666666664e-05,62834.0,-0.021818360418123024,0.02884920823050023,0.03553056728246022,0.023029620889649025,0.03534578787515461
2024-08-27,2516.0,75.52999877929688,1.9040000438690186,5625.7998046875,15.430000305175781,-0.0006754281156969496,-0.024715209335050777,-0.02694459708853098,0.0015939251127232035,-0.04560633989509903,48,Neutral,35135.94178,2158144642.992993,0.5903470597053101,0.5554756494904962,4.099666666666667e-05,8.743333333333342e-06,59415.0,-0.05594960850125526,0.03765398495503044,0.03680009977251962,0.021139097789877447,0.03553056728246022
2024-08-28,2501.0,74.5199966430664,1.9299999475479126,5592.18017578125,17.110000610351562,-0.005979686942712076,-0.013462411477556464,0.013563016329922153,-0.005993900794735212,0.10334943742316474,30,Fear,36868.54275,2183054412.974087,0.048134098565993676,0.011476112035619462,-1.0756666666666666e-05,-5.175333333333334e-05,59034.9,-0.006417925294743356,0.034412306920519886,0.03666101005012074,0.02108839843643451,0.03680009977251962
2024-08-29,2525.699951171875,75.91000366210938,2.13700008392334,5591.9599609375,15.649999618530273,0.009827580801596993,0.018480975585486233,0.10188303986903097,-3.937984343658622e-05,-0.08919223096521478,29,Fear,27020.90743,1617931684.258576,-0.3107477718518227,-0.2995764076276773,-6.87e-06,3.886666666666666e-06,59359.01,0.005475126375226921,0.03441696068740183,0.036689824333775295,0.021089248741277707,0.03666101005012074
2024-08-30,2493.800048828125,73.55000305175781,2.127000093460083,5648.39990234375,15.0,-0.012710561536922458,-0.03158298773172092,-0.004690435450617835,0.010042457079144168,-0.04242069150888951,34,Fear,28519.32195,1680918972.4658496,0.053970905109414984,0.038192055873478646,2.4803333333333334e-05,3.1673333333333334e-05,59123.99,-0.003967156608714223,0.021553809142246735,0.036490988495200244,0.021088371047867864,0.036689824333775295
2024-08-31,2493.800048828125,73.55000305175781,2.127000093460083,5648.39990234375,15.0,0.0,0.0,0.0,0.0,0.0,29,Fear,8798.409,519849184.8690446,-1.1760109110351498,-1.1735571898525208,1.8763333333333334e-05,-6.04e-06,58973.99,-0.00254026496747557,0.021162182943313464,0.03639353897700923,0.02222663977598836,0.036490988495200244
2024-09-01,2493.800048828125,73.55000305175781,2.127000093460083,5648.39990234375,15.0,0.0,0.0,0.0,0.0,0.0,26,Fear,20705.15741,1202176847.3910584,0.8558119097959554,0.8383504914752313,9.966666666666682e-07,-1.7766666666666667e-05,57301.86,-0.028763415319443375,0.021099444456973333,0.03509839904642158,0.022895812994054188,0.03639353897700923
2024-09-02,2493.800048828125,73.55000305175781,2.127000093460083,5648.39990234375,15.0,0.0,0.0,0.0,0.0,0.0,26,Fear,22895.01461,1333092369.4465685,0.10053636475934905,0.10336738030035,-1.167e-05,-1.2666666666666668e-05,59132.13,0.03144134758080365,0.027425273036676873,0.035567193164373886,0.02221869424482358,0.03509839904642158
2024-09-03,2489.89990234375,70.33999633789062,2.203000068664551,5528.93017578125,20.719999313354492,-0.0015651613535240963,-0.04462491355686993,0.03510751883090268,-0.021377963372397696,0.32304918314980974,26,Fear,22828.18447,1335076815.8599248,-0.0029232507320359927,0.00148749696247987,5.322e-05,6.489e-05,57487.73,-0.028202897779850595,0.020612764399748414,0.03507453907419733,0.021530745880881726,0.035567193164373886
2024-09-04,2493.39990234375,69.19999694824219,2.1449999809265137,5520.06982421875,21.31999969482422,0.0014046919562063706,-0.016339756459787656,-0.026680555500950325,-0.0016038290273809634,0.02854620073156293,27,Fear,35560.82146,2027630870.1796753,0.44324857754638763,0.41787922231836905,5.9633333333333336e-06,-4.725666666666667e-05,57970.9,0.008369626775024829,0.021159155080014858,0.03223095731424163,0.021806187881614172,0.03507453907419733
2024-09-05,2511.39990234375,69.1500015258789,2.253999948501587,5503.41015625,19.899999618530273,0.0071931259247034075,-0.0007227383460925007,0.04956684928210662,-0.003022581014674196,-0.0689258724224691,29,Fear,27806.91413,1577770853.1007974,-0.24595981156811464,-0.25085505410361425,4.510333333333333e-05,3.914e-05,56180.0,-0.03138033882672037,0.02329321446905026,0.03213709541519439,0.02087067600537085,0.03223095731424163
2024-09-06,2493.5,67.66999816894531,2.2750000953674316,5408.419921875,22.3799991607666,-0.007152981683501989,-0.021635156991438764,0.009273701552644432,-0.017410944507424406,0.11744795282340682,22,Extreme Fear,54447.76826,2988914918.924334,0.6719571620927784,0.6388974197858553,1.2356666666666665e-05,-3.274666666666667e-05,53962.97,-0.040262751080288636,0.026146356686662577,0.03285379023939311,0.01922639985727315,0.03213709541519439
2024-09-07,2493.5,67.66999816894531,2.2750000953674316,5408.419921875,22.3799991607666,0.0,0.0,0.0,0.0,0.0,23,Extreme Fear,16694.04774,905693342.5898322,-1.1821896284439353,-1.1939649223644995,-5.142333333333334e-05,-6.378e-05,54160.86,0.0036604367595428834,0.026661655586696652,0.025022683235686644,0.019409629839274585,0.03285379023939311
2024-09-08,2493.5,67.66999816894531,2.2750000953674316,5408.419921875,22.3799991607666,0.0,0.0,0.0,0.0,0.0,29,Fear,16274.14779,885743172.9184759,-0.025474409544535837,-0.022273738753679433,-2.4996666666666667e-05,2.6426666666666672e-05,54869.95,0.01300733247035669,0.02699920596917754,0.025150805499761397,0.019369692226425688,0.025022683235686644
2024-09-09,2501.800048828125,68.70999908447266,2.1700000762939453,5471.0498046875,19.450000762939453,0.0033231463116611603,0.01525181253292539,-0.04725289161179527,0.011513534435818254,-0.14032055609438693,26,Fear,32384.51737,1809715390.0493293,0.6881026260466965,0.7144978327978138,-6.189333333333333e-05,-3.689666666666666e-05,57042.0,0.03882199877924005,0.028798150948160142,0.026300901752989315,0.01892280816362849,0.025150805499761397
2024-09-10,2512.300048828125,65.75,2.2320001125335693,5495.52001953125,19.079999923706055,0.004188195346663044,-0.04403506466059675,0.028170892226461287,0.004462699977793541,-0.019206447268627396,33,Fear,23626.78126,1349365460.0900571,-0.3152995818504381,-0.29353513745818227,-3.361333333333333e-05,2.828e-05,57635.99,0.010359360363052208,0.02730070558235129,0.0255520668391445,0.018899064986513486,0.026300901752989315
2024-09-11,2512.10009765625,67.30999755859375,2.2699999809265137,5554.1298828125,17.690000534057617,-7.959205722123827e-05,0.023449106693669394,0.01688172815356528,0.01060855564984334,-0.07564112366000948,37,Fear,33026.56757,1875738697.3784153,0.3349314476576509,0.3293681013820674,-5.4706666666666676e-05,-2.1093333333333344e-05,57338.0,-0.005183618786241656,0.027118636889669357,0.025473263702729714,0.01986838608761474,0.0255520668391445
2024-09-12,2551.199951171875,68.97000122070312,2.3570001125335693,5595.759765625,17.06999969482422,0.015444721969289848,0.024362867390701433,0.037609848607506366,0.00746735215680267,-0.035677019433049094,31,Fear,31074.40631,1802848638.0757017,-0.06092778329801723,-0.039634563114993276,-1.8156666666666665e-05,3.655000000000001e-05,58132.32,0.013758211280425158,0.02404021135610261,0.02529927426424082,0.01981709211486325,0.025473263702729714
2024-09-13,2581.300048828125,68.6500015258789,2.305000066757202,5626.02001953125,16.559999465942383,0.011729349341314652,-0.00465049070133241,-0.022308966287879536,0.0053931422343560355,-0.030332402221190383,32,Fear,29825.23333,1760671733.5492997,-0.04102974088991122,-0.02367258763277687,-1.127e-05,6.8866666666666645e-06,60498.0,0.039888515176949337,0.017017393190998497,0.02570353069247525,0.018579058052662887,0.02529927426424082
2024-09-14,2581.300048828125,68.6500015258789,2.305000066757202,5626.02001953125,16.559999465942383,0.0,0.0,0.0,0.0,0.0,50,Neutral,12137.90901,728527024.3416963,-0.8990212601630452,-0.8824259611875549,-1.838e-05,-7.11e-06,59993.03,-0.008381917831569096,0.019004393655241966,0.025472205090723166,0.020479891298982863,0.02570353069247525
2024-09-15,2581.300048828125,68.6500015258789,2.305000066757202,5626.02001953125,16.559999465942383,0.0,0.0,0.0,0.0,0.0,51,Neutral,13757.92361,822410872.3906956,0.12528138958960347,0.12121539411516294,-2.9333333333333337e-07,1.8086666666666667e-05,59132.0,-0.014456155768720775,0.02199062216932056,0.025296614339107838,0.020306117057472692,0.025472205090723166
2024-09-16,2580.39990234375,70.08999633789062,2.372999906539917,5633.08984375,17.139999389648438,-0.0003487790851909712,0.02075892382264858,0.02907423265832455,0.0012558408673102855,0.034424760852599955,39,Fear,26477.5642,1543273198.7027452,0.6546828197504301,0.629420778596619,4.242666666666667e-05,4.2720000000000004e-05,58213.99,-0.01564652918074257,0.019914522798559507,0.025378884774879807,0.019965775634457943,0.025296614339107838
2024-09-17,2564.300048828125,71.19000244140625,2.3239998817443848,5634.580078125,17.610000610351562,-0.00625883189495714,0.015572315146450825,-0.0208651499636982,0.00026451509389645083,0.02705207960763049,33,Fear,33116.25878,1983378424.775704,0.22372662316262182,0.250896051264595,5.2556666666666664e-05,1.0129999999999993e-05,60313.99,0.035438379599161005,0.023425452856874657,0.025990981481823244,0.01916099025871287,0.025378884774879807
2024-09-18,2570.699951171875,70.91000366210938,2.2839999198913574,5618.259765625,18.229999542236328,0.00249266043134922,-0.00394087444963749,-0.017361531385220792,-0.0029006587083132912,0.034601606412624705,45,Fear,36087.02469,2174000496.820776,0.08590901026412305,0.09176735141539182,2.5566666666666664e-05,-2.699e-05,61759.99,0.023691660342147144,0.023569511798250706,0.026157370332383082,0.018908699980660536,0.025990981481823244
2024-09-19,2588.0,71.94999694824219,2.3480000495910645,5713.64013671875,16.329999923706055,0.006707160271705417,0.014559871958021912,0.027635666366478774,0.016834356892725128,-0.11006466126974973,49,Neutral,34332.52608,2153175931.1738715,-0.04984018680761008,-0.00962508775079912,3.511e-05,9.543333333333337e-06,62947.99,0.01905308607791393,0.02377136637929223,0.026303091671219504,0.018688298139575437,0.026157370332383082
2024-09-20,2619.89990234375,71.91999816894531,2.434000015258789,5702.5498046875,16.149999618530273,0.01225073519220459,-0.0004170262146349265,0.03597207774794766,-0.0019429136300157343,-0.011083876262113658,54,Neutral,25466.37794,1611195963.9908044,-0.2987341170465588,-0.2899671914685355,4.3683333333333336e-05,8.573333333333335e-06,63201.05,0.004012085061529829,0.020196517728497055,0.02553642645975699,0.018728042125437157,0.026303091671219504
2024-09-21,2619.89990234375,71.91999816894531,2.434000015258789,5702.5498046875,16.149999618530273,0.0,0.0,0.0,0.0,0.0,54,Neutral,8375.34608,528657852.3183024,-1.1120666701631072,-1.1143905763926152,7.624e-05,3.2556666666666666e-05,63348.96,0.0023375749611005414,0.01928866379087033,0.025400799276617845,0.019375928712829334,0.02553642645975699
2024-09-22,2619.89990234375,71.91999816894531,2.434000015258789,5702.5498046875,16.149999618530273,0.0,0.0,0.0,0.0,0.0,52,Neutral,14242.19892,897477338.3735127,0.5309169127594064,0.529246429722954,7.025333333333333e-05,-5.986666666666675e-06,63578.76,0.0036209624041565595,0.016875216187941185,0.02299390830079668,0.01937508428911701,0.025400799276617845
2024-09-23,2626.5,70.37000274658203,2.61299991607666,5718.56982421875,15.890000343322754,0.002516049581020544,-0.02178728969472246,0.07096295358650237,0.0028053344257131223,-0.01623002389340957,50,Neutral,24078.05287,1531015038.3680267,0.5250914436889642,0.5340983478676179,4.4046666666666666e-05,-2.620666666666666e-05,63339.99,-0.0037625690717466927,0.014210400066486313,0.02299908969983138,0.019500200740053427,0.02299390830079668
2024-09-24,2651.199951171875,71.55999755859375,2.5510001182556152,5732.93017578125,15.390000343322754,0.009360187860914403,0.016769149514567056,-0.024013468904610112,0.002508031103345345,-0.03197203199588042,54,Neutral,23185.04759,1472720338.8562915,-0.037793185829258266,-0.038819677961144994,1.679e-05,-2.7256666666666666e-05,64262.7,0.01446248637939056,0.010064856025067969,0.023158707952201936,0.019741932515353344,0.02299908969983138
2024-09-25,2659.199951171875,69.69000244140625,2.63700008392334,5722.259765625,15.40999984741211,0.003012958044237874,-0.026479354040803024,0.03315645368021288,-0.001862983206212128,0.0012986692711907113,59,Greed,17813.11168,1135250828.2732148,-0.2635727730924541,-0.2602576406537949,1.2333333333333333e-05,-4.4566666666666675e-06,63152.01,-0.017434692343162504,0.011930427066976253,0.023029620889649025,0.019923532141246137,0.023158707952201936
2024-09-26,2669.89990234375,67.66999816894531,2.5850000381469727,5745.3701171875,15.369999885559082,0.004015674633472966,-0.029413947297257197,-0.019916416479016423,0.004030542158199222,-0.0025990893253781478,50,Neutral,28373.30593,1831204595.9448967,0.46551397374269615,0.47812037886150904,5.965333333333333e-05,4.7319999999999994e-05,65173.99,0.03151578569135097,0.015180475354765072,0.021139097789877447,0.01914051870112592,0.023029620889649025
2024-09-27,2644.300048828125,68.18000030517578,2.9019999504089355,5738.169921875,16.959999084472656,-0.00963458348443632,0.0075083480002425705,0.11567461465597245,-0.0012540029000721238,0.09844002627741914,61,Greed,22048.80487,1448852210.3602211,-0.25219037159488494,-0.2342023355461699,6.332333333333334e-05,3.6700000000000106e-06,65769.95,0.009102584128001627,0.015249019430181783,0.02108839843643451,0.019227257818111156,0.021139097789877447
2024-09-28,2644.300048828125,68.18000030517578,2.9019999504089355,5738.169921875,16.959999084472656,0.0,0.0,0.0,0.0,0.0,64,Greed,9127.23316,600118483.1222521,-0.8819958001268025,-0.8813998352970028,5.056333333333334e-05,-1.276e-05,65858.0,0.0013378619530761801,0.015290294326832508,0.021089248741277707,0.019849700183855103,0.02108839843643451
2024-09-29,2644.300048828125,68.18000030517578,2.9019999504089355,5738.169921875,16.959999084472656,0.0,0.0,0.0,0.0,0.0,63,Greed,8337.74111,547980013.7152303,-0.09047026982586774,-0.09088829263121491,3.702e-05,-1.3543333333333336e-05,65602.01,-0.003894573316477157,0.015706432147097295,0.021088371047867864,0.020918484085967397,0.021089248741277707
2024-09-30,2636.10009765625,68.16999816894531,2.9230000972747803,5762.47998046875,16.729999542236328,-0.0031058092325682647,-0.00014671267121886113,0.0072103820347843685,0.004227603658441509,-0.013654088745303506,61,Greed,30011.08752,1920250261.7442162,1.2807745678185785,1.253971986225798,7.005333333333334e-05,3.3033333333333334e-05,63327.59,-0.03528524055475455,0.021799212889907923,0.02222663977598836,0.019685943600636514,0.021088371047867864
2024-10-01,2667.300048828125,69.83000183105469,2.8959999084472656,5708.75,19.260000228881836,0.01176615388576509,0.024059184564979595,-0.009280076498242213,-0.009367848694454447,0.14082693061688453,50,Neutral,43671.48108,2723672081.8326254,0.3751283848131912,0.3495254777181552,0.0001,2.994666666666667e-05,60805.78,-0.04063624492665931,0.02535283367135765,0.022895812994054188,0.01885145353936141,0.02222663977598836
2024-10-02,2647.10009765625,70.0999984741211,2.885999917984009,5709.5400390625,18.899999618530273,-0.007602005078805537,0.0038590291938212363,-0.0034590109768468306,0.00013838132698647728,-0.018868516371758504,42,Fear,31534.70118,1928377637.836784,-0.3256067179458011,-0.3453019526665883,7.744e-05,-2.256e-05,60649.28,-0.002577086316775542,0.02504150336183786,0.02221869424482358,0.01903860050639353,0.022895812994054188
2024-10-03,2657.10009765625,73.70999908447266,2.9700000286102295,5699.93994140625,20.489999771118164,0.003770601213994833,0.05021569050716062,0.028690530514572807,-0.0016828286544586894,0.08077504919837869,37,Fear,26221.43472,1590773866.8074434,-0.18451136887618325,-0.19245844074376334,4.3723333333333335e-05,-3.371666666666667e-05,60752.71,0.001703926352847916,0.019581997091890523,0.021530745880881726,0.019066717937347186,0.02221869424482358
2024-10-04,2645.800048828125,74.37999725341797,2.8540000915527344,5751.06982421875,19.209999084472656,-0.004261843753354774,0.00904858879004115,-0.03984041131429432,0.008930255699186382,-0.06450602195882109,41,Fear,21294.65994,1311145630.5020497,-0.2081208611331567,-0.19331932437397686,3.153e-05,-1.2193333333333337e-05,62086.0,0.02170883041003728,0.02205849193878351,0.021806187881614172,0.018923178611944712,0.021530745880881726
2024-10-05,2645.800048828125,74.37999725341797,2.8540000915527344,5751.06982421875,19.209999084472656,0.0,0.0,0.0,0.0,0.0,49,Neutral,7807.46141,484588468.3419123,-1.0033764667612977,-0.9953565492610614,1.1766666666666667e-06,-3.0353333333333333e-05,62058.0,-0.00045108906551724495,0.021939143310618064,0.02087067600537085,0.019165098350821905,0.021806187881614172
2024-10-06,2645.800048828125,74.37999725341797,2.8540000915527344,5751.06982421875,19.209999084472656,0.0,0.0,0.0,0.0,0.0,50,Neutral,8906.86177,555669634.4773514,0.13174209759522454,0.1368739232005444,2.68e-05,2.5623333333333336e-05,62819.91,0.012202629820996201,0.02330240580253917,0.01922639985727315,0.019415826611244698,0.02087067600537085
2024-10-07,2644.800048828125,77.13999938964844,2.746000051498413,5695.93994140625,22.639999389648438,-0.00037802895454220627,0.036434893297252344,-0.038576225033634504,-0.009632263829388773,0.16428729725441985,50,Neutral,25966.1852,1646315506.5791945,1.0699731572417504,1.0861211085984483,1.9326666666666666e-05,-7.473333333333335e-06,62224.0,-0.009531284031326389,0.019697389756197066,0.019409629839274585,0.02438078087528373,0.01922639985727315
2024-10-08,2615.0,73.56999969482422,2.7330000400543213,5751.1298828125,21.420000076293945,-0.011331369029670978,-0.04738461507175182,-0.004745404498015166,0.009642706804694385,-0.05539315779457903,49,Neutral,19702.22371,1230076253.818657,-0.2760636142627121,-0.291463602238532,4.505333333333333e-05,2.5726666666666665e-05,62160.49,-0.0010211885021863328,0.010427947440463511,0.019369692226425688,0.024345605033367416,0.019409629839274585
2024-10-09,2606.0,73.23999786376953,2.6600000858306885,5792.0400390625,20.860000610351562,-0.0034476188142327953,-0.004495639157300412,-0.027073766540954846,0.007088231016994585,-0.02649158974936262,49,Neutral,20011.15684,1234778807.5932417,0.015558451964155767,0.0038156884384515483,7.692333333333333e-05,3.187e-05,60636.02,-0.024830482976427176,0.014898090451342235,0.01892280816362849,0.02360946678922092,0.019369692226425688
2024-10-10,2620.60009765625,75.8499984741211,2.674999952316284,5780.0498046875,20.93000030517578,0.0055868577505378105,0.035015995038710473,0.005623207461498323,-0.0020722685059824846,0.003350072206641976,39,Fear,23967.92481,1445604381.9363792,0.18042651021243944,0.15763564063888497,4.540666666666667e-05,-3.151666666666666e-05,60326.39,-0.005119452832531935,0.014988587493238472,0.018899064986513486,0.02350957641665571,0.01892280816362849
2024-10-11,2657.60009765625,75.55999755859375,2.631999969482422,5815.02978515625,20.459999084472656,0.014020160169731887,-0.0038306753550031453,-0.01620536065403536,0.00603360870729872,-0.022711835262393478,32,Fear,23641.35209,1462219576.849865,-0.013719084319636728,0.011428047899514624,1.5900000000000007e-06,-4.381666666666666e-05,62540.0,0.03603669892744918,0.019038635607736085,0.01986838608761474,0.024041584263374775,0.018899064986513486
2024-10-12,2657.60009765625,75.55999755859375,2.631999969482422,5815.02978515625,20.459999084472656,0.0,0.0,0.0,0.0,0.0,49,Neutral,10911.30116,686978508.9887543,-0.7731983301156681,-0.7554078090667384,3.5776666666666666e-05,3.418666666666666e-05,63206.22,0.010596362001929363,0.019349698571889055,0.01981709211486325,0.029091420496776432,0.01986838608761474
2024-10-13,2657.60009765625,75.55999755859375,2.631999969482422,5815.02978515625,20.459999084472656,0.0,0.0,0.0,0.0,0.0,50,Neutral,11909.21995,746564374.2082387,0.08751383004514313,0.08317883863804271,2.0896666666666666e-05,-1.488e-05,62870.02,-0.0053332935199566596,0.0190347473256042,0.018579058052662887,0.029145269421268227,0.01981709211486325
2024-10-14,2647.800048828125,73.83000183105469,2.49399995803833,5859.85009765625,19.700000762939453,-0.0036943716604866234,-0.023161832450447797,-0.05385617143544974,0.007678114574594323,-0.037853041304464326,48,Neutral,37669.95222,2450094472.813545,1.1515498674795557,1.188400015159874,8.476333333333334e-05,6.386666666666667e-05,66083.99,0.04985708823410627,0.0259853475517749,0.020479891298982863,0.028392164442591968,0.018579058052662887
2024-10-15,2661.39990234375,70.58000183105469,2.497999906539917,5815.259765625,20.639999389648438,0.0051231384715043505,-0.04501833368193956,0.0016025438566243464,-0.0076385660375134215,0.0466122365702319,65,Greed,43683.95423,2894021862.319518,0.14811810126307934,0.1665205983960736,0.0001,1.523666666666667e-05,67074.14,0.014872066015212413,0.025697538741484373,0.020306117057472692,0.029525279139748888,0.020479891298982863
2024-10-16,2674.0,70.38999938964844,2.367000102996826,5842.47021484375,19.579999923706055,0.004723215245810717,-0.0026956452410497786,-0.05386700024391796,0.004668232782779766,-0.05272227783622492,73,Greed,29938.25544,2024560410.1062675,-0.3778437458261647,-0.35729458697742306,8.941666666666668e-05,-1.0583333333333324e-05,67620.01,0.008105370403983361,0.020576832104330773,0.019965775634457943,0.030124352229269784,0.020306117057472692
2024-10-17,2691.0,70.66999816894531,2.3469998836517334,5841.47021484375,19.110000610351562,0.006337393065017404,0.003969929843791636,-0.00848550674980333,-0.00017117512853816633,-0.024296843014801575,71,Greed,25328.22861,1702164439.5654595,-0.16721757967965512,-0.17345195458883916,0.0001,1.0583333333333324e-05,67421.78,-0.0029358340463448997,0.020224374258233816,0.01916099025871287,0.03015538739595698,0.019965775634457943
2024-10-18,2713.699951171875,69.22000122070312,2.257999897003174,5864.669921875,18.030000686645508,0.00840012761358353,-0.020731272950513795,-0.03865844718241387,0.003963686942774387,-0.05817471489231307,73,Greed,28725.635,1959735899.8769643,0.12587040059269175,0.14090907822769985,0.0001,0.0,68428.0,0.014813986471420449,0.01818830023535069,0.018908699980660536,0.030314981810624912,0.01916099025871287
2024-10-19,2713.699951171875,69.22000122070312,2.257999897003174,5864.669921875,18.030000686645508,0.0,0.0,0.0,0.0,0.0,72,Greed,8193.66737,559628628.9613105,-1.2544283457063807,-1.2532915970143672,0.0001,0.0,68378.0,-0.0007309621248523259,0.018912089651712823,0.018688298139575437,0.03026222686575234,0.018908699980660536
2024-10-20,2713.699951171875,69.22000122070312,2.257999897003174,5864.669921875,18.030000686645508,0.0,0.0,0.0,0.0,0.0,73,Greed,12442.47378,854082429.8105861,0.4177543404914147,0.42275430998652075,0.0001,0.0,69031.99,0.00951888488044817,0.01752575502186211,0.018728042125437157,0.03032738483363209,0.018688298139575437
2024-10-21,2723.10009765625,70.55999755859375,2.312000036239624,5853.97998046875,18.3700008392334,0.0034579737223619676,0.019173521255786898,0.023633546371422946,-0.001824432756419033,0.018681869613305074,72,Greed,31374.42184,2130833593.5466976,0.924877045417001,0.91424082945828,0.0001,0.0,67377.5,-0.02425888605349007,0.013789520124402382,0.019375928712829334,0.029701799927567867,0.018728042125437157
2024-10-22,2744.199951171875,72.08999633789062,2.311000108718872,5851.2001953125,18.200000762939453,0.007718602631013913,0.021451910519248066,-0.00043258814838486014,-0.0004749666671957937,-0.009297308909531486,70,Greed,24598.96268,1654285791.6605556,-0.2432886953022334,-0.25314389177131785,0.0001,0.0,67426.0,0.0007195659176902162,0.012714915224216649,0.01937508428911701,0.030147559595986636,0.019375928712829334
2024-10-23,2714.39990234375,70.7699966430664,2.3420000076293945,5797.419921875,19.239999771118164,-0.01091867720094922,-0.018480152964077994,0.013324890096842276,-0.009233824267679564,0.05556979733891606,71,Greed,25530.2407,1695101430.9187467,0.03715938476315459,0.024373210430104028,0.0001,0.0,66668.65,-0.01129587277243706,0.012955978699271327,0.019500200740053427,0.029840597649686152,0.01937508428911701
2024-10-24,2734.89990234375,70.19000244140625,2.5220000743865967,5809.85986328125,19.079999923706055,0.007523937915991553,-0.008229249128125489,0.07404699860464296,0.0021434731305568283,-0.008350771319909049,69,Greed,22589.83877,1526736320.912938,-0.12236346610714449,-0.10461024682265975,0.0001,0.0,68198.28,0.02268451715263484,0.015932462113421107,0.019741932515353344,0.03014002558290673,0.019500200740053427
2024-10-25,2740.89990234375,71.77999877929688,2.559999942779541,5808.1201171875,20.329999923706055,0.002191461563702766,0.022399983188136557,0.01495496910191978,-0.00029949201318627087,0.06345696186597276,72,Greed,34479.71125,2320667435.293254,0.42287087811489377,0.4187224984611352,0.0001,0.0,66698.33,-0.022239429463163648,0.016947429818240437,0.019923532141246137,0.02950547329632982,0.019741932515353344
2024-10-27,2740.89990234375,71.77999877929688,2.559999942779541,5808.1201171875,20.329999923706055,0.0,0.0,0.0,0.0,0.0,74,Greed,8653.19592,585006148.4704809,-0.3138004588490237,-0.3040584167147865,9.908e-05,2.4666666666666665e-05,68021.7,0.013750632418520554,0.017881932472849152,0.019227257818111156,0.03197704685164607,0.01914051870112592
2024-10-28,2742.89990234375,67.37999725341797,2.309000015258789,5823.52001953125,19.799999237060547,0.00072942126259476,-0.06325767149745264,-0.10319269915897362,0.002647934626732945,-0.026415724719285577,72,Greed,29046.75459,2005105729.8174448,1.2109780357581086,1.2318297140437873,9.457e-05,-4.509999999999996e-06,69962.21,0.02812846721520796,0.018027341621127277,0.019849700183855103,0.03232931861477922,0.019227257818111156
2024-10-29,2768.39990234375,67.20999908447266,2.3459999561309814,5832.919921875,19.34000015258789,0.009253781457162933,-0.002526164855852338,0.015897194551031776,0.0016128259449012198,-0.023506401253288445,72,Greed,50128.60594,3602465986.8917575,0.545685063007167,0.585921814873738,0.0001,5.430000000000007e-06,72736.42,0.03888698282937757,0.02176761538280307,0.020918484085967397,0.03195442743926184,0.019849700183855103
2024-10-30,2788.5,68.61000061035156,2.8450000286102295,5813.669921875,20.350000381469727,0.007234316137240295,0.02061627323877297,0.19285134610282678,-0.0033056916724881185,0.05090543271914016,77,Extreme Greed,26885.99056,1941210537.2882867,-0.6229864680719731,-0.618306840549542,0.0001,0.0,72344.74,-0.005399473668343945,0.02086403082558773,0.019685943600636514,0.03188054300464374,0.020918484085967397
2024-10-31,2738.300048828125,69.26000213623047,2.7070000171661377,5705.4501953125,23.15999984741211,-0.01816650912342701,0.009429264219159237,-0.04972206066106166,-0.018790134928745348,0.12934571548232596,77,Extreme Greed,29352.10297,2091144977.4946847,0.0877588412354076,0.07439998532273291,0.0001,0.0,70292.01,-0.02878461169591104,0.024996424748587202,0.01885145353936141,0.03129226790313564,0.019685943600636514
2024-11-01,2738.60009765625,69.48999786376953,2.6630001068115234,5728.7998046875,21.8799991607666,0.0001095688511384859,0.003315256766768306,-0.01638767003228602,0.004084158004525459,-0.056853706918779355,75,Greed,38301.86755,2677358022.00497,0.2661344609391186,0.24711874351399132,0.0001,0.0,69496.01,-0.011388795745506882,0.023357635268626924,0.01903860050639353,0.031022898619222673,0.01885145353936141
2024-11-02,2738.60009765625,69.48999786376953,2.6630001068115234,5728.7998046875,21.8799991607666,0.0,0.0,0.0,0.0,0.0,72,Greed,10521.67243,731232427.6311548,-1.2920614851844998,-1.2978544069198292,0.0001,0.0,69374.74,-0.0017465165389545408,0.023534158281593328,0.019066717937347186,0.03127668249386678,0.01903860050639353
2024-11-03,2738.60009765625,69.48999786376953,2.6630001068115234,5728.7998046875,21.8799991607666,0.0,0.0,0.0,0.0,0.0,74,Greed,24995.70243,1709666206.4062023,0.8652667363812984,0.8493220618430254,0.0001,0.0,68775.99,-0.008668122839253566,0.02363484019270975,0.018923178611944712,0.03112944124011357,0.019066717937347186
2024-11-04,2736.10009765625,71.47000122070312,2.7809998989105225,5712.68994140625,21.979999542236328,-0.0009132920834320161,0.028094971727141534,0.04335719196051501,-0.0028160448131902913,0.004559988951510874,70,Greed,29800.39187,2033902307.0027761,0.1758176361336773,0.17365811595574762,0.0001,0.0,67850.01,-0.013555167807772158,0.02092560773246787,0.019165098350821905,0.030922825084559513,0.018923178611944712
2024-11-05,2740.300048828125,71.98999786376953,2.6700000762939453,5782.759765625,20.489999771118164,0.0015338367843668287,0.007249392495397435,-0.04073203791511217,0.012191031029563081,-0.07019597706871061,70,Greed,33355.06888,2310418908.069922,0.1126882077921608,0.12747258709332304,0.0001,0.0,69372.01,0.02218393837390412,0.0153897255288084,0.019415826611244698,0.031316246225657755,0.019165098350821905
2024-11-06,2667.60009765625,71.69000244140625,2.746999979019165,5929.0400390625,16.270000457763672,-0.02688819289182318,-0.004175888887395827,0.028430898488741013,0.024981280957186654,-0.2306140017140018,70,Greed,104126.994787,7702283270.258009,1.1384015067046902,1.2040879599312448,0.0001,0.0,75571.99,0.08560223984821512,0.03822729651719495,0.02438078087528373,0.02821558558192478,0.019415826611244698
2024-11-07,2698.39990234375,72.36000061035156,2.693000078201294,5973.10009765625,15.199999809265137,0.011479740190580862,0.009302367042198464,-0.019853556607221007,0.007403754173995657,-0.06802753406250556,77,Extreme Greed,44869.422345,3391796661.9719553,-0.8418547119859721,-0.8201570437284622,0.0001,0.0,75857.89,0.0037760095920657505,0.035109811722722,0.024345605033367416,0.028239564539619202,0.02438078087528373
2024-11-08,2687.5,70.37999725341797,2.6689999103546143,5995.5400390625,14.9399995803833,-0.004047575121093911,-0.02774457609362235,-0.0089520060334332,0.0037497940357180464,-0.017253263686007284,75,Greed,36521.099583,2784449097.5315185,-0.20586638159875129,-0.19730972654918316,0.0001,0.0,76509.78,0.00855685431952021,0.033785129690914205,0.02360946678922092,0.02824674040517651,0.024345605033367416
2024-11-09,2687.5,70.37999725341797,2.6689999103546143,5995.5400390625,14.9399995803833,0.0,0.0,0.0,0.0,0.0,75,Greed,16942.07915,1294709001.60289,-0.7680897465170708,-0.7657640825173602,0.0001,0.0,76677.46,0.0021892171563324633,0.03351621512352065,0.02350957641665571,0.0295545868071848,0.02360946678922092
2024-11-10,2687.5,70.37999725341797,2.6689999103546143,5995.5400390625,14.9399995803833,0.0,0.0,0.0,0.0,0.0,78,Extreme Greed,61830.100435,4905441473.900737,1.2945898901224846,1.3320591331262086,0.00016571999999999998,6.571999999999997e-05,80370.01,0.04703330369431591,0.03376625095407607,0.024041584263374775,0.02872507423216037,0.02350957641665571
2024-11-11,2611.199951171875,68.04000091552734,2.9200000762939453,6001.35009765625,14.970000267028809,-0.0288015263656269,-0.03381331188501914,0.08987980557349741,0.0009685941909569238,0.0020060646512555826,76,Extreme Greed,82323.665776,6944268709.942721,0.28626831339849584,0.3475715794778318,0.00018959333333333332,2.387333333333334e-05,88647.99,0.09803226217915882,0.039836994968766394,0.029091420496776432,0.024190068669427498,0.024041584263374775
2024-11-12,2600.0,68.12000274658203,2.9070000648498535,5983.990234375,14.710000038146973,-0.00429842206071789,0.001175115130863235,-0.004461998523343721,-0.0028968514769364996,-0.017520679062518398,80,Extreme Greed,97299.887911,8540084566.279819,0.16713921585652688,0.20685423680844436,0.00043874666666666664,0.0002491533333333333,87952.01,-0.007882034011635572,0.04331973041706564,0.029145269421268227,0.024254382029517716,0.029091420496776432
2024-11-13,2580.800048828125,68.43000030517578,2.9830000400543213,5985.3798828125,14.020000457763672,-0.00741199771886598,0.004540433309838222,0.025807875075231364,0.00023220076414018386,-0.04804262294940944,84,Extreme Greed,86763.854127,7790928962.043038,-0.11460772936929958,-0.09181080677007653,0.00014985666666666666,-0.00028889,90375.2,0.027178568661184198,0.03684237476247082,0.028392164442591968,0.023944161925628746,0.029145269421268227
2024-11-14,2568.199951171875,68.69999694824219,2.7850000858306885,5949.169921875,14.3100004196167,-0.004894201906120731,0.003937825382707094,-0.0686816147619756,-0.006068108582244,0.020473708634473634,88,Extreme Greed,56729.51086,5073860815.928665,-0.424895558772584,-0.4288580733930686,0.0001,-4.985666666666666e-05,87325.59,-0.03432634643790914,0.042911162654828715,0.029525279139748888,0.02285279499908883,0.028392164442591968
2024-11-15,2565.699951171875,67.0199966430664,2.822999954223633,5870.6201171875,16.139999389648438,-0.0009739185590534588,-0.024758122586163202,0.013552228857682867,-0.013291430866793769,0.12034200213404177,80,Extreme Greed,47927.95068,4276238971.1814294,-0.16859569331804972,-0.17102815174312214,0.00010325666666666667,3.2566666666666654e-06,91032.07,0.041568314974823425,0.04324234103084658,0.030124352229269784,0.02228863041445264,0.029525279139748888
2024-11-16,2565.699951171875,67.0199966430664,2.822999954223633,5870.6201171875,16.139999389648438,0.0,0.0,0.0,0.0,0.0,86,Extreme Greed,22717.87689,2067958511.9048474,-0.7465467129939551,-0.7265119837164931,0.00011077000000000001,7.513333333333342e-06,90586.92,-0.004902030249246929,0.04393853922313249,0.03015538739595698,0.02229489790993767,0.030124352229269784
2024-11-17,2565.699951171875,67.0199966430664,2.822999954223633,5870.6201171875,16.139999389648438,0.0,0.0,0.0,0.0,0.0,90,Extreme Greed,23867.55609,2153871724.810395,0.04936790820132549,0.04070513037321434,0.00012114000000000001,1.0369999999999997e-05,89855.99,-0.008101554091419313,0.044024305553724295,0.030314981810624912,0.02217056657617853,0.03015538739595698
2024-11-18,2610.60009765625,69.16000366210938,2.9730000495910645,5893.6201171875,15.579999923706055,0.017348790536743833,0.031431681545723344,0.05177142764059131,0.003910159746206537,-0.03531258948003348,83,Extreme Greed,46545.03448,4239909950.661894,0.6679002764117636,0.6772750060903053,0.0002258933333333333,0.0001047533333333333,90464.08,0.006744588166355547,0.02511117703461314,0.03026222686575234,0.02497567615587785,0.030314981810624912
2024-11-19,2627.10009765625,69.38999938964844,2.997999906539917,5916.97998046875,16.350000381469727,0.006300496006653572,0.003320042349147119,0.008373807809822099,0.003955750520596487,0.04823988512905733,90,Extreme Greed,43660.04682,4025108502.849614,-0.06398690385797806,-0.051990163229990755,0.00023260333333333333,6.710000000000022e-06,92310.79,0.02020817024435305,0.025344918779950706,0.03032738483363209,0.025394496687755765,0.03026222686575234
2024-11-20,2648.199951171875,68.87000274658203,3.193000078201294,5917.10986328125,17.15999984741211,0.007999532098494133,-0.007522046678218695,0.06301556971786235,2.19506213354446e-05,0.04835316449300409,83,Extreme Greed,42203.198712,3950932314.646069,-0.033937406466748386,-0.018600287650020985,0.0001,-0.00013260333333333334,94286.56,0.021177619537080205,0.024636675100572054,0.029701799927567867,0.025133406551128383,0.03032738483363209
2024-11-21,2672.10009765625,70.0999984741211,3.3389999866485596,5948.7099609375,16.8700008392334,0.008984571185138249,0.017702062836089758,0.044710418738758806,0.005326251844288491,-0.0170441388627829,82,Extreme Greed,69228.360477,6722807908.325656,0.494914595115543,0.5315543306767302,0.0001,0.0,98317.12,0.04185951709945262,0.02026604152376092,0.030147559595986636,0.023950763156491077,0.029701799927567867
2024-11-22,2709.89990234375,71.23999786376953,3.128999948501587,5969.33984375,15.239999771118164,0.014046981134497769,0.01613165616169969,-0.06495790873456347,0.0034619595915364653,-0.10161341106495818,94,Extreme Greed,46189.309243,4555536773.363205,-0.40466224250394967,-0.38916254432429703,0.0001,0.0,98892.0,0.005830172847894076,0.017312955856854082,0.029840597649686152,0.0242368751195757,0.030147559595986636
2024-11-23,2709.89990234375,71.23999786376953,3.128999948501587,5969.33984375,15.239999771118164,0.0,0.0,0.0,0.0,0.0,93,Extreme Greed,24757.84367,2431609866.3295145,-0.62360601487649,-0.6277898320088467,0.0001,0.0,97672.4,-0.012409323871574746,0.018699274425601396,0.03014002558290673,0.024149148705690363,0.029840597649686152
2024-11-24,2709.89990234375,71.23999786376953,3.128999948501587,5969.33984375,15.239999771118164,0.0,0.0,0.0,0.0,0.0,80,Extreme Greed,31200.97838,3034172011.9517884,0.23130709789006787,0.22138503966524495,0.00016458666666666665,6.458666666666665e-05,97900.04,0.002327936418892903,0.01730997635482113,0.02950547329632982,0.025230436658084433,0.03014002558290673
2024-11-25,2616.800048828125,68.94000244140625,3.36899995803833,5987.3701171875,14.600000381469727,-0.03495948190340738,-0.032817831932857484,0.07390250374086611,0.0030159278201245415,-0.04290198039765308,82,Extreme Greed,50847.45096,4883444806.322193,0.48838053996741104,0.47591229967192766,0.00018756,2.2973333333333346e-05,93010.01,-0.051239836346874276,0.02977124049115863,0.03172638910446493,0.02330346435181084,0.02950547329632982
2024-11-26,2620.300048828125,68.7699966430664,3.430999994277954,6021.6298828125,14.100000381469727,0.001336617767776714,-0.0024690419843932956,0.01823581023937819,0.005705697155263866,-0.03484673040364113,79,Extreme Greed,57858.73138,5370918648.818167,0.12917438100041667,0.09514809066565384,0.00023145666666666664,4.389666666666664e-05,91965.16,-0.011297312096130885,0.029283818370294888,0.03197704685164607,0.02428520969394857,0.03172638910446493
2024-11-27,2639.89990234375,68.72000122070312,3.2039999961853027,5998.740234375,14.100000381469727,0.007452166991228204,-0.0007272590783860844,-0.06845173419305577,-0.003808481083577712,0.0,75,Greed,41153.42734,3894358511.617565,-0.34069716102729614,-0.3214699940228603,0.00019333333333333333,-3.812333333333331e-05,95863.11,0.04151142667791282,0.03261565623010281,0.03232931861477922,0.02324766495711627,0.03197704685164607
2024-11-28,2639.89990234375,68.72000122070312,3.2039999961853027,5998.740234375,14.100000381469727,0.0,0.0,0.0,0.0,0.0,77,Extreme Greed,28814.54357,2749861591.2596097,-0.35642696784834554,-0.3479783904496271,0.00012061666666666667,-7.271666666666667e-05,95643.98,-0.002288480239917697,0.027587548475067013,0.03195442743926184,0.023332680187889147,0.03232931861477922
2024-11-29,2657.0,68.0,3.36299991607666,6032.3798828125,13.510000228881836,0.006456666117155565,-0.010532590263326157,0.04843337978772082,0.005592120396801623,-0.04274465552494473,78,Extreme Greed,27701.78231,2690451030.6342874,-0.03938349030464401,-0.02184173102122509,0.00018095666666666666,6.0339999999999995e-05,97460.0,0.01880928130380514,0.02876453576132558,0.03188054300464374,0.023235790981713664,0.03195442743926184
2024-11-30,2657.0,68.0,3.36299991607666,6032.3798828125,13.510000228881836,0.0,0.0,0.0,0.0,0.0,84,Extreme Greed,14503.83306,1402672950.6998208,-0.647083790986635,-0.6513291821206613,0.00012657333333333334,-5.438333333333332e-05,96407.99,-0.010852955416106586,0.028677303972259077,0.03129226790313564,0.023226107257946944,0.03188054300464374
2024-12-01,2657.0,68.0,3.36299991607666,6032.3798828125,13.510000228881836,0.0,0.0,0.0,0.0,0.0,81,Extreme Greed,16938.60452,1641327626.6062205,0.155182344568642,0.15712577594421165,0.00015160666666666668,2.5033333333333336e-05,97185.18,0.008029148706736931,0.028896239136123655,0.031022898619222673,0.023231513856857892,0.03129226790313564
2024-12-02,2634.89990234375,68.0999984741211,3.2130000591278076,6047.14990234375,13.34000015258789,-0.008352473231234763,0.0014694855729147065,-0.04562830926682871,0.0024454638805813736,-0.012663116987917826,80,Extreme Greed,37958.66981,3646639621.737588,0.8069026232148933,0.7983006491925636,0.00021223,6.062333333333331e-05,95840.62,-0.013931627244584067,0.020239410814907814,0.03127668249386678,0.023205141192693,0.031022898619222673
2024-12-03,2644.699951171875,69.94000244140625,3.0420000553131104,6049.8798828125,13.300000190734863,0.003712425318383127,0.026660575793360352,-0.05468988651615979,0.0004513472420221813,-0.0030030023571751023,76,Extreme Greed,35827.32283,3413995542.0186563,-0.05778712138777076,-0.0659227733784856,0.00016552333333333334,-4.670666666666665e-05,95849.69,9.463180488125695e-05,0.01920965148952014,0.03112944124011357,0.023665162864991103,0.03127668249386678
2024-12-04,2653.800048828125,68.54000091552734,3.0429999828338623,6086.490234375,13.449999809265137,0.003434974654697664,-0.020220236738356396,0.0003286532534048113,0.00603318162813612,0.011215042298142144,78,Extreme Greed,43850.53728,4241994533.786106,0.20207616156893898,0.21715024897088503,0.00025373999999999997,8.821666666666662e-05,98587.32,0.028161417666881416,0.015363774031165374,0.030922825084559513,0.02319385967088635,0.03112944124011357
2024-12-05,2626.60009765625,68.30000305175781,3.0789999961853027,6075.10986328125,13.539999961853027,-0.010302322170881693,-0.0035077185456156065,0.011761002429777765,-0.0018715258393823342,0.006669172799957789,84,Extreme Greed,109921.729662,11048002942.149931,0.9189815925716219,0.9572161148649705,0.0004904333333333333,0.00023669333333333338,96945.63,-0.01679234704122157,0.017219596588922532,0.031316246225657755,0.022979628599183552,0.030922825084559513
2024-12-06,2638.60009765625,67.19999694824219,3.0759999752044678,6090.27001953125,12.770000457763672,0.004558239129528256,-0.01623660914236962,-0.0009748241209917851,0.0024923453675383123,-0.058549558775524854,72,Greed,45049.5331,4456641685.364444,-0.8920059440336559,-0.9078541853612462,0.00011544666666666666,-0.0003749866666666667,99740.84,0.028424916087496886,0.019074101579465413,0.02821558558192478,0.02236625055236689,0.031316246225657755
2024-12-07,2638.60009765625,67.19999694824219,3.0759999752044678,6090.27001953125,12.770000457763672,0.0,0.0,0.0,0.0,0.0,75,Greed,14931.9459,1487953846.8385458,-1.1042596820062578,-1.0969935780315354,0.00019478666666666668,7.934000000000002e-05,99831.99,0.0009134510578209996,0.018112738071741047,0.028239564539619202,0.023477520995158922,0.02821558558192478
2024-12-08,2638.60009765625,67.19999694824219,3.0759999752044678,6090.27001953125,12.770000457763672,0.0,0.0,0.0,0.0,0.0,79,Extreme Greed,14612.99688,1459576946.402151,-0.021591607970453855,-0.01925528802762774,0.00017045666666666668,-2.4330000000000006e-05,101109.59,0.012716305068205409,0.018329344780531123,0.02824674040517651,0.0253227585188956,0.028239564539619202
2024-12-09,2664.89990234375,68.37000274658203,3.181999921798706,6052.85009765625,14.1899995803833,0.00991798633808684,0.017260969981989026,0.03387986175701848,-0.006163167285227462,0.1054387557094042,78,Extreme Greed,53949.11595,5283626995.705648,1.3061299751169586,1.286466161901259,0.00020853333333333335,3.8076666666666674e-05,97276.47,-0.03864784755258232,0.024178632901091623,0.0295545868071848,0.024588028779436735,0.02824674040517651
2024-12-10,2697.60009765625,68.58999633789062,3.1630001068115234,6034.91015625,14.180000305175781,0.012196028210303023,0.0032125260218978198,-0.005988927246882665,-0.002968284314279252,-0.0007049189751086937,78,Extreme Greed,51708.68933,4988660195.092428,-0.04241546556208677,-0.057445417159995064,0.0001,-0.00010853333333333335,96593.0,-0.007050855728157901,0.024428154987347284,0.02872507423216037,0.0250204366857389,0.0295545868071848
2024-12-11,2733.800048828125,70.29000091552734,3.378000020980835,6084.18994140625,13.579999923706055,0.013330075570755336,0.02448285609288817,0.06576284650406404,0.008132626411368235,-0.043234426113106225,74,Greed,37753.78291,3745703763.01845,-0.31454015932802704,-0.2865578557204371,0.0001,0.0,101125.0,0.04585110055392514,0.028301705195887893,0.024190068669427498,0.02385995833061938,0.02872507423216037
2024-12-12,2687.5,70.0199966430664,3.4549999237060547,6051.25,13.920000076293945,-0.017081207143532985,-0.0038486866287931534,0.022538610540818103,-0.005428731461463251,0.02472854387472121,83,Extreme Greed,29232.08745,2949462583.8661704,-0.2558186889950765,-0.23898654121825105,0.0001,0.0,100004.29,-0.011144290310743151,0.027696454815370995,0.024254382029517716,0.023800000379840675,0.024190068669427498
2024-12-13,2656.0,71.29000091552734,3.2799999713897705,6051.08984375,13.8100004196167,-0.011790161839593786,0.017975210387811715,-0.05197902146402772,-2.646698937187397e-05,-0.007933662580971048,76,Extreme Greed,21904.03923,2203903393.0741005,-0.2885959316741736,-0.291392921008752,0.0001,0.0,101424.25,0.014099129370686553,0.026112562241756294,0.023944161925628746,0.023610896600685216,0.024254382029517716
2024-12-14,2656.0,71.29000091552734,3.2799999713897705,6051.08984375,13.8100004196167,0.0,0.0,0.0,0.0,0.0,83,Extreme Greed,14191.70326,1441594367.0463192,-0.4340135431557349,-0.42448035735397865,8.916666666666666e-05,-1.0833333333333344e-05,101420.0,-4.190407172619906e-05,0.02612406592927156,0.02285279499908883,0.02361072103489055,0.023944161925628746
2024-12-15,2656.0,71.29000091552734,3.2799999713897705,6051.08984375,13.8100004196167,0.0,0.0,0.0,0.0,0.0,80,Extreme Greed,22228.921775,2290462903.835791,0.44873670726505915,0.4630042381188311,9.398e-05,4.813333333333344e-06,104463.99,0.02957210835064263,0.02796132544184949,0.02228863041445264,0.023267178709402807,0.02285279499908883
2024-12-16,2651.39990234375,70.70999908447266,3.2139999866485596,6074.080078125,14.6899995803833,-0.0017334660635325901,-0.008169085303320521,-0.02032715051225124,0.0037921550087844295,0.06177396381481069,83,Extreme Greed,41302.40274,4364964400.634553,0.6195264523478082,0.6448560950676956,9.727e-05,3.2899999999999905e-06,106058.66,0.015149918553743596,0.020460359589861313,0.02229489790993767,0.02433685411195195,0.02228863041445264
2024-12-17,2644.39990234375,70.08000183105469,3.308000087738037,6050.60986328125,15.869999885559082,-0.00264360600282425,-0.00894951991231415,0.028827540523260184,-0.0038714794806554956,0.07726356570616974,87,Extreme Greed,29064.936466,3103833327.775107,-0.3513881607758674,-0.3409721286884784,9.288666666666667e-05,-4.3833333333333224e-06,106133.74,0.0007076596818099129,0.019417957075302753,0.02217056657617853,0.0243393036355502,0.02229489790993767
2024-12-18,2636.5,70.58000183105469,3.374000072479248,5872.16015625,27.6200008392334,-0.0029918795594432402,0.007109371433892709,0.019755201921043596,-0.02993650530451818,0.554109651038965,81,Extreme Greed,50307.99755,5194263316.259236,0.5486315462620676,0.5149169032628138,9.719666666666666e-05,4.309999999999991e-06,100204.01,-0.057491789143001994,0.02805013504435783,0.02497567615587785,0.023157950265527607,0.02217056657617853
2024-12-19,2592.199951171875,69.91000366210938,3.5840001106262207,5867.080078125,24.09000015258789,-0.01694536281780769,-0.009538091283001255,0.06038052037390054,-0.0008654867505367934,-0.13674335540527865,75,Greed,55147.398,5487546517.707752,0.0918455026845362,0.054926447203019736,0.0001,2.803333333333341e-06,97461.86,-0.02774708582409932,0.029675429075128327,0.025394496687755765,0.022504385298426265,0.02497567615587785
2024-12-20,2628.699951171875,69.45999908447266,3.747999906539917,5930.85009765625,18.360000610351562,0.01398249166131256,-0.006457718771803879,0.04474281346081278,0.010810479402397299,-0.271622404524963,74,Greed,62884.1357,6022845238.832326,0.13128435309910974,0.09307852330474624,0.0001,0.0,97805.44,0.003519077229743537,0.02887775683581912,0.025133406551128383,0.02332582082032191,0.025394496687755765
2024-12-21,2628.699951171875,69.45999908447266,3.747999906539917,5930.85009765625,18.360000610351562,0.0,0.0,0.0,0.0,0.0,73,Greed,23483.54143,2296232055.195926,-0.984994106169199,-0.9642902360147682,7.068666666666668e-05,-2.931333333333333e-05,97291.99,-0.005263536125710258,0.028789909938329333,0.023950763156491077,0.023336625674750915,0.025133406551128383
2024-12-22,2628.699951171875,69.45999908447266,3.747999906539917,5930.85009765625,18.360000610351562,0.0,0.0,0.0,0.0,0.0,73,Greed,19353.83036,1857819866.3603997,-0.19340945979216484,-0.21186585728511984,9.876333333333334e-05,2.807666666666666e-05,95186.27,-0.02188095438284901,0.024455205844015344,0.0242368751195757,0.023774099988208702,0.023950763156491077
2024-12-23,2612.300048828125,69.23999786376953,3.6559998989105225,5974.06982421875,16.780000686645508,-0.006258330803749558,-0.003172334679827193,-0.024852713498578975,0.007260849585616372,-0.08998667647636249,70,Greed,32810.76703,3100007213.494563,0.5278663733261255,0.5120007530208796,9.660333333333333e-05,-2.1600000000000064e-06,94881.47,-0.0032072803231183965,0.021729994690894313,0.024149148705690363,0.024248982889524668,0.0242368751195757
2024-12-24,2620.0,70.0999984741211,3.946000099182129,6040.0400390625,14.270000457763672,0.00294323974486273,0.012344072817910593,0.07633280679366752,0.010982233165126825,-0.1620282783920423,73,Greed,23674.22488,2287214424.7064757,-0.32636982611825105,-0.3040697697063237,0.0001,3.3966666666666742e-06,98663.58,0.039087452998785556,0.02991998399867639,0.025230436658084433,0.02326947324081501,0.024149148705690363
2024-12-25,2620.0,70.0999984741211,3.946000099182129,6040.0400390625,14.270000457763672,0.0,0.0,0.0,0.0,0.0,73,Greed,14474.1651,1426143976.0493636,-0.4920215554759576,-0.4723603868488118,0.0001,0.0,99429.6,0.007733974670366026,0.02190166198583887,0.02330346435181084,0.023284034226587556,0.025230436658084433
2024-12-26,2638.800048828125,69.62000274658203,3.7149999141693115,6037.58984375,14.729999542236328,0.007149969097485895,-0.006870850439029008,-0.06032377766937305,-0.0004057410882578191,0.031726735830086665,79,Extreme Greed,21192.36727,2049123567.3867724,0.38127573937694814,0.3624378917631194,8.621666666666667e-05,-1.3783333333333334e-05,95791.6,-0.03727485759295436,0.02402610639566965,0.02428520969394857,0.02209898459721345,0.02330346435181084
2024-12-27,2617.199951171875,70.5999984741211,3.5139999389648438,5970.83984375,15.949999809265137,-0.008219261513672152,0.013978201051839344,-0.05562368267013716,-0.01111730496491221,0.07957261787497986,74,Greed,26501.26429,2528567849.7794614,0.2235513584946925,0.2102409015519053,0.0001,1.3783333333333334e-05,94299.03,-0.01570409519397809,0.024324288960157394,0.02324766495711627,0.022256083284871452,0.02428520969394857
2024-12-28,2617.199951171875,70.5999984741211,3.5139999389648438,5970.83984375,15.949999809265137,0.0,0.0,0.0,0.0,0.0,72,Greed,8385.8929,794651624.8349555,-1.1506415635291978,-1.1575045433056674,7.604e-05,-2.3960000000000008e-05,95300.0,0.010558907393903796,0.02504361254008861,0.023332680187889147,0.022253633443241123,0.02324766495711627
2024-12-29,2617.199951171875,70.5999984741211,3.5139999389648438,5970.83984375,15.949999809265137,0.0,0.0,0.0,0.0,0.0,73,Greed,13576.00578,1278370863.9768472,0.4817530763016188,0.4754379728869622,9.337666666666668e-05,1.733666666666668e-05,93738.2,-0.016524020398176582,0.024443557570872427,0.023235790981713664,0.022048204607979224,0.023332680187889147
2024-12-30,2606.10009765625,70.98999786376953,3.936000108718872,5906.93994140625,17.399999618530273,-0.004250136932791706,0.00550886907312227,0.1134100344159054,-0.010759673941729728,0.08701136702438074,65,Greed,27619.4225,2573126059.769478,0.7102152853176277,0.6995350206395008,6.249666666666667e-05,-3.088e-05,92792.05,-0.010144822242994745,0.024631598603258635,0.023226107257946944,0.022229108838136807,0.023235790981713664
2024-12-31,2629.199951171875,71.72000122070312,3.632999897003174,5881.6298828125,17.350000381469727,0.008824710411780469,0.010230673798029735,-0.08010628192295799,-0.0042940064589823065,-0.002877655917339942,64,Greed,19612.03389,1845718801.922704,-0.3423758871896353,-0.3322527292445132,0.0001,3.750333333333333e-05,93576.0,0.008412972329420844,0.01757683256759364,0.023231513856857892,0.022237875042428124,0.023226107257946944
2025-01-01,2629.199951171875,71.72000122070312,3.632999897003174,5881.6298828125,17.350000381469727,0.0,0.0,0.0,0.0,0.0,66,Greed,10373.32613,975444194.1379983,-0.636905635578053,-0.6377311241580637,0.0001,0.0,94591.79,0.010796745473918477,0.01805276442921743,0.023205141192693,0.022686683530647234,0.023231513856857892
2025-01-02,2658.89990234375,73.12999725341797,3.6600000858306885,5868.5498046875,17.93000030517578,0.011232867866452192,0.019468975967998597,0.00740444597556923,-0.002226363149448992,0.032882776257846205,70,Greed,21970.48948,2118411852.6812794,0.7504624493872426,0.7755290098547886,0.0001,0.0,96984.79,0.02498347626229524,0.015935807405876305,0.023665162864991103,0.022575244459048537,0.023205141192693
2025-01-03,2645.0,73.95999908447266,3.3540000915527344,5942.47021484375,16.1299991607666,-0.005241401391997348,0.011285752414910675,-0.08730948016668419,0.01251735670782609,-0.10579446452967473,74,Greed,15253.82936,1486610768.5907917,-0.3648695885148791,-0.35416780480064625,8.414e-05,-1.586e-05,98174.18,0.012189085912690157,0.014235240168096118,0.02319385967088635,0.023157533981433668,0.023665162864991103
2025-01-04,2645.0,73.95999908447266,3.3540000915527344,5942.47021484375,16.1299991607666,0.0,0.0,0.0,0.0,0.0,73,Greed,8990.05651,881223751.6353602,-0.5287114427684978,-0.5229425877319401,6.165666666666668e-05,-2.248333333333333e-05,98220.5,0.00047170321374159335,0.014178126615002179,0.022979628599183552,0.024104250027324962,0.02319385967088635
2025-01-05,2645.0,73.95999908447266,3.3540000915527344,5942.47021484375,16.1299991607666,0.0,0.0,0.0,0.0,0.0,72,Greed,8095.63723,793931715.9546324,-0.10479383134321942,-0.10431411081278982,9.44e-05,3.274333333333333e-05,98363.61,0.001455967374787927,0.011060018923632375,0.02236625055236689,0.025025168540223654,0.022979628599183552
2025-01-06,2638.39990234375,73.55999755859375,3.671999931335449,5975.3798828125,16.040000915527344,-0.0024984295005021796,-0.005423027593440198,0.09058276336114922,0.005522766496818171,-0.005595180591635829,76,Extreme Greed,25263.43375,2540561688.7771435,1.1380327409529687,1.1631430153873858,0.0001,5.600000000000001e-06,102235.6,0.03860903512357024,0.013608803001696616,0.023477520995158922,0.024001157539280556,0.02236625055236689
2025-01-07,2656.699951171875,74.25,3.4489998817443848,5909.02978515625,17.81999969482422,0.006912096917743294,0.009336411136007488,-0.06265215439097231,-0.011166021516637011,0.10523574540106705,78,Extreme Greed,32059.87537,3170421659.717236,0.2382472158285088,0.22147940083002884,9.060666666666666e-05,-9.393333333333344e-06,96954.61,-0.05303702286757633,0.028912286951084117,0.0253227585188956,0.021971108351886457,0.023477520995158922
2025-01-08,2664.5,73.31999969482422,3.6510000228881836,5918.25,17.700000762939453,0.0029316900271960217,-0.012604358873549463,0.056916809274742436,0.0015591440938312422,-0.006756722233491995,70,Greed,33704.67894,3205849081.112962,0.05003140889513479,0.011112384463634531,0.0001,9.393333333333344e-06,95060.61,-0.019728242676769096,0.030178318137131656,0.024588028779436735,0.021658134488958973,0.0253227585188956
2025-01-09,2664.5,73.31999969482422,3.6510000228881836,5918.25,17.700000762939453,0.0,0.0,0.0,0.0,0.0,69,Greed,34544.83685,3217669887.245398,0.024621430433947093,0.0036804809121985063,6.43e-05,-3.57e-05,92552.49,-0.026738745131460816,0.029569306565288684,0.0250204366857389,0.021041548181427217,0.024588028779436735
2025-01-10,2708.5,76.56999969482422,3.989000082015991,5827.0400390625,19.540000915527344,0.016378553361116682,0.043371932330193555,0.08853948454129108,-0.015531637650233373,0.09889901078493853,50,Neutral,31482.86424,2962085343.283704,-0.09281469367120834,-0.08276393194997786,3.661333333333333e-05,-2.7686666666666674e-05,94726.11,0.02321373193383758,0.031000941594429503,0.02385995833061938,0.020633398766962487,0.0250204366857389
2025-01-11,2708.5,76.56999969482422,3.989000082015991,5827.0400390625,19.540000915527344,0.0,0.0,0.0,0.0,0.0,69,Greed,7047.9043,665685994.93301,-1.4967130952114955,-1.4928307268554348,4.1143333333333336e-05,4.530000000000006e-06,94599.99,-0.0013323046178590012,0.030954292638339535,0.023800000379840675,0.020700106623788274,0.02385995833061938
2025-01-12,2708.5,76.56999969482422,3.989000082015991,5827.0400390625,19.540000915527344,0.0,0.0,0.0,0.0,0.0,62,Greed,8606.86622,813278829.6583949,0.19982997216239778,0.20025593437898187,4.955333333333333e-05,8.409999999999996e-06,94545.06,-0.0005808240981644022,0.030888989386782226,0.023610896600685216,0.0209614165507574,0.023800000379840675
2025-01-13,2673.5,78.81999969482422,3.934000015258789,5836.22021484375,19.190000534057617,-0.013006500709167285,0.028961416755598178,-0.013883869638245575,0.0015742043780551176,-0.018074355619041128,61,Greed,42619.56423,3930666134.3474574,1.5997531196917327,1.5754901756751942,4.3786666666666665e-05,-5.766666666666667e-06,94536.1,-9.477411717486941e-05,0.02443456507132573,0.02361072103489055,0.021314045452395677,0.023610896600685216
2025-01-14,2677.5,77.5,3.9679999351501465,5842.91015625,18.709999084472656,0.001495047933117684,-0.016888831535749937,0.008605449233854201,0.001145623334164268,-0.02533124649612117,63,Greed,27846.61753,2676048470.3569503,-0.4256018962203001,-0.38446765626131396,9.832000000000001e-05,5.453333333333334e-05,96560.86,0.021191710994825055,0.018672107619681882,0.023267178709402807,0.021118477043570665,0.02361072103489055
2025-01-15,2712.5,80.04000091552734,4.083000183105469,5949.91015625,16.1200008392334,0.012987195526811112,0.03224858479460386,0.02856988410383702,0.018147132504516373,-0.14899730221337662,70,Greed,30509.99179,3006242382.8867946,0.09134272378100942,0.11634966601931318,6.542666666666667e-05,-3.289333333333333e-05,100497.35,0.03995787586321273,0.021831903067938505,0.02433685411195195,0.019819071931144457,0.023267178709402807
2025-01-16,2746.39990234375,78.68000030517578,4.257999897003174,5937.33984375,16.600000381469727,0.012420208736854522,-0.017137523754351097,0.041967485099018174,-0.0021149243408667613,0.029341929202495187,75,Greed,27832.85317,2765162040.639799,-0.09183713797379331,-0.08359168364282313,4.298e-05,-2.2446666666666676e-05,99987.3,-0.005088181069371945,0.017125611424636283,0.0243393036355502,0.019806187424838244,0.02433685411195195
2025-01-17,2744.300048828125,77.87999725341797,3.947999954223633,5996.66015625,15.970000267028809,-0.000764876477197021,-0.010219852162402603,-0.07559043230586174,0.009941478308394033,-0.03869073939502857,75,Greed,39171.85292,4040993985.4750466,0.34174135946609,0.3793914602530076,5.8049999999999995e-05,1.5069999999999996e-05,104077.48,0.040092443843718385,0.020062099430935967,0.023157950265527607,0.018385257991195343,0.0243393036355502
2025-01-18,2744.300048828125,77.87999725341797,3.947999954223633,5996.66015625,15.970000267028809,0.0,0.0,0.0,0.0,0.0,77,Extreme Greed,24307.82998,2521522119.379525,-0.47715993128522416,-0.4716279629137273,8.902333333333334e-05,3.0973333333333344e-05,104556.23,0.004589391046213007,0.019450442254028654,0.022504385298426265,0.018334669615686087,0.023157950265527607
2025-01-19,2744.300048828125,77.87999725341797,3.947999954223633,5996.66015625,15.970000267028809,0.0,0.0,0.0,0.0,0.0,77,Extreme Greed,43397.28298,4513423971.410253,0.5795983151556587,0.5821933261000459,0.0001,1.0976666666666666e-05,101331.57,-0.0313270015419219,0.02580365459598482,0.02332582082032191,0.017532861708448387,0.022504385298426265
2025-01-20,2744.300048828125,77.87999725341797,3.947999954223633,5996.66015625,15.970000267028809,0.0,0.0,0.0,0.0,0.0,76,Extreme Greed,89529.231732,9398787064.320715,0.7241683484864286,0.7335245843334156,0.0001,0.0,102260.01,0.009120676170877553,0.02544109139129176,0.023336625674750915,0.017555369842590887,0.02332582082032191
2025-01-21,2755.0,75.88999938964844,3.75600004196167,6049.240234375,15.0600004196167,0.003891391478642485,-0.025884229863912228,-0.04985453745849059,0.00873000944059605,-0.05866972871283094,76,Extreme Greed,45941.02002,4768512258.156502,-0.667206783162475,-0.6785462845535349,0.0001,0.0,106143.82,0.03727627951194209,0.02716015646649811,0.023774099988208702,0.016345844477131496,0.023336625674750915
2025-01-22,2767.60009765625,75.44000244140625,3.9600000381469727,6086.3701171875,15.100000381469727,0.004563111323176753,-0.005947244685812746,0.05288946238154303,0.006119181086994129,0.002652518849032259,84,Extreme Greed,22248.69254,2331144640.658579,-0.7250751556846362,-0.7156749516529141,0.0001,0.0,103706.66,-0.023228630058235156,0.02740696010467956,0.024248982889524668,0.016286858607486857,0.023774099988208702
2025-01-23,2763.10009765625,74.62000274658203,3.944999933242798,6118.7099609375,15.020000457763672,-0.0016272807543716752,-0.010929066086829906,-0.0037950975236033416,0.005299419459529372,-0.005312092270843689,75,Greed,53953.12031,5610760848.131639,0.8858322824645174,0.8783269248583154,9.09e-05,-9.100000000000004e-06,103910.34,0.001962075026061362,0.027124363970632226,0.02326947324081501,0.016308097278561542,0.024248982889524668
2025-01-24,2777.300048828125,74.66000366210938,4.0269999504089355,6101.240234375,14.850000381469727,0.005125977145751084,0.0005359179363270571,0.020572732178815143,-0.002859215984467759,-0.01138278587602501,75,Greed,23609.24017,2483818574.373748,-0.826477359073222,-0.8148892101793167,5.8036666666666666e-05,-3.2863333333333334e-05,104870.5,0.009197843721146091,0.022711742566799923,0.023284034226587556,0.016159107229863114,0.02326947324081501
2025-01-25,2777.300048828125,74.66000366210938,4.0269999504089355,6101.240234375,14.850000381469727,0.0,0.0,0.0,0.0,0.0,75,Greed,9068.32377,949511531.3578017,-0.9568507313461163,-0.9616047278523664,7.326333333333333e-05,1.5226666666666661e-05,104746.85,-0.0011797688916675218,0.022667987645805722,0.02209898459721345,0.018310684185872235,0.023284034226587556
2025-01-26,2777.300048828125,74.66000366210938,4.0269999504089355,6101.240234375,14.850000381469727,0.0,0.0,0.0,0.0,0.0,73,Greed,9812.51238,1024352365.4715523,0.07887090808011306,0.07586817847216983,8.935333333333333e-05,1.6090000000000003e-05,102620.0,-0.02051364123722352,0.020412915947187985,0.022256083284871452,0.01876555744319784,0.02209898459721345
2025-01-27,2737.5,73.16999816894531,3.697000026702881,6012.27978515625,17.899999618530273,-0.014434155176814617,-0.020159046665649796,-0.08549998237732871,-0.014688059032112328,0.18680080059864573,71,Greed,50758.1341,5092886322.829244,1.6434135381475077,1.6037841530444417,4.298e-05,-4.637333333333333e-05,102082.83,-0.005248302947392055,0.020276656295217632,0.022253633443241123,0.020588680895212156,0.022256083284871452
2025-01-28,2766.800048828125,73.7699966430664,3.4709999561309814,6067.7001953125,16.40999984741211,0.010646340249542608,0.008166623519532719,-0.06307896293642307,0.009175644177716802,-0.08690979573202155,72,Greed,22022.05765,2253977324.036209,-0.8350273113866081,-0.8151483721305022,7.854e-05,3.5560000000000005e-05,101335.52,-0.00734755111376838,0.011724212857437868,0.022048204607979224,0.020700209581404606,0.022253633443241123
2025-01-29,2769.10009765625,72.62000274658203,3.5350000858306885,6039.31005859375,16.559999465942383,0.000830957531606674,-0.015711695583328272,0.01827059938786406,-0.004689876056919602,0.00909922090372748,72,Greed,23155.35802,2380383694.772136,0.05018163017578126,0.05456533573438199,9.983000000000001e-05,2.1290000000000008e-05,103733.24,0.023385612440133215,0.013778365151848795,0.022229108838136807,0.01994996099333153,0.022048204607979224
2025-01-30,2823.0,72.7300033569336,3.046999931335449,6071.169921875,15.84000015258789,0.019277756347583747,0.001513596515076029,-0.14855584616034856,0.005261548152180238,-0.044451720687903346,70,Greed,19374.07472,2038112603.5126412,-0.1782903839885215,-0.15523750573713668,9.029666666666666e-05,-9.533333333333353e-06,104722.94,0.009495592181071395,0.01424030263663697,0.022237875042428124,0.020341563175536224,0.022229108838136807
2025-01-31,2812.5,72.52999877929688,3.0439999103546143,6040.52978515625,16.43000030517578,-0.0037263817408137866,-0.0027537477775536725,-0.0009850669188635375,-0.005059603990267195,0.0365705546041249,76,Extreme Greed,21983.18193,2282174002.1952176,0.12634188557229262,0.11310431315634081,7.075e-05,-1.954666666666666e-05,102429.56,-0.022142853251164527,0.0160823741103479,0.022686683530647234,0.026817364821122267,0.022237875042428124
2025-02-01,2812.5,72.52999877929688,3.0439999103546143,6040.52978515625,16.43000030517578,0.0,0.0,0.0,0.0,0.0,68,Greed,12290.95747,1250354228.2372296,-0.5814138763128486,-0.6017016046407198,6.478333333333334e-05,-5.966666666666658e-06,100635.65,-0.017668774175154188,0.016896042317290926,0.022575244459048537,0.031041147761520848,0.022686683530647234
2025-02-02,2812.5,72.52999877929688,3.0439999103546143,6040.52978515625,16.43000030517578,0.0,0.0,0.0,0.0,0.0,60,Greed,34619.49939,3412084312.5836277,1.0355532625334807,1.003896446170214,2.7810000000000003e-05,-3.6973333333333334e-05,97700.59,-0.029598970722466058,0.01849513099356395,0.023157533981433668,0.03084412830386384,0.022575244459048537
2025-02-03,2833.89990234375,73.16000366210938,3.3519999980926514,5994.56982421875,18.6200008392334,0.007580052840268373,0.008648621033832713,0.09638477150124344,-0.007637690729495203,0.12512736629705268,44,Fear,75164.7385,7228589180.711621,0.7752651285560415,0.7507205431358166,8.281666666666667e-05,5.500666666666666e-05,101328.52,0.03646031368487303,0.024802979192607388,0.024104250027324962,0.030885749795477598,0.023157533981433668
2025-02-04,2853.300048828125,72.69999694824219,3.253000020980835,6037.8798828125,17.209999084472656,0.006822415916365941,-0.006307531016772015,-0.029979528109916203,0.007198907403029114,-0.0787457598944896,72,Greed,40267.98697,3989698644.2649307,-0.6241254327757836,-0.5943281827685044,4.516666666666666e-05,-3.765000000000001e-05,97763.13,-0.03582039951426249,0.028119066532205087,0.025025168540223654,0.030298082472052016,0.024104250027324962
2025-02-05,2871.60009765625,71.02999877929688,3.359999895095825,6061.47998046875,15.770000457763672,0.006393163440626415,-0.023239036738083033,0.032363288812729374,0.003901053915613614,-0.08738112702359498,54,Neutral,26233.30444,2562342153.829685,-0.42852701992819536,-0.4427939562344855,1.9743333333333335e-05,-2.5423333333333328e-05,96612.43,-0.011840104206887518,0.025162534472725175,0.024001157539280556,0.030842320026339267,0.025025168540223654
2025-02-06,2856.0,70.61000061035156,3.4079999923706055,6083.56982421875,15.5,-0.005447355250461389,-0.005930519651740896,0.014184663974765447,0.003637674355266266,-0.017269406077245503,49,Neutral,23515.20405,2289071921.2175603,-0.10938257255763392,-0.1127752832190451,2.6170000000000002e-05,6.426666666666667e-06,96554.35,-0.0006013456532248081,0.024115673507385225,0.021971108351886457,0.030842169000751214,0.024001157539280556
2025-02-07,2867.300048828125,71.0,3.309000015258789,6025.990234375,16.540000915527344,0.00394879297438717,0.005508090869077976,-0.02947957317762293,-0.0095098456936602,0.06494172102266113,44,Fear,31794.22065,3107592434.6738343,0.30163733990398106,0.30570182878899527,6.713e-05,4.096e-05,96506.8,-0.0004925900520273397,0.023926032285314314,0.021658134488958973,0.03284046071696128,0.021971108351886457
2025-02-08,2867.300048828125,71.0,3.309000015258789,6025.990234375,16.540000915527344,0.0,0.0,0.0,0.0,0.0,44,Fear,10147.24294,977040267.5158631,-1.142082495641098,-1.1570757019486984,-8.796666666666667e-06,-7.592666666666667e-05,96444.74,-0.0006432703479849328,0.02370401931069686,0.021041548181427217,0.033042312710658266,0.021658134488958973
2025-02-09,2867.300048828125,71.0,3.309000015258789,6025.990234375,16.540000915527344,0.0,0.0,0.0,0.0,0.0,46,Fear,14120.91613,1359495152.3107975,0.3304550746262355,0.33034083161270056,5.437333333333333e-05,6.316999999999999e-05,96462.75,0.00018672162550374357,0.02133256827374504,0.020633398766962487,0.03483061246833739,0.021041548181427217
2025-02-10,2914.300048828125,72.31999969482422,3.444000005722046,6066.43994140625,15.8100004196167,0.016258833046568513,0.018420834822807805,0.03998755467616356,0.006690112295455172,-0.045139067185260916,43,Fear,20572.87537,1999112052.6687863,0.37631636684531283,0.3855896890131254,6.145e-05,7.076666666666673e-06,97430.82,0.009985664239646478,0.014743652776480466,0.020700106623788274,0.03481597611529177,0.020633398766962487
2025-02-11,2912.5,73.31999969482422,3.5190000534057617,6068.5,16.020000457763672,-0.0006178516064746903,0.013732706945136314,0.02154328528891293,0.00033952514367385523,0.013195292452123142,47,Neutral,18647.76379,1806534846.3863194,-0.09824724365441077,-0.10129254744215725,2.9540000000000002e-05,-3.191e-05,95778.2,-0.017107486030289196,0.008883619134408861,0.0209614165507574,0.03507613984667998,0.020700106623788274
2025-02-12,2909.0,71.37000274658203,3.565000057220459,6051.97021484375,15.890000343322754,-0.0012024393787544148,-0.026955767342579182,0.012987196401027887,-0.0027275831896475754,-0.008147968059884936,46,Fear,29151.16625,2800142168.3943653,0.44676868569319383,0.43825962945204705,3.7189999999999995e-05,7.649999999999993e-06,97869.99,0.021604863590941464,0.011806139764861126,0.021314045452395677,0.03550595860025419,0.0209614165507574
2025-02-13,2925.89990234375,71.29000091552734,3.628000020980835,6115.06982421875,15.100000381469727,0.005792712774394366,-0.001121573494846507,0.017517468119041996,0.010372313214235747,-0.050995233071065085,50,Neutral,19921.77616,1916988246.3921187,-0.380681507732354,-0.3789148575248795,4.974e-05,1.2550000000000007e-05,96608.14,-0.012976962582638805,0.013090698046673519,0.021118477043570665,0.03551324250282705,0.021314045452395677
2025-02-14,2883.60009765625,70.73999786376953,3.7249999046325684,6114.6298828125,14.770000457763672,-0.014562544873085503,-0.007744924392838291,0.026385288193606714,-7.19463955744955e-05,-0.022096641547685154,48,Neutral,18173.02646,1768073218.8690155,-0.09187498073592758,-0.0808649560484671,5.567666666666667e-05,5.936666666666667e-06,97500.48,0.009194298389878524,0.013524941037241327,0.019819071931144457,0.0355408584235519,0.021118477043570665
2025-02-15,2883.60009765625,70.73999786376953,3.7249999046325684,6114.6298828125,14.770000457763672,0.0,0.0,0.0,0.0,0.0,50,Neutral,7349.37683,717245393.778092,-0.9053229075079499,-0.9022276229458034,2.3623333333333335e-05,-3.2053333333333334e-05,97569.66,0.0007092833675137415,0.013499465779948117,0.019806187424838244,0.03576837243797364,0.019819071931144457
2025-02-16,2883.60009765625,70.73999786376953,3.7249999046325684,6114.6298828125,14.770000457763672,0.0,0.0,0.0,0.0,0.0,54,Neutral,8191.4249,794694242.2949733,0.10847233859983521,0.1025394070078892,2.457e-05,9.466666666666655e-07,96118.12,-0.014988732643856638,0.01491878907298788,0.018385257991195343,0.03577377663846528,0.019806187424838244
2025-02-17,2883.60009765625,70.73999786376953,3.7249999046325684,6114.6298828125,14.770000457763672,0.0,0.0,0.0,0.0,0.0,51,Neutral,16492.0451,1584593526.1754677,0.6997902863040304,0.6901257632702668,4.881666666666667e-05,2.424666666666667e-05,95780.0,-0.0035239568777999416,0.014190599702280914,0.018334669615686087,0.03709629706451183,0.018385257991195343
2025-02-18,2931.60009765625,71.8499984741211,4.006999969482422,6129.580078125,15.350000381469727,0.01650883496677148,0.015569437709031842,0.07297599780841364,0.002442003655551809,0.038517371348564894,47,Neutral,23368.19471,2223994802.892005,0.34849774788539994,0.3389771154787253,9.829333333333334e-05,4.947666666666667e-05,95671.74,-0.001130937870179614,0.012638516514660771,0.017532861708448387,0.037428098250210234,0.018334669615686087
2025-02-19,2919.39990234375,72.25,4.28000020980835,6144.14990234375,15.270000457763672,-0.004170300117599673,0.005551735704514271,0.0659102345764056,0.0023741488668242434,-0.005225349676138614,44,Fear,16438.50954,1576817572.1032505,-0.3517491724513699,-0.3438964186074176,7.915333333333333e-05,-1.914000000000001e-05,96644.37,0.010114995490717066,0.009758970658187205,0.017555369842590887,0.03733407001846009,0.017532861708448387
2025-02-20,2940.0,72.56999969482422,4.1519999504089355,6117.52001953125,15.65999984741211,0.0070314990870447855,0.004419282092243165,-0.030362924694657154,-0.004343604884290259,0.02521953161034285,49,Neutral,17057.39177,1663386824.7315507,0.036956919743612204,0.053447158786414324,4.345e-05,-3.570333333333333e-05,98305.0,0.017036938024453396,0.010588180888027226,0.016345844477131496,0.03711158387317454,0.017555369842590887
2025-02-21,2937.60009765625,70.4000015258789,4.234000205993652,6013.1298828125,18.209999084472656,-0.0008166266630073181,-0.030358324246371943,0.019557087445238895,-0.017211396672539132,0.15086116264458116,55,Greed,32249.2814,3143975917.5734644,0.6369121161452024,0.636632434997278,7.706666666666667e-06,-3.5743333333333334e-05,96181.98,-0.021832868521335577,0.013426495944982167,0.016286858607486857,0.03741411545529387,0.016345844477131496
2025-02-22,2937.60009765625,70.4000015258789,4.234000205993652,6013.1298828125,18.209999084472656,0.0,0.0,0.0,0.0,0.0,49,Neutral,11268.17708,1087077133.8226364,-1.051513195632381,-1.0619956488328206,6.261333333333333e-05,5.490666666666666e-05,96551.01,0.0038294476827775473,0.013580213914049441,0.016308097278561542,0.03756979287473434,0.016286858607486857
2025-02-23,2937.60009765625,70.4000015258789,4.234000205993652,6013.1298828125,18.209999084472656,0.0,0.0,0.0,0.0,0.0,50,Neutral,10884.84913,1044392011.7910241,-0.03461073095844269,-0.04005765669700181,2.91e-05,-3.351333333333332e-05,96258.0,-0.0030393831239023624,0.012291882393434183,0.016159107229863114,0.037571695448380286,0.016308097278561542
2025-02-24,2947.89990234375,70.69999694824219,3.99399995803833,5983.25,18.979999542236328,0.003500064634192458,0.004252244899222221,-0.05835399687748168,-0.004981493566252351,0.0414149256001298,49,Neutral,31550.10299,2981809595.445377,1.0642050190920442,1.0490954538084125,1.9869999999999998e-05,-9.230000000000001e-06,91552.88,-0.05011535775172125,0.02278494823142347,0.018310684185872235,0.0365199257794341,0.016159107229863114
2025-02-25,2904.5,68.93000030517578,4.173999786376953,5955.25,19.43000030517578,-0.01483176087132524,-0.02535402841274555,0.04408153298810564,-0.004690715138395557,0.02343251003220151,25,Extreme Fear,78333.11111,6962982500.904474,0.9093935352542003,0.8480775397913092,5.543333333333334e-05,3.556333333333334e-05,88680.4,-0.03187783350742482,0.024488994636308888,0.01876555744319784,0.0360824125414994,0.018310684185872235
2025-02-26,2916.800048828125,68.62000274658203,3.9059998989105225,5956.06005859375,19.100000381469727,0.0042258832321174136,-0.004507423868616894,-0.066360950901628,0.00013601502958346571,-0.017129924070949657,21,Extreme Fear,56893.54409,4898429925.6364765,-0.3197885145159564,-0.35169317237208575,6.508666666666666e-05,9.653333333333324e-06,84250.09,-0.05124925785668909,0.026627214848193376,0.020588680895212156,0.035335322032508255,0.01876555744319784
2025-02-27,2883.199951171875,70.3499984741211,3.934000015258789,5861.56982421875,21.1299991607666,-0.011586370186078948,0.024898684414304355,0.007142917271638818,-0.015991742678524653,0.10100543688551947,10,Extreme Fear,42505.45439,3618738891.2221622,-0.2915494677785376,-0.30278913787927036,6.040333333333334e-05,-4.683333333333323e-06,84708.58,0.005427257747781736,0.024216848847936463,0.020700209581404606,0.03553113987867036,0.020588680895212156
2025-02-28,2836.800048828125,69.76000213623047,3.8340001106262207,5954.5,19.6299991607666,-0.016224097946286358,-0.008421951647283326,-0.025748050368114776,0.015729780420663385,-0.07363482637456453,16,Extreme Fear,83648.03969,6806705236.690679,0.676985586206062,0.631782598008022,6.197333333333333e-05,1.5699999999999934e-06,84349.94,-0.004242797559089215,0.0250465601429989,0.01994996099333153,0.03552803213321094,0.020700209581404606
2025-03-01,2836.800048828125,69.76000213623047,3.8340001106262207,5954.5,19.6299991607666,0.0,0.0,0.0,0.0,0.0,20,Extreme Fear,25785.05464,2194003507.852643,-1.1768229459278294,-1.1321802298686068,-2.326666666666667e-05,-8.524e-05,86064.53,0.020123266049919198,0.028069666069140384,0.020341563175536224,0.035313517260177577,0.01994996099333153
2025-03-02,2836.800048828125,69.76000213623047,3.8340001106262207,5954.5,19.6299991607666,0.0,0.0,0.0,0.0,0.0,26,Fear,54889.09045,4972549515.788669,0.7555195654488058,0.8182047289320346,-2.248666666666667e-05,7.799999999999993e-07,94270.0,0.09106564168828868,0.049728208355198485,0.026817364821122267,0.03137787808644812,0.020341563175536224
2025-03-03,2890.199951171875,68.37000274658203,4.122000217437744,5849.72021484375,22.780000686645508,0.01864901343751476,-0.020126638125264197,0.07242986174136191,-0.017753402648308866,0.14882402262573163,33,Fear,59171.10218,5321123743.471923,0.0751186718491015,0.06775182140082923,1.8166666666666656e-06,2.4303333333333335e-05,86220.61,-0.08925376118948612,0.05750341431411906,0.031041147761520848,0.027455153263421496,0.026817364821122267
2025-03-04,2909.60009765625,68.26000213623047,4.349999904632568,5778.14990234375,23.510000228881836,0.00668996126638687,-0.0016101973239740863,0.053837287958234635,-0.012310288231505477,0.031542884125980525,15,Extreme Fear,55609.10706,4704901219.590436,-0.0620862999734592,-0.12307973298017083,-1.6333333333333329e-06,-3.4499999999999983e-06,87281.98,0.01223478265846054,0.05693808217153786,0.03084412830386384,0.02739815612089899,0.031041147761520848
2025-03-05,2915.300048828125,66.30999755859375,4.449999809265137,5842.6298828125,21.93000030517578,0.001957098953760298,-0.02898329621135002,0.022728230139335913,0.011097472528735688,-0.06957029594178693,20,Extreme Fear,38264.01163,3400243670.3049755,-0.37383717356760415,-0.3247576812525335,3.954333333333333e-05,4.117666666666666e-05,90606.01,0.03737651951263447,0.05401018084153975,0.030885749795477598,0.026467920220387246,0.03084412830386384
2025-03-06,2916.60009765625,66.36000061035156,4.302000045776367,5738.52001953125,24.8700008392334,0.0004458405723709752,0.0007537959571209369,-0.03382401183012501,-0.017979677107455568,0.12580671521442058,25,Extreme Fear,34342.44902,3105145628.3993993,-0.10812764056090253,-0.09078648124940589,5.589666666666667e-05,1.6353333333333338e-05,89931.89,-0.007467940338037054,0.054425979116053826,0.030298082472052016,0.026453783835946456,0.030885749795477598
2025-03-07,2904.699951171875,67.04000091552734,4.39900016784668,5770.2001953125,23.3700008392334,-0.004088489842890409,0.010194995310435618,0.02229723903597061,0.005505435045454467,-0.062209107098641185,34,Fear,57980.35713,5097554826.613157,0.5237221132542229,0.49570036345582724,-4.1000000000000004e-07,-5.630666666666667e-05,86801.75,-0.035425823298239754,0.05686871091736155,0.030842320026339267,0.028075455664319127,0.030298082472052016
2025-03-08,2904.699951171875,67.04000091552734,4.39900016784668,5770.2001953125,23.3700008392334,0.0,0.0,0.0,0.0,0.0,28,Fear,12989.23054,1119358968.6520054,-1.4959836888802496,-1.5160048069625864,2.303e-05,2.3440000000000003e-05,86222.45,-0.006696198157303769,0.05651105667527116,0.030842169000751214,0.028162164253735536,0.030842320026339267
2025-03-09,2904.699951171875,67.04000091552734,4.39900016784668,5770.2001953125,23.3700008392334,0.0,0.0,0.0,0.0,0.0,27,Fear,26115.39345,2173552660.454479,0.6984043336967007,0.6636068275309668,3.479666666666667e-05,1.176666666666667e-05,80734.37,-0.06576620160006473,0.044274969576525845,0.03284046071696128,0.026358550566934844,0.030842169000751214
2025-03-10,2891.0,66.02999877929688,4.491000175476074,5614.56005859375,27.860000610351562,-0.004727634903135915,-0.015180304110880534,0.020698152656202642,-0.027343541788428148,0.17573880579798803,20,Extreme Fear,47633.38405,3834924947.758186,0.601008933168964,0.5677868647252041,3.111e-05,-3.686666666666673e-06,78595.86,-0.026845356703792466,0.03347499515511391,0.033042312710658266,0.0297848911893751,0.03284046071696128
2025-03-11,2912.89990234375,66.25,4.453000068664551,5572.06982421875,26.920000076293945,0.007546651957820141,0.0033262991469503343,-0.008497391419023143,-0.007596646918536578,-0.03432248264884245,24,Extreme Fear,48770.06853,3927000827.1107917,0.02358291389035874,0.023726121926521987,5.570333333333333e-05,2.4593333333333334e-05,82932.99,0.053713906024732805,0.04145371017093972,0.03483061246833739,0.028913951163367372,0.033042312710658266
2025-03-12,2939.10009765625,67.68000030517578,4.084000110626221,5599.2998046875,24.229999542236328,0.008954330271122598,0.02135525494073462,-0.08650111436927402,0.004874967940490777,-0.10527799167462569,34,Fear,31933.986,2638600996.825396,-0.42344594037488004,-0.3976271349642054,3.467999999999999e-05,-2.102333333333334e-05,83680.12,0.008968502033038601,0.03755829981944348,0.03481597611529177,0.03017903993475935,0.03483061246833739
2025-03-13,2984.300048828125,66.55000305175781,4.111000061035156,5521.52001953125,24.65999984741211,0.015261784579635519,-0.016837129109330447,0.006589395372399955,-0.013988366806464148,0.017590975612529973,45,Fear,27546.27412,2260870111.2393894,-0.14780354871348073,-0.1544991070912076,1.8963333333333335e-05,-1.5716666666666658e-05,81115.78,-0.03112391755655611,0.038208380437663954,0.03507613984667998,0.029852113990029277,0.03481597611529177
2025-03-14,2994.5,67.18000030517578,4.104000091552734,5638.93994140625,21.770000457763672,0.003412042879592822,0.009421998029069015,-0.0017041925858926159,0.02104290595319694,-0.12464959527480426,27,Fear,26858.52755,2244729595.5411716,-0.02528391564137548,-0.007164677642547414,3.691333333333333e-05,1.7949999999999996e-05,83983.2,0.034739262047201416,0.0409800196326286,0.03550595860025419,0.0293855540034247,0.03507613984667998
2025-03-15,2994.5,67.18000030517578,4.104000091552734,5638.93994140625,21.770000457763672,0.0,0.0,0.0,0.0,0.0,46,Fear,11324.7332,953445671.8337505,-0.8635942575656529,-0.8562578997102325,-2.915e-05,-6.606333333333333e-05,84338.44,0.004220972745167093,0.04109965075097261,0.03551324250282705,0.029432289773317,0.03550595860025419
2025-03-16,2994.5,67.18000030517578,4.104000091552734,5638.93994140625,21.770000457763672,0.0,0.0,0.0,0.0,0.0,30,Fear,17596.12531,1468056556.2967227,0.4406896123733072,0.43161228872870044,1.9716666666666667e-05,4.886666666666667e-05,82574.53,-0.021136472120496245,0.032284706718335,0.0355408584235519,0.029241246072342124,0.03551324250282705
2025-03-17,3000.0,67.58000183105469,4.01800012588501,5675.1201171875,20.510000228881836,0.0018350159457296321,0.005936519653962617,-0.021177832453630915,0.0063956349746060355,-0.059620313029912886,32,Fear,17214.74358,1437716814.0468738,-0.02191252343602868,-0.020883146058760762,3.4660000000000004e-05,1.4943333333333337e-05,84010.03,0.017234917011719673,0.02963321204055439,0.03576837243797364,0.029081443530618183,0.0355408584235519
2025-03-18,3035.10009765625,66.9000015258789,4.052000045776367,5614.66015625,21.700000762939453,0.011632116405335577,-0.010113118438230645,0.00842629996065624,-0.010710667074319702,0.05639971246110034,34,Fear,17610.89883,1450813055.479726,0.022751760561459004,0.009067817721241385,2.092e-05,-1.3740000000000004e-05,82715.03,-0.015534869726955195,0.02330200589151718,0.03577377663846528,0.028994134686675384,0.03576837243797364
2025-03-19,3035.89990234375,67.16000366210938,4.247000217437744,5675.2900390625,19.899999618530273,0.00026348367390129166,0.0038788967949342436,0.047002304845430026,0.010740608172953766,-0.0865925831437999,32,Fear,28151.05374,2375813941.9437623,0.4690668248309676,0.49321596397111883,3.7283333333333336e-05,1.6363333333333336e-05,86845.94,0.04873441757894435,0.02987893845982249,0.03709629706451183,0.027563971417346754,0.03577377663846528
2025-03-20,3040.0,68.26000213623047,3.9749999046325684,5662.89013671875,19.799999237060547,0.001349626670783865,0.016246088036584214,-0.06618817841460645,-0.002187283513782985,-0.005037813392920311,49,Neutral,22090.30463,1885241921.1556518,-0.24244597918256458,-0.2312839383707907,2.2733333333333335e-05,-1.4550000000000001e-05,84223.39,-0.030663070683642123,0.02978565540142469,0.037428098250210234,0.027015841624003962,0.03709629706451183
2025-03-21,3018.199951171875,68.27999877929688,3.9800000190734863,5667.56005859375,19.280000686645508,-0.007196904393713174,0.00029290527428279986,0.0012570999741912314,0.0008243136078323211,-0.02661357437140071,31,Fear,11956.97443,1005135519.2560017,-0.6138240653009583,-0.628933775349595,3.152333333333333e-05,8.789999999999995e-06,84088.79,-0.0015994092488549737,0.026834497512033414,0.03733407001846009,0.02701376107018085,0.037428098250210234
2025-03-22,3018.199951171875,68.27999877929688,3.9800000190734863,5667.56005859375,19.280000686645508,0.0,0.0,0.0,0.0,0.0,32,Fear,5420.22114,456235443.8016522,-0.7911781270816434,-0.7898686560418704,2.0526666666666668e-05,-1.0996666666666662e-05,83840.59,-0.00295600663481781,0.026791419575863396,0.03711158387317454,0.027436811709533666,0.03733407001846009
2025-03-23,3018.199951171875,68.27999877929688,3.9800000190734863,5667.56005859375,19.280000686645508,0.0,0.0,0.0,0.0,0.0,30,Fear,8461.97813,718692319.1499038,0.44544635244191005,0.4544243368823225,1.9783333333333334e-05,-7.433333333333336e-07,86082.5,0.026388880980959678,0.026814269865262034,0.03741411545529387,0.02951622245023784,0.03711158387317454
2025-03-24,3013.10009765625,69.11000061035156,3.9140000343322754,5767.56982421875,17.479999542236328,-0.0016911295043418105,0.012082566886560389,-0.01672194634313559,0.01749211712863917,-0.09801098075725649,45,Fear,30115.62111,2636765917.9518433,1.2694610430895337,1.2998750768238754,1.3763333333333333e-05,-6.020000000000002e-06,87498.16,0.01631162582836565,0.026751668668624357,0.03756979287473434,0.029404710066509496,0.03741411545529387
2025-03-25,3023.699951171875,69.0,3.8399999141693115,5776.64990234375,17.149999618530273,0.0035117493782604987,-0.0015929423376389708,-0.019087533497650484,0.0015730954906538206,-0.019059192670720065,46,Fear,22643.25248,1979571590.8982937,-0.28518210709453234,-0.2866726820531643,-9.576666666666666e-06,-2.3339999999999997e-05,87392.87,-0.0012040641846587025,0.02535783268525605,0.037571695448380286,0.029397613836608494,0.03756979287473434
2025-03-26,3020.89990234375,69.6500015258789,3.8610000610351562,5712.2001953125,18.329999923706055,-0.0009264629905246514,0.00937621753636423,0.005453888842327021,-0.011219640357598032,0.06654090632055294,47,Neutral,18408.78485,1606406955.5864632,-0.20703391561622558,-0.20888047263452467,-1.471e-05,-5.133333333333334e-06,86909.17,-0.005550150091920325,0.01800990667415078,0.0365199257794341,0.029369431028100246,0.037571695448380286
2025-03-27,3060.199951171875,69.91999816894531,3.950000047683716,5693.31005859375,18.690000534057617,0.012925489441903849,0.0038689830258029543,0.022789357894636857,-0.0033124610071321114,0.01944959235261349,40,Fear,17098.03897,1487968807.7079022,-0.07386421136253271,-0.07658800679846213,1.6293333333333332e-05,3.1003333333333335e-05,87232.01,0.0037078004164337397,0.011858554019606764,0.0360824125414994,0.029373822081038985,0.0365199257794341
2025-03-28,3086.5,69.36000061035156,4.065000057220459,5580.93994140625,21.649999618530273,0.008557505502098309,-0.008041363887377214,0.028698166091290295,-0.019934601126853548,0.14701678678666755,44,Fear,27182.73169,2309946560.664114,0.46361813053662937,0.43981241672518123,3.081666666666667e-05,1.452333333333334e-05,84424.38,-0.0327151282624945,0.018642224519965656,0.035335322032508255,0.028703878358881062,0.0360824125414994
2025-03-29,3086.5,69.36000061035156,4.065000057220459,5580.93994140625,21.649999618530273,0.0,0.0,0.0,0.0,0.0,26,Fear,11696.39864,970199917.9868716,-0.8433009214780895,-0.8674775180576821,5.369333333333333e-05,2.2876666666666657e-05,82648.54,-0.02125906318917359,0.020418032269081864,0.03553113987867036,0.028368536336448806,0.035335322032508255
2025-03-30,3086.5,69.36000061035156,4.065000057220459,5580.93994140625,21.649999618530273,0.0,0.0,0.0,0.0,0.0,32,Fear,9864.49508,816584795.5288126,-0.170339030679338,-0.172371391806549,1.7853333333333334e-05,-3.5839999999999996e-05,82389.99,-0.003133210305684936,0.016173662556389887,0.03552803213321094,0.028427978805712958,0.03553113987867036
2025-03-31,3122.800048828125,71.4800033569336,4.11899995803833,5611.85009765625,22.280000686645508,0.01169228804819296,0.030107395982433494,0.013196648190452097,0.005523240357645722,0.02868400904935161,34,Fear,20569.13885,1696009191.0809648,0.7348498832283583,0.730902476134225,3.502666666666667e-05,1.7173333333333334e-05,82550.01,0.0019403425512951966,0.013525873657139463,0.035313517260177577,0.028441475421876947,0.03552803213321094
2025-04-01,3118.89990234375,71.19999694824219,3.9509999752044678,5633.06982421875,21.770000457763672,-0.0012497066576345498,-0.003924961698320787,-0.04164170011310713,0.0037741045552120668,-0.02315654960427546,34,Fear,20190.39697,1698895702.5754683,-0.01858474457777094,0.001700496644528459,3.474333333333333e-05,-2.8333333333333796e-07,85158.34,0.031108055610873073,0.020216463506856155,0.03137787808644812,0.028247826628022332,0.035313517260177577
2025-04-02,3139.89990234375,71.70999908447266,4.054999828338623,5670.97021484375,21.510000228881836,0.006710576935193882,0.007137419571240765,0.025981940080620877,0.006705661429484109,-0.01201494235336976,44,Fear,39931.457,3417279759.830764,0.6819573154197481,0.6988663894512298,5.523333333333333e-06,-2.9219999999999998e-05,82516.29,-0.031516618721199686,0.022826304501417143,0.027455153263421496,0.027433197239941847,0.03137787808644812
2025-04-03,3097.0,66.94999694824219,4.138000011444092,5396.52001953125,30.020000457763672,-0.013757020186500003,-0.06868416857286343,0.020261936854847156,-0.04960591182899663,0.3333458875335828,25,Extreme Fear,27337.84135,2259299724.8643928,-0.37889253682879204,-0.4137899337060893,5.7946666666666665e-05,5.242333333333333e-05,83213.09,0.008408938788086611,0.023272710172729114,0.02739815612089899,0.027581118216257732,0.027455153263421496
2025-04-04,3012.0,61.9900016784668,3.8369998931884766,5074.080078125,45.310001373291016,-0.02782959105341858,-0.07697291776429961,-0.0755217986613945,-0.061609061898230934,0.41166394753389157,28,Fear,32915.53976,2739842666.426737,0.18567300695171235,0.19284558872505672,5.685666666666666e-05,-1.0900000000000048e-06,83889.87,0.008100200026060092,0.020644203217976036,0.026467920220387246,0.027844187237694062,0.02739815612089899
2025-04-05,3012.0,61.9900016784668,3.8369998931884766,5074.080078125,45.310001373291016,0.0,0.0,0.0,0.0,0.0,30,Fear,9360.40468,779626577.9013436,-1.2574563547902171,-1.2568407179536076,5.467999999999999e-05,-2.176666666666669e-06,83537.99,-0.004203368759459135,0.018762609688666637,0.026453783835946456,0.02780244108809634,0.026467920220387246
2025-04-06,3012.0,61.9900016784668,3.8369998931884766,5074.080078125,45.310001373291016,0.0,0.0,0.0,0.0,0.0,34,Fear,27942.71436,2239085051.1529646,1.0936679741187696,1.0550075433324289,1.6603333333333334e-05,-3.807666666666666e-05,78430.0,-0.06309499122461922,0.030965382216946266,0.028075455664319127,0.024887565674205348,0.026453783835946456
2025-04-07,2951.300048828125,60.70000076293945,3.6549999713897705,5062.25,46.97999954223633,-0.02035854214521939,-0.021029398155768406,-0.04859469805352062,-0.0023341946059635883,0.03619418049913722,23,Extreme Fear,78387.53089,6084614024.150647,1.0315083712205957,0.9996959706031178,5.600333333333334e-05,3.940000000000001e-05,79163.24,0.00930554243469642,0.03144270624776427,0.028162164253735536,0.02490005576204184,0.028075455664319127
2025-04-08,2968.39990234375,59.58000183105469,3.4649999141693115,4982.77001953125,52.33000183105469,0.0057772864227977104,-0.018623732616628662,-0.05338347750294086,-0.015825083277054855,0.1078478858876829,24,Extreme Fear,35317.32063,2775277777.102461,-0.7972913569315128,-0.7850124516756446,3.594333333333333e-05,-2.0060000000000008e-05,76322.42,-0.036545314426559464,0.02839043250238749,0.026358550566934844,0.02549718749912777,0.028162164253735536
2025-04-09,3056.5,62.349998474121094,3.815999984741211,5456.89990234375,33.619998931884766,0.02924741627141751,0.04544366963540521,0.09649014171630077,0.09089487983303646,-0.4424487591644147,18,Extreme Fear,75488.28772,5980231256.222496,0.7596040016792435,0.7677083967784418,4.7239999999999995e-05,1.1296666666666663e-05,82615.22,0.0792271898213657,0.04441070695908689,0.0297848911893751,0.021981959446132394,0.026358550566934844
2025-04-10,3155.199951171875,60.06999969482422,3.556999921798706,5268.0498046875,40.720001220703125,0.03178139946409088,-0.037253103871513815,-0.07028527860627012,-0.03522060702411168,0.19159830601000538,39,Fear,33284.80718,2690294353.8478427,-0.8188764626486863,-0.7988086259744348,4.864666666666667e-05,1.4066666666666747e-06,79607.3,-0.03708812786599812,0.04629353449697026,0.028913951163367372,0.020380824758667506,0.0297848911893751
2025-04-11,3222.199951171875,61.5,3.5269999504089355,5363.35986328125,37.560001373291016,0.0210124709703548,0.02352663103073811,-0.008469833787630185,0.01793038083577807,-0.08077971131758639,25,Extreme Fear,34435.43797,2830363945.1787524,0.033985155625203725,0.050754693073719465,3.5366666666666674e-06,-4.511e-05,83423.84,0.04682832264786211,0.0504343379598148,0.03017903993475935,0.0192816607834709,0.028913951163367372
2025-04-12,3222.199951171875,61.5,3.5269999504089355,5363.35986328125,37.560001373291016,0.0,0.0,0.0,0.0,0.0,43,Fear,18470.74437,1557403252.9267516,-0.6228981126920657,-0.5973854530740361,4.894e-05,4.540333333333333e-05,85276.9,0.02196948907660708,0.05110532074827777,0.029852113990029277,0.0194201523583944,0.03017903993475935
2025-04-13,3222.199951171875,61.5,3.5269999504089355,5363.35986328125,37.560001373291016,0.0,0.0,0.0,0.0,0.0,45,Fear,24680.04181,2086106375.4392555,0.2898067981508549,0.2922794973665315,7.709333333333334e-05,2.8153333333333334e-05,83760.0,-0.01794804235026729,0.043693534518632546,0.0293855540034247,0.01890371822759792,0.029852113990029277
2025-04-14,3204.800048828125,61.529998779296875,3.325000047683716,5405.97021484375,30.889999389648438,-0.00541463975573675,0.0004876661007729428,-0.05897794874472076,0.007913319326342991,-0.19550720373103717,31,Fear,28659.09348,2429132805.0815287,0.14947589863320554,0.15223497310655915,5.8893333333333334e-05,-1.8200000000000002e-05,84591.58,0.009879167909975919,0.043693881673638496,0.029432289773317,0.019043330689891908,0.0293855540034247
2025-04-15,3218.699951171875,61.33000183105469,3.3289999961853027,5396.6298828125,30.1200008392334,0.004327834993182707,-0.003255691419578087,0.0012022689982044514,-0.001729275225300909,-0.025243056376930858,38,Fear,20910.99528,1780972414.3956008,-0.3151956811671206,-0.3103748079636655,2.138666666666667e-05,-3.7506666666666664e-05,83643.99,-0.01126515660201265,0.04015788672716767,0.029241246072342124,0.018758838576758932,0.029432289773317
2025-04-16,3326.60009765625,62.470001220703125,3.246999979019165,5275.7001953125,32.63999938964844,0.03297325457193712,0.018417311552440873,-0.0249404707878863,-0.022663253964902527,0.08034908060172265,29,Fear,20867.24519,1753910031.2009242,-0.0020943967721131942,-0.015311916224207888,3.7743333333333335e-05,1.6356666666666665e-05,84030.38,0.0046088222541115645,0.027621683262810847,0.029081443530618183,0.01884417872255276,0.029241246072342124
2025-04-17,3308.699951171875,64.68000030517578,3.244999885559082,5282.7001953125,29.649999618530273,-0.005395442489893157,0.0347655783810385,-0.0006161717698969011,0.0013259586237727749,-0.09607639881843334,30,Fear,13728.84772,1161659427.386263,-0.41868142180941975,-0.4119980754146574,3.502666666666666e-05,-2.716666666666674e-06,84947.91,0.010859844983458261,0.021443896265087223,0.028994134686675384,0.018919035600022425,0.029081443530618183
2025-04-18,3308.699951171875,64.68000030517578,3.244999885559082,5282.7001953125,29.649999618530273,0.0,0.0,0.0,0.0,0.0,33,Fear,6529.96315,552648483.647487,-0.7430979919174647,-0.7428826567331873,3.951333333333333e-05,4.486666666666672e-06,84474.69,-0.005586282238964962,0.014007683677614732,0.027563971417346754,0.019323059315645406,0.028994134686675384
2025-04-19,3308.699951171875,64.68000030517578,3.244999885559082,5282.7001953125,29.649999618530273,0.0,0.0,0.0,0.0,0.0,32,Fear,9666.58153,823222752.2842493,0.3922734339510829,0.3985046769984736,2.3336666666666666e-05,-1.6176666666666667e-05,85077.01,0.0071048834511910006,0.011304206985533215,0.027015841624003962,0.01954325183978307,0.027563971417346754
2025-04-20,3308.699951171875,64.68000030517578,3.244999885559082,5282.7001953125,29.649999618530273,0.0,0.0,0.0,0.0,0.0,37,Fear,8091.67725,685253644.8918362,-0.17783870059980839,-0.18343776872969467,-1.2113333333333333e-05,-3.545e-05,85179.24,0.001200895852997235,0.008230804060017574,0.02701376107018085,0.019528613757695663,0.027015841624003962
2025-04-21,3406.199951171875,63.08000183105469,3.0160000324249268,5158.2001953125,33.81999969482422,0.029041937846947277,-0.025048248304809336,-0.07318385399252582,-0.02384964833401801,0.13159022186892802,39,Fear,31773.37262,2773299591.467066,1.3677925665899133,1.3980040242973513,4.062666666666667e-05,5.274e-05,87516.23,0.027066519704468342,0.012360991382435942,0.027436811709533666,0.01948671691723236,0.02701376107018085
2025-04-22,3400.800048828125,64.30999755859375,3.006999969482422,5287.759765625,30.56999969482422,-0.0015865736672474797,0.019311311061345086,-0.0029885670391334444,0.02480695212545062,-0.10103320852701309,47,Neutral,43872.74705,3967785064.12817,0.32266473115155486,0.35817022109643915,-1.3333333333333207e-07,-4.076e-05,93442.99,0.06552725583428472,0.02413672603734778,0.02951622245023784,0.01628915380821046,0.027436811709533666
2025-04-23,3276.300048828125,62.27000045776367,3.0220000743865967,5375.85986328125,28.450000762939453,-0.03729596062718759,-0.03223532594805014,0.0049759946080229845,0.016523864366879457,-0.07187093853069917,72,Greed,27404.16808,2560279933.947952,-0.4705982096468365,-0.43809141893741416,1.5240000000000001e-05,1.5373333333333334e-05,93691.08,0.0026514695623879032,0.024299125794730533,0.029404710066509496,0.018319940938065753,0.02951622245023784
2025-04-24,3332.0,62.790000915527344,2.930000066757202,5484.77001953125,26.469999313354492,0.016857972511505684,0.008316063471168578,-0.030916442652565854,0.020056628082583162,-0.07213619709070036,63,Greed,19497.06071,1811120137.3146787,-0.34043140014516904,-0.34617108745424297,1.246666666666666e-06,-1.3993333333333335e-05,93980.47,0.0030840074520417163,0.02472311462092007,0.029397613836608494,0.018318100143373917,0.029404710066509496
2025-04-25,3282.39990234375,63.02000045776367,2.937000036239624,5525.2099609375,24.84000015258789,-0.01499789191023496,0.003656303886111966,0.0023862187424727064,0.0073460847957005125,-0.063556727090384,60,Greed,27500.66648,2596877713.640173,0.3439465186273558,0.36036432976739574,-4.9133333333333334e-06,-6.1599999999999995e-06,94638.68,0.006979277255771385,0.023450518093570013,0.029369431028100246,0.01835674790373963,0.029397613836608494
2025-04-26,3282.39990234375,63.02000045776367,2.937000036239624,5525.2099609375,24.84000015258789,0.0,0.0,0.0,0.0,0.0,65,Greed,9415.06875,889627361.8414447,-1.0718987757553795,-1.0712624425180224,-3.3346666666666664e-05,-2.843333333333333e-05,94628.0,-0.00011285663183106742,0.024069166434719604,0.029373822081038985,0.01833492151489198,0.029369431028100246
2025-04-27,3282.39990234375,63.02000045776367,2.937000036239624,5525.2099609375,24.84000015258789,0.0,0.0,0.0,0.0,0.0,61,Greed,11162.841,1052334792.1866189,0.17027903018838955,0.16796390570335876,-8.603333333333335e-06,2.474333333333333e-05,93749.3,-0.009329217194183042,0.02538308303214837,0.028703878358881062,0.01822793243076415,0.029373822081038985
2025-04-28,3332.5,62.04999923706055,3.1700000762939453,5528.75,25.149999618530273,0.015147940676365497,-0.015511644237855738,0.07634294740120305,0.0006405015390019333,0.012402618169858071,54,Neutral,22157.53351,2092532996.5551717,0.6855870575357844,0.6873639850100184,-1.734e-05,-8.736666666666665e-06,95011.18,0.013370370730845774,0.024699261738441697,0.028368536336448806,0.018375390803284226,0.028703878358881062
2025-04-29,3318.800048828125,60.41999816894531,3.385999917984009,5560.830078125,24.170000076293945,-0.004119486550149282,-0.026620353701971432,0.06591764753217541,0.005785641545556399,-0.03974568350601866,60,Greed,16955.3402,1607154803.4675477,-0.2675947117300834,-0.2639098793840241,3.15e-06,2.049e-05,94256.82,-0.007971384433910092,0.007998603771159308,0.028427978805712958,0.01880123432887153,0.028368536336448806
2025-04-30,3305.0,58.209999084472656,3.3259999752044678,5569.06005859375,24.700000762939453,-0.004166813216927875,-0.03726300009744934,-0.017878886173179828,0.0014788972519335208,0.021691076650220915,56,Greed,17661.2751,1664825670.9831252,0.0407915550334078,0.03525500300233564,-2.013e-05,-2.3279999999999997e-05,94172.0,-0.0009002869702098006,0.008006705106972946,0.028441475421876947,0.019106634858906242,0.028427978805712958
2025-05-01,3210.0,59.2400016784668,3.4790000915527344,5604.14013671875,24.600000381469727,-0.02916553616172506,0.017539872177297182,0.04497454916994852,0.006279345716451974,-0.004056816076951518,53,Neutral,21380.45343,2053857614.2732673,0.1911027182231271,0.2099993720738166,4.153333333333333e-06,2.4283333333333332e-05,96489.91,0.024315545810009744,0.01204798444085051,0.028247826628022332,0.01869930899046557,0.028441475421876947
2025-05-02,3231.89990234375,58.290000915527344,3.630000114440918,5686.669921875,22.68000030517578,0.006799232227835648,-0.016166449969052803,0.04248775731755899,0.014619191109112719,-0.08126296612994292,67,Greed,14905.74811,1446387651.5840576,-0.3607301957580738,-0.35065061463809905,-0.00010101000000000001,-0.00010516333333333334,96887.14,0.004108352658419524,0.011968914709135187,0.027433197239941847,0.0187456116679546,0.028247826628022332
2025-05-03,3231.89990234375,58.290000915527344,3.630000114440918,5686.669921875,22.68000030517578,0.0,0.0,0.0,0.0,0.0,65,Greed,9723.34838,935906144.9651498,-0.4272168750617724,-0.43530925327953485,-1.4126666666666666e-05,8.688333333333335e-05,95856.42,-0.01069534904680462,0.013095188757889533,0.027581118216257732,0.018570894791011067,0.027433197239941847
2025-05-04,3231.89990234375,58.290000915527344,3.630000114440918,5686.669921875,22.68000030517578,0.0,0.0,0.0,0.0,0.0,64,Greed,11036.38342,1053542403.8531588,0.12666735572130058,0.11839828391125147,2.448e-05,3.8606666666666664e-05,94277.62,-0.016607613109211234,0.01435813626382054,0.027844187237694062,0.018252836580084263,0.027581118216257732
2025-05-05,3311.300048828125,57.130001068115234,3.549999952316284,5650.3798828125,23.639999389648438,0.024270706904035648,-0.020101176331286184,-0.022285089747890917,-0.006402047029318447,0.04145667440402957,52,Neutral,17251.18189,1626999380.1759968,0.4466832580807057,0.43457924336959247,-3.383333333333334e-06,-2.7863333333333335e-05,94733.68,0.004825752587870044,0.013445859281844507,0.02780244108809634,0.018345376295731797,0.027844187237694062
2025-05-06,3411.39990234375,59.09000015258789,3.4630000591278076,5606.91015625,24.760000228881836,0.029781859324395553,0.03373231650728526,-0.024812307560849376,-0.007722985278391797,0.046289290341108305,59,Greed,16122.64513,1526847764.5636683,-0.06765584292504619,-0.06353212177608611,2.391666666666667e-05,2.7300000000000006e-05,96834.02,0.021928792437757434,0.015271686160764974,0.024887565674205348,0.01902334620203296,0.02780244108809634
2025-05-07,3381.39990234375,58.06999969482422,3.621000051498413,5631.27978515625,23.549999237060547,-0.008832939557882192,-0.017412533811229817,0.04461496251121383,0.004336938106710132,-0.05010366899456484,67,Greed,16644.83854,1611730124.5924542,0.03187535720209653,0.05410288806334551,8.376666666666667e-06,-1.5540000000000004e-05,97030.5,0.0020269832486365163,0.015159481912680491,0.02490005576204184,0.019582849789026774,0.024887565674205348
2025-05-08,3296.60009765625,59.90999984741211,3.5920000076293945,5663.93994140625,22.479999542236328,-0.025398132101867026,0.031194259420231813,-0.008041092441706782,0.005783021147465641,-0.04649978340350906,65,Greed,34962.02847,3508645830.5650144,0.7421624009316752,0.7779219462159127,4.2180000000000006e-05,3.3803333333333336e-05,103261.6,0.06224021212940302,0.026242387025159238,0.02549718749912777,0.01613497553646742,0.02490005576204184
2025-05-09,3335.39990234375,61.02000045776367,3.7950000762939453,5659.91015625,21.899999618530273,0.011700918988177024,0.01835825324150491,0.05497527838744996,-0.0007117341348763632,-0.026139385258591493,73,Greed,27617.39907,2847518447.981513,-0.23581659651057843,-0.20878226480150247,8.126e-05,3.908e-05,102971.99,-0.002808564699583071,0.026615146384067766,0.021981959446132394,0.016121896689650153,0.02549718749912777
2025-05-10,3335.39990234375,61.02000045776367,3.7950000762939453,5659.91015625,21.899999618530273,0.0,0.0,0.0,0.0,0.0,70,Greed,15324.78611,1588386278.502415,-0.5889744503990041,-0.5837293133051619,7.971333333333333e-05,-1.54666666666667e-06,104809.53,0.017687693367897713,0.02529699271984427,0.020380824758667506,0.01753953824927766,0.021981959446132394
2025-05-11,3335.39990234375,61.02000045776367,3.7950000762939453,5659.91015625,21.899999618530273,0.0,0.0,0.0,0.0,0.0,70,Greed,17987.12197,1873381777.2124255,0.16018453093958862,0.16502665295301291,8.05e-05,7.866666666666704e-07,104118.0,-0.0066198315306769204,0.023588746281391328,0.0192816607834709,0.01747251463408844,0.020380824758667506
2025-05-12,3220.0,61.95000076293945,3.6459999084472656,5844.18994140625,18.389999389648438,-0.03521122337030222,0.015125933600171835,-0.04005377980538777,0.03203997667702081,-0.1746796139768351,70,Greed,31272.77792,3242348937.383069,0.5530919483772512,0.5485528131814145,5.585e-05,-2.4650000000000003e-05,102791.32,-0.012823957677924932,0.025612138485346367,0.0194201523583944,0.017536398402117355,0.0192816607834709
2025-05-13,3240.300048828125,63.66999816894531,3.6470000743865967,5886.5498046875,18.219999313354492,0.006284573623097743,0.027385844879859716,0.0002742810771851462,0.007222059020245977,-0.009287151281460961,70,Greed,21253.42409,2197244118.152367,-0.38622998807174713,-0.38909414626069583,8.034333333333333e-05,2.449333333333333e-05,104103.72,0.012686796194268246,0.025230021399336954,0.01890371822759792,0.018215292913793077,0.0194201523583944
2025-05-14,3181.39990234375,63.150001525878906,3.492000102996826,5892.580078125,18.6200008392334,-0.018344612393290653,-0.008200592311148426,-0.0434302647507596,0.001023891242276054,0.02171646277508113,73,Greed,16452.9081,1704708279.3884108,-0.25601577025542743,-0.25380990258198827,6.879333333333332e-05,-1.155000000000001e-05,103507.82,-0.005740544445962826,0.02582054426543859,0.019043330689891908,0.018185480004899356,0.01890371822759792
2025-05-15,3220.699951171875,61.619998931884766,3.361999988555908,5916.93017578125,17.829999923706055,0.012277391287757004,-0.024526397124652956,-0.03793863588996701,0.004123817438757677,-0.04335388932444697,70,Greed,17998.98604,1850183474.5292037,0.0898131794169715,0.08189081063006869,3.251e-05,-3.6283333333333325e-05,103763.71,0.0024691295519930546,0.010997442773506057,0.018758838576758932,0.018226665348383717,0.019043330689891908
2025-05-16,3182.0,62.4900016784668,3.3340001106262207,5958.3798828125,17.239999771118164,-0.012088782158285714,0.014020094966139728,-0.008363214072638675,0.006980849368100189,-0.03365017563674573,71,Greed,15683.88024,1628832372.3241482,-0.13768197660465673,-0.12742138746387457,5.6023333333333336e-05,2.3513333333333337e-05,103463.9,-0.0028935353660749547,0.011001997755833458,0.01884417872255276,0.0182162384050397,0.018758838576758932
2025-05-17,3182.0,62.4900016784668,3.3340001106262207,5958.3798828125,17.239999771118164,0.0,0.0,0.0,0.0,0.0,74,Greed,11250.89622,1160418362.950618,-0.332185659116319,-0.33908282431703074,2.2526666666666666e-05,-3.3496666666666674e-05,103126.65,-0.0032649150658740724,0.008061047286641835,0.018919035600022425,0.018301481811162697,0.01884417872255276
2025-05-18,3182.0,62.4900016784668,3.3340001106262207,5958.3798828125,17.239999771118164,0.0,0.0,0.0,0.0,0.0,74,Greed,21599.98726,2262214972.0749383,0.6522449353977093,0.6675638116495392,7.548333333333333e-05,5.295666666666667e-05,106454.26,0.03175756480007516,0.014841880877619323,0.019323059315645406,0.01779715612259571,0.018919035600022425
2025-05-19,3228.89990234375,62.689998626708984,3.11299991607666,5963.60009765625,18.139999389648438,0.014631561796196542,0.003195352579058796,-0.0685859530093522,0.0008757295660482738,0.05088715908092825,74,Greed,30260.03524,3150324504.5954514,0.33713514805809575,0.33116105540100854,4.713333333333333e-05,-2.8349999999999998e-05,105573.74,-0.00830574322175089,0.014110619822049798,0.01954325183978307,0.017749342911761792,0.019323059315645406
2025-05-20,3280.300048828125,62.560001373291016,3.427000045776367,5940.4599609375,18.09000015258789,0.015793404801633753,-0.0020758051911769233,0.09609839174955477,-0.0038877770695725784,-0.0027601031981324977,71,Greed,23705.48275,2509102444.669598,-0.24412151188458714,-0.2275803674360992,5.583666666666667e-05,8.703333333333335e-06,106849.99,0.012016222070838009,0.014042467178384352,0.019528613757695663,0.017600545280400552,0.01954325183978307
2025-05-21,3309.300048828125,61.56999969482422,3.368000030517578,5844.60986328125,20.8700008392334,0.008801804902702907,-0.015951384222085634,-0.017366150808915484,-0.016266719267758897,0.14295345345940377,70,Greed,45531.040345,4914709514.320026,0.6526879376965671,0.6723075525573884,7.011e-05,1.4273333333333338e-05,109643.99,0.025812774424210004,0.01548935244053564,0.01948671691723236,0.017003403931565037,0.019528613757695663
2025-05-22,3292.300048828125,61.20000076293945,3.253000020980835,5842.009765625,20.280000686645508,-0.005150277910234424,-0.006027531981941245,-0.03474145150021651,-0.0004449700224211693,-0.028677548720296264,72,Greed,31630.77313,3509432834.573417,-0.36426381879244907,-0.336778211155002,0.0001,2.989e-05,111696.21,0.018544112729196732,0.01568376812648465,0.01628915380821046,0.016632637711665663,0.01948671691723236
2025-05-23,3363.60009765625,61.529998779296875,3.3340001106262207,5802.81982421875,22.290000915527344,0.021425434503964738,0.005377638928633734,0.02459516356892924,-0.006730899591473139,0.0945029758899914,78,Extreme Greed,31737.72309,3469704446.3904047,0.003375496277438598,-0.011385022449428297,8.398666666666666e-05,-1.6013333333333345e-05,107318.3,-0.03998359037453153,0.02466552663483146,0.018319940938065753,0.015196726527095986,0.01628915380821046
2025-05-24,3363.60009765625,61.529998779296875,3.3340001106262207,5802.81982421875,22.290000915527344,0.0,0.0,0.0,0.0,0.0,66,Greed,16782.53129,1819958819.7748587,-0.6371674349590373,-0.6452555420449783,5.317e-05,-3.081666666666666e-05,107761.91,0.004125071563271793,0.02439827760279007,0.018318100143373917,0.017203235725818805,0.018319940938065753
2025-05-25,3363.60009765625,61.529998779296875,3.3340001106262207,5802.81982421875,22.290000915527344,0.0,0.0,0.0,0.0,0.0,74,Greed,17710.04695,1904366455.425858,0.05379356156467715,0.045335509599571736,6.186e-05,8.689999999999993e-06,109004.19,0.011462065339148519,0.02194917035057633,0.01835674790373963,0.01711435931032747,0.018318100143373917
2025-05-26,3363.60009765625,61.529998779296875,3.3340001106262207,5802.81982421875,22.290000915527344,0.0,0.0,0.0,0.0,0.0,73,Greed,14649.11593,1605578282.107903,-0.18975211526874233,-0.17066539186682209,9.037666666666667e-05,2.8516666666666678e-05,109434.79,0.003942524889582682,0.021342003525144634,0.01833492151489198,0.017250319019107993,0.01835674790373963
2025-05-27,3299.10009765625,60.88999938964844,3.3980000019073486,5921.5400390625,18.959999084472656,-0.019362124406121534,-0.010455893316601546,0.019014206301223757,0.02025258080218437,-0.16180673993166564,74,Greed,21276.65635,2327603851.119265,0.37323053815092827,0.3713553562760076,5.797333333333333e-05,-3.240333333333334e-05,108938.17,-0.004548373170012511,0.02136969433401335,0.01822793243076415,0.017244225317941456,0.01833492151489198
2025-05-28,3293.60009765625,61.84000015258789,3.2039999961853027,5888.5498046875,19.309999465942383,-0.0016685124798728683,0.015481459149985511,-0.05878699579554718,-0.005586802576444734,0.018291620243806275,71,Greed,15633.78829,1689136748.5130312,-0.30817603765158713,-0.3206217496082043,3.597333333333333e-05,-2.2e-05,107781.78,-0.0106718460844975,0.019144914661042192,0.018375390803284226,0.01714071131433037,0.01822793243076415
2025-05-29,3317.10009765625,60.939998626708984,3.5220000743865967,5912.169921875,19.18000030517578,0.007109715550713264,-0.014660655724199617,0.09462900317906153,0.0040031708706317415,-0.006754983416935554,74,Greed,19834.70116,2128639017.5081618,0.2379984994894113,0.23126521784778858,4.792333333333333e-05,1.1949999999999999e-05,105589.75,-0.02054732532520838,0.017643904313571022,0.01880123432887153,0.016708983398338192,0.018375390803284226
2025-05-30,3288.89990234375,60.790000915527344,3.447000026702881,5911.68994140625,18.56999969482422,-0.008537804000789136,-0.002464434201305977,-0.021524735913139748,-8.118845699520562e-05,-0.032320726435630054,60,Greed,23706.49799,2493078549.591861,0.17831619979890037,0.15803549552063068,4.621e-05,-1.7133333333333294e-06,103985.48,-0.015310028157546413,0.011639893118536172,0.019106634858906242,0.016516274619792794,0.01880123432887153
2025-05-31,3288.89990234375,60.790000915527344,3.447000026702881,5911.68994140625,18.56999969482422,0.0,0.0,0.0,0.0,0.0,50,Neutral,11289.35922,1174000801.5070379,-0.7418885672254943,-0.7531009079840081,6.915e-05,2.294e-05,104591.88,0.00581464554481119,0.011864077740628533,0.01869930899046557,0.01665090988641776,0.019106634858906242
2025-06-01,3288.89990234375,60.790000915527344,3.447000026702881,5911.68994140625,18.56999969482422,0.0,0.0,0.0,0.0,0.0,56,Greed,9709.70006,1016188486.9505996,-0.15073522810744375,-0.1443585535183567,1.9566666666666667e-05,-4.958333333333334e-05,105642.93,0.00999890319604234,0.011549524984700197,0.0187456116679546,0.016763454560202045,0.01869930899046557
2025-06-02,3370.60009765625,62.52000045776367,3.694000005722046,5935.93994140625,18.360000610351562,0.02453766635895122,0.02806119605402807,0.069205588044629,0.004093651490626028,-0.011372940494915069,64,Greed,13453.98813,1409004206.9863732,0.3261501853157194,0.32682436810595233,3.139333333333333e-05,1.1826666666666663e-05,105857.99,0.002033656157331761,0.011338271571099831,0.018570894791011067,0.01760879451133117,0.0187456116679546
2025-06-03,3350.199951171875,63.40999984741211,3.7219998836517334,5970.3701171875,17.690000534057617,-0.006070768059979941,0.01413506243041926,0.007551243634389918,0.005783533535368979,-0.03717488007439647,64,Greed,13259.52634,1402493746.5993218,-0.014559314183129134,-0.0046313190558878526,5.1756666666666665e-05,2.0363333333333335e-05,105376.89,-0.004555126803574655,0.01133825212037145,0.018252836580084263,0.01760815498453945,0.018570894791011067
2025-06-04,3373.5,62.849998474121094,3.7160000801086426,5970.81005859375,17.610000610351562,0.006930750112583484,-0.008870664547419721,-0.0016132844510954663,7.368474471916267e-05,-0.004532581194009188,62,Greed,14034.89482,1476928482.3688781,0.056830452509528,0.05171268185070042,1.1873333333333334e-05,-3.988333333333333e-05,104696.86,-0.00647422512636591,0.011080823274703734,0.018345376295731797,0.01779691298249517,0.018252836580084263
2025-06-05,3350.699951171875,63.369998931884766,3.677000045776367,5939.2998046875,18.479999542236328,-0.006781516425104247,0.00823963572205525,-0.010550627740839584,-0.005291357978698112,0.04822208427528902,57,Greed,22321.50154,2301567892.5305448,0.464003692883928,0.4436260015901999,2.7003333333333333e-05,1.5129999999999999e-05,101508.68,-0.030924814911036578,0.013960496770304434,0.01902334620203296,0.016742306082693538,0.018345376295731797
2025-06-06,3322.699951171875,64.58000183105469,3.7839999198913574,6000.35986328125,16.770000457763672,-0.008391573926159246,0.01891424720320025,0.028684415250757576,0.010228196215376713,-0.09709743831107769,45,Fear,15839.07385,1642382404.9355752,-0.3430704929366137,-0.33744270944799015,-3.172e-05,-5.8723333333333334e-05,104288.44,0.027016209665029333,0.017727564954259877,0.019582849789026774,0.01613480779100132,0.01902334620203296
2025-06-07,3322.699951171875,64.58000183105469,3.7839999198913574,6000.35986328125,16.770000457763672,0.0,0.0,0.0,0.0,0.0,52,Neutral,8344.93206,877915380.9548231,-0.640825499932621,-0.6263529406811792,-1.918e-05,1.2540000000000002e-05,105552.15,0.012044621848145592,0.01819404238035739,0.01613497553646742,0.016112434972371793,0.019582849789026774
2025-06-08,3322.699951171875,64.58000183105469,3.7839999198913574,6000.35986328125,16.770000457763672,0.0,0.0,0.0,0.0,0.0,62,Greed,8048.06305,850887129.4282976,-0.03622296810739108,-0.031270725038288406,2.2730000000000004e-05,4.1910000000000004e-05,105734.0,0.0017213626629398297,0.017799579696221073,0.016121896689650153,0.016140214206403346,0.01613497553646742
2025-06-09,3332.10009765625,65.29000091552734,3.634999990463257,6005.8798828125,17.15999984741211,0.0028250744326858415,0.010934105537609646,-0.04017252165737706,0.0009195251863913659,0.022989482036049294,62,Greed,19975.37451,2154922022.221173,0.9090687928415209,0.9292303303913859,1.639e-05,-6.340000000000004e-06,110263.02,0.0419420963494116,0.023869794074219235,0.01753953824927766,0.014696009206131932,0.016121896689650153
2025-06-10,3320.89990234375,64.9800033569336,3.5329999923706055,6038.81005859375,16.950000762939453,-0.003366964044300687,-0.004759317319035391,-0.02846174214435264,0.005468012541646841,-0.01231320633011249,71,Greed,17071.82839,1867620550.192173,-0.15707059803602128,-0.14308935073302786,8.179666666666667e-05,6.540666666666667e-05,110274.39,0.00010311175786527098,0.023595557469212856,0.01747251463408844,0.016554461223437098,0.01753953824927766
2025-06-11,3321.300048828125,68.1500015258789,3.506999969482422,6022.240234375,17.260000228881836,0.000120486130438958,0.04763159863056644,-0.0073864037614050125,-0.002747660318287345,0.018123820078471166,72,Greed,13115.91638,1434884639.7506304,-0.26360315883398466,-0.2635807320214404,7.402666666666667e-05,-7.770000000000002e-06,108645.12,-0.01488492352072924,0.024560159432077816,0.017536398402117355,0.016373506810211002,0.01747251463408844
2025-06-12,3380.89990234375,68.04000091552734,3.492000102996826,6045.259765625,18.020000457763672,0.01778563010253441,-0.0016153995491640903,-0.004286294983699447,0.0038151330716763875,0.04309057866717449,71,Greed,17778.67218,1908309274.0868344,0.30417306321435206,0.28513319766488227,3.4336666666666666e-05,-3.969e-05,105671.73,-0.027749388787279217,0.023797295702995564,0.018215292913793077,0.01535880068903299,0.017536398402117355
2025-06-13,3431.199951171875,72.9800033569336,3.5810000896453857,5976.97021484375,20.81999969482422,0.014768122634469274,0.0700896960229113,0.025167448577475875,-0.01136066859010289,0.14443177094572332,61,Greed,26180.81734,2735461890.6929703,0.3870274332526025,0.36008264981116717,5.953333333333333e-06,-2.8383333333333333e-05,106066.59,0.0037297023772628075,0.021877892454368855,0.018185480004899356,0.015479909417108079,0.018215292913793077
2025-06-14,3431.199951171875,72.9800033569336,3.5810000896453857,5976.97021484375,20.81999969482422,0.0,0.0,0.0,0.0,0.0,63,Greed,8798.93969,925568614.1784065,-1.0903957555577406,-1.0836473153392088,2.317e-05,1.7216666666666667e-05,105414.64,-0.0061655785271072,0.0216232319437685,0.018226665348383717,0.015368508366110957,0.018185480004899356
2025-06-15,3431.199951171875,72.9800033569336,3.5810000896453857,5976.97021484375,20.81999969482422,0.0,0.0,0.0,0.0,0.0,60,Greed,7164.20047,754596887.8748004,-0.2055347576746007,-0.20422458336483576,1.722333333333333e-05,-5.9466666666666685e-06,105594.01,0.0017001202861056666,0.021622921099645396,0.0182162384050397,0.015872629785806648,0.018226665348383717
2025-06-16,3396.39990234375,71.7699966430664,3.747999906539917,6033.10986328125,19.110000610351562,-0.010194021599707037,-0.016718962337808015,0.04558022339027415,0.0093488231481891,-0.08570225833796581,61,Greed,14922.6654,1599849840.7325244,0.7337847581555418,0.7514813709649921,2.9330000000000002e-05,1.210666666666667e-05,106794.53,0.011305061807508105,0.01309123433592642,0.018301481811162697,0.015823326450948135,0.0182162384050397
2025-06-17,3386.60009765625,74.83999633789062,3.8510000705718994,5982.72021484375,21.600000381469727,-0.0028895213050230267,0.04188593780488692,0.027110533718187765,-0.008387259723643134,0.12248154215971613,68,Greed,17866.33025,1883173484.8990998,0.18003672500742965,0.16304860231389615,3.278e-05,3.449999999999999e-06,104551.17,-0.02123009135616664,0.014254586383820126,0.01779715612259571,0.015118112602466571,0.018301481811162697
2025-06-18,3389.800048828125,75.13999938964844,3.989000082015991,5980.8701171875,20.139999389648438,0.0009444399210661637,0.0040005795495912455,0.0352077203254333,-0.00030928803472058796,-0.06998547536577886,52,Neutral,13968.64167,1461383024.3622093,-0.24610301332434287,-0.2535751133163331,2.8783333333333333e-05,-3.9966666666666685e-06,104886.78,0.0032048660451346727,0.014356051512064125,0.017749342911761792,0.015361672227365465,0.01779715612259571
2025-06-19,3389.800048828125,75.13999938964844,3.989000082015991,5980.8701171875,20.139999389648438,0.0,0.0,0.0,0.0,0.0,57,Greed,7678.60737,803402575.962045,-0.5983767379302953,-0.598282615033406,1.2856666666666668e-05,-1.5926666666666664e-05,104658.59,-0.0021779540173212956,0.010288282257500052,0.017600545280400552,0.015344055705848203,0.017749342911761792
2025-06-20,3368.10009765625,74.93000030517578,3.8469998836517334,5967.83984375,20.6200008392334,-0.0064221208610746846,-0.0027986835739336347,-0.036246999957546704,-0.002181035215587759,0.02355366230380821,54,Neutral,16419.06283,1714411911.0114017,0.7600048288011092,0.7579694635163281,4.609000000000001e-05,3.323333333333334e-05,103297.99,-0.013085610610985732,0.010845404237675363,0.017003403931565037,0.015101262442807538,0.017600545280400552
2025-06-21,3368.10009765625,74.93000030517578,3.8469998836517334,5967.83984375,20.6200008392334,0.0,0.0,0.0,0.0,0.0,49,Neutral,11154.21332,1144829784.7306418,-0.3866257247247311,-0.40381414644853253,4.45e-05,-1.5900000000000102e-06,102120.01,-0.011469227749354669,0.011218793741822976,0.016632637711665663,0.014823532941065256,0.017003403931565037
2025-06-22,3368.10009765625,74.93000030517578,3.8469998836517334,5967.83984375,20.6200008392334,0.0,0.0,0.0,0.0,0.0,42,Fear,28746.41072,2892695407.8086877,0.9466956121658259,0.9269327681911174,5.676e-05,1.2260000000000001e-05,100963.87,-0.011385960226360707,0.01109605026956468,0.015196726527095986,0.014820413987156819,0.016632637711665663
2025-06-23,3377.699951171875,68.51000213623047,3.697999954223633,6025.169921875,19.829999923706055,0.0028461738938607515,-0.08957459725292966,-0.03950147294001118,0.009560655071259439,-0.0390655806044794,47,Neutral,27666.50609,2836166831.044449,-0.03829039979215287,-0.01973530140351665,3.3966666666666675e-06,-5.336333333333333e-05,105333.93,0.0423728593887924,0.021081252194086506,0.017203235725818805,0.0133722757267444,0.015196726527095986
2025-06-24,3317.39990234375,64.37000274658203,3.5369999408721924,6092.18017578125,17.479999542236328,-0.018013675886811464,-0.06233202246291182,-0.044513227079844724,0.011060328616958607,-0.12613859464476848,65,Greed,14651.69335,1543451113.4563613,-0.6356665993216145,-0.6084325411863241,9.7e-06,6.303333333333333e-06,106083.0,0.007086217120930923,0.019420271174350794,0.01711435931032747,0.013427543376380163,0.017203235725818805
2025-06-25,3327.10009765625,64.91999816894531,3.4059998989105225,6092.16015625,16.760000228881836,0.0029197688926843124,0.008507985708414682,-0.037740340945733086,-3.286108349665331e-06,-0.04206223532916502,66,Greed,16701.15551,1789545470.94629,0.13092199343048042,0.14794076882948665,1.7833333333333338e-06,-7.916666666666667e-06,107340.58,0.011784963544526447,0.019770862514053605,0.017250319019107993,0.013452089168484824,0.01711435931032747
2025-06-26,3333.5,65.23999786376953,3.260999917984009,6141.02001953125,16.59000015258789,0.0019217200310753606,0.004917030567025608,-0.0435046809040558,0.007988131032516797,-0.010194995310435646,74,Greed,10573.27279,1136093974.6816013,-0.4571485272028167,-0.4543656196930826,1.542666666666667e-05,1.3643333333333335e-05,106947.06,-0.003672824455672302,0.019847862581993874,0.017244225317941456,0.013392667610841213,0.017250319019107993
2025-06-27,3273.699951171875,65.5199966430664,3.739000082015991,6173.06982421875,16.31999969482422,-0.018101974273062114,0.004282643300932393,0.1367843462736337,0.005205399256150098,-0.01640878256347104,65,Greed,12232.44042,1308420348.9100094,0.14576209149597505,0.14122452800662863,2.1110000000000003e-05,5.683333333333334e-06,107047.59,0.0009395562683027059,0.018612260721552833,0.01714071131433037,0.013492036217411763,0.017244225317941456
2025-06-28,3273.699951171875,65.5199966430664,3.739000082015991,6173.06982421875,16.31999969482422,0.0,0.0,0.0,0.0,0.0,65,Greed,3282.17352,352025390.6031135,-1.3155856120663496,-1.312872542665929,3.108666666666667e-05,9.976666666666665e-06,107296.79,0.0023252311283283957,0.01724649101662251,0.016708983398338192,0.013768080266714356,0.01714071131433037
2025-06-29,3273.699951171875,65.5199966430664,3.739000082015991,6173.06982421875,16.31999969482422,0.0,0.0,0.0,0.0,0.0,68,Greed,6831.7364,736708189.9495684,0.7330730111323308,0.7384885653106484,5.5366666666666666e-05,2.4279999999999998e-05,108356.93,0.00983195226177919,0.015207358960212119,0.016516274619792794,0.01372927051650109,0.016708983398338192
2025-06-30,3294.39990234375,65.11000061035156,3.4560000896453857,6204.9501953125,16.729999542236328,0.006303198845365553,-0.006277231686631752,-0.07870634104938365,0.005151137506128882,0.0248121568004225,66,Greed,9754.12491,1050407152.345058,0.3561113906304136,0.3547412614260971,2.988666666666667e-05,-2.5479999999999997e-05,107146.5,-0.011233628430860393,0.00806386825016007,0.01665090988641776,0.013492279790981235,0.016516274619792794
2025-07-01,3336.699951171875,65.44999694824219,3.4149999618530273,6198.009765625,16.829999923706055,0.012758252337171075,0.005208289105661505,-0.011934395028530534,-0.0011191571098791433,0.005959516032616415,64,Greed,10505.62437,1117432945.8926365,0.07422050480348491,0.06185618888330296,2.1653333333333335e-05,-8.233333333333335e-06,105681.14,-0.01377060945880646,0.009739079587780133,0.016763454560202045,0.013684160494259488,0.01665090988641776
2025-07-02,3348.0,67.44999694824219,3.48799991607666,6227.419921875,16.639999389648438,0.003380872641776682,0.030100091680430326,0.021151000133805536,0.0047338743064907745,-0.011353604956222913,63,Greed,17691.89592,1915699005.8772898,0.5211959090662109,0.5390485301245406,3.113333333333333e-05,9.479999999999994e-06,108849.6,0.029540665453745153,0.014589264333995081,0.01760879451133117,0.013448242661172293,0.016763454560202045
2025-07-03,3331.60009765625,67.0,3.4089999198913574,6279.35009765625,16.3799991607666,-0.004910454236063616,-0.0066939180180563464,-0.02290951232953838,0.00830437821066394,-0.01574837152360857,73,Greed,13047.08225,1429459048.6383262,-0.3045421507088984,-0.2927864871168606,4.487e-05,1.3736666666666673e-05,109584.78,0.006731383365643195,0.014444946094641774,0.01760815498453945,0.013485065201024556,0.01760879451133117
2025-07-04,3331.60009765625,67.0,3.4089999198913574,6279.35009765625,16.3799991607666,0.0,0.0,0.0,0.0,0.0,73,Greed,11793.86615,1276215111.6683652,-0.1009849478720582,-0.11339733151117005,4.0119999999999995e-05,-4.750000000000007e-06,107984.24,-0.014713205707567904,0.016028603376507813,0.01779691298249517,0.013379221511403904,0.01760815498453945
2025-07-05,3331.60009765625,67.0,3.4089999198913574,6279.35009765625,16.3799991607666,0.0,0.0,0.0,0.0,0.0,67,Greed,3736.9757,403928702.1967476,-1.1493029305828406,-1.1504156498326954,2.7086666666666663e-05,-1.3033333333333333e-05,108198.12,0.001978700480306492,0.016025244156084816,0.016742306082693538,0.01341708006711767,0.01779691298249517
2025-07-06,3331.60009765625,67.0,3.4089999198913574,6279.35009765625,16.3799991607666,0.0,0.0,0.0,0.0,0.0,66,Greed,6447.607,700733299.5112199,0.5454324062752807,0.5508889747786507,1.5446666666666666e-05,-1.1639999999999997e-05,109203.84,0.009252236497324772,0.015974588413316813,0.01613480779100132,0.013469107564963707,0.016742306082693538
2025-07-07,3332.199951171875,67.93000030517578,3.4119999408721924,6229.97998046875,17.790000915527344,0.0001800334682463348,0.013785148304748359,0.0008796426434594774,-0.007893368104244017,0.08257552595110282,73,Greed,9405.37601,1020848316.0537041,0.3775723875364629,0.37626188557333134,3.356333333333334e-05,1.8116666666666672e-05,108262.94,-0.008653329682976453,0.015669076237619976,0.016112434972371793,0.013373375257043211,0.01613480779100132
2025-07-08,3307.0,68.33000183105469,3.3399999141693115,6225.52001953125,16.809999465942383,-0.007591297859755788,0.0058711678942017665,-0.021327831009265562,-0.0007161432504695748,-0.05666263749048405,65,Greed,9216.0208,1000112813.4398943,-0.020338080856369723,-0.020521156968660883,3.079e-05,-2.773333333333336e-06,108922.98,0.0060781291164992805,0.014173722777367387,0.016140214206403346,0.013816181862311273,0.016112434972371793
2025-07-09,3311.60009765625,68.37999725341797,3.2139999866485596,6263.259765625,15.9399995803833,0.0013900517720019155,0.0007314084547858205,-0.03845451812962765,0.00604380277677969,-0.053142268612983594,66,Greed,17282.2865,1902054744.194924,0.6287387143287297,0.642821939068924,3.5806666666666664e-05,5.016666666666662e-06,111233.99,0.02099497361671242,0.011809914785129194,0.014696009206131932,0.013462076827803275,0.016140214206403346
2025-07-10,3317.39990234375,66.56999969482422,3.3369998931884766,6280.4599609375,15.779999732971191,0.0017498283805606845,-0.026826323016373506,0.037555904599818384,0.0027424410729257912,-0.010088348541556767,71,Greed,24883.450665,2826460280.4452233,0.3645208753530761,0.3960903983307547,6.810333333333333e-05,3.2296666666666665e-05,116010.0,0.042040393709379065,0.01898342244344269,0.016554461223437098,0.011090593171280472,0.014696009206131932
2025-07-11,3356.0,68.44999694824219,3.313999891281128,6259.75,16.399999618530273,0.011568474452741711,0.027849486122376768,-0.006916281562553922,-0.0033029717732258423,0.038538013074052885,71,Greed,25873.521148,3039521803.027247,0.03901714567447637,0.07267505693254099,0.0001,3.1896666666666676e-05,117527.66,0.012997315848983379,0.01609278808706892,0.016373506810211002,0.011697837286975253,0.016554461223437098
2025-07-12,3356.0,68.44999694824219,3.313999891281128,6259.75,16.399999618530273,0.0,0.0,0.0,0.0,0.0,79,Extreme Greed,8446.60437,993093353.4068904,-1.1194555853500043,-1.1186308092776223,0.0001,0.0,117420.0,-0.0009164595002588142,0.016429888839370164,0.01535880068903299,0.011740287903442488,0.016373506810211002
2025-07-13,3356.0,68.44999694824219,3.313999891281128,6259.75,16.399999618530273,0.0,0.0,0.0,0.0,0.0,74,Greed,9550.792947,1132096857.0116916,0.1228596712435135,0.13100214672035176,0.0001,0.0,119086.64,0.014094044790011754,0.016412322781157018,0.015479909417108079,0.011666187853973699,0.01535880068903299
2025-07-14,3351.5,66.9800033569336,3.4660000801086426,6268.56005859375,17.200000762939453,-0.0013417817890844313,-0.021709389666200556,0.04484532820768652,0.0014064243309367943,0.04762811660654813,74,Greed,27269.348877,3299746181.0770736,1.0491391375295254,1.0697740118373227,9.350333333333332e-05,-6.496666666666682e-06,119841.18,0.006316070756330813,0.014015771465959139,0.015368508366110957,0.012542087053017249,0.015479909417108079
2025-07-15,3329.800048828125,66.5199966430664,3.5230000019073486,6243.759765625,17.3799991607666,-0.006495750023279325,-0.006891513624805755,0.016311685494378413,-0.003964145065672561,0.010410643373586315,73,Greed,32018.46083,3755258445.553272,0.1605493177191036,0.12931155920323004,0.0001,6.496666666666682e-06,117758.09,-0.01753493076270058,0.01850680498198209,0.015872629785806648,0.014386511757301799,0.015368508366110957
2025-07-16,3352.5,66.37999725341797,3.5510001182556152,6263.7001953125,17.15999984741211,0.006794079381100563,-0.0021068389445210046,0.007916387362510715,0.0031885685253844154,-0.012738986382189699,70,Greed,17039.90851,2023850383.7234874,-0.6307544851385528,-0.6181552822847508,0.0001,0.0,118630.43,0.0073805949622627876,0.01800735601523026,0.015823326450948135,0.01439570742034532,0.015872629785806648
2025-07-17,3340.10009765625,67.54000091552734,3.5420000553131104,6297.35986328125,16.520000457763672,-0.0037055602760010316,0.017324263597579107,-0.002537732286019085,0.005359380240011013,-0.038009289365250935,74,Greed,15728.57651,1869114355.1231644,-0.08007893451209523,-0.07953711581436504,0.0001,0.0,119177.56,0.004601451493544703,0.010706380540217095,0.015118112602466571,0.01436599368834692,0.015823326450948135
2025-07-18,3353.0,67.33999633789062,3.565000057220459,6296.7900390625,16.40999984741211,0.003854691586396078,-0.0029656691622084916,0.006472514939887504,-9.049030280841674e-05,-0.006680899998967385,73,Greed,19924.66266,2367355518.470308,0.23647907630041617,0.23630880537727122,0.0001,0.0,117924.84,-0.01056700950065718,0.011049364476713286,0.015361672227365465,0.014239933848643782,0.015118112602466571
2025-07-19,3353.0,67.33999633789062,3.565000057220459,6296.7900390625,16.40999984741211,0.0,0.0,0.0,0.0,0.0,74,Greed,6635.80306,783327898.4969696,-1.0994785996723857,-1.1059774157956797,0.0001,0.0,117840.0,-0.0007197002204572691,0.01104546369364439,0.015344055705848203,0.01435508241814285,0.015361672227365465
2025-07-20,3353.0,67.33999633789062,3.565000057220459,6296.7900390625,16.40999984741211,0.0,0.0,0.0,0.0,0.0,72,Greed,12962.92889,1528864683.816082,0.6696139656187258,0.6687293218623979,0.0001,0.0,117265.12,-0.004890417918115617,0.009355636100802946,0.015101262442807538,0.015275975145320662,0.015344055705848203
2025-07-21,3401.89990234375,67.19999694824219,3.325000047683716,6305.60009765625,16.649999618530273,0.01447860287732854,-0.00208115723450823,-0.06969438146809422,0.001398157005673256,0.014519297711828362,71,Greed,17107.33128,2020783266.9633648,0.2774134414648425,0.27895976894035934,0.0001,0.0,117380.36,0.0009822478512299445,0.008743429128818349,0.014823532941065256,0.015472430385552242,0.015101262442807538
2025-07-22,3439.199951171875,66.20999908447266,3.252000093460083,6309.6201171875,16.5,0.010904801640990577,-0.014841707006914905,-0.02219946802395787,0.0006373284966667569,-0.009049812608822908,72,Greed,20959.12973,2481252763.651911,0.20306723662076975,0.2052783870894437,0.0001,0.0,119954.42,0.021692235206271098,0.010283289199730258,0.014820413987156819,0.015089139354752276,0.014823532941065256
2025-07-23,3394.10009765625,65.25,3.0769999027252197,6358.91015625,15.369999885559082,-0.013200213092493647,-0.014605448906322377,-0.05531515569843563,0.007781532145702873,-0.07094283080176363,74,Greed,14558.75083,1722126986.886661,-0.3643820936304619,-0.36520343214389844,0.0001,0.0,118755.99,-0.01004095354590667,0.011026089997754684,0.0133722757267444,0.01674026564216576,0.014820413987156819
2025-07-24,3371.0,66.02999877929688,3.0940001010894775,6363.35009765625,15.390000343322754,-0.006829222657993172,0.011883119516578307,0.0055097200972293444,0.0006979799969332514,0.001300420054187293,71,Greed,15806.89043,1873181653.2018075,0.08225370368701891,0.0840782567944445,0.0001,0.0,118340.99,-0.0035006808084234644,0.010905659088792586,0.013427543376380163,0.016885225159605288,0.0133722757267444
2025-07-25,3334.0,65.16000366210938,3.109999895095825,6388.64013671875,14.930000305175781,-0.011036651923321424,-0.013263325783737057,0.005157907636275897,0.003966451001680552,-0.030345338167419175,70,Greed,38406.34873,4456778786.620494,0.887776829306219,0.8667878560172739,0.0001,0.0,117614.31,-0.006159491204291899,0.010376043447907003,0.013452089168484824,0.017117261286902937,0.013427543376380163
2025-07-26,3334.0,65.16000366210938,3.109999895095825,6388.64013671875,14.930000305175781,0.0,0.0,0.0,0.0,0.0,72,Greed,6991.67206,823629079.7493103,-1.7035030423589699,-1.6884612562890002,0.0001,0.0,117919.99,0.002595631902628258,0.01043328358115226,0.013392667610841213,0.017899339807127792,0.013452089168484824
2025-07-27,3334.0,65.16000366210938,3.109999895095825,6388.64013671875,14.930000305175781,0.0,0.0,0.0,0.0,0.0,73,Greed,9328.30919,1107883542.1607983,0.28833404042024874,0.29648647280202695,0.0001,0.0,119415.55,0.012603083346820849,0.01111255183959014,0.013492036217411763,0.017969483318896227,0.013392667610841213
2025-07-28,3309.10009765625,66.70999908447266,2.98799991607666,6389.77001953125,15.029999732971191,-0.0074965057238816635,0.02350901306179033,-0.04001845327611953,0.00017684247126657597,0.006675554006955608,75,Greed,13961.74754,1655882235.896518,0.40326749594841543,0.40188246339735545,0.0001,0.0,118062.32,-0.011396806340220294,0.012330422890495532,0.013768080266714356,0.017891789880319933,0.013492036217411763
2025-07-29,3323.39990234375,69.20999908447266,3.0810000896453857,6370.85986328125,15.979999542236328,0.0043120472958143976,0.0367904946280851,0.030650009526951665,-0.002963830197466829,0.06128972569359601,73,Greed,15137.93445,1788682083.6856463,0.08088253726705134,0.07714514273294483,0.0001,0.0,117950.76,-0.0009453714032179849,0.00823444469014755,0.01372927051650109,0.01806404640890561,0.013768080266714356
2025-07-30,3295.800048828125,70.0,3.0450000762939453,6362.89990234375,15.479999542236328,-0.008339380490785232,0.01134989442383949,-0.011753322493385503,-0.0012502139385094711,-0.03178907310180721,74,Greed,15586.73631,1832696878.222986,0.02921650734583845,0.02430950338607962,0.0001,0.0,117840.3,-0.0009369312651676298,0.007515189009598857,0.013492279790981235,0.019244186735175223,0.01372927051650109
2025-07-31,3293.199951171875,69.26000213623047,3.1059999465942383,6339.39013671875,16.719999313354492,-0.0007892237945701002,-0.010627672231444093,0.019834781314766608,-0.003701662046374567,0.07705672799895574,72,Greed,17010.0073,2002870016.7022426,0.08738151950606225,0.08879257430619501,8.564666666666667e-05,-1.4353333333333337e-05,115764.08,-0.01777599093867902,0.009848149386870975,0.013684160494259488,0.019069804061083655,0.013492279790981235
2025-08-01,3347.699951171875,67.33000183105469,3.0829999446868896,6238.009765625,20.3799991607666,0.01641380667687466,-0.02826164006549793,-0.0074325765694231985,-0.0161213871855698,0.19794842002607435,65,Greed,24487.10206,2810268577.15137,0.36434469683144444,0.3386988975651574,1.9406666666666665e-05,-6.624e-05,113297.93,-0.02153342924967691,0.012091279083478046,0.013448242661172293,0.018725146971475783,0.013684160494259488
2025-08-02,3347.699951171875,67.33000183105469,3.0829999446868896,6238.009765625,20.3799991607666,0.0,0.0,0.0,0.0,0.0,55,Greed,11507.33428,1301882737.326722,-0.7551619368356757,-0.7694685816024186,3.380333333333333e-05,1.4396666666666664e-05,112546.35,-0.006655760991846373,0.011573664904932848,0.013485065201024556,0.01879722245745433,0.013448242661172293
2025-08-03,3347.699951171875,67.33000183105469,3.0829999446868896,6238.009765625,20.3799991607666,0.0,0.0,0.0,0.0,0.0,53,Neutral,7397.76046,841090034.1542541,-0.4418072816980719,-0.4368680449032892,5.89e-05,2.5096666666666673e-05,114208.8,0.014663215250676506,0.012156737644353917,0.013379221511403904,0.018908401356013856,0.013485065201024556
2025-08-04,3374.39990234375,66.29000091552734,2.931999921798706,6329.93994140625,17.520000457763672,0.007943973509988255,-0.015566859688174842,-0.05021837360993722,0.014629564491414495,-0.15121087497900548,64,Greed,9667.67916,1109938874.0629709,0.267610962658403,0.27736151406619763,4.606333333333334e-05,-1.2836666666666665e-05,115055.03,0.007382183600908784,0.012910879574834975,0.01341708006711767,0.01886914030259288,0.013379221511403904
2025-08-05,3381.89990234375,65.16000366210938,3.009999990463257,6299.18994140625,17.850000381469727,0.0022201510582657955,-0.01719323012859795,0.026255318239681934,-0.004869703780462017,0.018660417960192417,60,Greed,12042.79078,1371861747.1466167,0.21967792885668413,0.21186381144428731,6.824666666666668e-05,2.2183333333333342e-05,114129.75,-0.008074576568790104,0.012939812332832581,0.013469107564963707,0.01887850672440562,0.01341708006711767
2025-08-06,3380.0,64.3499984741211,3.0769999027252197,6345.06005859375,16.770000457763672,-0.0005619433653809127,-0.012508929605690623,0.022014989133959804,0.007255522219852605,-0.06241192646480223,54,Neutral,9761.15318,1118028732.8589184,-0.21005565824585226,-0.20460168220621863,7.578333333333334e-05,7.536666666666658e-06,114992.27,0.00752894963418136,0.013722584385323996,0.013373375257043211,0.0188099178156734,0.013469107564963707
2025-08-07,3400.300048828125,63.880001068115234,3.066999912261963,6340.0,16.56999969482422,0.005987967888747476,-0.0073305702624902,-0.0032552082013970144,-0.0007977981718278668,-0.011997790110594823,62,Greed,13468.56263,1564454297.836927,0.32194772861161064,0.33596999707285274,6.230666666666666e-05,-1.3476666666666673e-05,117472.01,0.021335183728332856,0.014854435617142258,0.013816181862311273,0.01832299480237468,0.013373375257043211
2025-08-08,3439.10009765625,63.880001068115234,2.990000009536743,6389.4501953125,15.149999618530273,0.01134616025997749,0.0,-0.025426465932852766,0.0077694548163894745,-0.08959330624524582,74,Greed,10045.31278,1172199778.7242546,-0.293252140083873,-0.28865493541654885,4.035e-05,-2.1956666666666666e-05,116674.74,-0.00681002901994848,0.011647853684801097,0.013462076827803275,0.01840280469712374,0.013816181862311273
2025-08-09,3439.10009765625,63.880001068115234,2.990000009536743,6389.4501953125,15.149999618530273,0.0,0.0,0.0,0.0,0.0,67,Greed,9514.13144,1111837601.7023723,-0.054327922317115855,-0.05286799276184126,7.691000000000001e-05,3.656000000000001e-05,116462.25,-0.0018228772606176664,0.011023976692142426,0.011090593171280472,0.018491819647952764,0.013462076827803275
2025-08-10,3439.10009765625,63.880001068115234,2.990000009536743,6389.4501953125,15.149999618530273,0.0,0.0,0.0,0.0,0.0,69,Greed,14322.77073,1694198747.8718708,0.4090724162036493,0.4211957704188422,9.949666666666667e-05,2.2586666666666658e-05,119294.01,0.024023932127064194,0.012827815963245373,0.011697837286975253,0.017869185436733652,0.011090593171280472
2025-08-11,3353.10009765625,63.959999084472656,2.9539999961853027,6373.4501953125,16.25,-0.025324517441945554,0.0012515335842291375,-0.012113207774319878,-0.0025072683938851073,0.0700924019998885,70,Greed,26494.33429,3194611530.5410695,0.6150802802080595,0.6342555798045689,0.0001,5.033333333333392e-07,118686.0,-0.005109768025592827,0.013491470818823669,0.011740287903442488,0.01837102602748858,0.011697837286975253
2025-08-12,3348.89990234375,63.16999816894531,2.808000087738037,6445.759765625,14.729999542236328,-0.0012534156557426127,-0.012428397727227305,-0.050687665408517456,0.011281559075170764,-0.09820670937817151,68,Greed,16720.10893,1992762473.5852578,-0.4603187871687728,-0.471943639962566,8.843666666666666e-05,-1.1563333333333345e-05,120134.08,0.01212710210107966,0.012492314444297072,0.011666187853973699,0.018401193439392945,0.011740287903442488
2025-08-13,3358.699951171875,62.650001525878906,2.828000068664551,6466.580078125,14.489999771118164,0.002922075262479989,-0.00826577022677899,0.007097254905273564,0.0032248733840464015,-0.016427458860831908,73,Greed,23210.07102,2811581348.3874574,0.3279741575821571,0.3442252287007707,9.041000000000001e-05,1.9733333333333506e-06,123306.43,0.02606410567702287,0.014366595651189798,0.012542087053017249,0.017705563370796335,0.011666187853973699
2025-08-14,3335.199951171875,63.959999084472656,2.8410000801086426,6468.5400390625,14.829999923706055,-0.007021346864233285,0.02069416795400631,0.004586358754812961,0.00030304487855445177,0.023193410468529695,75,Greed,27980.947586,3359128391.108524,0.18693755504176682,0.17793445042468237,0.0001,9.589999999999995e-06,118295.09,-0.04149029256629387,0.023071781526232113,0.014386511757301799,0.016060448531180275,0.012542087053017249
2025-08-15,3336.0,62.79999923706055,2.9159998893737793,6449.7998046875,15.09000015258789,0.0002398515522892742,-0.018302812326256804,0.026056645139359305,-0.0029013399163647113,0.017380131886339894,60,Greed,13623.33874,1607609329.685101,-0.7197394294352946,-0.7369333458523184,4.5503333333333335e-05,-5.449666666666667e-05,117342.05,-0.008089091530436165,0.023148856772004373,0.01439570742034532,0.016027505827099053,0.014386511757301799
2025-08-16,3336.0,62.79999923706055,2.9159998893737793,6449.7998046875,15.09000015258789,0.0,0.0,0.0,0.0,0.0,56,Greed,6393.68117,751719391.7723638,-0.7564742203166526,-0.7601403609713719,8.713666666666667e-05,4.1633333333333333e-05,117380.66,0.00032898393468814104,0.02312226522574744,0.01436599368834692,0.016028409660453657,0.01439570742034532
2025-08-17,3336.0,62.79999923706055,2.9159998893737793,6449.7998046875,15.09000015258789,0.0,0.0,0.0,0.0,0.0,64,Greed,5898.64192,695629197.9038073,-0.0805880440948215,-0.07754634833940593,4.916e-05,-3.797666666666667e-05,117405.01,0.00020742322210116917,0.020829254920755567,0.014239933848643782,0.016202743658452614,0.01436599368834692
2025-08-18,3331.699951171875,63.41999816894531,2.890000104904175,6449.14990234375,14.989999771118164,-0.0012898149154139478,0.009824178912884366,-0.00895623778538701,-0.00010076825773579619,-0.0066489860460745625,60,Greed,17745.93954,2053814085.4717774,1.1014345900777507,1.082637116255613,2.4866666666666667e-05,-2.429333333333333e-05,116227.05,-0.010083975477294543,0.021025796646540532,0.01435508241814285,0.01610421147384284,0.014239933848643782
2025-08-19,3313.39990234375,62.349998474121094,2.7660000324249268,6411.3701171875,15.569999694824219,-0.005507846531911064,-0.017015592585072035,-0.04385429345811836,-0.005875329112207127,0.03796266940012603,56,Greed,18065.47424,2065010895.8584664,0.01784588468089026,0.005436908836322762,5.5219999999999996e-05,3.035333333333333e-05,112872.94,-0.02928284432910472,0.02187180290063779,0.015275975145320662,0.015140597271959532,0.01435508241814285
2025-08-20,3343.39990234375,63.209999084472656,2.752000093460083,6395.77978515625,15.6899995803833,0.009013401028552843,0.01369885434705882,-0.005074290933361513,-0.002434630632264957,0.007677573755064212,44,Fear,15636.34194,1776149566.1247735,-0.14440479966730252,-0.1506876466594274,3.614333333333333e-05,-1.9076666666666666e-05,114271.24,0.012312159298069381,0.018576533078944517,0.015472430385552242,0.015187962176059479,0.015275975145320662
2025-08-21,3336.89990234375,63.52000045776367,2.8259999752044678,6370.169921875,16.600000381469727,-0.0019460210593331287,0.00489232214518028,0.026534321456379444,-0.004012219728951123,0.05637917834187325,50,Neutral,10839.69235,1227373788.615563,-0.36638320184353823,-0.3695711006493342,5.4380000000000005e-05,1.8236666666666674e-05,112500.0,-0.01562169894735077,0.013291353883478399,0.015089139354752276,0.014883929884634073,0.015472430385552242
2025-08-22,3374.39990234375,63.65999984741211,2.697999954223633,6466.91015625,14.220000267028809,0.011175298783647576,0.0022015953115401775,-0.04635153466947602,0.015072285158779139,-0.1547532751891094,50,Neutral,23128.09037,2656625122.2777867,0.757833297478957,0.7721798106891172,7.721e-05,2.2829999999999997e-05,116935.99,0.03867346942564925,0.02179017411163527,0.01674026564216576,0.013081968708273245,0.015089139354752276
2025-08-23,3374.39990234375,63.65999984741211,2.697999954223633,6466.91015625,14.220000267028809,0.0,0.0,0.0,0.0,0.0,60,Greed,11329.36197,1308825428.0143585,-0.7136501519645884,-0.7079264510515161,9.903666666666667e-05,2.1826666666666672e-05,115438.05,-0.012892668639070098,0.022274479442643845,0.016885225159605288,0.013515409688296646,0.01674026564216576
2025-08-24,3374.39990234375,63.65999984741211,2.697999954223633,6466.91015625,14.220000267028809,0.0,0.0,0.0,0.0,0.0,53,Neutral,21175.98462,2411284606.1891766,0.625469978503808,0.611029521932748,0.0001,9.633333333333315e-07,113493.59,-0.016987662875338143,0.02288094813011754,0.017117261286902937,0.01320463019346293,0.016885225159605288
2025-08-25,3373.800048828125,64.80000305175781,2.696000099182129,6439.31982421875,14.789999961853027,-0.00017778178523024962,0.01774923099622844,-0.0007415109801024853,-0.004275512539646319,0.03930183098997578,47,Neutral,25182.79379,2805570653.631023,0.17329323657105247,0.15144732275747383,9.448000000000002e-05,-5.519999999999988e-06,110111.98,-0.03024851157390859,0.0248368490166883,0.017899339807127792,0.01211294273530983,0.017117261286902937
2025-08-26,3388.60009765625,63.25,2.7170000076293945,6465.93994140625,14.619999885559082,0.004377165544111227,-0.02421052284562626,0.007759103413548819,0.00412547371011636,-0.011560827649531319,48,Neutral,18452.43877,2033437347.4999392,-0.3109644307946658,-0.32187932415193954,6.140666666666667e-05,-3.307333333333335e-05,111763.22,0.014884678291290745,0.024043869971197333,0.017969483318896227,0.01382830793401631,0.017899339807127792
2025-08-27,3404.60009765625,64.1500015258789,2.867000102996826,6481.39990234375,14.850000381469727,0.0047106015210283785,0.01412898724012466,0.053737889573948074,0.0023881304533030262,0.015609444442969123,51,Neutral,13392.60875,1493774927.190832,-0.32049357545045665,-0.3084212114933948,3.600333333333333e-05,-2.540333333333334e-05,111262.01,-0.004494655997296272,0.023271805824104135,0.017891789880319933,0.01386424143385075,0.017969483318896227
2025-08-28,3431.800048828125,64.5999984741211,2.944000005722046,6501.85986328125,14.430000305175781,0.007957432015570034,0.0069902723203849985,0.026502979984079376,0.003151747441466755,-0.028690497002423307,48,Neutral,11104.27744,1250788481.9453218,-0.18737257991345652,-0.17753228620870085,7.500666666666666e-05,3.900333333333333e-05,112566.9,0.011659841291183425,0.02324890060281469,0.01806404640890561,0.013673920397547102,0.017891789880319933
2025-08-29,3473.699951171875,64.01000213623047,2.996999979019165,6460.259765625,15.359999656677246,0.012135375150160638,-0.009175032640841454,0.017842578523654295,-0.006418740402792551,0.062457311433301986,50,Neutral,22580.31045,2475492492.57753,0.7097479184767342,0.6826652251165186,3.587e-05,-3.913666666666666e-05,108377.4,-0.037928131382763526,0.01983568923413188,0.019244186735175223,0.012439324497476326,0.01806404640890561
2025-08-30,3473.699951171875,64.01000213623047,2.996999979019165,6460.259765625,15.359999656677246,0.0,0.0,0.0,0.0,0.0,39,Fear,10708.39159,1160666772.7387524,-0.7460506126760666,-0.7574447190585842,7.848000000000001e-05,4.261000000000001e-05,108816.33,0.004041834886721533,0.020565463691593764,0.019069804061083655,0.012850963179346454,0.019244186735175223
2025-08-31,3473.699951171875,64.01000213623047,2.996999979019165,6460.259765625,15.359999656677246,0.0,0.0,0.0,0.0,0.0,48,Neutral,9489.51596,1031806894.3513318,-0.12084008879144004,-0.11768311239279375,4.5056666666666665e-05,-3.342333333333334e-05,108246.35,-0.005251767001620112,0.020227997876822536,0.018725146971475783,0.0128076253690238,0.019069804061083655
2025-09-01,3473.699951171875,64.01000213623047,2.996999979019165,6460.259765625,15.359999656677246,0.0,0.0,0.0,0.0,0.0,46,Fear,16053.60219,1742516638.781135,0.5257456538558416,0.5240188807312878,6.541e-05,2.0353333333333334e-05,109237.42,0.009114030534832748,0.017954339108490595,0.01879722245745433,0.014464510101172584,0.018725146971475783
2025-09-02,3549.39990234375,65.58999633789062,3.009000062942505,6415.5400390625,17.170000076293945,0.02155825335719171,0.02438383494499543,0.00399603723207491,-0.006946350061030363,0.11139697398504478,49,Neutral,18510.28756,2042681451.9016385,0.1423934019428497,0.15893296954117592,7.369e-05,8.279999999999995e-06,111240.01,0.018166440657325495,0.018477707560153652,0.018908401356013856,0.014395808271370823,0.01879722245745433
2025-09-03,3593.199951171875,63.970001220703125,3.063999891281128,6448.259765625,16.350000381469727,0.012264609179004047,-0.02500894692781603,0.018113397829694875,0.005087112302941308,-0.04893575867808498,55,Greed,11773.72084,1313762617.3436644,-0.45245666139522817,-0.44136813471608943,2.746e-05,-4.6229999999999996e-05,111705.71,0.004177704576073605,0.01846928986094849,0.01886914030259288,0.014542872909254394,0.018908401356013856
2025-09-04,3565.800048828125,63.47999954223633,3.0739998817443848,6502.080078125,15.300000190734863,-0.007654710471889562,-0.007689354097416977,0.0032583902510987545,0.008311847102873571,-0.06637507981002318,51,Neutral,12203.13536,1349031325.5320847,0.03582291498673907,0.02649155102441654,4.7113333333333335e-05,1.9653333333333334e-05,110730.87,-0.008765161209067217,0.01803326919824423,0.01887850672440562,0.01437720663880579,0.01886914030259288
2025-09-05,3613.199951171875,61.869998931884766,3.0480000972747803,6481.5,15.180000305175781,0.013205346467745164,-0.02568949616802651,-0.008493936908084981,-0.00317017266993674,-0.007874048793430576,48,Neutral,21587.40888,2413132200.623325,0.5704173070601624,0.5815387737183904,8.468000000000001e-05,3.7566666666666674e-05,110659.99,-0.0006403155254173387,0.009033583101339669,0.0188099178156734,0.014391408878857133,0.01887850672440562
2025-09-06,3613.199951171875,61.869998931884766,3.0480000972747803,6481.5,15.180000305175781,0.0,0.0,0.0,0.0,0.0,48,Neutral,5000.29897,552785936.5434699,-1.462612517856174,-1.47371001923166,4.022333333333333e-05,-4.445666666666668e-05,110187.97,-0.00427462149747006,0.009409342353845527,0.01832299480237468,0.014349131792636367,0.0188099178156734
2025-09-07,3613.199951171875,61.869998931884766,3.0480000972747803,6481.5,15.180000305175781,0.0,0.0,0.0,0.0,0.0,44,Fear,5681.29944,630447950.1588689,0.12768227656950756,0.13145976699661371,4.183333333333334e-05,1.6100000000000066e-06,111137.34,0.008579008182539868,0.009132413687177853,0.01840280469712374,0.015401857301415776,0.01832299480237468
2025-09-08,3638.10009765625,62.2599983215332,3.0899999141693115,6495.14990234375,15.109999656677246,0.00686780141163577,0.0062837457754367386,0.01368539339403454,0.0021037644508885675,-0.004622038508200957,51,Neutral,11582.40211,1295903862.4649603,0.7123069055136575,0.7205330952436507,7.799e-05,3.6156666666666666e-05,112065.23,0.008314378685943164,0.009059062909640758,0.018491819647952764,0.015561441174093587,0.01840280469712374
2025-09-09,3643.300048828125,62.630001068115234,3.117000102996826,6512.60986328125,15.039999961853027,0.0014282835584511465,0.005925275537221591,0.008699970696043642,0.0026845470300734414,-0.004643437577763262,48,Neutral,15379.28248,1721465997.906366,0.2835344234637081,0.2839678371855714,7.933e-05,1.3399999999999973e-06,111546.39,-0.004640554288638579,0.006784123326568458,0.017869185436733652,0.015794482410734622,0.018491819647952764
2025-09-10,3643.60009765625,63.66999816894531,3.0290000438690186,6532.0400390625,15.350000381469727,8.235294082891736e-05,0.01646905167872603,-0.028638487300671506,0.0029790282293981275,0.02040218289932801,49,Neutral,17517.41823,1978834750.2223115,0.13017440315474846,0.13933190931035908,6.943666666666667e-05,-9.893333333333329e-06,113960.0,0.02140695144426305,0.010496064322753275,0.01837102602748858,0.020991376622244897,0.017869185436733652
2025-09-11,3636.89990234375,62.369998931884766,2.934000015258789,6587.47021484375,14.710000038146973,-0.001840587103648067,-0.020629091857851622,-0.031865861606636035,0.008450087623093565,-0.042587961678039646,54,Neutral,13676.73119,1562241144.956541,-0.24749977780578844,-0.23638673980146171,4.4840000000000004e-05,-2.4596666666666668e-05,115482.69,0.013273138970620393,0.009705353520511415,0.018401193439392945,0.02109790617054867,0.01837102602748858
2025-09-12,3649.39990234375,62.689998626708984,2.940999984741211,6584.2900390625,14.760000228881836,0.0034311001737597525,0.005117549967248644,0.002382969462090524,-0.00048287788142832935,0.0033932974726116655,57,Greed,15324.10719,1772122269.5018635,0.11373128618153983,0.1260564289737181,5.598666666666667e-05,1.1146666666666666e-05,116029.42,0.004723131039401508,0.009296619954184827,0.017705563370796335,0.022289363850488762,0.018401193439392945
2025-09-13,3649.39990234375,62.689998626708984,2.940999984741211,6584.2900390625,14.760000228881836,0.0,0.0,0.0,0.0,0.0,52,Neutral,8269.40394,957724220.6497611,-0.6168647902555793,-0.6153732629891853,1.2780000000000001e-05,-4.320666666666667e-05,115918.29,-0.0009582332889029288,0.008705761452409902,0.016060448531180275,0.022292284376754363,0.017705563370796335
2025-09-14,3649.39990234375,62.689998626708984,2.940999984741211,6584.2900390625,14.760000228881836,0.0,0.0,0.0,0.0,0.0,55,Greed,6707.60197,775762364.9685991,-0.20932092588082776,-0.21071362406849284,5.359e-05,4.081e-05,115268.01,-0.005625607702316823,0.009913967366065559,0.016027505827099053,0.022529265059140078,0.016060448531180275
2025-09-15,3682.199951171875,63.29999923706055,3.0429999828338623,6615.27978515625,15.6899995803833,0.008947642619622902,0.009683393717559274,0.03409421089008679,0.004695577726559718,0.06110270532150231,53,Neutral,13212.51149,1522648235.2235153,0.6779227152395326,0.6743601153069191,7.551666666666667e-05,2.1926666666666668e-05,115349.71,0.0007085318805328954,0.009934224000082316,0.016028409660453657,0.02280853214293959,0.016027505827099053
2025-09-16,3688.89990234375,64.5199966430664,3.1029999256134033,6606.759765625,16.360000610351562,0.0018178977764950366,0.019089884130283317,0.01952549622012054,-0.0012887604333313247,0.041815828481424934,52,Neutral,10926.9094,1265779287.5169268,-0.18993572166107878,-0.1847631088302085,4.82e-05,-2.731666666666667e-05,116788.96,0.01240007484979025,0.009506412754533828,0.016202743658452614,0.023002007227818394,0.016028409660453657
2025-09-17,3681.800048828125,64.05000305175781,3.0999999046325684,6600.35009765625,15.720000267028809,-0.0019265078645296421,-0.007311125238423738,-0.0009672807663532563,-0.0009706390782443865,-0.039905564494527264,53,Neutral,16754.2454,1946083704.6217456,0.4274231837068358,0.4301310264499654,7.238666666666666e-05,2.4186666666666663e-05,116447.59,-0.00292724484014056,0.0073854516782213935,0.01610421147384284,0.023141273792097013,0.016202743658452614
2025-09-18,3643.699951171875,63.56999969482422,2.938999891281128,6631.9599609375,15.699999809265137,-0.01040214079746196,-0.007522419841542572,-0.05333273028242333,0.004777687836708263,-0.0012731037820809259,52,Neutral,11657.23365,1367513347.4865093,-0.362724781385408,-0.35282498075060714,6.025666666666666e-05,-1.213e-05,117073.53,0.005360898398273296,0.006051237050557886,0.015140597271959532,0.023164402222330766,0.01610421147384284
2025-09-19,3671.5,62.68000030517578,2.888000011444092,6664.35986328125,15.449999809265137,0.007600662414640123,-0.014099233791081182,-0.017505125451773743,0.004873523937481177,-0.016051709207089097,53,Neutral,8992.09065,1045792401.4532388,-0.25958152720356376,-0.26821913879718456,2.3806666666666663e-05,-3.645e-05,115632.38,-0.01238617811420754,0.0079149272966957,0.015187962176059479,0.023282491525467797,0.015140597271959532
2025-09-20,3671.5,62.68000030517578,2.888000011444092,6664.35986328125,15.449999809265137,0.0,0.0,0.0,0.0,0.0,48,Neutral,4674.92752,541264273.2416894,-0.6541317154066438,-0.6586225060990036,9.08e-06,-1.4726666666666664e-05,115685.63,0.0004604051447670285,0.007919091475556002,0.014883929884634073,0.02354566378753995,0.015187962176059479
2025-09-21,3671.5,62.68000030517578,2.888000011444092,6664.35986328125,15.449999809265137,0.0,0.0,0.0,0.0,0.0,49,Neutral,4511.52219,521299751.1504096,-0.035579047895323256,-0.037582435443882005,3.2766666666666652e-06,-5.803333333333334e-06,115232.29,-0.003926421842189095,0.007752465356057345,0.013081968708273245,0.023795114148047587,0.014883929884634073
2025-09-22,3740.699951171875,62.63999938964844,2.805999994277954,6693.75,16.100000381469727,0.018672448725779663,-0.0006383804178616805,-0.028804245352164366,0.004400350714762291,0.041210304685733154,45,Fear,20781.71356,2348872511.698875,1.5274388332721274,1.5053654953396227,4.415333333333333e-05,4.087666666666666e-05,112650.99,-0.02265554900340918,0.011498727091583219,0.013515409688296646,0.023496036737842407,0.013081968708273245
2025-09-23,3780.60009765625,63.40999984741211,2.8529999256134033,6656.919921875,16.639999389648438,0.010610006389506373,0.01221753336682196,0.01661106651719656,-0.005517351828739721,0.03299010302909157,43,Fear,12301.3203,1383869800.273703,-0.5243668461728509,-0.5290516529445299,7.207666666666666e-05,2.792333333333333e-05,111998.8,-0.005806298169945148,0.009154001472605656,0.01320463019346293,0.023903248719731828,0.013515409688296646
2025-09-24,3732.10009765625,64.98999786376953,2.8580000400543213,6637.97021484375,16.18000030517578,-0.01291164894810577,0.024611803730545136,0.0017510473642359111,-0.0028506771652953692,-0.028033468221638266,44,Fear,12369.25967,1394470628.502582,0.005507737704471051,0.007631087654084107,5.649e-05,-1.5586666666666657e-05,113307.0,0.011612792050812145,0.011349334525326176,0.01211294273530983,0.023853682407411272,0.01320463019346293
2025-09-25,3736.89990234375,64.9800033569336,2.9040000438690186,6604.72021484375,16.739999771118164,0.001285260502940439,-0.0001537971341351223,0.01596701854647731,-0.005021648742526333,0.0340251208969369,44,Fear,21231.14957,2356639689.925215,0.5402550868385609,0.5247218787066489,3.69e-05,-1.959e-05,108994.49,-0.03880361851008345,0.01646303956399548,0.01382830793401631,0.022760524144605127,0.01211294273530983
2025-09-26,3775.300048828125,65.72000122070312,2.8350000381469727,6643.7001953125,15.289999961853027,0.010223498096000606,0.011323729841388266,-0.024047161433523312,0.005884489130413512,-0.09060203394250499,28,Fear,14243.01591,1557098915.9392595,-0.39920274763236085,-0.414412323524098,5.0730000000000004e-05,1.3830000000000001e-05,109643.46,0.0059364982695478945,0.01748516588538849,0.01386424143385075,0.023198222649646914,0.01382830793401631
2025-09-27,3775.300048828125,65.72000122070312,2.8350000381469727,6643.7001953125,15.289999961853027,0.0,0.0,0.0,0.0,0.0,33,Fear,5501.78643,601947588.9970765,-0.9511938300366763,-0.9504093195900772,3.745333333333333e-05,-1.3276666666666675e-05,109635.85,-6.94091932618392e-05,0.01744557450215971,0.013673920397547102,0.023217876039243263,0.01386424143385075
2025-09-28,3775.300048828125,65.72000122070312,2.8350000381469727,6643.7001953125,15.289999961853027,0.0,0.0,0.0,0.0,0.0,37,Fear,7542.3316,832254944.3203353,0.315458520032017,0.3239684372929681,4.5169999999999996e-05,7.716666666666667e-06,112163.95,0.022797220643522374,0.020970104648448097,0.012439324497476326,0.022953222732313785,0.013673920397547102
2025-09-29,3820.89990234375,63.45000076293945,3.2669999599456787,6661.2099609375,16.1200008392334,0.012006108728818521,-0.035151105558710066,0.14183016972321966,0.002632077259912619,0.0528617716940319,50,Neutral,15541.12005,1755247635.871136,0.7229580526446623,0.7462264116612726,1.2159999999999999e-05,-3.301e-05,114311.96,0.01896956203457031,0.020649819691854206,0.012850963179346454,0.02314709892116601,0.012439324497476326
2025-09-30,3840.800048828125,62.369998931884766,3.302999973297119,6688.4599609375,16.280000686645508,0.005194719543134664,-0.017167832772092623,0.010959017965562767,0.004082503613507919,0.009876613611529673,50,Neutral,15044.15633,1710713267.1300955,-0.03249978555946599,-0.025699551197274535,3.61e-05,2.3940000000000005e-05,114048.93,-0.0023036354107678868,0.02046820058505486,0.0128076253690238,0.023293425969816896,0.012850963179346454
2025-10-01,3867.5,61.779998779296875,3.4760000705718994,6711.2001953125,16.290000915527344,0.006927612517481628,-0.009504705681003096,0.05105108938154326,0.0033941541712235066,0.00061407606411764,49,Neutral,20036.39516,2332096981.2659335,0.2865607457280736,0.3098574559603729,5.6040000000000006e-05,1.9940000000000002e-05,118594.99,0.03908667600199795,0.024685945782828816,0.014464510101172584,0.02214972885147409,0.0128076253690238
2025-10-02,3839.699951171875,60.47999954223633,3.441999912261963,6715.35009765625,16.6299991607666,-0.0072140776340165556,-0.021266943429129492,-0.009829555406839175,0.0006181636213842448,0.020656763924054484,64,Greed,19670.83503,2349861127.3445807,-0.018413294343181227,0.007588376875614096,9.109e-05,3.504999999999999e-05,120529.35,0.01617904889913795,0.014514311048147406,0.014395808271370823,0.02190867340303643,0.014464510101172584
2025-10-03,3880.800048828125,60.880001068115234,3.3239998817443848,6715.7900390625,16.649999618530273,0.010647104699776156,0.006592006795596239,-0.03488383088202106,6.55106568658717e-05,0.0012019507755499145,63,Greed,23936.328,2907381076.6813188,0.19626022144953065,0.2128964706520252,9.975333333333333e-05,8.663333333333329e-06,122232.0,0.014027586512955888,0.01404527572881334,0.014542872909254394,0.021715435364321918,0.014395808271370823
2025-10-04,3880.800048828125,60.880001068115234,3.3239998817443848,6715.7900390625,16.649999618530273,0.0,0.0,0.0,0.0,0.0,71,Greed,8208.16678,1002272903.3446472,-1.0702676974839735,-1.064982378107755,9.437333333333333e-05,-5.3799999999999925e-06,122391.0,0.001299959712627995,0.013799228232885019,0.01437720663880579,0.02251606458800321,0.014542872909254394
2025-10-05,3880.800048828125,60.880001068115234,3.3239998817443848,6715.7900390625,16.649999618530273,0.0,0.0,0.0,0.0,0.0,74,Greed,22043.097553,2730817470.939564,0.9878699093189275,1.0023306800711025,9.404666666666667e-05,-3.2666666666666467e-07,123482.31,0.008877068978927581,0.013611481877388516,0.014391408878857133,0.02375889795606388,0.01437720663880579
2025-10-06,3948.5,61.689998626708984,3.3570001125335693,6740.27978515625,16.3700008392334,0.017294429424654912,0.013217089862356094,0.009878910103058452,0.003639959282762629,-0.01695975086576718,71,Greed,19494.628793,2428828952.2653184,-0.12286053562716652,-0.11719177573107017,7.737e-05,-1.667666666666667e-05,124658.54,0.009480412513902298,0.01347496696468426,0.014349131792636367,0.02420792996942342,0.014391408878857133
2025-10-07,3976.60009765625,61.72999954223633,3.497999906539917,6714.58984375,17.239999771118164,0.007091447444070091,0.0006482080298397469,0.04114359835830016,-0.003818687706853079,0.05178180930974778,70,Greed,21633.99385,2657405799.8705487,0.10412688581878238,0.08994115516123645,8.267333333333333e-05,5.303333333333334e-06,121332.95,-0.027039899832890336,0.019749535385289632,0.015401857301415776,0.024142947006070687,0.014349131792636367
2025-10-08,4043.300048828125,62.54999923706055,3.3329999446868896,6753.72021484375,16.299999237060547,0.016633994907520277,0.01319619572542084,-0.048318567148251716,0.005810748494187323,-0.05606719095272428,60,Greed,17012.618,2084842842.441617,-0.24031056290336042,-0.24265690662631595,5.9793333333333336e-05,-2.2879999999999998e-05,123306.0,0.01613065116385741,0.015294207546625567,0.015561441174093587,0.024256106420952946,0.015401857301415776
2025-10-09,3946.300048828125,61.5099983215332,3.2690000534057617,6735.10986328125,16.43000030517578,-0.024282758867578195,-0.016766488783076145,-0.019388638650903102,-0.0027593739802789824,0.007943889616864368,70,Greed,21559.36007,2621438087.566733,0.236854760215992,0.22902957849098515,2.716333333333333e-05,-3.2630000000000004e-05,121662.4,-0.013419074980521103,0.015948158057519635,0.015794482410734622,0.024227395418460047,0.015561441174093587
2025-10-10,3975.89990234375,58.900001525878906,3.1059999465942383,6552.509765625,21.65999984741211,0.007472669571045818,-0.04335861936876658,-0.05114843654699715,-0.027485975439899807,0.2763582839046803,64,Greed,64171.93927,7349750905.041158,1.0907559678795455,1.030943366606734,1.8923333333333332e-05,-8.239999999999999e-06,112774.5,-0.07585974612842505,0.032067747621522466,0.020991376622244897,0.020866247542758114,0.015794482410734622
2025-10-11,3975.89990234375,58.900001525878906,3.1059999465942383,6552.509765625,21.65999984741211,0.0,0.0,0.0,0.0,0.0,27,Fear,35448.51652,3961069473.2311363,-0.5934846271315639,-0.6181523643777757,6.822333333333333e-05,4.9300000000000006e-05,110644.4,-0.019068794493195606,0.03163342801913712,0.02109790617054867,0.020789875206408903,0.020991376622244897
2025-10-12,3975.89990234375,58.900001525878906,3.1059999465942383,6552.509765625,21.65999984741211,0.0,0.0,0.0,0.0,0.0,24,Extreme Fear,32255.30272,3638546528.7401557,-0.09439894984215885,-0.08492976118818707,-3.701666666666666e-05,-0.00010523999999999999,114958.8,0.0382523481182313,0.0367696707284672,0.022289363850488762,0.019941059893779808,0.02109790617054867
2025-10-13,4108.60009765625,59.4900016784668,3.118000030517578,6654.72021484375,19.030000686645508,0.03283124863445809,0.009967142850277801,0.0038560728910242374,0.015478263036934031,-0.1294505171378362,38,Fear,22557.24033,2591831660.9857492,-0.3576263618021841,-0.33921946584027557,-1.2426666666666666e-05,2.4589999999999993e-05,115166.0,0.001800762507920933,0.03619404688925141,0.022292284376754363,0.01999628221489705,0.022289363850488762
2025-10-14,4138.7001953125,58.70000076293945,3.0280001163482666,6644.31005859375,20.809999465942383,0.007299414410765657,-0.013368519582766103,-0.02928940642380191,-0.00156555149694257,0.08941689735171127,38,Fear,31870.32974,3578140778.808499,0.3456193814334257,0.322478499209232,-2.609e-05,-1.3663333333333334e-05,113028.14,-0.01873775155179968,0.03572587639942182,0.022529265059140078,0.020015731593892642,0.022292284376754363
2025-10-15,4176.89990234375,58.27000045776367,3.0160000324249268,6671.06005859375,20.639999389648438,0.009187545165353398,-0.00735235082042639,-0.003970913102651884,0.004017918503427979,-0.008202703699969066,34,Fear,22986.48811,2569639641.3527684,-0.32676890496226985,-0.33107765827956315,-4.089999999999999e-06,2.2e-05,110763.28,-0.020241502815851853,0.0338667656214579,0.02280853214293959,0.02170277210133107,0.022529265059140078
2025-10-16,4280.2001953125,57.459999084472656,2.937999963760376,6629.06982421875,25.309999465942383,0.02443046188439831,-0.013998351393044674,-0.026202395479788292,-0.006314280275141975,0.20396864241431095,28,Fear,29857.17252,3277596494.7619195,0.26151852658109587,0.24334470609398953,-2.6583333333333333e-05,-2.2493333333333334e-05,108194.28,-0.023466811492917763,0.033985253071374726,0.023002007227818394,0.021606902517623164,0.02280853214293959
2025-10-17,4189.89990234375,57.540000915527344,3.007999897003174,6664.009765625,20.780000686645508,-0.02132293911227755,0.0013913364167031342,0.0235463064297349,0.0052568739445263,-0.1972085347417192,22,Extreme Fear,37920.66838,4022645635.221202,0.23907120688450928,0.20482942658305534,-4.033333333333333e-06,2.255e-05,106431.68,-0.016425222998888867,0.022108461943544547,0.023141273792097013,0.02156477336577717,0.023002007227818394
2025-10-18,4189.89990234375,57.540000915527344,3.007999897003174,6664.009765625,20.780000686645508,0.0,0.0,0.0,0.0,0.0,23,Extreme Fear,11123.18766,1189002999.143113,-1.2264643954711059,-1.2188246642668705,-4.958666666666667e-05,-4.5553333333333337e-05,107185.01,0.007053129818340636,0.02218628334702748,0.023164402222330766,0.021699591926833718,0.023141273792097013
2025-10-19,4189.89990234375,57.540000915527344,3.007999897003174,6664.009765625,20.780000686645508,0.0,0.0,0.0,0.0,0.0,29,Fear,15480.66423,1670074079.5802343,0.3305598683405181,0.33975284436144726,9.626666666666665e-06,5.921333333333334e-05,108642.78,0.013508845814879343,0.015058804207771607,0.023282491525467797,0.021561439259099167,0.023164402222330766
2025-10-20,4336.39990234375,57.52000045776367,3.3970000743865967,6735.1298828125,18.229999542236328,0.03436764429162454,-0.0003476526634173085,0.12161733922955234,0.010615724136144117,-0.13092245513454456,29,Fear,19193.4416,2119912185.5934682,0.21497686119177842,0.23850668146122597,-9.600000000000001e-06,-1.9226666666666667e-05,110532.09,0.017240633452995615,0.01765327114890083,0.02354566378753995,0.021208529561139534,0.023282491525467797
2025-10-21,4087.699951171875,57.81999969482422,3.4739999771118164,6735.35009765625,17.8700008392334,-0.059062035540049886,0.005202009939038112,0.02241395015431072,3.269591641698797e-05,-0.019945187445519826,34,Fear,37228.01659,4114477849.932054,0.6624929746081575,0.6631372706963186,-1.9503333333333334e-05,-9.903333333333332e-06,108297.67,-0.02042224657419341,0.017868135719253612,0.023795114148047587,0.02289263740103975,0.02354566378753995
2025-10-22,4044.39990234375,58.5,3.450000047683716,6699.39990234375,18.600000381469727,-0.01064926865576389,0.011692022927642327,-0.006932416365854406,-0.005351834774743029,0.04003822509368809,25,Extreme Fear,28610.78451,3090291706.4439816,-0.2632778844377327,-0.28624644679859124,1.3116666666666664e-05,3.2619999999999996e-05,107567.44,-0.006765639759505252,0.016784639093979082,0.023496036737842407,0.022966361770279414,0.023795114148047587
2025-10-23,4125.5,61.790000915527344,3.3440001010894775,6738.43994140625,17.299999237060547,0.019854040473195667,0.05471479965183317,-0.03120651941207353,0.0058104798620133855,-0.07245514382509456,27,Fear,17573.09294,1924582289.411394,-0.48741480552391736,-0.4735565381539606,5.172333333333333e-05,3.860666666666667e-05,110078.18,0.02307284091421478,0.017087476896171423,0.023903248719731828,0.022227615624507018,0.023496036737842407
2025-10-24,4118.39990234375,61.5,3.303999900817871,6791.68994140625,16.3700008392334,-0.0017225098547725875,-0.004704379077171698,-0.01203389981263457,0.007871361975244856,-0.055256014753595165,30,Fear,15005.16913,1662806764.9533324,-0.1579741715890864,-0.1462019548811225,2.7993333333333335e-05,-2.3729999999999998e-05,111004.89,0.008383413777914583,0.014956058968641543,0.023853682407411272,0.022835005304133724,0.023903248719731828
2025-10-25,4118.39990234375,61.5,3.303999900817871,6791.68994140625,16.3700008392334,0.0,0.0,0.0,0.0,0.0,37,Fear,6407.96864,714201332.9751225,-0.8508524345335117,-0.8450973742331742,4.024666666666667e-05,1.2253333333333333e-05,111646.27,0.005761315360732372,0.014949012712320417,0.022760524144605127,0.023153788273733468,0.023853682407411272
2025-10-26,4118.39990234375,61.5,3.303999900817871,6791.68994140625,16.3700008392334,0.0,0.0,0.0,0.0,0.0,40,Fear,13454.47737,1525108635.874829,0.7417696247436668,0.7586560215957907,3.1140000000000003e-05,-9.106666666666665e-06,114559.4,0.025757896011683146,0.01662161242780935,0.023198222649646914,0.022270287519208763,0.022760524144605127
2025-10-27,4001.89990234375,61.310001373291016,3.441999912261963,6875.16015625,15.789999961853027,-0.028695490766858036,-0.003094190638740023,0.04091884665899705,0.012215141327379352,-0.03607361679793433,51,Neutral,21450.23241,2470872744.5489683,0.46642353966525996,0.4825057819434378,9.101333333333334e-05,5.9873333333333335e-05,114107.65,-0.003951164697453273,0.016497269530892464,0.023217876039243263,0.02366959818560676,0.023198222649646914
2025-10-28,3966.199951171875,60.150001525878906,3.3450000286102295,6890.89013671875,16.420000076293945,-0.008960778782097539,-0.019101516385149182,-0.028585970165599425,0.0022853305022299255,0.03912328281902929,50,Neutral,15523.42257,1772753529.8642743,-0.3233854634201408,-0.33203742172488937,5.6189999999999996e-05,-3.482333333333334e-05,112898.45,-0.010653558973310539,0.01429976671932658,0.022953222732313785,0.02386539622916158,0.023217876039243263
2025-10-29,3983.699951171875,60.47999954223633,3.375999927520752,6890.58984375,16.920000076293945,0.004402578266743398,0.005471256513850732,0.009224853131414327,-4.3579204733175357e-05,0.029996250016490023,51,Neutral,21079.71376,2356715986.5335455,0.305961127973119,0.2847351144491694,2.853e-05,-2.7659999999999996e-05,110021.29,-0.025814849578232026,0.018358171978052926,0.02314709892116601,0.02360291710658644,0.022953222732313785
2025-10-30,4001.300048828125,60.56999969482422,3.9560000896453857,6822.33984375,16.90999984741211,0.004408297096619672,0.0014869916520238826,0.15854188115633971,-0.009954191424534511,-0.0005912048002166111,34,Fear,25988.82838,2827221287.4227977,0.20935562315792194,0.18202523323304692,2.7026666666666667e-05,-1.503333333333333e-06,108322.88,-0.015557495821203146,0.01716383411474366,0.023293425969816896,0.02355726217794403,0.02314709892116601
2025-10-31,3982.199951171875,60.97999954223633,4.124000072479248,6840.2001953125,17.440000534057617,-0.0047849023856938715,0.006746218098867316,0.04159014730862217,0.0026145009178832708,0.030861295216443967,29,Fear,21518.20439,2361590437.9414105,-0.1887674753053113,-0.17995904562101767,6.737666666666667e-05,4.0350000000000005e-05,109608.01,0.011794059086766558,0.01756133865032579,0.02214972885147409,0.023321372541212037,0.023293425969816896
2025-11-01,3982.199951171875,60.97999954223633,4.124000072479248,6840.2001953125,17.440000534057617,0.0,0.0,0.0,0.0,0.0,33,Fear,7378.50431,812389216.4346797,-1.0703283426351897,-1.0671110295192314,9.927333333333334e-05,3.1896666666666676e-05,110098.1,0.004461330755654716,0.01747459749081574,0.02190867340303643,0.02431437439770427,0.02214972885147409
2025-11-02,3982.199951171875,60.97999954223633,4.124000072479248,6840.2001953125,17.440000534057617,0.0,0.0,0.0,0.0,0.0,37,Fear,12107.00087,1336870531.1415012,0.4952129195340934,0.4981071811623765,7.328333333333333e-05,-2.5990000000000014e-05,110540.68,0.004011811464844439,0.013105211585652558,0.021715435364321918,0.02694123031902861,0.02190867340303643
2025-11-03,4000.300048828125,61.04999923706055,4.265999794006348,6851.97021484375,17.170000076293945,0.0045349523774452045,0.0011472540064278913,0.03385298803214978,0.0017192339969181521,-0.015602769750574097,42,Fear,28681.18779,3076006652.0015674,0.8624575605609419,0.8333007561060429,6.0933333333333335e-05,-1.2349999999999995e-05,106583.04,-0.03645919836858115,0.017613914042508765,0.02251606458800321,0.026849943306993244,0.021715435364321918
2025-11-04,3947.699951171875,60.560001373291016,4.3429999351501465,6771.5498046875,19.0,-0.013236252040332198,-0.00805855625402388,0.01788876685879337,-0.011806250392326715,0.10127529981361154,21,Extreme Fear,50534.87376,5197697635.212413,0.5664222373070642,0.5245835508896568,7.382333333333334e-05,1.289e-05,101497.22,-0.048892990692747336,0.023037340540834905,0.02375889795606388,0.02559004330720447,0.02251606458800321
2025-11-05,3980.300048828125,59.599998474121094,4.23199987411499,6796.2900390625,18.010000228881836,0.008224087134207535,-0.015979083336420338,-0.02589067381063135,0.0036468976756877185,-0.05351180726997864,23,Extreme Fear,33778.77571,3454273922.700385,-0.40283099977322345,-0.40860348256479373,4.2596666666666665e-05,-3.122666666666667e-05,103885.16,0.02325464931597804,0.02648027412271101,0.02420792996942342,0.025545483909647972,0.02375889795606388
2025-11-06,3979.89990234375,59.43000030517578,4.35699987411499,6720.31982421875,19.5,-0.0001005367923334668,-0.0028563939556934584,0.02910905343270321,-0.011241134514722728,0.07948729367323931,27,Fear,25814.62139,2641767846.305827,-0.26889161573487175,-0.2681639507127518,5.465e-05,1.2053333333333335e-05,101346.04,-0.02474525864647728,0.02712567970549321,0.024142947006070687,0.025279899308430227,0.02420792996942342
2025-11-07,3999.39990234375,59.75,4.315000057220459,6728.7998046875,19.079999923706055,0.004887656635851291,0.005370036298004862,-0.009686380446499832,0.0012610463474931072,-0.021773803548195154,24,Extreme Fear,32059.50942,3251112979.305884,0.21665279318569056,0.20754906108585422,5.854333333333333e-05,3.893333333333332e-06,103339.08,0.0194748205542768,0.028262626796468224,0.024256106420952946,0.02509500290834124,0.024142947006070687
2025-11-08,3999.39990234375,59.75,4.315000057220459,6728.7998046875,19.079999923706055,0.0,0.0,0.0,0.0,0.0,20,Extreme Fear,12390.77985,1267165565.3752701,-0.9506412095815436,-0.9422148249679435,4.854333333333333e-05,-9.999999999999999e-06,102312.94,-0.009979464496075391,0.027687407172106025,0.024227395418460047,0.02510507788639713,0.024256106420952946
2025-11-09,3999.39990234375,59.75,4.315000057220459,6728.7998046875,19.079999923706055,0.0,0.0,0.0,0.0,0.0,22,Extreme Fear,16338.97096,1687020822.3668208,0.276600475155639,0.28618157840477887,3.8316666666666665e-05,-1.0226666666666668e-05,104722.96,0.02328223138207566,0.030211054054043982,0.020866247542758114,0.0250690695906569,0.024227395418460047
2025-11-10,4111.7998046875,60.130001068115234,4.3379998207092285,6832.43017578125,17.600000381469727,0.027716515886168476,0.006339712003290341,0.005316033278181961,0.015283626703501816,-0.08074173830298387,29,Fear,22682.25673,2400141664.389342,0.32802986629131503,0.35256361611564335,7.068000000000001e-05,3.236333333333334e-05,106011.13,0.012225701545984949,0.02801750676045589,0.020789875206408903,0.024883713918541623,0.020866247542758114
2025-11-11,4106.7998046875,61.040000915527344,4.565000057220459,6846.60986328125,17.280000686645508,-0.0012167524528548244,0.015020499160100932,0.05100515550713606,0.0020731999523923177,-0.018349120606183555,26,Fear,24196.50718,2532279071.0069213,0.06462531434503505,0.05359195338490424,1.9553333333333335e-05,-5.112666666666667e-05,103058.99,-0.028242545864333283,0.02268562453352963,0.019941059893779808,0.024542774846053512,0.020789875206408903
2025-11-12,4204.39990234375,58.4900016784668,4.5329999923706055,6850.919921875,17.510000228881836,0.02348748385555354,-0.04267357382343158,-0.007034556305900126,0.0006293191259445972,0.01322235625691449,24,Extreme Fear,20457.63906,2108514405.2608771,-0.16785193043757887,-0.18313608964981762,2.9783333333333333e-05,1.0229999999999999e-05,101654.37,-0.013723012931130311,0.021218553380770687,0.01999628221489705,0.02477574318318616,0.019941059893779808
2025-11-13,4186.89990234375,58.689998626708984,4.645999908447266,6737.490234375,20.0,-0.004170992761122764,0.003413503019600131,0.024622644366872306,-0.01669545163092778,0.13296011418473802,15,Extreme Fear,36198.50771,3654698026.5403805,0.5706615335980276,0.5500298443351194,5.959000000000001e-05,2.9806666666666677e-05,99692.02,-0.019492896160439244,0.020402786253060877,0.020015731593892642,0.02460798240268473,0.01999628221489705
2025-11-14,4087.60009765625,60.09000015258789,4.565999984741211,6734.10986328125,19.829999923706055,-0.024002555332014903,0.023574109713979455,-0.01736906987673076,-0.0005018514712717733,-0.008536334869686581,16,Extreme Fear,47288.14481,4566085156.747207,0.2672417313151315,0.22264272760825438,8.924333333333333e-05,2.9653333333333323e-05,94594.0,-0.052491584544810524,0.0251512462026532,0.02170277210133107,0.023125635278724452,0.020015731593892642
2025-11-15,4087.60009765625,60.09000015258789,4.565999984741211,6734.10986328125,19.829999923706055,0.0,0.0,0.0,0.0,0.0,10,Extreme Fear,15110.89391,1449074019.0674856,-1.1408436911228925,-1.147731453223069,8.143333333333334e-05,-7.809999999999995e-06,95596.24,0.01053943964071668,0.0266621768754237,0.021606902517623164,0.023209325315477976,0.02170277210133107
2025-11-16,4087.60009765625,60.09000015258789,4.565999984741211,6734.10986328125,19.829999923706055,0.0,0.0,0.0,0.0,0.0,10,Extreme Fear,23889.4051,2261295524.8173394,0.4580191247015949,0.44501314521774554,8.268333333333333e-05,1.2499999999999897e-06,94261.44,-0.014061290467363924,0.022350149378826397,0.02156477336577717,0.023391270403268518,0.021606902517623164
2025-11-17,4068.300048828125,59.90999984741211,4.361000061035156,6672.41015625,22.3799991607666,-0.0047327908648018505,-0.003000007336277463,-0.045936141909466974,-0.009204497894305158,0.12097172670021585,14,Extreme Fear,39218.59806,3674562070.238606,0.4957160151961371,0.48549607088930125,8.925333333333334e-05,6.570000000000013e-06,92215.14,-0.02194787294779212,0.018863421864586862,0.021699591926833718,0.023302624083716503,0.02156477336577717
2025-11-18,4061.300048828125,60.7400016784668,4.370999813079834,6617.31982421875,24.690000534057617,-0.0017221023533426794,0.013759053702352598,0.0022903702611606095,-0.008290709844169318,0.09823065960309084,11,Extreme Fear,39835.14769,3641033186.3004584,0.015598555777751577,-0.009166477239961092,7.908333333333334e-05,-1.0170000000000006e-05,92960.83,0.008053896310369823,0.021054816622108233,0.021561439259099167,0.023246281207195112,0.021699591926833718
2025-11-19,4077.699951171875,59.439998626708984,4.550000190734863,6642.16015625,23.65999984741211,0.004029960569867122,-0.021635109945549888,0.040135501765139345,0.00374680773726533,-0.042612472886562745,15,Extreme Fear,32286.6376,2925773651.255958,-0.21009618233093444,-0.2187085418964937,5.496e-05,-2.4123333333333333e-05,91554.96,-0.015238773937443459,0.021050505370421333,0.021208529561139534,0.023877637426731105,0.021561439259099167
2025-11-20,4056.5,59.13999938964844,4.473999977111816,6538.759765625,26.420000076293945,-0.0052125591455094164,-0.005059873201805662,-0.016844416930491615,-0.01568972611631523,0.1103354498808654,11,Extreme Fear,39733.19073,3548950335.0984216,0.20753342890849266,0.19309293764457236,7.752666666666667e-05,2.256666666666667e-05,86637.23,-0.055209816891895,0.026066665787541375,0.02289263740103975,0.02159800452651096,0.021208529561139534
2025-11-21,4076.699951171875,58.060001373291016,4.579999923706055,6602.990234375,23.43000030517578,0.004967292782076356,-0.018430521854432346,0.023416123515909937,0.009775103041592069,-0.12010403643720817,14,Extreme Fear,72256.12679,6061348756.341564,0.598030246312196,0.5352804628585807,3.812666666666667e-05,-3.94e-05,85129.43,-0.017556826574241523,0.021818561006379328,0.022966361770279414,0.021325683812950226,0.02289263740103975
2025-11-22,4076.699951171875,58.060001373291016,4.579999923706055,6602.990234375,23.43000030517578,0.0,0.0,0.0,0.0,0.0,11,Extreme Fear,14193.93263,1197657354.9690385,-1.6274025295390075,-1.6215648978026849,4.3883333333333334e-05,5.756666666666665e-06,84739.74,-0.004588127246522274,0.019484734014644844,0.022227615624507018,0.021299225761451716,0.022966361770279414
2025-11-23,4076.699951171875,58.060001373291016,4.579999923706055,6602.990234375,23.43000030517578,0.0,0.0,0.0,0.0,0.0,13,Extreme Fear,19734.46418,1708685030.2798696,0.3295519642789984,0.3553566419838658,1.0240000000000002e-05,-3.364333333333333e-05,86830.0,0.024367507087485724,0.02512170943709643,0.022835005304133724,0.02100355437746844,0.022227615624507018
2025-11-24,4091.89990234375,58.84000015258789,4.548999786376953,6705.1201171875,20.520000457763672,0.0037215603622990662,0.013344916077058603,-0.006791599840602078,0.015348818899081837,-0.13261722293396586,19,Extreme Fear,24663.12795,2150393686.920318,0.22294277475917113,0.22992684902134736,1.6346666666666667e-05,6.106666666666665e-06,88300.01,0.016788036787637094,0.026712147918455446,0.023153788273733468,0.020774699043659958,0.022835005304133724
2025-11-25,4139.2001953125,57.95000076293945,4.423999786376953,6765.8798828125,18.559999465942383,0.01149319363831883,-0.01524131537526606,-0.027863165694699425,0.009020886000832944,-0.10039134402734166,20,Extreme Fear,19567.0411,1708989000.038937,-0.23146275848894457,-0.22974896794949995,-2.1043333333333332e-05,-3.739e-05,87369.96,-0.010588704373343843,0.025973561566966945,0.022270287519208763,0.02070428552043795,0.023153788273733468
2025-11-26,4165.2001953125,58.650001525878906,4.558000087738037,6812.60986328125,17.190000534057617,0.006261760929431564,0.012007018164936087,0.029839734140007165,0.006882969436149685,-0.07668084812071645,15,Extreme Fear,21675.82239,1916851896.6699688,0.10235088954629752,0.11478223558954793,3.002333333333333e-05,5.106666666666666e-05,90484.02,0.035021744042270514,0.03047374868850153,0.02366959818560676,0.01962296499375598,0.022270287519208763
2025-11-27,4165.2001953125,58.650001525878906,4.558000087738037,6812.60986328125,17.190000534057617,0.0,0.0,0.0,0.0,0.0,22,Extreme Fear,16833.50932,1535778106.5787077,-0.2528259616033229,-0.2216470407854505,1.4776666666666665e-05,-1.5246666666666666e-05,91333.95,0.009349308992866888,0.019290771138842186,0.02386539622916158,0.019567884507388274,0.02366959818560676
2025-11-28,4218.2998046875,58.54999923706055,4.849999904632568,6849.08984375,16.350000381469727,0.012667816416397979,-0.0017065241030113673,0.06209473521327111,0.005340487341137372,-0.050099929787937765,25,Extreme Fear,18830.86012,1721418035.0795596,0.11212551758695267,0.11411122773490834,2.025e-05,5.473333333333336e-06,90890.7,-0.00486488380362324,0.01699889419926946,0.02360291710658644,0.019559697529295213,0.02386539622916158
2025-11-29,4218.2998046875,58.54999923706055,4.849999904632568,6849.08984375,16.350000381469727,0.0,0.0,0.0,0.0,0.0,28,Fear,7429.88291,673725652.9787655,-0.9299869202782723,-0.9380806841545025,8.103333333333333e-06,-1.2146666666666668e-05,90802.44,-0.0009715282254700339,0.016553611856714442,0.02355726217794403,0.0196022253813136,0.02360291710658644
2025-11-30,4218.2998046875,58.54999923706055,4.849999904632568,6849.08984375,16.350000381469727,0.0,0.0,0.0,0.0,0.0,28,Fear,9687.74175,884051773.1655338,0.2653512496861074,0.2716926428624217,4.506e-05,3.6956666666666665e-05,90360.0,-0.004884465893088772,0.015966137042965095,0.023321372541212037,0.019792047567259562,0.02355726217794403
2025-12-01,4239.2998046875,59.31999969482422,4.921000003814697,6812.6298828125,17.239999771118164,0.004965958221290471,0.013065435111999804,0.014533077373024934,-0.005337548746055966,0.05300433128459449,24,Extreme Fear,34509.01227,2977024047.2231607,1.2703591659345308,1.2141638108010033,2.7456666666666667e-05,-1.760333333333333e-05,86286.01,-0.04613421557385573,0.02424471553375863,0.02431437439770427,0.017935249130069535,0.023321372541212037
2025-12-02,4186.60009765625,58.63999938964844,4.840000152587891,6829.3701171875,16.59000015258789,-0.01250914319860585,-0.01152946495521809,-0.016597010404065096,0.002454221195936617,-0.03843213855940299,23,Extreme Fear,28210.22732,2519515177.662365,-0.20153593202448758,-0.16685766647335562,1.8776666666666666e-05,-8.680000000000002e-06,91277.88,0.0562410040171468,0.03260954086121147,0.02694123031902861,0.014775694596833765,0.02431437439770427
2025-12-03,4199.2998046875,58.95000076293945,4.994999885559082,6849.72021484375,16.079999923706055,0.0030288262173034956,0.005272592755579819,0.031522636934458316,0.0029753605210852863,-0.03122385439376344,28,Fear,25712.52585,2386223626.86139,-0.09270632279068747,-0.05435444932800329,5.296666666666666e-06,-1.348e-05,93429.95,0.023303477601614594,0.031154740850074827,0.026849943306993244,0.0143034985556378,0.02694123031902861
2025-12-04,4211.7998046875,59.66999816894531,5.063000202178955,6857.1201171875,15.779999732971191,0.0029722651693542806,0.012139710922112105,0.013521843730989231,0.001079738711974404,-0.018832960510421614,26,Fear,19803.94059,1836645629.33462,-0.26109732273049735,-0.2617711635211812,3.6559999999999996e-05,3.126333333333333e-05,92078.06,-0.014575262088996607,0.031848521954225426,0.02559004330720447,0.014152068061145866,0.026849943306993244
2025-12-05,4212.89990234375,60.08000183105469,5.289000034332275,6870.39990234375,15.40999984741211,0.00026116008896670296,0.006847687085184139,0.043669965654692056,0.0019347688846794776,-0.023726659065600814,28,Fear,19792.97218,1788436983.8106546,-0.0005540033054719637,-0.026598835352967105,3.3906666666666665e-05,-2.6533333333333305e-06,89330.04,-0.030298870064162046,0.034026646855039935,0.025545483909647972,0.013100173870928059,0.02559004330720447
2025-12-06,4212.89990234375,60.08000183105469,5.289000034332275,6870.39990234375,15.40999984741211,0.0,0.0,0.0,0.0,0.0,23,Extreme Fear,8409.50016,753420679.8063259,-0.8559648960787428,-0.8644735804550064,1.2633333333333333e-05,-2.1273333333333332e-05,89236.79,-0.001044426991022257,0.03402612142854223,0.025279899308430227,0.013824403463074307,0.025545483909647972
2025-12-07,4212.89990234375,60.08000183105469,5.289000034332275,6870.39990234375,15.40999984741211,0.0,0.0,0.0,0.0,0.0,20,Extreme Fear,13021.11185,1167866486.8455212,0.4372099904682944,0.4383101041242808,3.69e-05,2.426666666666667e-05,90395.31,0.012898987020788722,0.03447796670306929,0.02509500290834124,0.013668705094946517,0.025279899308430227
2025-12-08,4187.2001953125,58.880001068115234,4.9120001792907715,6846.509765625,16.65999984741211,-0.006118924040939417,-0.020175545371656393,-0.07394797122969814,-0.0034833153316476935,0.07799398814961006,20,Extreme Fear,15793.63887,1436920018.8936133,0.19303522712220494,0.20732337849329419,3.133666666666667e-05,-5.563333333333335e-06,90634.34,0.002640784411958209,0.027885740659448804,0.02510507788639713,0.014523074421050377,0.02509500290834124
2025-12-09,4206.7001953125,58.25,4.573999881744385,6840.509765625,16.93000030517578,0.0046462393338665645,-0.010757400115354736,-0.07129315759868891,-0.0008767431610132386,0.016076586591024407,22,Extreme Fear,21240.43014,1956261065.6071732,0.29629919177915937,0.30853308467280377,4.224666666666666e-05,1.0909999999999995e-05,92678.8,0.02230658176977993,0.019631616611057535,0.0250690695906569,0.013920680658683788,0.02510507788639713
2025-12-10,4196.39990234375,58.459999084472656,4.59499979019165,6886.68017578125,15.770000457763672,-0.002451547168984526,0.0035986515765415294,0.0045806404007918385,0.006726880659139976,-0.07097778416833754,26,Fear,18998.68083,1758773276.2478049,-0.11153690082504389,-0.10641846793152039,2.6593333333333332e-05,-1.565333333333333e-05,92015.37,-0.007184123390461821,0.017420546535957697,0.024883713918541623,0.013891128639206538,0.0250690695906569
2025-12-11,4285.5,57.599998474121094,4.230999946594238,6901.0,14.850000381469727,0.021010239753042382,-0.014820202811459567,-0.08253035103206917,0.00207719198371703,-0.060109539065541076,29,Fear,19972.58758,1814322119.0658488,0.04999116563779459,0.031095345935550307,2.371e-05,-2.88333333333333e-06,92513.38,0.005397654393828906,0.016671441787827965,0.024542774846053512,0.013847149750127833,0.024883713918541623
2025-12-12,4300.10009765625,57.439998626708984,4.11299991607666,6827.41015625,15.739999771118164,0.003401069596484952,-0.002781640379193324,-0.02828569027156239,-0.010720913458554537,0.05820533751093889,29,Fear,16679.19169,1521683425.5648005,-0.18019877646961033,-0.17589467100193704,4.998333333333334e-05,2.6273333333333338e-05,90268.42,-0.024565606595954068,0.014947951055798762,0.02477574318318616,0.013133728020196507,0.024542774846053512
2025-12-13,4300.10009765625,57.439998626708984,4.11299991607666,6827.41015625,15.739999771118164,0.0,0.0,0.0,0.0,0.0,23,Extreme Fear,5895.70788,532250544.5904015,-1.0399373277191772,-1.050458190856553,4.0606666666666665e-05,-9.376666666666675e-06,90240.01,-0.0003147775451217187,0.014929842333710525,0.02460798240268473,0.013143240382359804,0.02477574318318616
2025-12-14,4300.10009765625,57.439998626708984,4.11299991607666,6827.41015625,15.739999771118164,0.0,0.0,0.0,0.0,0.0,21,Extreme Fear,9416.94004,839079130.8378651,0.4682855910943416,0.4551906907203078,5.5570000000000005e-05,1.496333333333334e-05,88172.17,-0.023181518223391553,0.016521070009022153,0.023125635278724452,0.014639670080262245,0.02460798240268473
2025-12-15,4306.7001953125,56.81999969482422,4.01200008392334,6816.509765625,16.5,0.001533693992035725,-0.010852529776578733,-0.024862777826106897,-0.0015978388918367072,0.047155152458690654,16,Extreme Fear,19778.6919,1732823429.5017288,0.7420949922512765,0.725202379657186,7.926666666666666e-06,-4.764333333333334e-05,86432.08,-0.019932477149059748,0.017294566347021204,0.023209325315477976,0.014192723630884972,0.023125635278724452
2025-12-16,4304.5,55.27000045776367,3.885999917984009,6800.259765625,16.479999542236328,-0.0005110078294488002,-0.027658096927631208,-0.031909561168026186,-0.00238676400843967,-0.0012128842021314815,11,Extreme Fear,18456.05017,1604673428.6527836,-0.06921295232575994,-0.07683185371924459,4.3020000000000005e-05,3.509333333333334e-05,87863.42,0.016424660160555687,0.015716619442054342,0.023391270403268518,0.014347405160494688,0.023209325315477976
2025-12-17,4347.5,55.939998626708984,4.02400016784668,6721.43017578125,17.6200008392334,0.009939980130428714,0.012049389096967787,0.03489614465909521,-0.01165985661137129,0.06688717143322019,16,Extreme Fear,19834.11729,1733348496.6703594,0.0720113111042532,0.07713482032553567,7.041666666666667e-05,2.739666666666666e-05,86243.22,-0.018612119227458226,0.016248074690366335,0.023302624083716503,0.013785349850822332,0.023391270403268518
2025-12-18,4339.5,56.150001525878906,3.9079999923706055,6774.759765625,16.8700008392334,-0.0018418331441386099,0.0037470451350424486,-0.029250742280552834,0.007902951520479156,-0.04349772183265853,17,Extreme Fear,25405.41763,2204223872.6696463,0.24755889347137555,0.2403203767935892,4.5726666666666664e-05,-2.4690000000000002e-05,85516.41,-0.00846315677488792,0.014958183603290648,0.023246281207195112,0.013680796922256334,0.023302624083716503
2025-12-19,4361.39990234375,56.65999984741211,3.9839999675750732,6834.5,14.90999984741211,0.005033950243312225,0.009041783349827094,0.01926059935527906,0.008779407421828872,-0.12350482776224771,16,Extreme Fear,21256.65004,1863236625.932864,-0.17829265432777663,-0.1680603648165361,8.497000000000001e-05,3.9243333333333344e-05,88136.94,0.030183453965176642,0.020215745535552467,0.023877637426731105,0.013152483587767673,0.023246281207195112
2025-12-20,4361.39990234375,56.65999984741211,3.9839999675750732,6834.5,14.90999984741211,0.0,0.0,0.0,0.0,0.0,20,Extreme Fear,5123.13194,451919022.7277595,-1.422903830406601,-1.4165673653940514,6.135e-05,-2.3620000000000008e-05,88360.9,0.0025378227881089903,0.020317123571429955,0.02159800452651096,0.013371138799816402,0.023877637426731105
2025-12-21,4361.39990234375,56.65999984741211,3.9839999675750732,6834.5,14.90999984741211,0.0,0.0,0.0,0.0,0.0,20,Extreme Fear,7132.87258,629720971.7866651,0.3309480806186018,0.331773808824422,7.510666666666666e-05,1.3756666666666663e-05,88658.86,0.003366407020219751,0.018301159342827302,0.021325683812950226,0.015978543034918885,0.02159800452651096
2025-12-22,4444.60009765625,58.0099983215332,3.9649999141693115,6878.490234375,14.079999923706055,0.018896813791643464,0.023546888834552214,-0.00478049814383798,0.006415870575561936,-0.05727677323142513,25,Extreme Fear,14673.2197,1310235631.747926,0.7213100035082562,0.7326854522339274,5.189e-05,-2.3216666666666664e-05,88620.79,-0.00042949092673883664,0.01595548086931,0.021299225761451716,0.016118711784455498,0.021325683812950226
2025-12-23,4482.7998046875,58.380001068115234,4.4079999923706055,6909.7900390625,14.0,0.008557909489307347,0.006358003178000216,0.10591523668007992,0.004540067046788208,-0.005698015696033632,24,Extreme Fear,13910.32904,1219899607.2677548,-0.05339238261294778,-0.0714384263669742,3.219666666666666e-05,-1.9693333333333337e-05,87486.0,-0.012887699635666881,0.015866527110273986,0.02100355437746844,0.015924916593130646,0.021299225761451716
2025-12-24,4480.60009765625,58.349998474121094,4.242000102996826,6932.0498046875,13.470000267028809,-0.0004908198003828014,-0.0005140511397665496,-0.03838618969706519,0.003216304344700708,-0.038592319369021244,24,Extreme Fear,9140.8432,797460526.4738462,-0.4198790255398356,-0.42509150836709086,8.127333333333334e-05,4.907666666666668e-05,87669.45,0.002094711492890748,0.013739673597742436,0.020774699043659958,0.01592306668532032,0.02100355437746844
2025-12-25,4480.60009765625,58.349998474121094,4.242000102996826,6932.0498046875,13.470000267028809,0.0,0.0,0.0,0.0,0.0,23,Extreme Fear,7096.58235,622970453.6497647,-0.25313932603842676,-0.24693324511000708,7.409333333333333e-05,-7.180000000000009e-06,87225.27,-0.005079409544226788,0.013350120046955374,0.02070428552043795,0.015912742932653757,0.020774699043659958
2025-12-26,4529.10009765625,56.7400016784668,4.366000175476074,6929.93994140625,13.600000381469727,0.010766277995574931,-0.027979873619687227,0.028812417896506317,-0.00030440987710828846,0.00960481054501314,20,Extreme Fear,18344.61505,1616722115.636646,0.9497227646659252,0.9536569012677136,6.601666666666667e-05,-8.076666666666663e-06,87369.56,0.00165285573288968,0.005860121488722388,0.01962296499375598,0.016814996091784776,0.02070428552043795
2025-12-27,4529.10009765625,56.7400016784668,4.366000175476074,6929.93994140625,13.600000381469727,0.0,0.0,0.0,0.0,0.0,23,Extreme Fear,4469.55156,391274205.274436,-1.4120479922225326,-1.4187473865503515,3.4823333333333336e-05,-3.119333333333333e-05,87877.01,0.00579128502519536,0.006321408867622053,0.019567884507388274,0.017154866897302584,0.01962296499375598
2025-12-28,4529.10009765625,56.7400016784668,4.366000175476074,6929.93994140625,13.600000381469727,0.0,0.0,0.0,0.0,0.0,24,Extreme Fear,4446.29285,390327299.1502763,-0.005217399876301419,-0.002422990698108446,5.7943333333333325e-05,2.311999999999999e-05,87952.71,0.0008610604018155715,0.00611477083336964,0.019559697529295213,0.017251535608512385,0.019567884507388274
2025-12-29,4325.10009765625,58.08000183105469,4.686999797821045,6905.740234375,14.199999809265137,-0.04608798173882948,0.023341943080538913,0.07094537748520852,-0.003498162923937312,0.04317213038393171,24,Extreme Fear,19894.98575,1762011993.0377953,1.4983970460493468,1.5072259972056006,8.275333333333335e-05,2.481000000000002e-05,87237.13,-0.00816924063180667,0.006641452624671909,0.0196022253813136,0.017173922795380155,0.019559697529295213
2025-12-30,4370.10009765625,57.95000076293945,3.9719998836517334,6896.240234375,14.329999923706055,0.010350630404542907,-0.0022408190917251633,-0.16552295891364222,-0.0013766142506534472,0.009113285340826614,23,Extreme Fear,13105.91001,1155016404.4786754,-0.41740445334530574,-0.42234178709745923,7.652666666666667e-05,-6.2266666666666726e-06,88485.49,0.014208540730604829,0.007273062865426738,0.019792047567259562,0.01962031691670507,0.0196022253813136
2025-12-31,4325.60009765625,57.41999816894531,3.686000108718872,6845.5,14.949999809265137,-0.010235032825325435,-0.009187940147117662,-0.07472782814810122,-0.007384867434248815,0.0423560505625017,21,Extreme Fear,11558.62047,1019746835.2795268,-0.1256317546550889,-0.12456015110179465,2.7083333333333332e-05,-4.944333333333334e-05,87648.22,-0.009507280651887915,0.00838462749006815,0.017935249130069535,0.019571535891574912,0.019792047567259562
2026-01-01,4325.60009765625,57.41999816894531,3.686000108718872,6845.5,14.949999809265137,0.0,0.0,0.0,0.0,0.0,20,Extreme Fear,6279.57133,552991635.2911001,-0.6101298010216961,-0.6119667994130196,7.237e-05,4.528666666666667e-05,88839.04,0.013494889906895059,0.009399666949198637,0.014775694596833765,0.022805374011156815,0.017935249130069535
2026-01-02,4314.39990234375,57.31999969482422,3.618000030517578,6858.47021484375,14.510000228881836,-0.0025926392560806856,-0.001743045168221482,-0.018620493334679293,0.0018929140261155547,-0.029873204408338686,28,Fear,17396.97301,1558958860.8870876,1.018994507548121,1.036430605215844,4.88e-05,-2.357e-05,89995.13,0.012929364730521834,0.010143387168018277,0.0143034985556378,0.022821809875954405,0.014775694596833765
2026-01-03,4314.39990234375,57.31999969482422,3.618000030517578,6858.47021484375,14.510000228881836,0.0,0.0,0.0,0.0,0.0,29,Fear,7057.46716,635514773.6093655,-0.9022099982154272,-0.8973381429869449,3.701e-05,-1.179e-05,90628.01,0.00700776866128145,0.01018493399116009,0.014152068061145866,0.023288315184185854,0.0143034985556378
2026-01-04,4314.39990234375,57.31999969482422,3.618000030517578,6858.47021484375,14.510000228881836,0.0,0.0,0.0,0.0,0.0,25,Extreme Fear,10426.5297,952160980.5212084,0.39026726280459,0.4042987801012339,6.578999999999999e-05,2.8779999999999992e-05,91529.73,0.009900511123453195,0.010233856246466609,0.013100173870928059,0.02390771893398811,0.014152068061145866
2026-01-05,4436.89990234375,58.31999969482422,3.5230000019073486,6902.0498046875,14.899999618530273,0.027997669976117596,0.017295484831722364,-0.02660849550753415,0.006334024511051582,0.026523104679246158,26,Fear,20673.59584,1927455243.548076,0.6845038320295213,0.7052217675365888,7.282000000000001e-05,7.030000000000019e-06,93859.71,0.025137383113592964,0.010453933364399726,0.013824403463074307,0.023700389014146284,0.013100173870928059
2026-01-06,4482.2001953125,57.130001068115234,3.3499999046325684,6944.81982421875,14.75,0.010158128512449065,-0.020615691035027604,-0.050352582531414974,0.0061775920038938375,-0.0101181045635892,44,Fear,18546.41829,1728045542.298375,-0.108580636449708,-0.10920958070533414,1.377e-05,-5.905000000000001e-05,93747.97,-0.0011912093706725466,0.011130391902722116,0.013668705094946517,0.03516490008490583,0.013824403463074307
2026-01-07,4449.2998046875,55.9900016784668,3.5250000953674316,6920.93017578125,15.380000114440918,-0.007367304357957669,-0.020156258093818158,0.050920145949737525,-0.0034458535710101927,0.04182488873256102,42,Fear,14276.49025,1311906952.9749737,-0.26166254042321546,-0.27550925751293975,6.489e-05,5.112e-05,91364.16,-0.025756732261084898,0.016056303952410117,0.014523074421050377,0.04214782542070066,0.013668705094946517
2026-01-08,4449.7001953125,57.7599983215332,3.4070000648498535,6921.4599609375,15.449999809265137,8.998553214307117e-05,0.031123332186466183,-0.034048305605694704,7.654532942294603e-05,0.004541019480065979,28,Fear,16132.79117,1460622501.2073882,0.12223977343446128,0.10738094752171409,8.376333333333332e-05,1.8873333333333328e-05,91099.99,-0.0028955845252425483,0.015964390632680674,0.013920680658683788,0.042170921757090064,0.014523074421050377
2026-01-09,4490.2998046875,59.119998931884766,3.1689999103546143,6966.27978515625,14.489999771118164,0.009082749101682023,0.023272793047802182,-0.07241610529256935,0.006454611138321038,-0.06415025046171281,27,Fear,15590.27939,1416907180.1870482,-0.034206315312145484,-0.030386261432203087,1.5543333333333334e-05,-6.822e-05,90641.28,-0.005047956075853812,0.015654603803412326,0.013891128639206538,0.04239428458598916,0.013920680658683788
2026-01-10,4490.2998046875,59.119998931884766,3.1689999103546143,6966.27978515625,14.489999771118164,0.0,0.0,0.0,0.0,0.0,25,Extreme Fear,3104.11722,281321375.4802981,-1.613918238229194,-1.6167340322824493,6.511666666666667e-05,4.957333333333334e-05,90504.7,-0.0015079553615388976,0.015441350102251644,0.013847149750127833,0.042387921304665024,0.013891128639206538
2026-01-11,4490.2998046875,59.119998931884766,3.1689999103546143,6966.27978515625,14.489999771118164,0.0,0.0,0.0,0.0,0.0,29,Fear,5477.13594,497245863.9319499,0.567852959867408,0.5695868990074554,5.027e-05,-1.4846666666666675e-05,91013.65,0.005607712208944919,0.015053989131937473,0.013133728020196507,0.042340992016823974,0.013847149750127833
2026-01-12,4604.2998046875,59.5,3.4089999198913574,6977.27001953125,15.119999885559082,0.025071135876622564,0.006407053978539629,0.0730029172360459,0.0015763900591805138,0.04255962264580009,27,Fear,16188.08268,1479964862.2693064,1.0836930088370138,1.0906890249513708,3.121666666666667e-05,-1.905333333333333e-05,91296.2,0.003099670437196053,0.010267041463501278,0.013143240382359804,0.04237874709758789,0.013133728020196507
2026-01-13,4589.2001953125,61.150001525878906,3.4189999103546143,6963.740234375,15.979999542236328,-0.003284847544970745,0.027353574534645247,0.002929114780792214,-0.0019410055882070072,0.05531954850954804,26,Fear,23021.51482,2149770801.117704,0.35215387115892155,0.3733428865413899,5.176e-05,2.054333333333333e-05,95414.0,0.04411615250637421,0.020986147524035405,0.014639670080262245,0.04111490129344211,0.013143240382359804
2026-01-14,4626.2998046875,62.02000045776367,3.119999885559082,6926.60009765625,16.75,0.008051610829708839,0.014127033966977518,-0.09151511929578726,-0.005347633584135448,0.047060346578984245,48,Neutral,22851.89428,2201535821.648615,-0.007395191085925532,0.023793985229011723,2.2340000000000003e-05,-2.9419999999999996e-05,96951.78,0.01598842328794414,0.01720309342454735,0.014192723630884972,0.04183350158302029,0.014639670080262245
2026-01-15,4616.2998046875,59.189998626708984,3.128000020980835,6944.47021484375,15.84000015258789,-0.002163894212595402,-0.04670433555197605,0.0025608642488838393,0.002576603920444464,-0.055859862251721834,61,Greed,21725.81369,2093008182.8437335,-0.05053289002537509,-0.050552864474103065,9.693333333333333e-06,-1.264666666666667e-05,95604.8,-0.01399071349755265,0.01885746123009638,0.014347405160494688,0.04208478519590821,0.014192723630884972
2026-01-16,4588.39990234375,59.439998626708984,3.1029999256134033,6940.009765625,15.859999656677246,-0.0060621179774391735,0.004214791804453334,-0.008024467896726974,-0.0006425086684515026,0.0012617985402639538,49,Neutral,11167.7146,1064019408.0772514,-0.6654741339993394,-0.6765487216533533,5.7239999999999994e-05,4.754666666666666e-05,95550.94,-0.0005635195827788953,0.0184560065650352,0.013785349850822332,0.04204789647232982,0.014347405160494688
2026-01-17,4588.39990234375,59.439998626708984,3.1029999256134033,6940.009765625,15.859999656677246,0.0,0.0,0.0,0.0,0.0,50,Neutral,4280.80137,408161941.6719079,-0.9588867624873397,-0.9581448988929215,1.935e-05,-3.788999999999999e-05,95147.77,-0.004228351630570454,0.018705137240563927,0.013680796922256334,,0.013785349850822332
2026-01-18,4588.39990234375,59.439998626708984,3.1029999256134033,6940.009765625,15.859999656677246,0.0,0.0,0.0,0.0,0.0,49,Neutral,6895.17819,654773743.2677118,0.47668212622754297,0.4726257343184749,6.563333333333333e-05,4.628333333333334e-05,93673.14,-0.015619668190674642,0.020619066124228456,0.013152483587767673,,0.013680796922256334
2026-01-19,4588.39990234375,59.439998626708984,3.1029999256134033,6940.009765625,15.859999656677246,0.0,0.0,0.0,0.0,0.0,44,Fear,14295.52747,1326770336.049047,0.7291243697331435,0.7062132034730335,2.6366666666666666e-05,-3.926666666666667e-05,92631.0,-0.011187629751686884,0.02142755875167529,0.013371138799816402,,0.013152483587767673
2026-01-20,4759.60009765625,60.34000015258789,3.9070000648498535,6796.85986328125,20.09000015258789,0.036632293474919336,0.015027858954032521,0.23040047117754334,-0.020842460953261224,0.23642199186244148,32,Fear,22007.3261,1989676668.5941782,0.43142867846083105,0.40522447711623893,7.365666666666667e-05,4.729e-05,88427.66,-0.046439042216747994,0.019014316696838434,0.015978543034918885,,0.013371138799816402
2026-01-21,4831.7998046875,60.619998931884766,4.875,6875.6201171875,16.899999618530273,0.015055377008505682,0.004629617750091477,0.2213502717785015,0.01152111763356032,-0.17290858706520473,24,Extreme Fear,20617.50372,1837708115.3597033,-0.06523499231545865,-0.07945294169090701,6.155e-05,-1.2106666666666664e-05,89454.73,0.011547870630407164,0.018017109133484473,0.016118711784455498,,0.015978543034918885
2026-01-22,4908.7998046875,59.36000061035156,5.045000076293945,6913.35009765625,15.640000343322754,0.015810444337397162,-0.021004244868480324,0.03427756447844649,0.0054725007079021405,-0.07748184228810683,20,Extreme Fear,10825.50492,969910623.3559886,-0.6442354934739349,-0.639070558351175,6.961333333333333e-05,8.063333333333328e-06,89559.67,0.0011724197832196023,0.018570388695798457,0.015924916593130646,,0.016118711784455498
2026-01-23,4976.2001953125,61.06999969482422,5.275000095367432,6915.60986328125,16.09000015258789,0.013637113842028292,0.028400133096568393,0.04458102851300698,0.0003268164274822459,0.02836621341894342,24,Extreme Fear,13918.48919,1248772265.678843,0.25131319713408395,0.25271223379516894,5.149333333333333e-05,-1.8120000000000003e-05,89600.26,0.0004531147192842445,0.01865417211613767,0.01592306668532032,,0.015924916593130646
2026-01-24,4976.2001953125,61.06999969482422,5.275000095367432,6915.60986328125,16.09000015258789,0.0,0.0,0.0,0.0,0.0,25,Extreme Fear,4226.56737,378464146.0918812,-1.1918279466519537,-1.1937948180959974,4.780333333333334e-05,-3.6899999999999935e-06,89225.34,-0.004193141802223088,0.018655736362570265,0.015912742932653757,,0.01592306668532032
2026-01-25,4976.2001953125,61.06999969482422,5.275000095367432,6915.60986328125,16.09000015258789,0.0,0.0,0.0,0.0,0.0,25,Extreme Fear,14426.22019,1264233689.841581,1.2276572302154785,1.206100096740907,4.768e-05,-1.233333333333395e-07,86670.36,-0.029053123136142035,0.02006608953512114,0.016814996091784776,,0.015912742932653757
2026-01-26,5079.7001953125,60.630001068115234,6.800000190734863,6950.22998046875,16.149999618530273,0.02058565637353524,-0.007230904537314283,0.25394394279004123,0.00499359426016032,0.003722055560557878,20,Extreme Fear,17766.51453,1560135758.989215,0.2082680820493487,0.2103066826280525,4.1733333333333336e-05,-5.946666666666662e-06,88347.08,0.019161191027651143,0.023094144046899783,0.017154866897302584,,0.016814996091784776
2026-01-27,5079.89990234375,62.38999938964844,6.953999996185303,6978.60009765625,16.350000381469727,3.931395514705028e-05,0.02861515863927036,0.022394392805802858,0.004073587840441241,0.012307894626495038,29,Fear,13125.40425,1160026853.5895033,-0.3027658714242494,-0.29632968797162923,5.932666666666667e-05,1.7593333333333333e-05,89250.0,0.010168272808073633,0.01557189743739082,0.017251535608512385,,0.017154866897302584
2026-01-28,5301.60009765625,63.209999084472656,7.460000038146973,6978.02978515625,16.350000381469727,0.04271712307880896,0.01305750566045477,0.07023838629209651,-8.172639170147053e-05,0.0,29,Fear,14332.18502,1283919840.851472,0.08795810092898596,0.10147461957913322,5.413666666666667e-05,-5.189999999999996e-06,89299.99,0.0005599552406158251,0.0149090388748377,0.017173922795380155,,0.017251535608512385
2026-01-29,5318.39990234375,65.41999816894531,3.9179999828338623,6969.009765625,16.8799991607666,0.0031638076649501356,0.03436549212071179,-0.6439741041882078,-0.0012934674424623016,0.0319015187754475,26,Fear,30431.38201,2610381587.9100037,0.7529666699820454,0.7095786388368805,5.696333333333334e-05,2.8266666666666644e-06,84650.16,-0.05347437718715272,0.02496053263664304,0.01962031691670507,,0.017173922795380155
2026-01-30,4713.89990234375,65.20999908447266,4.354000091552734,6939.02978515625,17.440000534057617,-0.1206569177115754,-0.0032151767555849923,0.10551366869862883,-0.0043111794144580756,0.03263700965321155,16,Extreme Fear,35195.84793,2918624066.481832,0.14545374019813292,0.11161588220439561,2.167333333333333e-05,-3.529000000000001e-05,84260.49,-0.00461392684575843,0.024745249504836194,0.019571535891574912,,0.01962031691670507
2026-01-31,4713.89990234375,65.20999908447266,4.354000091552734,6939.02978515625,17.440000534057617,0.0,0.0,0.0,0.0,0.0,20,Extreme Fear,39491.89133,3155264093.623044,0.1151672489363295,0.07795990375127959,6.608666666666666e-05,4.441333333333333e-05,78741.09,-0.06774794341998952,0.03304890965425051,0.022805374011156815,,0.019571535891574912
2026-02-01,4713.89990234375,65.20999908447266,4.354000091552734,6939.02978515625,17.440000534057617,0.0,0.0,0.0,0.0,0.0,14,Extreme Fear,25395.48168,1974920557.0473866,-0.44152409646225366,-0.468544025603874,6.253333333333334e-06,-5.983333333333332e-05,76968.21,-0.02277264898561169,0.032778447713797704,0.022821809875954405,,0.022805374011156815
2026-02-02,4622.5,62.13999938964844,3.236999988555908,6976.43994140625,16.34000015258789,-0.0195798858862585,-0.04822292322273334,-0.296448012430919,0.005376785277364613,-0.0651503503332419,14,Extreme Fear,42273.59016,3260752444.4613295,0.5095912733811352,0.5014298066660068,-2.8959999999999997e-05,-3.521333333333333e-05,78738.61,0.02274115286261672,0.03345686151522867,0.023288315184185854,,0.022821809875954405
2026-02-03,4903.7001953125,63.209999084472656,3.311000108718872,6917.81005859375,18.0,0.05905437776175919,0.017072607857606444,0.022603319992062554,-0.008439495590663714,0.09675565912600367,17,Extreme Fear,39120.10889,2986903008.574792,-0.07752591631830226,-0.08772091240702869,-1.4100000000000003e-06,2.7549999999999995e-05,75770.21,-0.03842842483956077,0.03202461755472967,0.02390771893398811,,0.023288315184185854
2026-02-04,4920.39990234375,65.13999938964844,3.4649999141693115,6882.72021484375,18.639999389648438,0.0033997461243729043,0.030076288477937793,0.04546231647033555,-0.005085300155013826,0.03493801861709743,14,Extreme Fear,38375.36,2852834631.5391464,-0.019221041678599515,-0.0459239599794581,2.7626666666666664e-05,2.9036666666666666e-05,73165.83,-0.03497669878289926,0.03036894587860151,0.023700389014146284,,0.02390771893398811
2026-02-05,4861.39990234375,63.290000915527344,3.509000062942505,6798.39990234375,21.770000457763672,-0.012063365980342067,-0.028811437225438243,0.012618506667421,-0.01232667785383289,0.15522311976046393,12,Extreme Fear,106298.82899,7198745594.280694,1.0188386822298263,0.9255936802830634,1.5046666666666668e-05,-1.2579999999999996e-05,62909.86,-0.15102560052391373,0.05563168773376301,0.03516490008490583,,0.023700389014146284
2026-02-06,4951.2001953125,63.54999923706055,3.421999931335449,6932.2998046875,20.3700008392334,0.018303568705588632,0.00409963237731521,-0.025105959134144054,0.019504344282200718,-0.06646962483553287,9,Extreme Fear,92539.21531,6134056670.6115055,-0.1386217652261126,-0.16005048340806305,-9.587666666666666e-05,-0.00011092333333333333,70580.26,0.11504759382534949,0.08153377109168614,0.04214782542070066,,0.03516490008490583
2026-02-07,4951.2001953125,63.54999923706055,3.421999931335449,6932.2998046875,20.3700008392334,0.0,0.0,0.0,0.0,0.0,6,Extreme Fear,44255.48036,3058983879.0691524,-0.7376532902458943,-0.6957735092641808,-8.803666666666665e-05,7.840000000000006e-06,69289.38,-0.01845885430431717,0.0793571361042951,0.042170921757090064,,0.04214782542070066
2026-02-08,4951.2001953125,63.54999923706055,3.421999931335449,6932.2998046875,20.3700008392334,0.0,0.0,0.0,0.0,0.0,7,Extreme Fear,21420.53168,1510003758.652842,-0.7256293273551218,-0.7059706551568002,-3.937666666666667e-05,4.865999999999998e-05,70330.38,0.014912205705875922,0.08027355214357672,0.04239428458598916,,0.042170921757090064
2026-02-09,5050.89990234375,64.36000061035156,3.138000011444092,6964.81982421875,17.360000610351562,0.01993641500519393,0.012665345977459917,-0.08663949744660283,0.004680117860123293,-0.15989452704748955,14,Extreme Fear,29152.72842,2038959539.4209776,0.30819862135670406,0.30032750805333636,-1.837666666666667e-05,2.1000000000000002e-05,70138.0,-0.0027391234992863328,0.07895576005539036,0.042387921304665024,,0.04239428458598916
2026-02-10,5003.7998046875,63.959999084472656,3.115000009536743,6941.81005859375,17.790000915527344,-0.009368841148208894,-0.006234457955889157,-0.0073565026568077315,-0.0033091822845107053,0.024467808750071016,9,Extreme Fear,20373.77072,1408623623.3599253,-0.3583001831841565,-0.3698265740547532,-7.481e-05,-5.643333333333333e-05,68841.29,-0.01866101963278177,0.0783932596219795,0.042340992016823974,,0.042387921304665024
2026-02-11,5071.60009765625,64.62999725341797,3.1589999198913574,6941.47021484375,17.649999618530273,0.013458784179660236,0.010420783126096593,0.014026341160115453,-4.89572699497733e-05,-0.007900791374484802,11,Extreme Fear,28718.24602,1930513947.5441146,0.34328434604195407,0.3151731875347453,-2.7286666666666667e-05,4.752333333333333e-05,67082.52,-0.02588020693947351,0.07805645549391801,0.04237874709758789,,0.042340992016823974
2026-02-12,4923.7001953125,62.84000015258789,3.2170000076293945,6832.759765625,20.81999969482422,-0.02959604886955879,-0.028086840962171712,0.018193754167389473,-0.01578494138611745,0.16517828676271432,5,Extreme Fear,24271.74283,1622162145.3342066,-0.16821984337419446,-0.17402634453691596,1.300000000000001e-06,2.858666666666667e-05,66272.17,-0.012153452937677535,0.04930347537994649,0.04111490129344211,,0.04237874709758789
2026-02-13,5022.0,62.88999938964844,3.243000030517578,6836.169921875,20.600000381469727,0.01976794067778529,0.0007953430347292803,0.008049586106997212,0.0004989646444475858,-0.010622954215521119,9,Extreme Fear,20244.54955,1371286022.3300548,-0.18142722791552107,-0.1680109150290891,1.758666666666667e-05,1.6286666666666668e-05,68853.96,0.038217689464747844,0.022764459696579094,0.04183350158302029,,0.04111490129344211
2026-02-14,5022.0,62.88999938964844,3.243000030517578,6836.169921875,20.600000381469727,0.0,0.0,0.0,0.0,0.0,9,Extreme Fear,18114.78393,1260259314.3600264,-0.11115720270666889,-0.08443149712905317,4.569999999999999e-06,-1.301666666666667e-05,69822.95,0.013975012427655345,0.022520687048560938,0.04208478519590821,,0.04183350158302029
2026-02-15,5022.0,62.88999938964844,3.243000030517578,6836.169921875,20.600000381469727,0.0,0.0,0.0,0.0,0.0,8,Extreme Fear,22290.05208,1545094572.1368146,0.20741208727713734,0.2037676153793122,-1.068e-05,-1.5249999999999998e-05,68832.58,-0.014285572925026392,0.02223735095222035,0.04204789647232982,,0.04208478519590821
