date,gold,crude_oil,natgas,sp500,vix,gold_lg_ret,crude_oil_lg_ret,natgas_lg_ret,sp500_lg_ret,vix_lg_ret,fear_greed,sentiment,volume_in_DOGE,volume_in_USDT,delta_volume_in_DOGE,delta_volume_in_USDT,funding_rate,funding_change,close_price,log_returns,7d_vol,30d_vol,30d_vol_target,benchmark
2023-06-04,1952.4000244140625,71.73999786376953,2.171999931335449,4282.3701171875,14.600000381469727,0.0,0.0,0.0,0.0,0.0,52,Neutral,273284700.0,19897118.0819,,,0.0001,,0.07249,-0.0028927632266872684,0.008984038731180862,0.017789668520404176,0.03647169066931498,0.018409699824249764
2023-06-05,1958.0,72.1500015258789,2.244999885559082,4273.7900390625,14.729999542236328,0.0028641465728216076,0.00569886404184349,0.03305709976013099,-0.002005591490657713,0.008864644555221157,53,Neutral,1393290604.0,93957296.05613,1.62890946046474,1.5522654805325278,0.0001,0.0,0.0664,-0.08775156483039816,0.03379667899132432,0.022426530546480444,0.033078719899389986,0.017789668520404176
2023-06-06,1965.5,71.73999786376953,2.26200008392334,4283.85009765625,13.960000038146973,0.003823121771459306,-0.005698864041843443,0.007543944577009816,0.002351130233850576,-0.053690099330757315,44,Fear,1170265603.0,80278280.52343,-0.1744375562550152,-0.15734127656416316,-0.00010507666666666666,-0.00020507666666666667,0.07025,0.05636325173146713,0.043040855562839424,0.025056885482128206,0.03184992733430971,0.022426530546480444
2023-06-07,1942.699951171875,72.52999877929688,2.3289999961853027,4267.52001953125,13.9399995803833,-0.011667932951336448,0.01095181021826159,0.029189574468975667,-0.003819293926420617,-0.0014337248360685253,53,Neutral,687833819.0,46875925.6902,-0.5314387465336123,-0.5379948730531721,4.399333333333334e-05,0.00014907,0.06728,-0.04319729254916248,0.0455532874267463,0.02425447529038436,0.030967116926066934,0.025056885482128206
2023-06-08,1963.5999755859375,71.29000091552734,2.3519999980926514,4293.93017578125,13.649999618530273,0.010700777840001093,-0.017244174573166782,0.009827039961141109,0.00616957160752325,-0.02102288154628079,50,Neutral,366934419.0,24883849.00859,-0.6283641293423174,-0.6332852733298636,8.296999999999999e-05,3.897666666666665e-05,0.06796,0.010056281139038562,0.046106513201298355,0.024259670632238276,0.03091912706233192,0.02425447529038436
2023-06-09,1962.199951171875,70.16999816894531,2.253999948501587,4298.85986328125,13.829999923706055,-0.0007132429056668153,-0.015835234802188534,-0.04255963645541434,0.0011474010230505239,0.013100646475644259,50,Neutral,664528733.0,46007799.06456,0.5938949799847149,0.6145919681764042,0.0001,1.7030000000000018e-05,0.06947,0.02197570790105828,0.04667038385770506,0.024663291148504164,0.030617691915759068,0.024259670632238276
2023-06-10,1962.199951171875,70.16999816894531,2.253999948501587,4298.85986328125,13.829999923706055,0.0,0.0,0.0,0.0,0.0,49,Neutral,2781711103.0,171561454.57232,1.4317434047670552,1.316130611118025,-3.552999999999999e-05,-0.00013553,0.06175,-0.117801029196703,0.06245740959703202,0.03246169558133472,0.02144480173771733,0.024663291148504164
2023-06-11,1962.199951171875,70.16999816894531,2.253999948501587,4298.85986328125,13.829999923706055,0.0,0.0,0.0,0.0,0.0,47,Neutral,580462318.0,35906374.71752,-1.5669966359906533,-1.564026689653831,-0.00013872666666666665,-0.00010319666666666667,0.06151,-0.0038942122878096704,0.0624039420711021,0.03239751189615224,0.021418788313134388,0.03246169558133472
2023-06-12,1955.300048828125,67.12000274658203,2.2660000324249268,4338.93017578125,15.010000228881836,-0.003522608540493114,-0.044438740090224194,0.005309784145119211,0.00927797498175416,0.08187652073388114,47,Neutral,485251023.0,29613143.7058,-0.17915855578642534,-0.19269654157745267,-1.183333333333335e-06,0.00013754333333333333,0.06143,-0.0013014480444409455,0.05576163622022392,0.032396666983364825,0.021437189894937116,0.03239751189615224
2023-06-13,1944.5999755859375,69.41999816894531,2.3399999141693115,4369.009765625,14.609999656677246,-0.005487371483662416,0.03369288097774668,0.03213471577469008,0.006908570725908897,-0.027010458630547705,45,Fear,469560125.0,28919978.69953,-0.032869978021603616,-0.023685646126948526,6.838666666666666e-05,6.957e-05,0.06175,0.0051956603322504446,0.04829588946998866,0.03240866078162809,0.025712928885895825,0.032396666983364825
2023-06-14,1955.300048828125,68.2699966430664,2.3420000076293945,4372.58984375,13.880000114440918,0.005487371483662365,-0.016704601798411153,0.0008543757433382518,0.0008190899801265841,-0.05125723893976474,46,Fear,642700404.0,38884225.34061,0.31388232875819716,0.2960559893838804,6.099666666666667e-05,-7.3899999999999885e-06,0.06038,-0.022436051229393742,0.04714472874017129,0.032549523703236764,0.025923166073599388,0.03240866078162809
2023-06-15,1957.800048828125,70.62000274658203,2.5329999923706055,4425.83984375,14.5,0.0012777594632126471,0.033843047133893404,0.07839909957437252,0.012104580493589997,0.04369968610284749,41,Fear,534409612.0,32540254.9184,-0.18451607238751822,-0.17811071438196316,-4.3280000000000006e-05,-0.00010427666666666668,0.06153,0.018866936473706054,0.04804838439633645,0.03271006974520257,0.027100958356280597,0.032549523703236764
2023-06-16,1958.4000244140625,71.77999877929688,2.631999969482422,4409.58984375,13.539999961853027,0.0003064070167053769,0.016292439320637658,0.038339633860707455,-0.0036783764677510893,-0.06850038475975376,47,Neutral,501181424.0,30939222.82953,-0.06419444930124818,-0.05045320956386156,0.0001,0.00014328000000000002,0.06219,0.010669354363398885,0.046803565443627994,0.03223929283319501,0.02803327638962834,0.03271006974520257
2023-06-17,1958.4000244140625,71.77999877929688,2.631999969482422,4409.58984375,13.539999961853027,0.0,0.0,0.0,0.0,0.0,47,Neutral,358515676.0,22354492.32997,-0.3349957735639122,-0.32499742623180633,6.752e-05,-3.248e-05,0.0622,0.0001607846293357545,0.012971252970123965,0.03216958916811118,0.02802537352699733,0.03223929283319501
2023-06-18,1958.4000244140625,71.77999877929688,2.631999969482422,4409.58984375,13.539999961853027,0.0,0.0,0.0,0.0,0.0,49,Neutral,616148520.0,38439286.52508,0.5415156526462843,0.5420527232221362,6.166333333333333e-05,-5.856666666666674e-06,0.06212,-0.0012870014646473376,0.012842844724173465,0.03215755234133014,0.02826441840025055,0.03216958916811118
2023-06-19,1958.4000244140625,71.77999877929688,2.631999969482422,4409.58984375,13.539999961853027,0.0,0.0,0.0,0.0,0.0,47,Neutral,313699473.0,19469370.97016,-0.6750526031225249,-0.6802375119702798,3.5810000000000004e-05,-2.5853333333333325e-05,0.06245,0.005298238291100343,0.012852882118450462,0.032193989507983696,0.028421854865579563,0.03215755234133014
2023-06-20,1935.5,70.5,2.492000102996826,4388.7099609375,13.880000114440918,-0.011762134766634989,-0.017993158895064698,-0.054658359612050685,-0.004746353835236048,0.024800698656906404,49,Neutral,438420606.0,27230997.25707,0.3347433020202125,0.3355134182667569,7.216333333333334e-05,3.6353333333333337e-05,0.06313,0.010829855807947746,0.013231439296650813,0.03219899280402082,0.028404584125392537,0.032193989507983696
2023-06-21,1933.300048828125,72.52999877929688,2.5969998836517334,4365.68994140625,13.199999809265137,-0.0011372784228845022,0.028387542726777716,0.041271245623388145,-0.005259086366925201,-0.050232148180967114,59,Greed,948481988.0,61394849.38643,0.7716840619441333,0.8129700159355757,5.9329999999999996e-05,-1.2833333333333345e-05,0.06561,0.03853203097725177,0.013636622711280948,0.03303725690352604,0.028307334893397092,0.03219899280402082
2023-06-22,1912.699951171875,69.51000213623047,2.6080000400543213,4381.89013671875,12.90999984741211,-0.01071258172670636,-0.04252959469989951,0.004226771543074732,0.0037039303873345254,-0.022214622103519467,65,Greed,998222870.0,66966814.32449,0.05111376880271146,0.0868712426754888,0.0001,4.067000000000001e-05,0.06555,-0.0009149131470773596,0.013989441029817301,0.0330352961098949,0.02931947803931488,0.03303725690352604
2023-06-23,1919.0999755859375,69.16000366210938,2.7290000915527344,4348.330078125,13.4399995803833,0.003340482534468814,-0.005047944078749438,0.04535161585163115,-0.007688288056502158,0.04023311083432769,65,Greed,780327080.0,52684721.70418,-0.24626340289196344,-0.23987168531699257,0.0001,0.0,0.06823,0.04007114061762341,0.018307277740722338,0.03353151159489652,0.028624270423305172,0.0330352961098949
2023-06-24,1919.0999755859375,69.16000366210938,2.7290000915527344,4348.330078125,13.4399995803833,0.0,0.0,0.0,0.0,0.0,62,Greed,638939181.0,42945397.7126,-0.1999038936772922,-0.20439601462748067,8.731e-05,-1.2690000000000002e-05,0.06669,-0.0228293341831174,0.02260320615843617,0.03374988262415471,0.0287846645302708,0.03353151159489652
2023-06-25,1919.0999755859375,69.16000366210938,2.7290000915527344,4348.330078125,13.4399995803833,0.0,0.0,0.0,0.0,0.0,64,Greed,378779847.0,25456715.53541,-0.5228541137649212,-0.5229499082371172,9.480000000000001e-05,7.490000000000011e-06,0.06672,0.0004497414062765312,0.022468342795048855,0.033747451817149804,0.03355049611248087,0.03374988262415471
2023-06-26,1923.699951171875,69.37000274658203,2.7909998893737793,4328.81982421875,14.25,0.0023940761271535643,0.003031823224082698,0.022464639643126144,-0.004496934363132171,0.05852160284113717,55,Greed,710375009.0,46417573.76788,0.6288378546075443,0.600698552609987,0.0001,5.199999999999991e-06,0.06474,-0.03012550955239295,0.02724024883206448,0.033807387205017504,0.03443671422038286,0.033747451817149804
2023-06-27,1914.0,67.69999694824219,2.763000011444092,4378.41015625,13.739999771118164,-0.00505509651683476,-0.024368402149869475,-0.010082864834228464,0.01139073352418076,-0.03644563657852305,59,Greed,477097877.0,31114201.05517,-0.39807134957536955,-0.4000137919922152,9.959999999999998e-06,-9.004000000000001e-05,0.06556,0.012586505377530461,0.027309355912201485,0.03379551699691002,0.03446457779819414,0.033807387205017504
2023-06-28,1912.300048828125,69.55999755859375,2.6029999256134033,4376.85986328125,13.430000305175781,-0.0008885614102553915,0.02710351954766955,-0.05965245264801524,-0.0003541393883898215,-0.02282023687755186,62,Greed,700025590.0,44443036.70018,0.38339522880678517,0.35654395449254656,7.272666666666666e-05,6.276666666666667e-05,0.06257,-0.04667982386535671,0.029015367064931442,0.03469059722921397,0.033105148506684674,0.03379551699691002
2023-06-29,1909.199951171875,69.86000061035156,2.7009999752044678,4396.43994140625,13.539999961853027,-0.0016224510460784893,0.004303593727232923,0.036957468195175876,0.00446356811449,0.008157231408190429,54,Neutral,450376389.0,28450957.38809,-0.4410332383579781,-0.44602648341557527,-0.00012992666666666668,-0.00020265333333333333,0.06342,0.013493339099929233,0.029995077560957092,0.03483541578276829,0.03359810471913855,0.03469059722921397
2023-06-30,1921.0999755859375,70.63999938964844,2.7980000972747803,4450.3798828125,13.59000015258789,0.0062136453694543944,0.01110329953992615,0.035282845378766484,0.0121943502618858,0.0036859747242309056,56,Greed,1114226909.0,72688463.48364,0.905832435095328,0.9380008737313962,7.613666666666667e-05,0.00020606333333333336,0.06646,0.04682099381624707,0.03173309393162465,0.036048328562976635,0.03337850360162172,0.03483541578276829
2023-07-01,1921.0999755859375,70.63999938964844,2.7980000972747803,4450.3798828125,13.59000015258789,0.0,0.0,0.0,0.0,0.0,59,Greed,1480878387.0,101954533.09148,0.2844746071781987,0.33834427456132926,9.73e-05,2.116333333333332e-05,0.06851,0.030379457088359454,0.032758711142897426,0.03654394468050017,0.033063463196583896,0.036048328562976635
2023-07-02,1921.0999755859375,70.63999938964844,2.7980000972747803,4450.3798828125,13.59000015258789,0.0,0.0,0.0,0.0,0.0,63,Greed,945225786.0,63910497.52448,-0.4489668694942507,-0.467043331502105,0.0001,2.7000000000000114e-06,0.06801,-0.007324966827260426,0.03302379372401346,0.03641196596278565,0.03299138113545519,0.03654394468050017
2023-07-03,1921.699951171875,69.79000091552734,2.7090001106262207,4455.58984375,13.569999694824219,0.00031225960354315117,-0.012105801508016404,-0.03232530706960484,0.0011699930926736418,-0.0014727880332322733,62,Greed,566630919.0,38549024.24769,-0.5117156706706995,-0.5055528400541862,0.0001,0.0,0.06845,0.00644879854691056,0.029682361710451306,0.03643880845283457,0.03454661470636394,0.03641196596278565
2023-07-04,1921.699951171875,69.79000091552734,2.7090001106262207,4455.58984375,13.569999694824219,0.0,0.0,0.0,0.0,0.0,64,Greed,1051878193.0,73023095.2265,0.6186244452035876,0.6388449757337387,0.0001,0.0,0.0689,0.006552626285154984,0.029613167251800895,0.03647169066931498,0.034599690900971924,0.03643880845283457
2023-07-05,1919.5999755859375,71.79000091552734,2.6570000648498535,4446.81982421875,14.180000305175781,-0.0010933672637802037,0.028254457193867853,-0.019381912754662535,-0.0019702580976127164,0.04397109126777171,61,Greed,592363243.0,39862578.36768,-0.5742125676066111,-0.6053377657945744,4.4380000000000005e-05,-5.562e-05,0.06701,-0.027814316034533573,0.024281631467282856,0.033078719899389986,0.034143323539954376,0.03647169066931498
2023-07-06,1908.699951171875,71.80000305175781,2.6089999675750732,4411.58984375,15.4399995803833,-0.005694461811811971,0.00013931521652338637,-0.018230697458361197,-0.007954061175894762,0.08512897479383684,56,Greed,620315296.0,41310812.25522,0.046107857845352464,0.0356862653669035,-4.3536666666666666e-05,-8.791666666666667e-05,0.06485,-0.032764951222626355,0.028952396934867616,0.03184992733430971,0.03379395584146083,0.033078719899389986
2023-07-07,1926.199951171875,73.86000061035156,2.5820000171661377,4398.9501953125,14.829999923706055,0.009126768323334932,0.02828689913027681,-0.010402694653647343,-0.002869212795733482,-0.04030936641410981,55,Greed,410024265.0,26781021.84796,-0.41401154983705074,-0.43343076698534383,-8.543333333333332e-06,3.4993333333333336e-05,0.0654,0.008445347700700143,0.022145969080795302,0.030967116926066934,0.03407712440388497,0.03184992733430971
2023-07-08,1926.199951171875,73.86000061035156,2.5820000171661377,4398.9501953125,14.829999923706055,0.0,0.0,0.0,0.0,0.0,58,Greed,278674788.0,18218680.63466,-0.38617087334134537,-0.38524602048223827,-2.8673333333333332e-05,-2.013e-05,0.06573,0.005033183812331676,0.017497025515641647,0.03091912706233192,0.03417375172300935,0.030967116926066934
2023-07-09,1926.199951171875,73.86000061035156,2.5820000171661377,4398.9501953125,14.829999923706055,0.0,0.0,0.0,0.0,0.0,55,Greed,279080489.0,18358802.15212,0.0014547637226569792,0.007661664621198577,-9.11e-06,1.9563333333333333e-05,0.06536,-0.005644991723737337,0.017486024774627556,0.030617691915759068,0.0342382951394535,0.03091912706233192
2023-07-10,1925.0,72.98999786376953,2.6689999103546143,4409.52978515625,15.069999694824219,-0.0006231570554215221,-0.011849001491944946,0.03313953776191725,0.002402138610626312,0.016053841382581882,56,Greed,616363367.0,39955694.54037,0.7923364398600724,0.7776620629358244,2.0403333333333335e-05,2.9513333333333334e-05,0.06523,-0.001990964743742942,0.016787543972058786,0.02144480173771733,0.03421656710203864,0.030617691915759068
2023-07-11,1931.300048828125,74.83000183105469,2.7309999465942383,4439.259765625,14.84000015258789,0.0032674088391857186,0.02489648236569345,0.02296398610142489,0.006719583998254874,-0.015379744366417212,57,Greed,313014382.0,20328586.42436,-0.6775875327490014,-0.6757431100297644,8.766e-05,6.725666666666666e-05,0.06528,0.0007662248478471292,0.016145877224405185,0.021418788313134388,0.03420868857950637,0.02144480173771733
2023-07-12,1956.199951171875,75.75,2.631999969482422,4472.16015625,13.539999961853027,0.012810414334619996,0.012219545827684955,-0.03692382106793469,0.007383905235389679,-0.09167798335466223,64,Greed,312404127.0,20289741.40216,-0.0019515098606527322,-0.001912685042493217,7.004333333333333e-05,-1.761666666666667e-05,0.06503,-0.0038370087747910736,0.013495836809597176,0.021437189894937116,0.03419285450588388,0.021418788313134388
2023-07-13,1959.199951171875,76.88999938964844,2.5450000762939453,4510.0400390625,13.609999656677246,0.0015324108197861239,0.01493737671662713,-0.03361332188778594,0.008434482989627111,0.005156526770827636,57,Greed,1572353798.0,107974602.3465,1.6160313815017173,1.6717806273423412,2.3223333333333335e-05,-4.681999999999999e-05,0.07042,0.07962861184584581,0.030327482226946496,0.025712928885895825,0.031213860423284567,0.021437189894937116
2023-07-14,1960.0999755859375,75.41999816894531,2.5390000343322754,4505.419921875,13.34000015258789,0.00045927816023401885,-0.019303353554000074,-0.0023603637359513995,-0.001024932196907484,-0.020037739511752393,60,Greed,1501930500.0,105437639.04108,-0.04582245039169101,-0.023776356999154053,0.0001,7.677666666666667e-05,0.06849,-0.027789564517092677,0.03387472907856997,0.025923166073599388,0.031130228535093375,0.025712928885895825
2023-07-15,1960.0999755859375,75.41999816894531,2.5390000343322754,4505.419921875,13.34000015258789,0.0,0.0,0.0,0.0,0.0,56,Greed,2333412778.0,169555438.69357,0.4405806268883175,0.4750602662711341,0.0001,0.0,0.07197,0.049561616309899234,0.037517581996512075,0.027100958356280597,0.029862511950094192,0.025923166073599388
2023-07-16,1960.0999755859375,75.41999816894531,2.5390000343322754,4505.419921875,13.34000015258789,0.0,0.0,0.0,0.0,0.0,57,Greed,930666895.0,65785219.4842,-0.9191857659460533,-0.9467847600836545,0.0001,0.0,0.06952,-0.03463488456257639,0.04132042666112309,0.02803327638962834,0.030716828413344936,0.027100958356280597
2023-07-17,1952.4000244140625,74.1500015258789,2.51200008392334,4522.7900390625,13.479999542236328,-0.003936082358076451,-0.016982378389892278,-0.01069103422958422,0.0038479695744204137,0.01044001959958077,54,Neutral,1103083153.0,77313205.64979,0.16996298388664297,0.16146959215271806,7.166666666666667e-05,-2.8333333333333335e-05,0.06982,0.004306020719753339,0.04111399831799562,0.02802537352699733,0.032309815141722424,0.02803327638962834
2023-07-18,1977.199951171875,75.75,2.628999948501587,4554.97998046875,13.300000190734863,0.012622280219577665,0.021348355227265157,0.0455242441442257,0.007092066941428338,-0.013443021956755858,56,Greed,588900425.0,40400764.8532,-0.6276072928098446,-0.6490160605538707,0.0001,2.8333333333333335e-05,0.06866,-0.016753713647343946,0.0422666292303086,0.02826441840025055,0.03657772542856357,0.02802537352699733
2023-07-19,1977.5,75.3499984741211,2.6029999256134033,4565.72021484375,13.760000228881836,0.0001517429045972916,-0.005294539567523786,-0.009938928723978016,0.002355134827233639,0.03400179957037673,50,Neutral,941079033.0,65896478.84647,0.468770012734106,0.48923629151485126,0.0001,0.0,0.07003,0.01975693363788029,0.042179373457768135,0.028421854865579563,0.03705943166631044,0.02826441840025055
2023-07-20,1968.300048828125,75.62999725341797,2.756999969482422,4534.8701171875,13.989999771118164,-0.004663169815610156,0.0037090887299437904,0.05747852353736224,-0.006779827396257691,0.01657692317794938,56,Greed,1394548088.0,99770589.80378,0.39329856614857583,0.4147884402298532,0.0001,0.0,0.07062,0.008389668832814069,0.029402357031147297,0.028404584125392537,0.03705892357029459,0.028421854865579563
2023-07-21,1964.300048828125,77.06999969482422,2.7130000591278076,4536.33984375,13.600000381469727,-0.002034278228194697,0.0188611022782814,-0.016088065501487298,0.0003240420146130911,-0.028272951525750628,50,Neutral,1714323052.0,125872266.19518,0.20644786929352632,0.23239418385068447,7.725000000000001e-05,-2.2749999999999997e-05,0.07322,0.03615521719184978,0.029114666680407637,0.028307334893397092,0.03631253202208604,0.028404584125392537
2023-07-22,1964.300048828125,77.06999969482422,2.7130000591278076,4536.33984375,13.600000381469727,0.0,0.0,0.0,0.0,0.0,52,Neutral,817196460.0,58570412.04585,-0.7408940287417894,-0.7650379772155073,7.702333333333333e-05,-2.266666666666758e-07,0.07047,-0.03828152035315886,0.027895122756340457,0.02931947803931488,0.03589222204168177,0.028307334893397092
2023-07-23,1964.300048828125,77.06999969482422,2.7130000591278076,4536.33984375,13.600000381469727,0.0,0.0,0.0,0.0,0.0,54,Neutral,636160266.0,45717792.76659,-0.25042900890730996,-0.24774209461264463,0.0001,2.2976666666666673e-05,0.0718,0.018697388715247263,0.024944785447148163,0.028624270423305172,0.03565175445005319,0.02931947803931488
2023-07-24,1960.300048828125,78.73999786376953,2.684999942779541,4554.64013671875,13.90999984741211,-0.002038424953129538,0.02143716255522998,-0.01037434882137731,0.004026038496874852,0.02253817417444661,55,Greed,3734795178.0,279829292.46351,1.7699977353471423,1.8116921869068483,9.330333333333335e-05,-6.69666666666666e-06,0.0742,0.03287967411915621,0.027129012142856023,0.0287846645302708,0.03523635631402651,0.028624270423305172
2023-07-25,1962.0999755859375,79.62999725341797,2.7300000190734863,4567.4599609375,13.859999656677246,0.0009177681383586431,0.011239613392143006,0.01662090953382343,0.0028107195758387046,-0.003601025974701848,50,Neutral,3974103246.0,313632445.0117,0.06210614563768664,0.11404199551150514,2.758e-05,-6.572333333333334e-05,0.08185,0.09812415364380919,0.04058173272387005,0.03355049611248087,0.02936296784658343,0.0287846645302708
2023-07-26,1968.9000244140625,78.77999877929688,2.6649999618530273,4566.75,13.1899995803833,0.0034597077644024344,-0.010731729729882442,-0.02409757287974662,-0.00015545097867591856,-0.049548034075017525,51,Neutral,2421416701.0,191653652.84432,-0.49544634164731977,-0.4925318913628824,6.351333333333333e-05,3.593333333333333e-05,0.07793,-0.04907731596167446,0.04946131830140904,0.03443671422038286,0.028391381060988208,0.03355049611248087
2023-07-27,1945.4000244140625,80.08999633789062,2.492000102996826,4537.41015625,14.40999984741211,-0.012007399562659367,0.016491814562992667,-0.06711840104755121,-0.006445393055197076,0.08846346450642487,51,Neutral,1390657420.0,108963531.77816,-0.554576183158097,-0.5646765962152418,9.577666666666668e-05,3.226333333333335e-05,0.07761,-0.004114702989422089,0.049974348402815914,0.03446457779819414,0.028393148727064138,0.03443671422038286
2023-07-28,1960.4000244140625,80.58000183105469,2.638000011444092,4582.22998046875,13.329999923706055,0.007680922504028945,0.006099545875976461,0.056935416377097064,0.009829375810433848,-0.07790527095526234,52,Neutral,845464658.0,65109003.88713,-0.4976455109945697,-0.5149504071964225,6.861666666666666e-05,-2.7160000000000018e-05,0.07717,-0.005685504396535686,0.049308460195338126,0.033105148506684674,0.02847169662103003,0.03446457779819414
2023-07-29,1960.4000244140625,80.58000183105469,2.638000011444092,4582.22998046875,13.329999923706055,0.0,0.0,0.0,0.0,0.0,52,Neutral,1189212485.0,94327162.57102,0.34116022237667726,0.3707063441851847,7.891666666666667e-05,1.0300000000000006e-05,0.08023,0.03888672929605286,0.04587208535044133,0.03359810471913855,0.027236419673281588,0.033105148506684674
2023-07-30,1960.4000244140625,80.58000183105469,2.638000011444092,4582.22998046875,13.329999923706055,0.0,0.0,0.0,0.0,0.0,52,Neutral,1058535152.0,83772145.22556,-0.11640529044150064,-0.11866863603811528,0.0001,2.1083333333333335e-05,0.07802,-0.02793230568705405,0.04911482193491855,0.03337850360162172,0.0286273578515757,0.03359810471913855
2023-07-31,1970.5,81.80000305175781,2.634000062942505,4588.9599609375,13.630000114440918,0.005138771146053185,0.015026778429613846,-0.0015174314160361743,0.0014676354365687912,0.022256125637552852,50,Neutral,845233630.0,66206001.13514,-0.22502822493260582,-0.2353294459333377,3.1509999999999995e-05,-6.849000000000002e-05,0.07786,-0.002052861896200866,0.04839355247618673,0.033063463196583896,0.028623754466085054,0.03337850360162172
2023-08-01,1940.699951171875,81.37000274658203,2.559999942779541,4576.72998046875,13.930000305175781,-0.015238610077067491,-0.0052705924534539855,-0.02849639107752737,-0.0026686453076827116,0.021771555594829822,53,Neutral,873111968.0,67040145.5697,0.03245072985262942,0.012520517134636918,6.588e-05,3.4370000000000005e-05,0.07815,0.0037177146851758345,0.02727201373604163,0.03299138113545519,0.028986525918642998,0.033063463196583896
2023-08-02,1937.4000244140625,79.48999786376953,2.4769999980926514,4513.39013671875,16.09000015258789,-0.0017018269642495524,-0.023375487751982435,-0.03295908640253019,-0.013936200638336184,0.14415316078816753,53,Neutral,804142710.0,60836505.04171,-0.08228705077420755,-0.09710160688994958,9.821e-05,3.233e-05,0.07422,-0.0515964012350341,0.02793439244614685,0.03454661470636394,0.027753768481253424,0.03299138113545519
2023-08-03,1932.0,81.55000305175781,2.565000057220459,4501.89013671875,15.920000076293945,-0.0027911448212779625,0.025585165778128107,0.034910351193704885,-0.0025512254502915274,-0.010621785279120641,52,Neutral,693788058.0,51326141.31088,-0.14761023149334843,-0.1699898210707765,8.591666666666666e-05,-1.2293333333333333e-05,0.07358,-0.0086604059558231,0.02790982794450843,0.034599690900971924,0.02774634952763862,0.03454661470636394
2023-08-04,1939.5999755859375,82.81999969482422,2.5769999027252197,4478.02978515625,17.100000381469727,0.0039260178715701454,0.015453207943668348,0.004667392992028158,-0.0053141693739379705,0.07150230060821486,54,Neutral,610889682.0,45185318.55173,-0.12725013225594062,-0.12742797632318636,8.633000000000001e-05,4.133333333333452e-07,0.07347,-0.0014960900444424203,0.02800292650052464,0.034143323539954376,0.02773881804196132,0.034599690900971924
2023-08-05,1939.5999755859375,82.81999969482422,2.5769999027252197,4478.02978515625,17.100000381469727,0.0,0.0,0.0,0.0,0.0,50,Neutral,1062980193.0,80361897.6085,0.5539153553761043,0.5757679302385857,7.642e-05,-9.910000000000005e-06,0.07571,0.030033092483029315,0.025688211413837717,0.03379395584146083,0.02697283683482881,0.034143323539954376
2023-08-06,1939.5999755859375,82.81999969482422,2.5769999027252197,4478.02978515625,17.100000381469727,0.0,0.0,0.0,0.0,0.0,49,Neutral,667225173.0,50167367.34445,-0.46570416540516946,-0.47117539108959716,8.762333333333333e-05,1.1203333333333328e-05,0.07427,-0.019203150434010142,0.024770916622870676,0.03407712440388497,0.027045963835478245,0.03379395584146083
2023-08-07,1933.5,81.94000244140625,2.7249999046325684,4518.43994140625,15.770000457763672,-0.0031499215966817747,-0.01068227251884067,0.05584249919505223,0.008983618964856572,-0.08096905581433864,49,Neutral,686024165.0,50661657.39198,0.027785273403636932,0.009804597604637618,8.555e-05,-2.073333333333326e-06,0.07354,-0.009877625808079285,0.024684923491760564,0.03417375172300935,0.027030584905997607,0.03407712440388497
2023-08-08,1924.0999755859375,82.91999816894531,2.7769999504089355,4499.3798828125,15.989999771118164,-0.004873518808943379,0.011888963571621945,0.0189027973488947,-0.004227205100058866,0.013854082529355417,54,Neutral,573574471.0,42649913.08335,-0.17902507138285226,-0.17214412399635332,9.281000000000001e-05,7.260000000000008e-06,0.07496,0.01912516205704088,0.02653738371143626,0.0342382951394535,0.02666963200673458,0.03417375172300935
2023-08-09,1915.4000244140625,84.4000015258789,2.9590001106262207,4467.7099609375,15.960000038146973,-0.004531822404694159,0.01769115419565046,0.06348022033754672,-0.007063619102045116,-0.0018779181199778247,50,Neutral,494836584.0,37220409.3012,-0.14766020694078413,-0.13616798806876265,0.0001,7.1899999999999905e-06,0.07541,0.005985254284389039,0.01737338519999187,0.03421656710203864,0.02661088567330069,0.0342382951394535
2023-08-10,1914.4000244140625,82.81999969482422,2.763000011444092,4468.830078125,15.850000381469727,-0.0005222204866973095,-0.018897845248431876,-0.06853436072123821,0.00025068252108086326,-0.006916070021043906,53,Neutral,614532410.0,46647469.9491,0.21663409495264485,0.22576144311480723,0.0001,0.0,0.07588,0.006213252852257808,0.016710325520957036,0.03420868857950637,0.026517487528569618,0.03421656710203864
2023-08-11,1912.9000244140625,83.19000244140625,2.7699999809265137,4464.0498046875,14.84000015258789,-0.0007838424255554935,0.004457603210535083,0.0025302632303245407,-0.0010702648992294865,-0.06584327636934278,51,Neutral,303787779.0,22955077.04023,-0.7045323074525638,-0.7090795572394804,0.0001,0.0,0.07574,-0.0018467225931646629,0.016731447247799503,0.03419285450588388,0.02697345653839761,0.03420868857950637
2023-08-12,1912.9000244140625,83.19000244140625,2.7699999809265137,4464.0498046875,14.84000015258789,0.0,0.0,0.0,0.0,0.0,54,Neutral,588060644.0,45058875.63219,0.6605007164054587,0.6744308481745483,9.798666666666667e-05,-2.01333333333333e-06,0.0767,0.01259528589956183,0.013193865742044212,0.031213860423284567,0.026736388556965352,0.03419285450588388
2023-08-13,1912.9000244140625,83.19000244140625,2.7699999809265137,4464.0498046875,14.84000015258789,0.0,0.0,0.0,0.0,0.0,54,Neutral,468528019.0,35488657.73304,-0.22723417298163437,-0.23875683705921136,0.0001,2.01333333333333e-06,0.07479,-0.025217522169634375,0.014881688337850318,0.031130228535093375,0.026659994242183408,0.031213860423284567
2023-08-14,1910.5999755859375,82.51000213623047,2.7950000762939453,4489.72021484375,14.819999694824219,-0.0012031118637709465,-0.008207653636332482,0.00898482059013154,0.005734004879419051,-0.0013486487456545642,50,Neutral,779632649.0,58473264.94941,0.5092269402720453,0.4993564954129154,0.0001,0.0,0.07469,-0.0013379718346007694,0.014174914529876036,0.029862511950094192,0.026744101345056795,0.031130228535093375
2023-08-15,1902.5,80.98999786376953,2.6589999198913574,4437.85986328125,16.459999084472656,-0.0042485053218494105,-0.018593860122389717,-0.049882051770118396,-0.011618139396096483,0.1049555403517943,53,Neutral,1006789294.0,72662457.6909,0.2556987835884185,0.21725521039320425,8.384666666666668e-05,-1.6153333333333327e-05,0.07093,-0.051652739154979914,0.022752076315175476,0.030716828413344936,0.02557519554168511,0.029862511950094192
2023-08-16,1896.0999755859375,79.37999725341797,2.5920000076293945,4404.330078125,16.780000686645508,-0.0033696785716191323,-0.020079251129936113,-0.02552030070005767,-0.007584081792624527,0.0192546023319537,52,Neutral,1176873403.0,80984467.18602,0.15609491291323846,0.108432522389391,-9.909333333333333e-05,-0.00018294,0.06717,-0.054466755935222474,0.027568736764870684,0.032309815141722424,0.023828700261784855,0.030716828413344936
2023-08-17,1884.0999755859375,80.38999938964844,2.621000051498413,4370.35986328125,17.889999389648438,-0.00634889183821112,0.01264336999299781,0.011126162556185159,-0.0077428113775290805,0.06405412144418428,50,Neutral,1947998543.0,123620746.9089,0.5039411938286295,0.4229610130394919,6.823e-05,0.00016732333333333333,0.06102,-0.09602503999024953,0.03844712011038901,0.03657772542856357,0.01601833538992442,0.032309815141722424
2023-08-18,1886.0999755859375,81.25,2.5510001182556152,4369.7099609375,17.299999237060547,0.0010609517869105895,0.010641038462359106,-0.027070458473407267,-0.00014871788395720285,-0.03353540600052895,37,Fear,1284697455.0,79908012.67898,-0.41627921022722614,-0.43634225460128107,-0.00012102,-0.00018925000000000002,0.06326,0.036051538588979075,0.04531409172771118,0.03705943166631044,0.014671570493563414,0.03657772542856357
2023-08-19,1886.0999755859375,81.25,2.5510001182556152,4369.7099609375,17.299999237060547,0.0,0.0,0.0,0.0,0.0,39,Fear,427274791.0,27183051.36486,-1.1008511811402477,-1.0782824640849777,7.326666666666663e-06,0.00012834666666666666,0.06379,0.008343220376361139,0.04473969973758413,0.03705892357029459,0.014669813440186953,0.03705943166631044
2023-08-20,1886.0999755859375,81.25,2.5510001182556152,4369.7099609375,17.299999237060547,0.0,0.0,0.0,0.0,0.0,37,Fear,302086371.0,19333802.2943,-0.3467143717137606,-0.34073868931536805,-3.3333333333333335e-05,-4.066e-05,0.06384,0.0007835148876892458,0.045911391484139995,0.03631253202208604,0.014835678189166012,0.03705892357029459
2023-08-21,1893.300048828125,80.72000122070312,2.631999969482422,4399.77001953125,17.1299991607666,0.0038101719353384462,-0.006544430041808612,0.031258516352000824,0.006855634859799785,-0.0098751940591841,38,Fear,577388884.0,36081815.5837,0.647803042050665,0.6239340367985006,4.5390000000000004e-05,7.872333333333335e-05,0.06252,-0.020893447588277225,0.04498659126319266,0.03589222204168177,0.01433386129700447,0.03631253202208604
2023-08-22,1896.4000244140625,80.3499984741211,2.559999942779541,4387.5498046875,16.969999313354492,0.0016360008536025392,-0.004594317974920206,-0.027736765728517174,-0.0027813310465456837,-0.009384224560183918,37,Fear,615086529.0,38272420.59631,0.06324694024550064,0.058940532944542816,2.634e-05,-1.9050000000000006e-05,0.06259,0.0011190153833342124,0.044271653129245025,0.03565175445005319,0.014843904062798221,0.03589222204168177
2023-08-23,1918.5,78.88999938964844,2.496999979019165,4436.009765625,15.979999542236328,0.011586265785144559,-0.018337603822861738,-0.024917233244509836,0.010984330710791359,-0.060109127091726666,37,Fear,663722826.0,42264317.01664,0.07610167613456507,0.09921361277192453,2.703333333333333e-05,6.933333333333323e-07,0.06379,0.018990917317253785,0.04283374054720346,0.03523635631402651,0.014397566763625635,0.03565175445005319
2023-08-24,1918.199951171875,79.05000305175781,2.5190000534057617,4376.31005859375,17.200000762939453,-0.0001564098483359136,0.002026132890635851,0.00877201567642938,-0.01354935398400801,0.07357151648426023,41,Fear,386270949.0,24385523.38063,-0.5413255679706929,-0.5499535085487082,-1.9619999999999995e-05,-4.665333333333332e-05,0.06308,-0.011192676159026345,0.01886872778566016,0.02936296784658343,0.014274396151627712,0.03523635631402651
2023-08-25,1911.0999755859375,79.83000183105469,2.5399999618530273,4405.7099609375,15.680000305175781,-0.0037082411186100178,0.009818794333739538,0.008302047440303339,0.006695501060295156,-0.09252339379134855,39,Fear,388436589.0,24229741.33631,0.005590872774243747,-0.006408792728982862,5.3746666666666665e-05,7.336666666666666e-05,0.06312,0.0006339144427811062,0.012868845617316653,0.028391381060988208,0.014458772774901003,0.02936296784658343
2023-08-26,1911.0999755859375,79.83000183105469,2.5399999618530273,4405.7099609375,15.680000305175781,0.0,0.0,0.0,0.0,0.0,38,Fear,133469006.0,8407844.39497,-1.0682606503167567,-1.0584157328025525,3.132333333333333e-05,-2.2423333333333333e-05,0.06289,-0.0036505079822066696,0.01231000882940444,0.028393148727064138,0.014484837919358982,0.028391381060988208
2023-08-27,1911.0999755859375,79.83000183105469,2.5399999618530273,4405.7099609375,15.680000305175781,0.0,0.0,0.0,0.0,0.0,38,Fear,195920692.0,12381193.30033,0.3838406585996952,0.38701352535501954,-3.465333333333333e-05,-6.597666666666666e-05,0.06318,0.004600626818527051,0.012537842558645294,0.02847169662103003,0.014464103720287554,0.028393148727064138
2023-08-28,1917.9000244140625,80.0999984741211,2.5789999961853027,4433.31005859375,15.079999923706055,0.0035518704503101632,0.003376438430007358,0.0152376594081176,0.006245078594196461,-0.0390166768644729,39,Fear,347134881.0,21789078.48691,0.5720034657805321,0.5652302054446254,6.555333333333333e-05,0.00010020666666666666,0.06345,0.004264398786457739,0.009211546623527075,0.027236419673281588,0.014424790218381871,0.02847169662103003
2023-08-29,1936.5,81.16000366210938,2.555999994277954,4497.6298828125,14.449999809265137,0.009651369784435556,0.013146725055070738,-0.008958191143453304,0.014404068712056505,-0.04267495616173323,39,Fear,1205214048.0,79300388.72117,1.244699052872762,1.2918341731148766,3.1320000000000005e-05,-3.423333333333333e-05,0.0664,0.04544486232199146,0.01873239365722752,0.0286273578515757,0.011889973188903216,0.027236419673281588
2023-08-30,1944.300048828125,81.62999725341797,2.7960000038146973,4514.8701171875,13.880000114440918,0.004019820260445598,0.005774247736830996,0.08974629145928854,0.003825854181192944,-0.040245438035115294,49,Neutral,652816294.0,42683148.76782,-0.6131166998349022,-0.6194388306321481,7.483333333333334e-05,4.3513333333333336e-05,0.06588,-0.00786215117294867,0.018960176440876716,0.028623754466085054,0.012067674491752743,0.0286273578515757
2023-08-31,1938.199951171875,83.62999725341797,2.7679998874664307,4507.66015625,13.569999694824219,-0.003142358107314131,0.02420546673482652,-0.010064828635673729,-0.0015982129743398576,-0.022587511965907553,52,Neutral,987255423.0,64328075.3132,0.41363302967791776,0.4101919661107786,5.555666666666667e-05,-1.927666666666667e-05,0.06376,-0.03270887082747996,0.023214845137330888,0.028986525918642998,0.010577679176191207,0.028623754466085054
2023-09-01,1939.800048828125,85.55000305175781,2.765000104904175,4515.77001953125,13.09000015258789,0.0008252180232353599,0.022698761459047576,-0.0010843241859066373,0.001797512765518541,-0.036012859779136375,40,Fear,594834321.0,37771556.70096,-0.5066458785180787,-0.5324398148630686,9.930333333333334e-05,4.374666666666667e-05,0.06388,0.001880288864852128,0.023211590674587355,0.027753768481253424,0.011112482584618898,0.028986525918642998
2023-09-02,1939.800048828125,85.55000305175781,2.765000104904175,4515.77001953125,13.09000015258789,0.0,0.0,0.0,0.0,0.0,39,Fear,445474474.0,28368708.40871,-0.28914296681913165,-0.2862696300243544,6.932666666666666e-05,-2.997666666666668e-05,0.06348,-0.006281427688603588,0.02333382981700845,0.02774634952763862,0.011579558968117088,0.027753768481253424
2023-09-03,1939.800048828125,85.55000305175781,2.765000104904175,4515.77001953125,13.09000015258789,0.0,0.0,0.0,0.0,0.0,40,Fear,221836401.0,14044413.14013,-0.697199770079007,-0.7030620456986869,-3.004e-05,-9.936666666666667e-05,0.06317,-0.004895390747599144,0.0233882354740362,0.02773881804196132,0.011684855075071096,0.02774634952763862
2023-09-04,1939.800048828125,85.55000305175781,2.765000104904175,4515.77001953125,13.09000015258789,0.0,0.0,0.0,0.0,0.0,40,Fear,414229595.0,26156361.23442,0.6244802196271769,0.621867744942985,-1.3583333333333334e-05,1.6456666666666668e-05,0.06326,0.0014237129668936937,0.023326015360474094,0.02697283683482881,0.011686354764251103,0.02773881804196132
2023-09-05,1926.199951171875,86.69000244140625,2.5820000171661377,4496.830078125,14.010000228881836,-0.007035775353867591,0.013237529032623712,-0.0684763738414858,-0.004202997821381205,0.06792278510731134,40,Fear,613206067.0,39129437.05314,0.39228064354856573,0.4027826291686282,5.533000000000001e-05,6.891333333333334e-05,0.06402,0.011942316664214182,0.013862112079455646,0.027045963835478245,0.011536229044556425,0.02697283683482881
2023-09-06,1918.0999755859375,87.54000091552734,2.509999990463257,4465.47998046875,14.449999809265137,-0.004214024777917077,0.009757277178099374,-0.02828154972864541,-0.006996014491432261,0.030923024672847757,42,Fear,638467834.0,40689983.83105,0.04037025580905697,0.039106915105160366,3.2863333333333334e-05,-2.2466666666666673e-05,0.06365,-0.005796209538301371,0.013818270027596703,0.027030584905997607,0.011650885388347043,0.027045963835478245
2023-09-07,1917.5,86.87000274658203,2.5789999961853027,4451.14013671875,14.399999618530273,-0.0003128457579778613,-0.007683062332156812,0.027118976075876395,-0.003216433115732967,-0.003466221267795236,41,Fear,418433542.0,26519402.81803,-0.42255321991496414,-0.4281053177540943,5.173666666666667e-05,1.8873333333333334e-05,0.06365,0.0,0.006387131193457151,0.02666963200673458,0.011655767104772972,0.027030584905997607
2023-09-08,1918.4000244140625,87.51000213623047,2.6050000190734863,4457.490234375,13.84000015258789,0.00046926375810114266,0.007340317070030951,0.01003095710713648,0.0014256060622570594,-0.03966521887634129,46,Fear,364461321.0,23061583.38435,-0.13809764624974538,-0.1397084707314268,3.200333333333334e-05,-1.973333333333333e-05,0.06371,0.0009422111249812828,0.006344767339513361,0.02661088567330069,0.011707741891632605,0.02666963200673458
2023-09-09,1918.4000244140625,87.51000213623047,2.6050000190734863,4457.490234375,13.84000015258789,0.0,0.0,0.0,0.0,0.0,41,Fear,196653596.0,12495666.85681,-0.6169766455856814,-0.6127862434033151,9.043666666666668e-05,5.843333333333334e-05,0.06339,-0.005035415832321823,0.006166608946691102,0.026517487528569618,0.013402412633919827,0.02661088567330069
2023-09-10,1918.4000244140625,87.51000213623047,2.6050000190734863,4457.490234375,13.84000015258789,0.0,0.0,0.0,0.0,0.0,40,Fear,741903006.0,45598221.69036,1.327774729940194,1.294486784985926,-0.00011458666666666667,-0.00020502333333333335,0.0613,-0.03352627735390932,0.014139182694644752,0.02697345653839761,0.012151651529181217,0.026517487528569618
2023-09-11,1923.300048828125,87.29000091552734,2.6080000400543213,4487.4599609375,13.800000190734863,0.0025509680494884674,-0.002517177723412052,0.001150976895452474,0.006700951498135517,-0.0028943552301342276,40,Fear,815364934.0,49357251.80128,0.09441726985386767,0.07921598367032172,4.84e-06,0.00011942666666666667,0.06049,-0.01330178082334277,0.014241984360360357,0.026736388556965352,0.012067005547146147,0.02697345653839761
2023-09-12,1911.300048828125,88.83999633789062,2.743000030517578,4461.89990234375,14.229999542236328,-0.006258821711373876,0.01760103856922371,0.05046856365842859,-0.005712169023003997,0.03068377394831886,30,Fear,590184825.0,36260714.94387,-0.3232000342450257,-0.3083497791291707,2.4373333333333336e-05,1.9533333333333335e-05,0.0609,0.0067551125970285565,0.013227585249113206,0.026659994242183408,0.012098763800212168,0.026736388556965352
2023-09-13,1909.0999755859375,88.5199966430664,2.680000066757202,4467.43994140625,13.479999542236328,-0.001151750325271196,-0.003608480544858315,-0.023235403648918195,0.0012408621175346041,-0.0541453084074137,41,Fear,502274759.0,30683513.26435,-0.16128845190783594,-0.16700943916011032,8.053666666666667e-05,5.616333333333333e-05,0.06126,0.005893926688777798,0.014132172912598695,0.026744101345056795,0.012172226971715914,0.026659994242183408
2023-09-14,1910.0,90.16000366210938,2.7079999446868896,4505.10009765625,12.819999694824219,0.0004713280283196849,0.018357433089449215,0.01039351519204334,0.00839458553366625,-0.0502006438375704,45,Fear,475512544.0,29324721.20968,-0.05475403635784802,-0.04529459554445256,2.119666666666667e-05,-5.934e-05,0.06208,0.013296774470334193,0.01578636285423866,0.02557519554168511,0.012802690951643766,0.026744101345056795
2023-09-15,1923.699951171875,90.7699966430664,2.6440000534057617,4450.31982421875,13.789999961853027,0.00714714748905865,0.0067428872062673595,-0.023917392435921562,-0.012234145842493929,0.07293726135107188,45,Fear,305546937.0,18972451.48935,-0.44228985554464956,-0.4354428821782743,6.558333333333333e-05,4.438666666666666e-05,0.0625,0.00674268086739237,0.01620913447646687,0.023828700261784855,0.012785460905072392,0.02557519554168511
2023-09-16,1923.699951171875,90.7699966430664,2.6440000534057617,4450.31982421875,13.789999961853027,0.0,0.0,0.0,0.0,0.0,43,Fear,255280771.0,15905929.03412,-0.179739404566251,-0.1762960704540782,3.501333333333333e-05,-3.057e-05,0.06214,-0.005776652777454457,0.016229043625882112,0.01601833538992442,0.012987442327417633,0.023828700261784855
2023-09-17,1923.699951171875,90.7699966430664,2.6440000534057617,4450.31982421875,13.789999961853027,0.0,0.0,0.0,0.0,0.0,46,Fear,383318697.0,23678403.5212,0.4065027480425879,0.3978714539290953,7.728e-05,4.226666666666667e-05,0.06147,-0.010840653045983306,0.010241818388150834,0.014671570493563414,0.013158037509350773,0.01601833538992442
2023-09-18,1931.5,91.4800033569336,2.7279999256134033,4453.52978515625,14.0,0.00404651357660179,0.007791608294717611,0.031275770525110755,0.0007210276941755188,0.015113640576325997,46,Fear,477979505.0,29612579.22875,0.2207011047820774,0.22363585612361278,4.9996666666666675e-05,-2.728333333333333e-05,0.06198,0.008262501440684075,0.008536260866402048,0.014669813440186953,0.013080550825910324,0.014671570493563414
2023-09-19,1932.0,91.19999694824219,2.8480000495910645,4443.9501953125,14.109999656677246,0.00025883266612720474,-0.0030655422323710565,0.043048298248920876,-0.0021533273615331264,0.00782641191758886,46,Fear,428581236.0,26809249.60093,-0.10908755267009326,-0.09945228266371368,6.481e-05,1.4813333333333323e-05,0.06268,0.011230665128217883,0.008978911198621434,0.014835678189166012,0.012912431040027199,0.014669813440186953
2023-09-20,1945.5999755859375,90.27999877929688,2.7330000400543213,4402.2001953125,15.140000343322754,0.007014664451038297,-0.010138925189995375,-0.04121708936058387,-0.009439204206291041,0.07045652915299092,47,Neutral,351126474.0,21875623.51895,-0.199333818982294,-0.20337402677382355,-1.8196666666666665e-05,-8.300666666666667e-05,0.06262,-0.0009577015895604776,0.00912500870662558,0.01433386129700447,0.013391292778551903,0.014835678189166012
2023-09-21,1919.199951171875,89.62999725341797,2.609999895095825,4330.0,17.540000915527344,-0.013661993139932882,-0.007225883702320368,-0.04604974046030737,-0.016536918318488084,0.1471437684547391,47,Neutral,461733879.0,28682859.05613,0.27384222228745864,0.27092676335158455,7.898666666666667e-05,9.718333333333334e-05,0.06131,-0.021141754123662954,0.011664673401705614,0.014843904062798221,0.013484485840662017,0.01433386129700447
2023-09-22,1925.4000244140625,90.02999877929688,2.63700008392334,4320.06005859375,17.200000762939453,0.003225343940292486,0.00445287983582428,0.010291758055027352,-0.0022982374027607495,-0.01957461096422612,43,Fear,243141704.0,14940382.18452,-0.6413442882272029,-0.6522319382418196,5.803333333333333e-05,-2.095333333333334e-05,0.06152,0.003419363422791947,0.011322450330556342,0.014397566763625635,0.013557226492443225,0.014843904062798221
2023-09-23,1925.4000244140625,90.02999877929688,2.63700008392334,4320.06005859375,17.200000762939453,0.0,0.0,0.0,0.0,0.0,47,Neutral,171390790.0,10551532.80734,-0.3496981466467611,-0.3477966215068522,7.740333333333334e-05,1.9370000000000006e-05,0.06152,0.0,0.011233394517392166,0.014274396151627712,0.021099991945737966,0.014397566763625635
2023-09-24,1925.4000244140625,90.02999877929688,2.63700008392334,4320.06005859375,17.200000762939453,0.0,0.0,0.0,0.0,0.0,44,Fear,187668551.0,11492548.05825,0.09073110950944777,0.08542769123116685,8.044333333333334e-05,3.039999999999998e-06,0.06069,-0.013583385349624668,0.011656120489986524,0.014458772774901003,0.021064792909838804,0.014274396151627712
2023-09-25,1916.5999755859375,89.68000030517578,2.6389999389648438,4337.43994140625,16.899999618530273,-0.004580980852414224,-0.003895152394691035,0.0007580951965906554,0.0040149942038066174,-0.017595828819496954,47,Neutral,185313210.0,11269114.08089,-0.012629959723106357,-0.019633114049778556,1.1403333333333333e-05,-6.904e-05,0.06094,0.0041108337097990905,0.011152059097977736,0.014484837919358982,0.021458497158498603,0.014458772774901003
2023-09-26,1900.4000244140625,90.38999938964844,2.6559998989105225,4273.52978515625,18.940000534057617,-0.008488367011878772,0.00788585289105018,0.006421159160340801,-0.014844165482264943,0.1139625165984174,46,Fear,247803396.0,14971987.50562,0.29058825315097836,0.2841152391802194,7.963666666666666e-05,6.823333333333333e-05,0.06062,-0.005264901927905866,0.00939127532828998,0.014464103720287554,0.022996644819065788,0.014484837919358982
2023-09-27,1871.5999755859375,93.68000030517578,2.7639999389648438,4274.509765625,18.219999313354492,-0.015270736211994373,0.035751087489206496,0.03985769026984988,0.00022928777229479233,-0.03875626180982169,44,Fear,322389750.0,19592884.73029,0.263125543621482,0.26898552083712074,9.055e-05,1.0913333333333343e-05,0.06053,-0.001485761726061196,0.009357572016814801,0.014424790218381871,0.025802790971268676,0.014464103720287554
2023-09-28,1860.4000244140625,91.70999908447266,2.944999933242798,4299.7001953125,17.34000015258789,-0.006002135474614082,-0.02125330795910164,0.06342991061233007,0.005875877143000698,-0.04950387399329117,46,Fear,330092922.0,20174936.15723,0.023612979318886923,0.02927457333891474,0.0001,9.45e-06,0.0615,0.015898064908876283,0.00907750671802865,0.011889973188903216,0.025842265116973195,0.014424790218381871
2023-09-29,1848.0999755859375,90.79000091552734,2.928999900817871,4288.0498046875,17.520000457763672,-0.006633460391607215,-0.010082257120324335,-0.005447760452086495,-0.002713259648289315,0.01032713148414973,48,Neutral,388098719.0,24008259.14787,0.16188554103172834,0.1739568526082094,8.47e-05,-1.5300000000000006e-05,0.06213,0.010191789263130307,0.00978134111922276,0.012067674491752743,0.02581571090252953,0.011889973188903216
2023-09-30,1848.0999755859375,90.79000091552734,2.928999900817871,4288.0498046875,17.520000457763672,0.0,0.0,0.0,0.0,0.0,47,Neutral,353992527.0,22015585.97923,-0.09198393493225611,-0.08664724618475902,8.057333333333334e-05,-4.126666666666662e-06,0.06207,-0.0009661836500410655,0.009811317162203594,0.010577679176191207,0.025800979397137817,0.012067674491752743
2023-10-01,1848.0999755859375,90.79000091552734,2.928999900817871,4288.0498046875,17.520000457763672,0.0,0.0,0.0,0.0,0.0,48,Neutral,426685075.0,26690722.24152,0.18677040910464446,0.19256536730458573,2.9216666666666668e-05,-5.135666666666667e-05,0.06319,0.017883280359802557,0.009049912956412401,0.011112482584618898,0.02598977079762383,0.010577679176191207
2023-10-02,1830.0,88.81999969482422,2.8399999141693115,4288.39013671875,17.610000610351562,-0.009842104245885983,-0.02193731103961071,-0.03085701203244205,7.936440615299324e-05,0.005123845531178813,50,Neutral,626702154.0,39391905.23778,0.38442518242983914,0.3892443209487357,7.958333333333333e-05,5.036666666666667e-05,0.062,-0.019011675740272276,0.01307831782712226,0.011579558968117088,0.0256948653727212,0.011112482584618898
2023-10-03,1824.5999755859375,89.2300033569336,2.9489998817443848,4229.4501953125,19.780000686645508,-0.002955195304593962,0.0046054971051253885,0.03766206778185505,-0.013839395863449198,0.11620440374120897,50,Neutral,285220585.0,17603805.51431,-0.7872085309211128,-0.8054452433028227,6.932666666666666e-05,-1.0256666666666673e-05,0.06137,-0.010213268644085897,0.01368532523087526,0.011684855075071096,0.025802800174753917,0.011579558968117088
2023-10-04,1818.5,84.22000122070312,2.9619998931884766,4263.75,18.579999923706055,-0.0033487861038289848,-0.05778490630519061,0.004398590052101778,0.008077047607828946,-0.06258563162924412,49,Neutral,335531290.0,20428970.39124,0.16245235249350393,0.14883890957962354,-3.097333333333333e-05,-0.0001003,0.06147,0.001628134517912313,0.013612782725578743,0.011686354764251103,0.025801260336551706,0.011684855075071096
2023-10-05,1816.5999755859375,82.30999755859375,3.1659998893737793,4258.18994140625,18.489999771118164,-0.0010453767983573286,-0.022939859904561943,0.06660424673187004,-0.0013048811469951228,-0.0048556962591010805,48,Neutral,252901933.0,15443219.89739,-0.2827134188643382,-0.27978394522328975,4.330000000000001e-06,3.530333333333333e-05,0.06086,-0.009973106450093014,0.012759655381978615,0.011536229044556425,0.025753892447017396,0.011686354764251103
2023-10-06,1830.199951171875,82.79000091552734,3.3380000591278076,4308.5,17.450000762939453,0.007458615173471331,0.00581471488570491,0.05290291643631898,0.011745642093961117,-0.057890340650457284,50,Neutral,299784369.0,18338128.23727,0.1700616492332017,0.17181233715168678,7.463e-05,7.03e-05,0.06137,0.008344971932180688,0.012494076490034856,0.011650885388347043,0.026126610937514182,0.011536229044556425
2023-10-07,1830.199951171875,82.79000091552734,3.3380000591278076,4308.5,17.450000762939453,0.0,0.0,0.0,0.0,0.0,49,Neutral,279174721.0,17141192.6657,-0.07122562025899504,-0.06749790807148567,8.332000000000001e-05,8.690000000000013e-06,0.06143,0.0009771987748303742,0.012536131218448925,0.011655767104772972,0.028819827659772056,0.011650885388347043
2023-10-08,1830.199951171875,82.79000091552734,3.3380000591278076,4308.5,17.450000762939453,0.0,0.0,0.0,0.0,0.0,50,Neutral,202221066.0,12375190.40245,-0.3224763408223448,-0.3257908001189676,7.851666666666667e-05,-4.803333333333335e-06,0.06096,-0.007680403797445184,0.009247034314094448,0.011707741891632605,0.029974965313113243,0.011655767104772972
2023-10-09,1849.5,86.37999725341797,3.375999927520752,4335.66015625,17.700000762939453,0.010490108470351069,0.042448843526906935,0.011319712311552328,0.006284068119387409,0.014224990313812625,50,Neutral,806444033.0,47628376.32,1.3832730151051613,1.3477350303993263,-0.00011563333333333333,-0.00019415,0.05873,-0.03726724184396273,0.014750385326803046,0.013402412633919827,0.0290308574880963,0.011707741891632605
2023-10-10,1861.0,85.97000122070312,3.381999969482422,4358.240234375,17.030000686645508,0.006198645369741984,-0.004757723350522214,0.00177568618811972,0.005194476099985354,-0.03858814768935068,50,Neutral,254040040.0,14947507.45563,-1.1551426078507394,-1.1588841642317267,-8.375666666666667e-05,3.187666666666666e-05,0.05913,0.006787740298310502,0.015647730490143456,0.012151651529181217,0.029616145182725775,0.013402412633919827
2023-10-11,1872.800048828125,83.48999786376953,3.377000093460083,4376.9501953125,16.09000015258789,0.0063206856067081355,-0.029271573766282092,-0.001479472373952138,0.004283819500095073,-0.056778564506664936,47,Neutral,356464937.0,20867859.46762,0.3387439891908685,0.33366559022863074,-6.546666666666667e-06,7.721e-05,0.05851,-0.010540730032593792,0.015422564628154048,0.012067005547146147,0.029578736287168922,0.012151651529181217
2023-10-12,1869.300048828125,82.91000366210938,3.3440001010894775,4349.60986328125,16.690000534057617,-0.0018706079095983437,-0.006971112321425114,-0.009820043626344725,-0.006266024940654918,0.03661179918471129,45,Fear,241613425.0,13992832.68488,-0.38889685001130064,-0.3996649033456252,-4.3439999999999984e-05,-3.6893333333333314e-05,0.05788,-0.010825778036861642,0.01545283522985704,0.012098763800212168,0.02990084711756921,0.012067005547146147
2023-10-13,1927.4000244140625,87.69000244140625,3.2360000610351562,4327.77978515625,19.31999969482422,0.03060790174466398,0.05605216933477332,-0.03282970739501989,-0.005031495660219892,0.14633104331612187,44,Fear,340601297.0,19868943.50442,0.3433735446373962,0.3506126373200572,5.620333333333333e-05,9.964333333333332e-05,0.05839,0.00877274053216298,0.015525102905458023,0.012172226971715914,0.030062349471778813,0.012098763800212168
2023-10-14,1927.4000244140625,87.69000244140625,3.2360000610351562,4327.77978515625,19.31999969482422,0.0,0.0,0.0,0.0,0.0,47,Neutral,258485303.0,15306116.07218,-0.2758737388073656,-0.2609053929615487,6.0416666666666674e-05,4.213333333333343e-06,0.05984,0.024529691370775625,0.019590125371336857,0.012802690951643766,0.031488441170373645,0.012172226971715914
2023-10-15,1927.4000244140625,87.69000244140625,3.2360000610351562,4327.77978515625,19.31999969482422,0.0,0.0,0.0,0.0,0.0,45,Fear,187751427.0,11152991.95888,-0.31971994625189576,-0.3165446927726247,8.751666666666668e-05,2.71e-05,0.05931,-0.008896407815586507,0.019636162699684573,0.012785460905072392,0.03204860703545379,0.012802690951643766
2023-10-16,1921.0999755859375,86.66000366210938,3.1089999675750732,4373.6298828125,17.209999084472656,-0.003274031158004244,-0.01181543706247282,-0.04003689741030011,0.010538642302589985,-0.11565025596248249,47,Neutral,685936360.0,41294868.55518,1.2956659625952287,1.3090304451595172,8.989666666666666e-05,2.3799999999999874e-06,0.06,0.011566636371465292,0.01354370851246085,0.012987442327417633,0.03304940421984717,0.012785460905072392
2023-10-17,1922.699951171875,86.66000366210938,3.0789999961853027,4373.2001953125,17.8799991607666,0.0008324968566677746,0.0,-0.009696252943818777,-9.824987944376507e-05,0.03819216578233453,52,Neutral,328504417.0,19474198.00777,-0.7362345699424286,-0.751647833882405,7.514666666666667e-05,-1.4749999999999993e-05,0.05904,-0.01612938192988353,0.015164266353000283,0.013158037509350773,0.03327787745267556,0.012987442327417633
2023-10-18,1955.300048828125,88.31999969482422,3.055999994277954,4314.60009765625,19.219999313354492,0.016813236521731816,0.018974120503322253,-0.0074979982715461775,-0.013490408251151898,0.07226864500819706,50,Neutral,259892423.0,15276595.01294,-0.23428249609889584,-0.24276849086786323,9.304e-05,1.7893333333333334e-05,0.05858,-0.007821838892629693,0.014888089478079989,0.013080550825910324,0.035705033081506736,0.013158037509350773
2023-10-19,1968.4000244140625,89.37000274658203,2.9570000171661377,4278.0,21.399999618530273,0.006677383090401854,0.01181850705256384,-0.03293162275628217,-0.008519032328057976,0.10743953638554433,52,Neutral,268646752.0,15670050.9032,0.03312953931982746,0.025429385373225755,2.3879999999999995e-05,-6.916000000000001e-05,0.05887,0.004938281640582577,0.014119928755035935,0.012912431040027199,0.039035777346424196,0.013080550825910324
2023-10-20,1982.5,88.75,2.8989999294281006,4224.16015625,21.709999084472656,0.007137632114181281,-0.006961657770482004,-0.01980942107960855,-0.012665149196155915,0.014382037517315394,53,Neutral,380263308.0,22731498.03425,0.34746660153288395,0.3720002364791821,8.910666666666668e-05,6.522666666666668e-05,0.0599,0.01734488208123373,0.01510012939883307,0.013391292778551903,0.03903972164154952,0.012912431040027199
2023-10-21,1982.5,88.75,2.8989999294281006,4224.16015625,21.709999084472656,0.0,0.0,0.0,0.0,0.0,63,Greed,419977032.0,25519096.90125,0.09933609551321121,0.11567552867726863,9.196666666666667e-05,2.8599999999999963e-06,0.06119,0.02130727235304545,0.014389817449108165,0.013484485840662017,0.03982109851521065,0.013391292778551903
2023-10-22,1982.5,88.75,2.8989999294281006,4224.16015625,21.709999084472656,0.0,0.0,0.0,0.0,0.0,53,Neutral,431537666.0,26312254.20039,0.027154773491934726,0.030607699877723438,5.407e-05,-3.789666666666667e-05,0.0617,0.008300153436892966,0.013418199895009916,0.013557226492443225,0.042886471144755946,0.013484485840662017
2023-10-23,1976.300048828125,85.48999786376953,2.9260001182556152,4217.0400390625,20.3700008392334,-0.0031322401557761035,-0.037424043305457406,0.009270517417398491,-0.0016869920654349177,-0.06370967028123974,53,Neutral,1809514093.0,116349908.04166,1.4334588337530434,1.4865673295422903,0.0001,4.593e-05,0.06742,0.08865777889457244,0.034369405032432236,0.021099991945737966,0.040985338874801144,0.013557226492443225
2023-10-24,1975.0,83.73999786376953,2.9709999561309814,4247.68017578125,18.969999313354492,-0.0006580360180047346,-0.020682649969346264,0.015262238701344093,0.0072395235196288195,-0.07120452368766046,66,Greed,1893961402.0,127544825.43812,0.04561226313370954,0.09186577548680663,0.0001,0.0,0.0666,-0.012237132259570977,0.0337769593141496,0.021064792909838804,0.0408729924739023,0.021099991945737966
2023-10-25,1984.0999755859375,85.38999938964844,3.009999990463257,4186.77001953125,20.190000534057617,0.004597000160347399,0.01951225569098259,0.013041493877702266,-0.014443434657238052,0.0623287110258037,72,Greed,1473029982.0,99228256.80723,-0.2513491238121965,-0.25104505429844753,0.0001,0.0,0.06832,0.025497971933970857,0.031959895034258175,0.021458497158498603,0.04087573925886212,0.021064792909838804
2023-10-26,1987.199951171875,83.20999908447266,3.2139999866485596,4137.22998046875,20.68000030517578,0.0015611896722705911,-0.025861468861977484,0.06557618756873906,-0.011903081205584871,0.023979605620941095,71,Greed,3074465230.0,220766668.23004,0.7358094855393137,0.7996835233276455,0.0001,0.0,0.07185,0.05037806304471937,0.032532883129793855,0.022996644819065788,0.039965585499028955,0.021458497158498603
2023-10-27,1988.5999755859375,85.54000091552734,3.1640000343322754,4117.3701171875,21.270000457763672,0.0007042731011225338,0.02761659159195094,-0.01567920240485395,-0.00481183857862075,0.028130586336432287,70,Greed,1256624746.0,87743155.98292,-0.8947016235767691,-0.9226924790967801,0.0001,0.0,0.06776,-0.05860856218123489,0.046519201126236635,0.025802790971268676,0.03825826005318243,0.022996644819065788
2023-10-28,1988.5999755859375,85.54000091552734,3.1640000343322754,4117.3701171875,21.270000457763672,0.0,0.0,0.0,0.0,0.0,65,Greed,643644405.0,44244090.02932,-0.6690382251414282,-0.6846920609328565,0.0001,0.0,0.069,0.01813445425346051,0.04649266378781641,0.025842265116973195,0.03818022964240487,0.025802790971268676
2023-10-29,1988.5999755859375,85.54000091552734,3.1640000343322754,4117.3701171875,21.270000457763672,0.0,0.0,0.0,0.0,0.0,72,Greed,485266012.0,33473402.46875,-0.2824491885266929,-0.2789706365505638,0.00013554333333333333,3.554333333333333e-05,0.06935,0.005059642163581147,0.0466115702546605,0.02581571090252953,0.038363156321388016,0.025842265116973195
2023-10-30,1996.199951171875,82.30999755859375,3.3519999980926514,4166.81982421875,19.75,0.003814487522985263,-0.03849153617823873,0.05772012129450242,0.011938474300285915,-0.07414415938657903,68,Greed,739649062.0,51162371.28524,0.4214786142413393,0.4242531586883838,0.00010164666666666668,-3.389666666666666e-05,0.06959,0.0034547320959181327,0.034146335216069135,0.025800979397137817,0.038402130579146876,0.02581571090252953
2023-10-31,1985.199951171875,81.0199966430664,3.575000047683716,4193.7998046875,18.139999389648438,-0.0055257086747362814,-0.015796580982289202,0.06440800743325462,0.006454084821688244,-0.08503408030686435,66,Greed,1281215492.0,87801026.75191,0.5493886762807816,0.5400688687732206,0.00020823666666666666,0.00010658999999999998,0.06827,-0.019150447426569784,0.034805582684718256,0.02598977079762383,0.03853705219772011,0.025800979397137817
2023-11-01,1978.800048828125,80.44000244140625,3.49399995803833,4237.85986328125,16.8700008392334,-0.0032290150880346837,-0.007184401086049107,-0.022917989781844953,0.010451194990191868,-0.07258246473530151,66,Greed,1322729238.0,89187337.49734,0.03188797612251435,0.01566587841557368,0.0001,-0.00010823666666666665,0.06894,0.009766129658530444,0.03363966967172011,0.0256948653727212,0.03853370527259618,0.02598977079762383
2023-11-02,1985.5999755859375,82.45999908447266,3.4719998836517334,4317.77978515625,15.65999984741211,0.003430498125606122,0.024801720920969248,-0.006316436414570557,0.018682938934086474,-0.07442726548610695,72,Greed,1597197975.0,109939113.03404,0.18855362177117588,0.20918762147111655,0.0002569066666666667,0.0001569066666666667,0.0679,-0.01520052652406886,0.025941519046494176,0.025802800174753917,0.03848848063075495,0.0256948653727212
2023-11-03,1991.5,80.51000213623047,3.515000104904175,4358.33984375,14.90999984741211,0.0029670004669155115,-0.02393188933045226,0.012308791819685487,0.00934988354455146,-0.04907756227614069,65,Greed,793772413.0,53465914.56396,-0.6992093206858933,-0.7208823547659685,0.0001073,-0.00014960666666666669,0.06807,0.002500552895209599,0.01330941303391492,0.025801260336551706,0.03855342269259922,0.025802800174753917
2023-11-04,1991.5,80.51000213623047,3.515000104904175,4358.33984375,14.90999984741211,0.0,0.0,0.0,0.0,0.0,68,Greed,544148824.0,37335756.33993,-0.37757400368770283,-0.3590928574231596,0.00016660333333333332,5.930333333333332e-05,0.06908,0.01472866581861767,0.012607554824640991,0.025753892447017396,0.040162687377539634,0.025801260336551706
2023-11-05,1991.5,80.51000213623047,3.515000104904175,4358.33984375,14.90999984741211,0.0,0.0,0.0,0.0,0.0,70,Greed,1366786320.0,96125652.72491,0.9209947284404774,0.9457047356955761,0.00017111,4.506666666666682e-06,0.07108,0.028540750007972824,0.016613935356908294,0.026126610937514182,0.04013146306072199,0.025753892447017396
2023-11-06,1981.5999755859375,80.81999969482422,3.2639999389648438,4365.97998046875,14.890000343322754,-0.004983536766927965,0.0038430290287168557,-0.0740861367049792,0.0017514577241005862,-0.0013422487895297923,74,Greed,1891295555.0,139294113.76902,0.3247998406449416,0.370931405928099,0.00017309,1.9800000000000048e-06,0.07637,0.0717839456138421,0.030684194737498467,0.028819827659772056,0.03836576648473128,0.026126610937514182
2023-11-07,1966.800048828125,77.37000274658203,3.140000104904175,4378.3798828125,14.8100004196167,-0.0074967054908099675,-0.043625311813656455,-0.03873058507322973,0.0028360934017119537,-0.005387213140145018,68,Greed,2426713501.0,179245598.05852,0.2492758001426603,0.2521692975175742,0.0001,-7.309e-05,0.07338,-0.039938529973156715,0.03504263073406996,0.029974965313113243,0.03731727885229631,0.028819827659772056
2023-11-08,1951.5,75.33000183105469,3.1059999465942383,4382.77978515625,14.449999809265137,-0.007809573743291399,-0.026720657915963647,-0.01088712579702475,0.0010044110324198868,-0.024608255254246005,66,Greed,1394687206.0,104243754.25747,-0.5538677081753629,-0.542024973939769,0.0001,0.0,0.07534,0.0263597833367591,0.03555706176989218,0.0290308574880963,0.038254117929522526,0.029974965313113243
2023-11-09,1964.199951171875,75.73999786376953,3.0409998893737793,4347.35009765625,15.289999961853027,0.006486705243964605,0.005427908124148504,-0.021149335215120295,-0.008116690699068705,0.05650461608727744,69,Greed,2758797891.0,203970342.66265,0.6821248730703776,0.6712426564861584,0.00019893333333333334,9.893333333333333e-05,0.07357,-0.023773868319722054,0.03680336071069763,0.029616145182725775,0.03852494171316403,0.0290308574880963
2023-11-10,1932.5999755859375,77.16999816894531,3.0329999923706055,4415.240234375,14.170000076293945,-0.01621877893218127,0.018704362473103198,-0.0026341461260066257,0.015495759270772258,-0.07607195835929698,70,Greed,1754786161.0,130057016.18724,-0.4524480342018896,-0.45000166381046997,0.0001,-9.893333333333333e-05,0.07539,0.0244373062794374,0.03684751071160532,0.029578736287168922,0.038689082708205806,0.029616145182725775
2023-11-11,1932.5999755859375,77.16999816894531,3.0329999923706055,4415.240234375,14.170000076293945,0.0,0.0,0.0,0.0,0.0,70,Greed,3940449595.0,310285550.04576,0.8089478232958293,0.8695200623193964,0.00025345,0.00015345000000000002,0.07849,0.04029658791511183,0.03810904639819493,0.02990084711756921,0.04149425188756282,0.029578736287168922
2023-11-12,1932.5999755859375,77.16999816894531,3.0329999923706055,4415.240234375,14.170000076293945,0.0,0.0,0.0,0.0,0.0,73,Greed,2187569963.0,170782020.32108,-0.5885035053819379,-0.5971049943074397,0.0001652833333333333,-8.81666666666667e-05,0.07795,-0.006903632634936826,0.038860185976769296,0.030062349471778813,0.04146147623324976,0.02990084711756921
2023-11-13,1945.5,78.26000213623047,3.197000026702881,4411.5498046875,14.760000228881836,0.006652779492155402,0.014025887336881721,0.05266065223920243,-0.0008361884413700847,0.04079377559244869,72,Greed,2695984716.0,206919438.97998,0.20897220207062636,0.1919415254696749,0.00023371666666666666,6.843333333333336e-05,0.07456,-0.04446342512644985,0.03420181817221407,0.031488441170373645,0.04050052510050487,0.030062349471778813
2023-11-14,1961.800048828125,78.26000213623047,3.1059999465942383,4495.7001953125,14.15999984741211,0.008343430595057662,0.0,-0.02887717089807556,0.01889537047457725,-0.04149975718963313,69,Greed,2213664109.0,162615567.505,-0.19711441340300898,-0.24094060019817143,0.00016581666666666667,-6.79e-05,0.07244,-0.028845537362123044,0.032439705598676614,0.03204860703545379,0.03991654509022299,0.031488441170373645
2023-11-15,1960.0999755859375,76.66000366210938,3.190000057220459,4502.8798828125,14.180000305175781,-0.0008669641439555301,-0.020656536355641606,0.026685227202091384,0.0015957382078471765,0.0014114651359527655,60,Greed,1242373327.0,92173316.68071,-0.5776255868007377,-0.5677182519014347,0.00015737333333333333,-8.443333333333334e-06,0.07623,0.050996452984969846,0.03702217944357036,0.03304940421984717,0.040864014373282874,0.03204860703545379
2023-11-16,1983.9000244140625,72.9000015258789,3.062000036239624,4508.240234375,14.319999694824219,0.01206913677911117,-0.050291447777470084,-0.0409526256634301,0.0011897193967137305,0.009824597595795924,70,Greed,4624288827.0,365641577.38689,1.314299068315097,1.377982875077331,0.0002968266666666666,0.0001394533333333333,0.07947,0.041624505951905574,0.037773057913024564,0.03327787745267556,0.04090930602367751,0.03304940421984717
2023-11-17,1981.5999755859375,75.88999938964844,2.9600000381469727,4514.02001953125,13.800000190734863,-0.0011600298000505828,0.04019625542750343,-0.03387902784731113,0.0012812279371779871,-0.03698853423681555,63,Greed,5715620063.0,474488946.30238,0.21188019681829168,0.26058476549486026,0.00014190666666666666,-0.00015491999999999996,0.08641,0.08372381790121985,0.04684100589086232,0.035705033081506736,0.03922690210538935,0.03327787745267556
2023-11-18,1981.5999755859375,75.88999938964844,2.9600000381469727,4514.02001953125,13.800000190734863,0.0,0.0,0.0,0.0,0.0,69,Greed,3816113600.0,315083578.88686,-0.403970266289193,-0.4094003888832777,0.0001,-4.1906666666666656e-05,0.08028,-0.0735828859251705,0.057069313359336134,0.039035777346424196,0.036593476711273665,0.035705033081506736
2023-11-19,1981.5999755859375,75.88999938964844,2.9600000381469727,4514.02001953125,13.800000190734863,0.0,0.0,0.0,0.0,0.0,66,Greed,1736599079.0,137007341.97654,-0.7873038742373614,-0.8328034179696527,0.0001,0.0,0.08046,0.00223964259350466,0.056903346796177166,0.03903972164154952,0.036885985472357635,0.039035777346424196
2023-11-20,1977.699951171875,77.5999984741211,2.881999969482422,4547.3798828125,13.40999984741211,-0.001970058216140758,0.02228249215254567,-0.02670479423515718,0.007363103793795633,-0.028667920069603205,69,Greed,1894821627.0,151566343.06216,0.08719605757424698,0.10098892163494375,0.00013265333333333334,3.2653333333333335e-05,0.07768,-0.03516234253857271,0.05566381130779221,0.03982109851521065,0.036179508616713194,0.03903972164154952
2023-11-21,1999.300048828125,77.7699966430664,2.8459999561309814,4538.18994140625,13.350000381469727,0.010862615061766792,0.0021883020161747205,-0.012570002734914161,-0.002022975931757968,-0.004484272494153086,71,Greed,2807234921.0,211300189.39713,0.3930752791352982,0.3322563838671654,0.00010804,-2.4613333333333337e-05,0.07176,-0.07927060623252877,0.06360016309135871,0.042886471144755946,0.032878665530107376,0.03982109851521065
2023-11-22,1991.4000244140625,77.0999984741211,2.8970000743865967,4556.6201171875,12.850000381469727,-0.00395922248666503,-0.008652448763582765,0.017761260210937758,0.004052905094313324,-0.03817257239318107,62,Greed,1119488422.0,83580017.26174,-0.919328170120982,-0.9274753574146184,0.0001,-8.039999999999998e-06,0.07575,0.054111226638937734,0.06403681035011635,0.040985338874801144,0.0318050345569972,0.042886471144755946
2023-11-23,1991.4000244140625,77.0999984741211,2.8970000743865967,4556.6201171875,12.850000381469727,0.0,0.0,0.0,0.0,0.0,66,Greed,613659850.0,46543101.60671,-0.6011863094584676,-0.585425664004269,0.0001,0.0,0.0762,0.005923018303122071,0.06145492050462053,0.0408729924739023,0.03209998145503752,0.040985338874801144
2023-11-24,2002.199951171875,75.54000091552734,2.8550000190734863,4559.33984375,12.460000038146973,0.005408630384414501,-0.020440931374297266,-0.014603894675621842,0.0005966956096450322,-0.030820324606726488,66,Greed,883650952.0,68478819.9583,0.3646213495750097,0.38614570022263583,0.0001,0.0,0.07818,0.02565239767220807,0.050215697769465155,0.04087573925886212,0.03222837801726054,0.0408729924739023
2023-11-25,2002.199951171875,75.54000091552734,2.8550000190734863,4559.33984375,12.460000038146973,0.0,0.0,0.0,0.0,0.0,73,Greed,651722335.0,51176418.12649,-0.3044435293295382,-0.2912456572903426,0.00010762,7.619999999999998e-06,0.07894,0.009674209869892189,0.043203977928652534,0.039965585499028955,0.03249535472625114,0.04087573925886212
2023-11-26,2002.199951171875,75.54000091552734,2.8550000190734863,4559.33984375,12.460000038146973,0.0,0.0,0.0,0.0,0.0,73,Greed,785924906.0,60952055.85693,0.18724264376950317,0.17480874310144934,0.0001,-7.619999999999998e-06,0.07868,-0.0032990767138426683,0.043155437014832605,0.03825826005318243,0.033203968904896984,0.039965585499028955
2023-11-27,2011.800048828125,74.86000061035156,2.7939999103546143,4550.43017578125,12.6899995803833,0.004783316372955456,-0.009042618774556595,-0.02159762103889736,-0.0019560693168983586,0.018290732238712026,66,Greed,2139460195.0,169353426.66961,1.0014475824447708,1.0219002277265918,0.0001,0.0,0.07884,0.0020314887636611583,0.04078846934531572,0.03818022964240487,0.033395294649789804,0.03825826005318243
2023-11-28,2039.699951171875,76.41000366210938,2.7060000896453857,4554.89013671875,12.6899995803833,0.013772846290545529,0.02049391495704665,-0.032002665872835075,0.0009796385280502918,0.0,68,Greed,1710141271.0,135496791.44933,-0.2239775701654021,-0.2230398526067082,0.0001,0.0,0.08083,0.024927701461233718,0.0196953085970458,0.038363156321388016,0.03352754169939861,0.03818022964240487
2023-11-29,2047.0999755859375,77.86000061035156,2.803999900817871,4550.580078125,12.979999542236328,0.0036214312587581126,0.018798724434829987,0.0355753709237132,-0.0009466966151019382,0.022595427349522586,72,Greed,1518465698.0,123175366.24291,-0.11887556587096132,-0.09533887891879915,0.0001,0.0,0.08047,-0.004463739587711511,0.012390078508098683,0.038402130579146876,0.03357074191834721,0.038363156321388016
2023-11-30,2038.0999755859375,75.95999908447266,2.802000045776367,4567.7998046875,12.920000076293945,-0.004406156206906349,-0.024705476130070746,-0.0007134695488366595,0.003776931264994605,-0.004633171749536602,74,Greed,1474563719.0,121471815.67515,-0.029338253540755768,-0.013926815660251507,0.0001,0.0,0.08343,0.036123512755941785,0.01601584340419897,0.03853705219772011,0.0331156412998015,0.038402130579146876
2023-12-01,2071.0,74.06999969482422,2.813999891281128,4594.6298828125,12.630000114440918,0.016013593082084946,-0.0251962859862309,0.004273455805354645,0.005856558953846637,-0.0227015588361216,71,Greed,1075587047.0,90073150.12766,-0.31549555955115965,-0.29906014671926284,0.0001,0.0,0.08385,0.0050215313552345806,0.015164255227434522,0.03853370527259618,0.03314023788010343,0.03853705219772011
2023-12-02,2071.0,74.06999969482422,2.813999891281128,4594.6298828125,12.630000114440918,0.0,0.0,0.0,0.0,0.0,74,Greed,1047224679.0,88820270.26934,-0.026723100769376756,-0.014007226652704074,0.0001,0.0,0.08617,0.027292600982457563,0.0165037021254859,0.03848848063075495,0.03312961643148717,0.03853370527259618
2023-12-03,2071.0,74.06999969482422,2.813999891281128,4594.6298828125,12.630000114440918,0.0,0.0,0.0,0.0,0.0,73,Greed,1233031851.0,105070170.07289,0.163332553975554,0.16801352061443497,0.00013464333333333334,3.4643333333333334e-05,0.08571,-0.005352584340884072,0.016846430203039088,0.03855342269259922,0.03317344379526419,0.03848848063075495
2023-12-04,2024.0999755859375,73.04000091552734,2.694000005722046,4569.77978515625,13.079999923706055,-0.022906437155782732,-0.014003339083783048,-0.04357983994503447,-0.005423188063826943,0.0350093947727438,74,Greed,2933769955.0,260449580.87759,0.8668122140693452,0.9077808816037571,0.00017392333333333333,3.927999999999999e-05,0.09188,0.06951387291010613,0.02655265561418313,0.040162687377539634,0.03611507877814144,0.03855342269259922
2023-12-05,2018.5,72.31999969482422,2.7100000381469727,4567.18017578125,12.850000381469727,-0.0027704839468059126,-0.009906536957191996,0.005921568855814618,-0.0005690315939348026,-0.017740499168593812,75,Greed,2544186116.0,232092568.92358,-0.14247746842776493,-0.11527299889949418,0.0001,-7.392333333333332e-05,0.09435,0.02652789399366177,0.02659026811015554,0.04013146306072199,0.03604731539943433,0.040162687377539634
2023-12-06,2030.5,69.37999725341797,2.569000005722046,4549.33984375,12.970000267028809,0.005927406833356961,-0.04150210991003878,-0.05343192861289295,-0.003913851944943747,0.009295177888952625,72,Greed,5278501455.0,529155108.63456,0.7298314404871327,0.8241453038434225,0.00012392,2.3919999999999988e-05,0.09493,0.006128506079147823,0.025085833526219323,0.03836576648473128,0.03606294672834082,0.04013146306072199
2023-12-07,2029.9000244140625,69.33999633789062,2.5850000381469727,4585.58984375,13.0600004196167,-0.00029552536040616107,-0.0005767145110153752,0.006208802362351621,0.007936610684821922,0.006915137061659103,72,Greed,2842604920.0,271534378.26471,-0.6189213849629663,-0.6671928451090793,0.00020488666666666668,8.096666666666669e-05,0.09593,0.01047898093614909,0.024824630254538717,0.03731727885229631,0.03614403699889034,0.03836576648473128
2023-12-08,1998.300048828125,71.2300033569336,2.5810000896453857,4604.3701171875,12.350000381469727,-0.01568969924387106,0.02689223767527876,-0.0015485672481542563,0.0040871341465037936,-0.05589806201597754,72,Greed,2247014999.0,221624227.34803,-0.23511818882779956,-0.20310547671569154,0.00028271666666666666,7.782999999999998e-05,0.10164,0.057818399622106983,0.027419900921959377,0.038254117929522526,0.03431204563369212,0.03731727885229631
2023-12-09,1998.300048828125,71.2300033569336,2.5810000896453857,4604.3701171875,12.350000381469727,0.0,0.0,0.0,0.0,0.0,73,Greed,2400778713.0,244004075.71668,0.06619048017362174,0.09620165082559126,0.0004145966666666667,0.00013188000000000002,0.09846,-0.03178678412190866,0.035416103269736106,0.03852494171316403,0.03506807063282921,0.038254117929522526
2023-12-10,1998.300048828125,71.2300033569336,2.5810000896453857,4604.3701171875,12.350000381469727,0.0,0.0,0.0,0.0,0.0,74,Greed,1337401762.0,133811827.50554,-0.5850644003583666,-0.6007503882208373,0.0003038333333333333,-0.00011076333333333337,0.10186,0.03394894712640405,0.03398990031315893,0.038689082708205806,0.03438840176086443,0.03852494171316403
2023-12-11,1978.0,71.31999969482422,2.430999994277954,4622.43994140625,12.630000114440918,-0.01021061033941788,0.0012626635976269154,-0.05987426248908394,0.003916813547781492,0.022418851461215666,74,Greed,3926452012.0,383703034.40585,1.07700747406818,1.0534343648088016,0.00018130000000000002,-0.0001225333333333333,0.09413,-0.07892251589732965,0.04564745497354985,0.04149425188756282,0.03316046871237349,0.038689082708205806
2023-12-12,1977.800048828125,68.61000061035156,2.311000108718872,4643.7001953125,12.069999694824219,-0.00010109265866683018,-0.03873848311721898,-0.050622314643879535,0.0045888127956924,-0.04535193559782461,67,Greed,2003591978.0,189982703.73185,-0.672794663486597,-0.7029358704720766,0.00012461000000000001,-5.669e-05,0.09381,-0.0034053454212692345,0.044513891129129145,0.04146147623324976,0.03340188573301912,0.04149425188756282
2023-12-13,1982.300048828125,69.47000122070312,2.3350000381469727,4707.08984375,12.1899995803833,0.0022726708042306704,0.012456716677692235,0.010331529121569918,0.01355834517501981,0.009892899244538936,65,Greed,1654708893.0,154070288.91372,-0.191316460810811,-0.20952411522379494,0.0001,-2.461000000000001e-05,0.09642,0.02744218883961665,0.045779346329126815,0.04050052510050487,0.03413308937083593,0.04146147623324976
2023-12-14,2030.199951171875,71.58000183105469,2.3919999599456787,4719.5498046875,12.479999542236328,0.0238764749712153,0.029920708641966384,0.024117911885373888,0.002643565185154432,0.02351141719134706,72,Greed,1405821668.0,135886229.87469,-0.16300314896063406,-0.1255909292047298,0.0001,0.0,0.0983,0.019310378175644613,0.046164802893164,0.03991654509022299,0.033944494793492694,0.04050052510050487
2023-12-15,2021.0999755859375,71.43000030517578,2.490999937057495,4719.18994140625,12.279999732971191,-0.0044923807443041424,-0.0020977774791577537,0.04055439166880894,-7.625240044859478e-05,-0.016155425287520307,70,Greed,1313568767.0,125558212.82158,-0.06787426613967043,-0.07904849238605142,0.00012852,2.851999999999999e-05,0.09303,-0.05510200537265362,0.043677244928118995,0.040864014373282874,0.032698900869476404,0.03991654509022299
2023-12-16,2021.0999755859375,71.43000030517578,2.490999937057495,4719.18994140625,12.279999732971191,0.0,0.0,0.0,0.0,0.0,67,Greed,1016225212.0,95995125.3446,-0.25665269284253545,-0.26847208569370196,0.0001,-2.851999999999999e-05,0.09713,0.0431282656337719,0.04723824445542083,0.04090930602367751,0.03161460622222691,0.040864014373282874
2023-12-17,2021.0999755859375,71.43000030517578,2.490999937057495,4719.18994140625,12.279999732971191,0.0,0.0,0.0,0.0,0.0,73,Greed,986491713.0,93584238.22971,-0.02969534390671069,-0.025435438196401868,0.00010235333333333333,2.35333333333333e-06,0.09295,-0.04398857324678604,0.046548501796938084,0.03922690210538935,0.03082445011503681,0.04090930602367751
2023-12-18,2026.300048828125,72.47000122070312,2.503000020980835,4740.56005859375,12.5600004196167,0.0025695884133355284,0.014454746526187893,0.004805809819835922,0.004518122263400515,0.0225452934750457,65,Greed,1479114802.0,133063803.10646,0.40504415604229255,0.35196676147482553,0.0001,-2.35333333333333e-06,0.09213,-0.008861091046612318,0.0364725082015597,0.036593476711273665,0.030826523552339957,0.03922690210538935
2023-12-19,2038.4000244140625,73.44000244140625,2.492000102996826,4768.3701171875,12.529999732971191,0.005953704386447858,0.013296079590339167,-0.0044043785757169,0.005849267450818904,-0.002391446852206076,73,Greed,884237508.0,81106107.33288,-0.5144733803048686,-0.4950704713098767,0.0001,0.0,0.09023,-0.020838657114431374,0.0370893683708878,0.036885985472357635,0.031086409130099683,0.036593476711273665
2023-12-20,2034.5,74.22000122070312,2.447000026702881,4698.35009765625,13.670000076293945,-0.0019151099131709602,0.010564892523759216,-0.018222846883163696,-0.014793147965305628,0.0870779087201619,74,Greed,1223678648.0,111626346.00808,0.3248911853589633,0.31939883294029325,0.00010489666666666667,4.89666666666667e-06,0.0915,0.01397700627506626,0.035403428387133874,0.036179508616713194,0.03095710549360324,0.036885985472357635
2023-12-21,2039.0999755859375,73.88999938964844,2.572000026702881,4746.75,13.649999618530273,0.0022584336059977327,-0.0044561795392595365,0.0498210213844876,0.010248769307271876,-0.00146416263251253,70,Greed,1726958198.0,162540116.75855,0.34449998675569965,0.37576774623510234,0.0002822733333333333,0.00017737666666666662,0.09499,0.037432650620615474,0.03823828270515959,0.032878665530107376,0.03677385877770012,0.036179508616713194
2023-12-22,2057.10009765625,73.55999755859375,2.609999895095825,4754.6298828125,13.029999732971191,0.008788749383462259,-0.004476125993481734,0.014666364383911437,0.0016586821527610754,-0.04648512304109983,74,Greed,1258416466.0,117980916.01579,-0.3165074363458621,-0.3204019609557072,0.0003278933333333333,4.5620000000000014e-05,0.09499,0.0,0.03120435235801677,0.0318050345569972,0.03702947122974577,0.032878665530107376
2023-12-23,2057.10009765625,73.55999755859375,2.609999895095825,4754.6298828125,13.029999732971191,0.0,0.0,0.0,0.0,0.0,70,Greed,649710275.0,60513659.70097,-0.6610829037751735,-0.6676537629728171,0.00029677333333333333,-3.111999999999999e-05,0.09346,-0.01623808562981105,0.026128095706007968,0.03209998145503752,0.038331956393770364,0.0318050345569972
2023-12-24,2057.10009765625,73.55999755859375,2.609999895095825,4754.6298828125,13.029999732971191,0.0,0.0,0.0,0.0,0.0,71,Greed,1078125456.0,100751515.50742,0.5064525904231926,0.5097881232373205,0.00038806999999999996,9.129666666666663e-05,0.09171,-0.018902112701427325,0.021230977233533226,0.03222837801726054,0.038518386783261506,0.03209998145503752
2023-12-25,2057.10009765625,73.55999755859375,2.609999895095825,4754.6298828125,13.029999732971191,0.0,0.0,0.0,0.0,0.0,73,Greed,794322702.0,74189206.09987,-0.3054893188048765,-0.3060385737315888,0.00029955666666666667,-8.851333333333329e-05,0.09435,0.02837984724370636,0.02372129233055291,0.03249535472625114,0.03811622344135332,0.03222837801726054
2023-12-26,2058.199951171875,75.56999969482422,2.549999952316284,4774.75,12.989999771118164,0.0005345192470838028,0.026958008447507856,-0.02325684067059258,0.004222761046978559,-0.003074557580709151,71,Greed,1045263091.0,95772725.87688,0.2745340900634548,0.25535927663195274,0.0004155933333333333,0.00011603666666666661,0.09135,-0.03231298899054357,0.025965777606444196,0.033203968904896984,0.03782329062799829,0.03249535472625114
2023-12-27,2081.89990234375,74.11000061035156,2.61899995803833,4781.580078125,12.430000305175781,0.011449100696166307,-0.019508890795290112,0.026699209032716793,0.0014294356164229985,-0.044066882988488563,73,Greed,697904313.0,64377495.45571,-0.4039418884622482,-0.3972138232781677,0.00023572000000000003,-0.00017987333333333326,0.09365,0.024866146066081698,0.02712003738672889,0.033395294649789804,0.03780200636978306,0.033203968904896984
2023-12-28,2073.89990234375,71.7699966430664,2.556999921798706,4783.35009765625,12.470000267028809,-0.0038500458433421737,-0.03208396953053284,-0.023957883777725918,0.0003701061103271183,0.0032128510314717836,73,Greed,896005552.0,83376381.12298,0.2498646034118173,0.25860094669862443,0.0005047666666666667,0.00026904666666666664,0.09174,-0.020605939721071526,0.023594857924225526,0.03352754169939861,0.03772278413925107,0.033395294649789804
2023-12-29,2062.39990234375,71.6500015258789,2.5139999389648438,4769.830078125,12.449999809265137,-0.0055605396969713086,-0.0016733390980195589,-0.01695957983587868,-0.0028304770367338357,-0.0016051735149952427,65,Greed,676368690.0,61781686.94874,-0.28120828260925707,-0.29975807643212155,0.0004461633333333333,-5.860333333333338e-05,0.09097,-0.008428707335055503,0.023513687337297667,0.03357074191834721,0.03778162828514076,0.03352754169939861
2023-12-30,2062.39990234375,71.6500015258789,2.5139999389648438,4769.830078125,12.449999809265137,0.0,0.0,0.0,0.0,0.0,68,Greed,348435520.0,31486570.85449,-0.6632851352138651,-0.6740458600088175,0.0002558866666666667,-0.0001902766666666666,0.09,-0.010720111503705438,0.02321073792668747,0.0331156412998015,0.03833792206179194,0.03357074191834721
2023-12-31,2062.39990234375,71.6500015258789,2.5139999389648438,4769.830078125,12.449999809265137,0.0,0.0,0.0,0.0,0.0,67,Greed,385427628.0,34692853.38567,0.10090024840914413,0.09697257858704449,0.00028292333333333335,2.703666666666667e-05,0.08955,-0.005012541823544175,0.02244404542896404,0.03314023788010343,0.03846105265024728,0.0331156412998015
2024-01-01,2062.39990234375,71.6500015258789,2.5139999389648438,4769.830078125,12.449999809265137,0.0,0.0,0.0,0.0,0.0,65,Greed,506560988.0,45856152.14607,0.27329128713103185,0.27897565811216285,0.0002771233333333333,-5.8000000000000326e-06,0.09199,0.02688274698234516,0.022095106050666898,0.03312961643148717,0.0380431701210513,0.03314023788010343
2024-01-02,2064.39990234375,70.37999725341797,2.568000078201294,4742.830078125,13.199999809265137,0.0009692741355228508,-0.017884082702064517,0.021252330389981228,-0.005676660799723162,0.05849620755206713,71,Greed,881934936.0,81620263.86776,0.5544735574769054,0.5765681933035723,0.00059035,0.0003132266666666667,0.0911,-0.009722071223153314,0.01857483652111388,0.03317344379526419,0.03810596221262105,0.03312961643148717
2024-01-03,2034.199951171875,72.69999694824219,2.6679999828338623,4704.81005859375,14.039999961853027,-0.014736982781769346,0.032432249693658995,0.03820170533936121,-0.008048618327197648,0.06169358073792997,70,Greed,1959750401.0,164033163.66787,0.7984541131084831,0.6979910620144201,0.0002831966666666667,-0.0003071533333333333,0.08201,-0.10511661321759277,0.0407960442800057,0.03611507877814144,0.03303955288156143,0.03317344379526419
2024-01-04,2042.300048828125,72.19000244140625,2.821000099182129,4688.68017578125,14.130000114440918,0.0039740504436172235,-0.0070397765918172265,0.05576234555906608,-0.003434271663317429,0.006389808914936812,68,Greed,1144911613.0,94958162.03245,-0.5374896785644709,-0.5466322299303018,0.0001,-0.0001831966666666667,0.08401,0.024094648328435938,0.04387765075003615,0.03604731539943433,0.032706223224525745,0.03611507877814144
2024-01-05,2042.4000244140625,73.80999755859375,2.8929998874664307,4697.240234375,13.350000381469727,4.895124937695209e-05,0.022192624734812802,0.025202519917066235,0.0018240216394339805,-0.05678379137481154,72,Greed,1109914047.0,91546774.14758,-0.03104486294928587,-0.03658636040107043,0.0001,0.0,0.08267,-0.016079060112171643,0.04385244218845001,0.03606294672834082,0.03260775829365065,0.03604731539943433
2024-01-06,2042.4000244140625,73.80999755859375,2.8929998874664307,4697.240234375,13.350000381469727,0.0,0.0,0.0,0.0,0.0,70,Greed,979471694.0,78819192.75806,-0.12502451762352168,-0.1496935044098942,0.0001,0.0,0.08058,-0.02560629950138299,0.044046204661574995,0.03614403699889034,0.03229758709131234,0.03606294672834082
2024-01-07,2042.4000244140625,73.80999755859375,2.8929998874664307,4697.240234375,13.350000381469727,0.0,0.0,0.0,0.0,0.0,71,Greed,927733107.0,74015800.99796,-0.05426924734365798,-0.0628779327167599,0.0001,0.0,0.07824,-0.029469454036639194,0.04401842436830079,0.03431204563369212,0.03184636768197095,0.03614403699889034
2024-01-08,2026.5999755859375,70.7699966430664,2.9800000190734863,4763.5400390625,13.079999923706055,-0.007766098913480239,-0.0420590560517803,0.0296293198223867,0.014015945436353141,-0.020432073224587316,71,Greed,1392075761.0,108620233.77995,0.4058071742132607,0.38357910746792123,0.0001,0.0,0.0813,0.03836499082720285,0.046186263026783046,0.03506807063282921,0.03127223629002754,0.03431204563369212
2024-01-09,2026.4000244140625,72.23999786376953,3.190000057220459,4756.5,12.760000228881836,-9.866823194536253e-05,0.020558744884156332,0.06809762781638924,-0.0014789938523175842,-0.024769044342090624,76,Extreme Greed,2205553399.0,175210044.35441,0.4601824655761929,0.47812780277105016,0.0001,0.0,0.07923,-0.025791001576614354,0.046125979834829,0.03438840176086443,0.03091192353838888,0.03506807063282921
2024-01-10,2021.699951171875,71.37000274658203,3.0390000343322754,4783.4501953125,12.6899995803833,-0.0023221142671955622,-0.01211622807075257,-0.0484924095023172,0.005649980650495912,-0.005501047194517584,73,Greed,1240032433.0,98980901.8188,-0.5758409170930728,-0.5710585870452829,0.0001,0.0,0.08307,0.0473286108738298,0.03345819300911425,0.03316046871237349,0.0298819298035091,0.03438840176086443
2024-01-11,2014.300048828125,72.0199966430664,3.0969998836517334,4780.240234375,12.4399995803833,-0.0036669527431482853,0.009066160142917532,0.018905338191126064,-0.0006712808369611647,-0.019897195079787117,76,Extreme Greed,1520441570.0,129003894.10794,0.20386326432821297,0.26491567018564044,0.0001,0.0,0.08456,0.017777715711001906,0.03283716686853284,0.03340188573301912,0.02967937771890663,0.03316046871237349
2024-01-12,2046.699951171875,72.68000030517578,3.312999963760376,4783.830078125,12.699999809265137,0.015956951403282443,0.009122436117268835,0.06742024895613598,0.0007506937530339595,0.02068492486626542,71,Greed,1117173897.0,92082844.95305,-0.3081986090939942,-0.33715393031680985,0.0001,0.0,0.08007,-0.05456008947743966,0.03883329357138614,0.03413308937083593,0.02792513831871864,0.03340188573301912
2024-01-13,2046.699951171875,72.68000030517578,3.312999963760376,4783.830078125,12.699999809265137,0.0,0.0,0.0,0.0,0.0,64,Greed,451114051.0,36291118.60026,-0.9068372769030123,-0.9311156157969726,0.0001,0.0,0.08092,0.010559760215002253,0.037963405257683554,0.033944494793492694,0.027947664802443692,0.03413308937083593
2024-01-14,2046.699951171875,72.68000030517578,3.312999963760376,4783.830078125,12.699999809265137,0.0,0.0,0.0,0.0,0.0,60,Greed,923333159.0,75582443.56972,0.716269929471195,0.7336509836271226,0.0001,0.0,0.08003,-0.011059447920589988,0.03612620876634231,0.032698900869476404,0.02800304323581399,0.033944494793492694
2024-01-15,2046.699951171875,72.68000030517578,3.312999963760376,4783.830078125,12.699999809265137,0.0,0.0,0.0,0.0,0.0,52,Neutral,423589779.0,34300152.08223,-0.7792246371636317,-0.7900742402563321,0.0001,0.0,0.08108,0.013034757204844327,0.03316800568765741,0.03161460622222691,0.029559632197556387,0.032698900869476404
2024-01-16,2026.0,72.4000015258789,2.9000000953674316,4765.97998046875,13.84000015258789,-0.010165310319773104,-0.0038599272595207343,-0.133143342501397,-0.0037383190523568345,0.08596098276860784,64,Greed,582449257.0,47369892.27231,0.31847658465803347,0.32283705471132584,0.0001,0.0,0.08134,0.0032015788952792154,0.031220021829199508,0.03082445011503681,0.02956880065907621,0.03161460622222691
2024-01-17,2002.5999755859375,72.55999755859375,2.869999885559082,4739.2099609375,14.789999961853027,-0.011617081726109013,0.002207451692811289,-0.010398779981104425,-0.005632731271107821,0.06638831292880744,60,Greed,478700611.0,38583229.48141,-0.1961666964278338,-0.20516913008955848,0.0001,0.0,0.08059,-0.009263328142658551,0.024702903376325584,0.030826523552339957,0.02951436593232297,0.03082445011503681
2024-01-18,2018.5999755859375,74.08000183105469,2.697000026702881,4780.93994140625,14.130000114440918,0.007957865627687473,0.020731842895027334,-0.06217193583809484,0.008766720726243148,-0.04565106934788655,63,Greed,621337144.0,49214806.5753,0.26079846683466973,0.24337681220725246,0.0001,0.0,0.07808,-0.03164063023158293,0.024391431418414145,0.031086409130099683,0.029368527431955622,0.030826523552339957
2024-01-19,2026.5,73.41000366210938,2.5190000534057617,4839.81005859375,13.300000190734863,0.0039059773581561485,-0.009085399046793905,-0.06827803548690115,0.012238308232548512,-0.06053615522690582,51,Neutral,766708753.0,59204180.85016,0.21023316735400524,0.18479763698988874,0.0001,0.0,0.07857,0.006256005082893137,0.01575309594728407,0.03095710549360324,0.02952169245711601,0.031086409130099683
2024-01-20,2026.5,73.41000366210938,2.5190000534057617,4839.81005859375,13.300000190734863,0.0,0.0,0.0,0.0,0.0,52,Neutral,1655077344.0,138866010.33485,0.7694960132940935,0.8525173519370678,0.0001,0.0,0.08777,0.11072980941629595,0.04609112360850734,0.03677385877770012,0.02318575979264808,0.03095710549360324
2024-01-21,2026.5,73.41000366210938,2.5190000534057617,4839.81005859375,13.300000190734863,0.0,0.0,0.0,0.0,0.0,56,Greed,2294800965.0,200633911.77286,0.3267983729896478,0.3679723991470801,0.0001,0.0,0.08546,-0.02667132638814743,0.04771973255210635,0.03702947122974577,0.02369034614198145,0.03677385877770012
2024-01-22,2019.800048828125,75.19000244140625,2.4189999103546143,4850.43017578125,13.1899995803833,-0.003311646301174295,0.02395805985137076,-0.04050782400262055,0.0021919211872316853,-0.008305114652697272,55,Greed,1591848689.0,132268389.42305,-0.36575007595426234,-0.4166488014197426,0.0001,0.0,0.08057,-0.05892205842677418,0.05412161895043675,0.038331956393770364,0.021229830746006907,0.03702947122974577
2024-01-23,2023.699951171875,74.37000274658203,2.450000047683716,4864.60009765625,12.550000190734863,0.0019289741822805175,-0.010965604213236486,0.012733849450348387,0.002917115340764486,-0.0497382541401881,50,Neutral,1285716152.0,100492938.5102,-0.21358015847176923,-0.27474565007920504,0.0001,0.0,0.07821,-0.029728855175584542,0.05512737967807701,0.038518386783261506,0.020443564741093205,0.038331956393770364
2024-01-24,2013.9000244140625,75.08999633789062,2.6410000324249268,4868.5498046875,13.140000343322754,-0.004854342213876016,0.009634673695664826,0.07506960157313708,0.0008115989762168653,0.04594035840873762,48,Neutral,688387053.0,54447832.72829,-0.6247199020364524,-0.6128444158335002,0.0001,0.0,0.07904,0.010556536826092387,0.055416441884809924,0.03811622344135332,0.020391792082819726,0.038518386783261506
2024-01-25,2016.9000244140625,77.36000061035156,2.571000099182129,4894.16015625,13.449999809265137,0.0014885385122534204,0.029782513692605563,-0.026862678731504594,0.00524657813497798,0.023318052682289685,52,Neutral,487927595.0,38061922.12705,-0.3441842328376361,-0.35802868247421593,0.0001,0.0,0.07795,-0.013886457935826787,0.054269511474881016,0.03782329062799829,0.020385325748970468,0.03811622344135332
2024-01-26,2016.800048828125,78.01000213623047,2.7119998931884766,4890.97021484375,13.260000228881836,-4.9570163444326434e-05,0.0083671919494853,0.05339136383235922,-0.0006519977554263648,-0.014227089848027405,49,Neutral,438354293.0,34722428.42862,-0.10713955241284683,-0.09182853257585505,0.0001,0.0,0.07985,0.024082279157235823,0.05503784806494872,0.03780200636978306,0.020012462161202737,0.03782329062799829
2024-01-27,2016.800048828125,78.01000213623047,2.7119998931884766,4890.97021484375,13.260000228881836,0.0,0.0,0.0,0.0,0.0,55,Greed,330227896.0,26367307.9665,-0.28324446148095545,-0.27526092238672695,0.0001,0.0,0.08014,0.0036252305469770215,0.028233504701439018,0.03772278413925107,0.020898370937600847,0.03780200636978306
2024-01-28,2016.800048828125,78.01000213623047,2.7119998931884766,4890.97021484375,13.260000228881836,0.0,0.0,0.0,0.0,0.0,54,Neutral,405942847.0,32446105.53783,0.2064293687069595,0.20745551352515493,0.0001,0.0,0.07882,-0.016608333441140904,0.027671508317308042,0.03778162828514076,0.02576901617463712,0.03772278413925107
2024-01-29,2025.199951171875,76.77999877929688,2.490000009536743,4927.93017578125,13.600000381469727,0.004156315901078261,-0.01589287731034141,-0.08540361638673473,0.007528365505246204,0.0253178187724606,55,Greed,1259643662.0,102222096.05264,1.132371773254696,1.147567436733166,0.0001,0.0,0.08135,0.03159406189818929,0.022516433105294113,0.03833792206179194,0.03942123517246751,0.03778162828514076
2024-01-30,2031.5,77.81999969482422,2.0769999027252197,4924.97021484375,13.3100004196167,0.003105999442300761,0.013454289960908507,-0.1813582162469301,-0.0006008303969786162,-0.021554156857807073,61,Greed,609381172.0,49472217.60913,-0.726140181900234,-0.7257366068510144,0.0001,0.0,0.07972,-0.02024033832045288,0.02052975176014663,0.03846105265024728,0.038954482285147564,0.03833792206179194
2024-01-31,2048.39990234375,75.8499984741211,2.0999999046325684,4845.64990234375,14.350000381469727,0.008284516486208303,-0.02564077795736542,0.011012801256610156,-0.016236851740733683,0.07523430485544245,60,Greed,492930215.0,39115347.30535,-0.21207635781191475,-0.23489634740634152,0.0001,0.0,0.07875,-0.012242217638851513,0.020886864553609125,0.0380431701210513,0.048268795586294544,0.03846105265024728
2024-02-01,2053.0,73.81999969482422,2.049999952316284,4906.18994140625,13.880000114440918,0.0022431851049437793,-0.027127992209682653,-0.024097529426346284,0.012416286114049784,-0.0333010054652046,63,Greed,423161080.0,33395733.01891,-0.15261470195773613,-0.15808676628452026,0.0001,0.0,0.07937,0.007842185397041672,0.020172609352830214,0.03810596221262105,0.04822280408459583,0.0380431701210513
2024-02-02,2036.0999755859375,72.27999877929688,2.0789999961853027,4958.60986328125,13.850000381469727,-0.008265936631712222,-0.02108224463230448,0.01404723715103721,0.01062777072263312,-0.0021637031473936137,63,Greed,338158394.0,26849623.02363,-0.2242385033253016,-0.21817635712853398,0.0001,0.0,0.07928,-0.0011345730810515282,0.017805253384484316,0.03303955288156143,0.049214452417145525,0.03810596221262105
2024-02-03,2036.0999755859375,72.27999877929688,2.0789999961853027,4958.60986328125,13.850000381469727,0.0,0.0,0.0,0.0,0.0,60,Greed,181709999.0,14369151.85233,-0.6211024028584325,-0.625168104525454,0.0001,0.0,0.07874,-0.006834604506141117,0.01778900565398597,0.032706223224525745,0.055814981669559324,0.03303955288156143
2024-02-04,2036.0999755859375,72.27999877929688,2.0789999961853027,4958.60986328125,13.850000381469727,0.0,0.0,0.0,0.0,0.0,60,Greed,263166434.0,20770189.49683,0.3703746567656421,0.3684350851873467,0.0001,0.0,0.07831,-0.0054759767527452,0.016788852119902657,0.03260775829365065,0.06661695526999996,0.032706223224525745
2024-02-05,2025.699951171875,72.77999877929688,2.0820000171661377,4942.81005859375,13.670000076293945,-0.005120905671782916,0.006893726576010502,0.001441971396795338,-0.0031914247092839714,-0.013081603859306986,60,Greed,432182668.0,34091489.0786,0.49606168054063365,0.4955290045696526,0.0001,0.0,0.07835,0.0005106600391835751,0.00910671408353381,0.03229758709131234,0.06650455156044698,0.03260775829365065
2024-02-06,2034.5,73.30999755859375,2.009000062942505,4954.22998046875,13.0600004196167,0.004334792726306237,0.007255816521489378,-0.035691861274736926,0.0023077459317481074,-0.045649500338780576,64,Greed,294603685.0,23132778.21818,-0.3832173290275845,-0.3877971837751319,0.0001,0.0,0.07849,0.0017852593366925603,0.006560806945527375,0.03184636768197095,0.06654101081126398,0.03229758709131234
2024-02-07,2035.199951171875,73.86000061035156,1.9670000076293945,4995.06005859375,12.829999923706055,0.0003439817122514089,0.007474425755050153,-0.021127573877445384,0.008207682594008628,-0.017767983297182415,62,Greed,389072392.0,30858397.35495,0.278134411554413,0.2881583305995305,0.0001,0.0,0.08013,0.020679087651256967,0.009375902881794167,0.03127223629002754,0.06663627369832303,0.03184636768197095
2024-02-08,2032.199951171875,76.22000122070312,1.9170000553131104,4997.91015625,12.789999961853027,-0.0014751441294395143,0.031452493773191474,-0.025748050368114776,0.000570420540090595,-0.003122560072828745,66,Greed,447795104.0,35878029.09784,0.14057034666165447,0.15071619247437965,0.0001,0.0,0.07987,-0.0032500028606817512,0.00925550933042919,0.03091192353838888,0.0672680530235288,0.03127223629002754
2024-02-09,2023.300048828125,76.83999633789062,1.847000002861023,5026.60986328125,12.930000305175781,-0.004389060106493958,0.008101378780224825,-0.03719879015138931,0.0057259171287955156,0.010886603777725476,72,Greed,665001847.0,54073200.59692,0.3954540474431564,0.41021358992459,0.0001,0.0,0.08155,0.020816016137725213,0.011816575073961676,0.0298819298035091,0.06872789801302802,0.03091192353838888
2024-02-10,2023.300048828125,76.83999633789062,1.847000002861023,5026.60986328125,12.930000305175781,0.0,0.0,0.0,0.0,0.0,74,Greed,367774924.0,29882540.10703,-0.5923186866074384,-0.5930643282960733,0.0001,0.0,0.08142,-0.0015953859921899634,0.01116125795907431,0.02967937771890663,0.06899940736561543,0.0298819298035091
2024-02-11,2023.300048828125,76.83999633789062,1.847000002861023,5026.60986328125,12.930000305175781,0.0,0.0,0.0,0.0,0.0,71,Greed,639653927.0,52555183.74082,0.5534561595509578,0.5645893695048196,0.0001,0.0,0.08123,-0.002336306011970429,0.010735315127083679,0.02792513831871864,0.07149539654827855,0.02967937771890663
2024-02-12,2018.199951171875,76.91999816894531,1.7680000066757202,5021.83984375,13.930000305175781,-0.002523865081532603,0.0010406066744543267,-0.043713734774802185,-0.0009494041426524416,0.07449459331360889,70,Greed,797306560.0,64715262.07532,0.2203119562041958,0.208133327138807,0.0001,0.0,0.08223,0.012235561919941709,0.010790820769596483,0.027947664802443692,0.07155131636696953,0.02792513831871864
2024-02-13,1992.9000244140625,77.87000274658203,1.6890000104904175,4953.169921875,15.850000381469727,-0.012615124246704407,0.012274907944354303,-0.045712323954625725,-0.013768609419845444,0.1291247146912568,79,Extreme Greed,738029583.0,60257483.6886,-0.07725533808039196,-0.07137028831407281,0.00014091666666666666,4.0916666666666654e-05,0.08105,-0.014453950801119001,0.013484356400649216,0.02800304323581399,0.07129660402654132,0.027947664802443692
2024-02-14,1990.300048828125,76.63999938964844,1.6089999675750732,5000.6201171875,14.380000114440918,-0.0013054709316034623,-0.01592167916154222,-0.0485237961786628,0.009534168304216807,-0.09733116413954013,74,Greed,1497064357.0,126203446.28327,0.7072774649805902,0.7392684825861365,0.00022464333333333333,8.372666666666667e-05,0.0855,0.05345012776102946,0.0226065179336585,0.029559632197556387,0.0736527885901023,0.02800304323581399
2024-02-15,2002.0999755859375,78.02999877929688,1.5809999704360962,5029.72998046875,14.010000228881836,0.005911211825204104,0.017974226785918826,-0.017555308330184576,0.00580437267404004,-0.02606698356529103,72,Greed,1428000130.0,122809328.84948,-0.047231140207579445,-0.02726227718529895,0.00025244,2.7796666666666657e-05,0.08528,-0.002576415525180228,0.022545712075146017,0.02956880065907621,0.07911223349448018,0.029559632197556387
2024-02-16,2011.5,79.19000244140625,1.6089999675750732,5005.56982421875,14.239999771118164,0.004684094906416618,0.014756706567403265,0.017555308330184618,-0.0048150435759610425,0.016283513224718212,72,Greed,807216742.0,69277895.36793,-0.5704380242791215,-0.5725070955029588,0.00022835666666666665,-2.408333333333334e-05,0.08591,0.007360276232430759,0.021972800023872353,0.02951436593232297,0.07989048259706456,0.02956880065907621
2024-02-17,2011.5,79.19000244140625,1.6089999675750732,5005.56982421875,14.239999771118164,0.0,0.0,0.0,0.0,0.0,76,Extreme Greed,647757981.0,54377792.41231,-0.22007506917896352,-0.24217004235492604,0.00015548,-7.287666666666665e-05,0.08356,-0.027735299961600193,0.02567392571791656,0.029368527431955622,0.0812000325008671,0.02951436593232297
2024-02-18,2011.5,79.19000244140625,1.6089999675750732,5005.56982421875,14.239999771118164,0.0,0.0,0.0,0.0,0.0,72,Greed,526443268.0,44324227.51339,-0.20737356779602545,-0.20442441877688333,0.00016481666666666667,9.336666666666675e-06,0.08517,0.019084322464624413,0.026106591960946942,0.02952169245711601,0.0844055918892238,0.029368527431955622
2024-02-19,2011.5,79.19000244140625,1.6089999675750732,5005.56982421875,14.239999771118164,0.0,0.0,0.0,0.0,0.0,75,Greed,1424055062.0,124764301.38545,0.9951201856773685,1.034894944402746,0.00032066,0.00015584333333333334,0.08942,0.04869511165284505,0.030625512298095604,0.02318575979264808,0.0886946518730218,0.02952169245711601
2024-02-20,2027.5,78.18000030517578,1.5759999752044678,4975.509765625,15.420000076293945,0.007922794599725029,-0.012836194783739074,-0.020722872155541413,-0.0060234264658172495,0.0796104831722431,72,Greed,1744290957.0,151671841.83121,0.2028396653368276,0.19529288323946922,0.0002215666666666667,-9.909333333333332e-05,0.08615,-0.03725440783189594,0.034828881565602744,0.02369034614198145,0.0880857351455204,0.02318575979264808
2024-02-21,2022.300048828125,77.91000366210938,1.7730000019073486,4981.7998046875,15.34000015258789,-0.002568005317217988,-0.0034595029211889807,0.117783052465364,0.0012634014951035982,-0.005201567196740616,78,Extreme Greed,757871134.0,63437307.85026,-0.8335900604222052,-0.8716671113946213,0.0001,-0.00012156666666666669,0.08457,-0.018510369179807765,0.029661762083792072,0.021229830746006907,0.08804793636885769,0.02369034614198145
2024-02-22,2019.699951171875,78.61000061035156,1.7319999933242798,5087.02978515625,14.539999961853027,-0.0012865403339371805,0.008944564222842582,-0.023396221881944092,0.02090288866640342,-0.05356033640438439,74,Greed,645334349.0,54592707.14756,-0.16074481024301007,-0.15015183516634506,0.00015715333333333334,5.7153333333333334e-05,0.0841,-0.0055730268152286485,0.029700434574331573,0.020443564741093205,0.08816945228475409,0.021229830746006907
2024-02-23,2038.5999755859375,76.48999786376953,1.6030000448226929,5088.7998046875,13.75,0.009314324420003009,-0.02733894016442214,-0.07739990469673122,0.000347887026502183,-0.055864645369204845,76,Extreme Greed,791686167.0,66625671.87575,0.20439650646645877,0.19918966177043007,0.00024317000000000002,8.601666666666668e-05,0.08451,0.0048633035774887185,0.029584178966453812,0.020391792082819726,0.08888213198324486,0.020443564741093205
2024-02-24,2038.5999755859375,76.48999786376953,1.6030000448226929,5088.7998046875,13.75,0.0,0.0,0.0,0.0,0.0,72,Greed,657921980.0,56141634.84861,-0.185078706630671,-0.1712122754415834,0.00028221999999999996,3.9049999999999946e-05,0.08615,0.019220092417547793,0.028157181446849127,0.020385325748970468,0.0890663511310467,0.020391792082819726
2024-02-25,2038.5999755859375,76.48999786376953,1.6030000448226929,5088.7998046875,13.75,0.0,0.0,0.0,0.0,0.0,74,Greed,493056846.0,42505674.05449,-0.2884618791831347,-0.2782401172490486,0.00032347999999999996,4.1259999999999995e-05,0.08612,-0.00034829047777634986,0.02741169093979624,0.020012462161202737,0.08899221630715674,0.020385325748970468
2024-02-26,2028.5,77.58000183105469,1.659000039100647,5069.52978515625,13.739999771118164,-0.004966682111913958,0.014149700208427214,0.03433813318794164,-0.003793939244668484,-0.0007275539764438033,72,Greed,1088385979.0,94663047.9985,0.7918266509302293,0.8006861492109772,0.00035442333333333335,3.0943333333333393e-05,0.08923,0.03547563341589783,0.023848977969446676,0.020898370937600847,0.08903927531214655,0.020012462161202737
2024-02-27,2034.0,78.87000274658203,1.6150000095367432,5078.18017578125,13.430000305175781,0.0027076939620032797,0.016491276620096248,-0.026880072197387854,0.001704895538720964,-0.02282023687755186,79,Extreme Greed,4473045916.0,427761141.98753,1.413373743912903,1.508241236934569,0.0005009733333333333,0.00014654999999999996,0.09758,0.08945524847563104,0.036079493538599815,0.02576901617463712,0.09093968321774362,0.020898370937600847
2024-02-28,2033.0,78.54000091552734,1.8849999904632568,5069.759765625,13.84000015258789,-0.0004917629801586159,-0.0041929014273732485,0.15459285326096994,-0.001659531321112244,0.03007192795607551,82,Extreme Greed,8260903846.0,892737375.10265,0.6134644164572145,0.7357274844634433,0.00040989,-9.108333333333332e-05,0.11585,0.1716236964906941,0.06453705427243513,0.03942123517246751,0.08731519770432183,0.02576901617463712
2024-02-29,2045.699951171875,78.26000213623047,1.8600000143051147,5096.27001953125,13.399999618530273,0.006227470697706523,-0.0035714167278449132,-0.013351320424662099,0.0052154704557999644,-0.03230828272568483,80,Extreme Greed,8825589402.0,1110023130.06987,0.06612138234952343,0.21784368719751457,0.0006476666666666666,0.00023777666666666662,0.11732,0.012608993230865036,0.06249797316768753,0.038954482285147564,0.0887675130059035,0.03942123517246751
2024-03-01,2086.89990234375,79.97000122070312,1.8350000381469727,5137.080078125,13.109999656677246,0.019939659139843434,0.02161493552946405,-0.013531993120957394,0.007975936433387976,-0.021879406901220193,80,Extreme Greed,6695199430.0,868436005.86647,-0.2762646217502927,-0.24544223253952796,0.0006127466666666667,-3.4919999999999916e-05,0.13934,0.17201174549272255,0.07428660542799459,0.048268795586294544,0.08534752200040052,0.038954482285147564
2024-03-02,2086.89990234375,79.97000122070312,1.8350000381469727,5137.080078125,13.109999656677246,0.0,0.0,0.0,0.0,0.0,80,Extreme Greed,5215907888.0,744261090.4536,-0.24967760164168568,-0.15430199814924433,0.00075593,0.00014318333333333334,0.14196,0.018628338176322964,0.07435623238701439,0.04822280408459583,0.08676348932264145,0.048268795586294544
2024-03-03,2086.89990234375,79.97000122070312,1.8350000381469727,5137.080078125,13.109999656677246,0.0,0.0,0.0,0.0,0.0,83,Extreme Greed,6113745846.0,871192026.54759,0.1588264884599258,0.1574705180115681,0.00064313,-0.00011280000000000003,0.15347,0.07795978040870771,0.06733003054917844,0.049214452417145525,0.08892320899403168,0.04822280408459583
2024-03-04,2117.699951171875,78.73999786376953,1.9160000085830688,5130.9501953125,13.489999771118164,0.014650906546489963,-0.015500321222901771,0.04319518173327539,-0.0011939745749630112,0.028573381665131348,82,Extreme Greed,8109722728.0,1361351555.86197,0.282524025221134,0.44637085700879114,0.0006596566666666666,1.652666666666664e-05,0.18196,0.17028177451479992,0.07081443012620406,0.055814981669559324,0.08364885947410236,0.049214452417145525
2024-03-05,2133.5,78.1500015258789,1.9570000171661377,5078.64990234375,14.460000038146973,0.007433252615668022,-0.0075211819929224405,0.021173013157248764,-0.010245406275917994,0.06943756611583544,90,Extreme Greed,12530493898.0,2136677249.79085,0.43510150672948705,0.4507739380129368,0.0007743166666666666,0.00011465999999999994,0.15304,-0.17308755756980584,0.12626007198969766,0.06661695526999996,0.07720260972716352,0.055814981669559324
2024-03-06,2150.300048828125,79.12999725341797,1.9290000200271606,5104.759765625,14.5,0.00784356635087546,0.012461958518870208,-0.014410952879860179,0.005127932853001643,0.0027624300578069465,75,Greed,5625446879.0,906498711.38404,-0.8008647952793251,-0.8574176056695993,0.00024089333333333332,-0.0005334233333333333,0.15784,0.03088253658236255,0.11720019635813804,0.06650455156044698,0.07713977993947774,0.06661695526999996
2024-03-07,2158.0,78.93000030517578,1.8179999589920044,5157.35986328125,14.4399995803833,0.0035744768391498196,-0.0025306473246359336,-0.05926477110710492,0.010251402284983627,-0.004146545021177181,82,Extreme Greed,4138356351.0,638668441.95381,-0.3070016977518664,-0.35020415912899355,0.0003346033333333333,9.371e-05,0.15764,-0.001267909387556961,0.1179383256374632,0.06654101081126398,0.07753585202686067,0.06650455156044698
2024-03-08,2178.60009765625,78.01000213623047,1.8049999475479126,5123.68994140625,14.739999771118164,0.009500646655496024,-0.01172433660244081,-0.007176410473117975,-0.006549922992050337,0.020562766827898746,81,Extreme Greed,4842302475.0,805786080.2804,0.15709163324725067,0.232432848662027,0.0005762633333333333,0.00024166,0.16457,0.04302205928048841,0.10346472327982713,0.06663627369832303,0.07808900106619492,0.06654101081126398
2024-03-09,2178.60009765625,78.01000213623047,1.8049999475479126,5123.68994140625,14.739999771118164,0.0,0.0,0.0,0.0,0.0,84,Extreme Greed,3903293224.0,680877140.14926,-0.21556971235893052,-0.16843641926539538,0.0004987333333333334,-7.752999999999992e-05,0.17875,0.0826521699668256,0.10573887445701523,0.0672680530235288,0.07679452776063618,0.06663627369832303
2024-03-10,2178.60009765625,78.01000213623047,1.8049999475479126,5123.68994140625,14.739999771118164,0.0,0.0,0.0,0.0,0.0,79,Extreme Greed,2311878295.0,400990729.05179,-0.5237603043732606,-0.5294435714649083,0.0007258733333333333,0.00022713999999999992,0.16997,-0.05036623068485689,0.10773413816810243,0.06872789801302802,0.07731961546667714,0.0672680530235288
2024-03-11,2182.5,77.93000030517578,1.7589999437332153,5117.93994140625,15.220000267028809,0.001788495240181465,-0.0010260592127867838,-0.02581512895803399,-0.0011228682680281005,0.03204549874488908,82,Extreme Greed,3021515629.0,524855474.59918,0.2676982605488575,0.26918463074788174,0.0006215666666666667,-0.00010430666666666661,0.182,0.06838473618753521,0.08832717821189964,0.06899940736561543,0.07695855441426334,0.06872789801302802
2024-03-12,2160.39990234375,77.55999755859375,1.7139999866485596,5175.27001953125,13.84000015258789,-0.010177664197878154,-0.004759192874689783,-0.025915621381532188,0.011139512586668012,-0.0950474087634793,81,Extreme Greed,2760068984.0,467458112.0153,-0.09050289578288351,-0.1158131934684415,0.0006302266666666666,8.659999999999961e-06,0.16816,-0.07909077994815428,0.0603297730057649,0.07149539654827855,0.0756623903431205,0.06899940736561543
2024-03-13,2175.39990234375,79.72000122070312,1.6579999923706055,5165.31005859375,13.75,0.006919166252700285,0.02746871176017195,-0.033217760274411076,-0.0019263840021219723,-0.006524137102079705,81,Extreme Greed,2005346358.0,341061408.30969,-0.3194388806479729,-0.315247200657017,0.0006209233333333334,-9.303333333333269e-06,0.16897,0.004805277243917467,0.05987803831741589,0.07155131636696953,0.07839243550953642,0.07149539654827855
2024-03-14,2163.0,81.26000213623047,1.7410000562667847,5150.47998046875,14.399999618530273,-0.0057163638155206895,0.01913340619143594,0.04884764099317167,-0.002875221051495188,0.04618935597842095,88,Extreme Greed,7417977435.0,1338861261.39876,1.308089644166091,1.3675121826396193,0.0005782966666666667,-4.2626666666666676e-05,0.17719,0.047501418797419453,0.061207047691845366,0.07129660402654132,0.0814971934585905,0.07155131636696953
2024-03-15,2157.300048828125,81.04000091552734,1.6549999713897705,5117.08984375,14.40999984741211,-0.0026386845425951824,-0.0027110456107564012,-0.05065870156283177,-0.0065040228597376655,0.0006942193314014823,83,Extreme Greed,4217464611.0,694066606.94409,-0.5646722927248664,-0.6570067954045353,0.0002286366666666667,-0.00034966,0.16357,-0.0799815698995437,0.06948762724972353,0.0736527885901023,0.08108536787021123,0.07129660402654132
2024-03-16,2157.300048828125,81.04000091552734,1.6549999713897705,5117.08984375,14.40999984741211,0.0,0.0,0.0,0.0,0.0,81,Extreme Greed,3166192692.0,479794035.14473,-0.2867043218876016,-0.3692110129586989,0.00020070666666666668,-2.7930000000000012e-05,0.14253,-0.1376885294034946,0.07503166893912129,0.07911223349448018,0.07684253744726953,0.0736527885901023
2024-03-17,2157.300048828125,81.04000091552734,1.6549999713897705,5117.08984375,14.40999984741211,0.0,0.0,0.0,0.0,0.0,79,Extreme Greed,2846386007.0,423073349.3024,-0.10647970064219625,-0.12581135174658972,0.00020972666666666667,9.019999999999992e-06,0.15428,0.07921662947308737,0.08514858506952823,0.07989048259706456,0.07578397701938112,0.07911223349448018
2024-03-18,2160.699951171875,82.72000122070312,1.7029999494552612,5149.419921875,14.329999923706055,0.0015747582428707817,0.020518554279512564,0.02859038045884932,0.006298184238480456,-0.00556716290639392,77,Extreme Greed,2116020884.0,309818787.96325,-0.29651273837049447,-0.3115579950168565,0.00023245,2.272333333333334e-05,0.14353,-0.07222506075673811,0.07887357431247267,0.0812000325008671,0.07529457395910044,0.07989048259706456
2024-03-19,2156.300048828125,83.47000122070312,1.74399995803833,5178.509765625,13.819999694824219,-0.0020384080923120792,0.009025874969930351,0.023789929425469362,0.00563325304434312,-0.036238440258669194,79,Extreme Greed,4709278496.0,622247889.21888,0.7999973272190206,0.6973509774635106,0.00019668666666666668,-3.576333333333334e-05,0.12881,-0.10820562217529227,0.08234370471728678,0.0844055918892238,0.07257810836721094,0.0812000325008671
2024-03-20,2157.89990234375,81.68000030517578,1.6990000009536743,5224.6201171875,13.039999961853027,0.0007416687251718953,-0.021678122894452184,-0.026141458175087,0.008864765516360184,-0.05809524268421421,74,Greed,4788948000.0,653058271.04096,0.016776052353187756,0.04832781212589614,0.00021627666666666667,1.9589999999999994e-05,0.15209,0.1661340004762808,0.11315902760323816,0.0886946518730218,0.06611803837234148,0.0844055918892238
2024-03-21,2182.39990234375,81.06999969482422,1.6829999685287476,5241.52978515625,12.920000076293945,0.01128966261576579,-0.007496202357379792,-0.009461946741937635,0.003231309094528888,-0.009245049313565606,78,Extreme Greed,3475754499.0,530745097.35974,-0.3204991856212041,-0.20738449784491989,0.00015788,-5.839666666666667e-05,0.15537,0.021336918219632503,0.1111636036952085,0.0880857351455204,0.06639059290508441,0.0886946518730218
2024-03-22,2158.10009765625,80.62999725341797,1.659000039100647,5234.18017578125,13.0600004196167,-0.011196893703511956,-0.00544222060235778,-0.01436286173206055,-0.0014031718343267125,0.010777651718640221,75,Greed,3644351433.0,565007320.34351,0.0473668388317038,0.0625568240751421,0.00016216,4.2800000000000065e-06,0.15292,-0.01589446027569782,0.10787275048645446,0.08804793636885769,0.0665235635981099,0.0880857351455204
2024-03-23,2158.10009765625,80.62999725341797,1.659000039100647,5234.18017578125,13.0600004196167,0.0,0.0,0.0,0.0,0.0,73,Greed,3445544497.0,565949747.26452,-0.056096470037347086,0.001666601087060657,0.00014257333333333335,-1.9586666666666653e-05,0.1619,0.05706395185537735,0.09349264644125715,0.08816945228475409,0.06577377382715022,0.08804793636885769
2024-03-24,2158.10009765625,80.62999725341797,1.659000039100647,5234.18017578125,13.0600004196167,0.0,0.0,0.0,0.0,0.0,74,Greed,3007181093.0,517410318.40108,-0.13607882025380888,-0.0896690761637246,0.00014534000000000001,2.7666666666666616e-06,0.17651,0.08639867130859825,0.09430964640056017,0.08888213198324486,0.0637187914225115,0.08816945228475409
2024-03-25,2174.800048828125,81.94999694824219,1.6150000095367432,5218.18994140625,13.1899995803833,0.00770847852509448,0.016238513317663482,-0.026880072197387854,-0.0030596403820319297,0.009904778937777805,75,Greed,2860835588.0,507424181.59366,-0.04988938020747772,-0.0194889084653332,0.00017425,2.8909999999999993e-05,0.17526,-0.007106946364482981,0.08668883612261823,0.0890663511310467,0.06438666693297777,0.08888213198324486
2024-03-26,2175.60009765625,81.62000274658203,1.5750000476837158,5203.580078125,13.239999771118164,0.0003678047123048936,-0.004034904322067613,-0.025079660026752947,-0.002803721982805726,0.003783598305736472,81,Extreme Greed,2942951273.0,530892951.1292,0.028299166402914896,0.04521309841075654,0.00031212,0.00013786999999999998,0.1823,0.03938309605691269,0.06244786247767862,0.08899221630715674,0.06384984851366676,0.0890663511310467
2024-03-27,2190.60009765625,81.3499984741211,1.718000054359436,5248.490234375,12.779999732971191,0.006870990033479146,-0.0033135487204207707,0.08690555265020734,0.008593595582706042,-0.03536110516659866,83,Extreme Greed,4365126606.0,811271224.15878,0.39423428148237505,0.4240420276758651,0.00045481,0.00014269,0.19047,0.04384102016585093,0.035867630707742446,0.08903927531214655,0.0631969562530054,0.08899221630715674
2024-03-28,2217.39990234375,83.16999816894531,1.7630000114440918,5254.35009765625,13.010000228881836,0.012159770828042574,0.022125868956704677,0.025856054703814992,0.0011158627007616052,0.017836882062060327,80,Extreme Greed,6581610023.0,1384358491.92239,0.4106322060714672,0.5343896986243409,0.00053267,7.785999999999996e-05,0.22001,0.14417829801432125,0.054768600181814564,0.09093968321774362,0.05628629079694281,0.08903927531214655
2024-03-29,2217.39990234375,83.16999816894531,1.7630000114440918,5254.35009765625,13.010000228881836,0.0,0.0,0.0,0.0,0.0,79,Extreme Greed,3515455224.0,753643505.7411,-0.6271103739147381,-0.6080726764476899,0.00049186,-4.0809999999999957e-05,0.213,-0.032380834155364496,0.05829983926850013,0.08731519770432183,0.05617911955727703,0.09093968321774362
2024-03-30,2217.39990234375,83.16999816894531,1.7630000114440918,5254.35009765625,13.010000228881836,0.0,0.0,0.0,0.0,0.0,75,Greed,2521998974.0,521308817.81194,-0.3321171951159989,-0.36857684546992936,0.0005066766666666666,1.4816666666666602e-05,0.19912,-0.06738450765008852,0.0721662420999453,0.0887675130059035,0.05525601263871198,0.08731519770432183
2024-03-31,2217.39990234375,83.16999816894531,1.7630000114440918,5254.35009765625,13.010000228881836,0.0,0.0,0.0,0.0,0.0,75,Greed,2325500500.0,491406986.34412,-0.08111654603314407,-0.059069929463532365,0.00031907333333333333,-0.00018760333333333327,0.22,0.09971988829302506,0.07406550050453477,0.08534752200040052,0.05222622297934772,0.0887675130059035
2024-04-01,2236.5,83.70999908447266,1.8370000123977661,5243.77001953125,13.649999618530273,0.008576849575533693,0.006471749870282901,0.041116903074915175,-0.0020156145269577246,0.04802118356729221,79,Extreme Greed,3456154163.0,711845259.72304,0.3962211726069513,0.37058787873180765,0.0005028333333333333,0.00018376,0.20503,-0.07047123645740622,0.08290931291315447,0.08676348932264145,0.05125662833702101,0.08534752200040052
2024-04-02,2261.0,85.1500015258789,1.8619999885559082,5205.81005859375,14.609999656677246,0.010895049405066982,0.01705599129351878,0.013517359726837996,-0.007265388203672426,0.0679667085789778,79,Extreme Greed,3974417546.0,743801282.07327,0.13972175076518326,0.04391334922727554,0.00014182333333333333,-0.00036101,0.18248,-0.1165157319188227,0.09728363590995436,0.08892320899403168,0.04775493363716283,0.08676348932264145
2024-04-03,2294.39990234375,85.43000030517578,1.840999960899353,5211.490234375,14.329999923706055,0.014664135564459967,0.003282905707169063,-0.011342291696614739,0.001090527523337898,-0.01935096574743714,71,Greed,3549429233.0,639816295.62313,-0.11309139693734563,-0.15059280810805867,0.00012430666666666667,-1.7516666666666668e-05,0.17522,-0.04059825073791495,0.09619083212905762,0.08364885947410236,0.05162230852879256,0.08892320899403168
2024-04-04,2288.800048828125,86.58999633789062,1.7740000486373901,5147.2099609375,16.350000381469727,-0.002443644773025144,0.013486962431428861,-0.03707196970795173,-0.01241103561926225,0.13187268415873488,70,Greed,2343983176.0,423232996.32977,-0.4149351169097003,-0.41325825091372426,0.00016101,3.670333333333334e-05,0.17998,0.026803406367584704,0.07150797401025327,0.07720260972716352,0.054356711397409,0.08364885947410236
2024-04-05,2325.699951171875,86.91000366210938,1.784999966621399,5204.33984375,16.030000686645508,0.015993363911782323,0.0036888494189806584,0.006181485227925788,0.011038050135699558,-0.019765911218254613,79,Extreme Greed,2083599146.0,362983842.63259,-0.11775493719332676,-0.15356452352761668,0.00012752,-3.3490000000000006e-05,0.1772,-0.015566695434821937,0.07164558595479784,0.07713977993947774,0.05433604939918969,0.07720260972716352
2024-04-06,2325.699951171875,86.91000366210938,1.784999966621399,5204.33984375,16.030000686645508,0.0,0.0,0.0,0.0,0.0,75,Greed,1865317107.0,340472822.4611,-0.11066568781605478,-0.0640230167767905,0.00012459666666666665,-2.9233333333333466e-06,0.18577,0.0472303112323322,0.0737538858222521,0.07753585202686067,0.05366523560118673,0.07713977993947774
2024-04-07,2325.699951171875,86.91000366210938,1.784999966621399,5204.33984375,16.030000686645508,0.0,0.0,0.0,0.0,0.0,78,Extreme Greed,3025519000.0,594773979.19285,0.4836515778090233,0.5578461606317383,0.00010896666666666665,-1.5629999999999998e-05,0.19887,0.06814199551809715,0.06654385562777611,0.07808900106619492,0.052192862287208514,0.07753585202686067
2024-04-08,2331.699951171875,86.43000030517578,1.843999981880188,5202.39013671875,15.1899995803833,0.002576546332762105,-0.005538301290720926,0.03251871877593392,-0.0003747011900415767,-0.05382472047334399,76,Extreme Greed,1955830692.0,397654411.49565,-0.4362676374302142,-0.4025981512176601,0.00017139666666666665,6.243e-05,0.2026,0.018582246893173147,0.06242849881252254,0.07679452776063618,0.052331557566830784,0.07808900106619492
2024-04-09,2343.5,85.2300033569336,1.871999979019165,5209.91015625,14.979999542236328,0.005047944048811655,-0.013981317374481906,0.015070251539649507,0.0014444494736345207,-0.013921341452394936,80,Extreme Greed,2177727783.0,421920343.68893,0.10746702226699403,0.0592332219303242,0.00022303,5.163333333333336e-05,0.18912,-0.06885185759684957,0.04896662906754484,0.07731961546667714,0.05278275410480317,0.07679452776063618
2024-04-10,2329.60009765625,86.20999908447266,1.8849999904632568,5160.64013671875,15.800000190734863,-0.005948917440644637,0.011432645681132773,0.006920448993004578,-0.009501981832212592,0.053294004573997446,78,Extreme Greed,2910595316.0,558720085.52841,0.2900756043545863,0.28083206910255754,0.00014144666666666666,-8.158333333333336e-05,0.19971,0.05448458006298851,0.04733609998355691,0.07695855441426334,0.052182897077062786,0.07731961546667714
2024-04-11,2354.800048828125,85.0199966430664,1.7640000581741333,5199.06005859375,14.90999984741211,0.010759197967561912,-0.013899686155501469,-0.06634382527756119,0.007417221983342437,-0.0579778335620304,76,Extreme Greed,2177813466.0,425999469.67154,-0.29003625999065413,-0.27121050492426246,0.00020978999999999998,6.834333333333333e-05,0.1938,-0.030039614824056066,0.05048316327723992,0.0756623903431205,0.05206432954429438,0.07695855441426334
2024-04-12,2356.199951171875,85.66000366210938,1.7699999809265137,5123.41015625,17.309999465942383,0.0005943121990892287,0.007499531492312272,0.00339554524662417,-0.014657587802248536,0.14925221979285147,79,Extreme Greed,3925158745.0,717114157.42598,0.5890854187875398,0.5207969419380257,0.00014134666666666665,-6.844333333333333e-05,0.17403,-0.10759900131058324,0.06753006111804058,0.07839243550953642,0.04871317899186968,0.0756623903431205
2024-04-13,2356.199951171875,85.66000366210938,1.7699999809265137,5123.41015625,17.309999465942383,0.0,0.0,0.0,0.0,0.0,72,Greed,5355470940.0,833658424.26219,0.3107118490079595,0.1505887119259005,0.0001,-4.134666666666665e-05,0.15254,-0.13180084140999002,0.0785285272604474,0.0814971934585905,0.04374346839171604,0.07839243550953642
2024-04-14,2356.199951171875,85.66000366210938,1.7699999809265137,5123.41015625,17.309999465942383,0.0,0.0,0.0,0.0,0.0,72,Greed,4301028374.0,659668465.09762,-0.21926449316017077,-0.2340863720270048,0.0001,0.0,0.16212,0.060909945024015186,0.07708476290844932,0.08108536787021123,0.04228989984824099,0.0814971934585905
2024-04-15,2365.800048828125,85.41000366210938,1.690999984741211,5061.81982421875,19.229999542236328,0.00406612066202905,-0.002922782104032367,-0.04565947491684348,-0.012094195787459195,0.10518719746045613,74,Greed,4241463339.0,673817942.02785,-0.013945814026445394,0.02122257553578309,5.945e-05,-4.055e-05,0.16123,-0.0055048847844591875,0.0751092351698508,0.07684253744726953,0.04411645114617388,0.08108536787021123
2024-04-16,2390.800048828125,85.36000061035156,1.7319999933242798,5051.41015625,18.399999618530273,0.010511806622644015,-0.0005856186910562605,0.023956745392988282,-0.0020586245275039964,-0.04412089191313562,65,Greed,2835718778.0,436478797.49955,-0.4026128945658504,-0.434220158523097,9.139999999999997e-06,-5.0310000000000005e-05,0.156,-0.032975909726111405,0.07343083537884808,0.07578397701938112,0.04421808508027815,0.07684253744726953
2024-04-17,2371.699951171875,82.69000244140625,1.7120000123977661,5022.2099609375,18.209999084472656,-0.00802108139040866,-0.031778908884939415,-0.011614521324665379,-0.005797375076004185,-0.010379800419449975,67,Greed,2144894019.0,324188311.75474,-0.2792052994902543,-0.2974152441404217,2.843e-05,1.9290000000000003e-05,0.14756,-0.05562113452106215,0.06414715831963123,0.07529457395910044,0.04356171799618729,0.07578397701938112
2024-04-18,2382.300048828125,82.7300033569336,1.7569999694824219,5011.1201171875,18.0,0.004459451082454631,0.0004836285201896646,0.025945506874584426,-0.0022106017004853043,-0.01159908556727462,57,Greed,2200135595.0,325738822.50211,0.02542884978813964,0.004771346223868974,2.4180000000000002e-05,-4.249999999999998e-06,0.15221,0.03102627356310068,0.07011515425277516,0.07257810836721094,0.04332281001827776,0.07529457395910044
2024-04-19,2398.39990234375,83.13999938964844,1.7519999742507935,4967.22998046875,18.709999084472656,0.006735379565596977,0.004943592704169771,-0.0028498140186565615,-0.008797129654056974,0.03868633345731804,66,Greed,2707121648.0,404711685.04601,0.20736695537468194,0.21707902251895606,6.053666666666667e-05,3.635666666666667e-05,0.15633,0.026708011297657368,0.06496841639121492,0.06611803837234148,0.04328017118088346,0.07257810836721094
2024-04-20,2398.39990234375,83.13999938964844,1.7519999742507935,4967.22998046875,18.709999084472656,0.0,0.0,0.0,0.0,0.0,66,Greed,1817384243.0,286217552.51206,-0.3984877097671681,-0.3464227300443412,1.6066666666666666e-05,-4.4470000000000006e-05,0.1626,0.03932403952447735,0.04195448454893327,0.06639059290508441,0.04699545242475857,0.06611803837234148
2024-04-21,2398.39990234375,83.13999938964844,1.7519999742507935,4967.22998046875,18.709999084472656,0.0,0.0,0.0,0.0,0.0,72,Greed,1328449014.0,212957711.02825,-0.31338613130464427,-0.29565858854945615,6.056e-05,4.4493333333333337e-05,0.15825,-0.02711713608942456,0.03670989882286634,0.0665235635981099,0.04692931968200885,0.06639059290508441
2024-04-22,2332.199951171875,82.8499984741211,1.7910000085830688,5010.60009765625,16.940000534057617,-0.02798980048135961,-0.003494201028036716,0.022016150053744146,0.00869335115683908,-0.09938037060315114,73,Greed,1361190385.0,217888008.0941,0.02434749314058484,0.022887600224218693,2.0713333333333334e-05,-3.9846666666666666e-05,0.1612,0.018469769048242355,0.03759413811214085,0.06577377382715022,0.04706085220818097,0.0665235635981099
2024-04-23,2327.699951171875,83.36000061035156,1.812000036239624,5070.5498046875,15.6899995803833,-0.001931372558694458,0.006136859871728367,0.011657099749672016,0.01189356656772209,-0.07665418074960349,71,Greed,1070377335.0,171103589.8731,-0.24034836415903774,-0.2417120446302241,5.3070000000000005e-05,3.235666666666667e-05,0.15979,-0.008785376921230912,0.03508887832196956,0.0637187914225115,0.047632568580545175,0.06577377382715022
2024-04-24,2324.5,82.80999755859375,1.652999997138977,5071.6298828125,15.970000267028809,-0.0013756724603899396,-0.006619787763346306,-0.09183941051249919,0.00021298737793290078,0.01768843894684457,72,Greed,1835449856.0,289588763.8671,0.539278368754636,0.5261926991391024,7.911333333333333e-05,2.604333333333333e-05,0.15139,-0.054001164527509665,0.03463694109962777,0.06438666693297777,0.04672873977965429,0.0637187914225115
2024-04-25,2329.800048828125,83.56999969482422,1.6380000114440918,5048.419921875,15.369999885559082,0.0022774857931127522,0.009135802798020112,-0.009115824690578039,-0.0045869342701194095,-0.03829442884280131,72,Greed,1163088346.0,175327979.29081,-0.45621077005701166,-0.5018034737182637,6.436e-05,-1.4753333333333333e-05,0.15127,-0.0007929690496795188,0.03246696921483203,0.06384984851366676,0.0478851179949171,0.06438666693297777
2024-04-26,2334.800048828125,83.8499984741211,1.6139999628067017,5099.9599609375,15.029999732971191,0.0021438073190774686,0.003344869709890436,-0.014760445613920785,0.010157381332325343,-0.022369364106276213,70,Greed,899940448.0,134572742.07411,-0.2565055212738905,-0.26455350113010234,7.830000000000003e-06,-5.6529999999999996e-05,0.148,-0.021854045809992822,0.03073016258584982,0.0631969562530054,0.048541803640153806,0.06384984851366676
2024-04-27,2334.800048828125,83.8499984741211,1.6139999628067017,5099.9599609375,15.029999732971191,0.0,0.0,0.0,0.0,0.0,67,Greed,894496218.0,130624304.14441,-0.006067917366697653,-0.029779590528299663,6.629333333333333e-05,5.8463333333333326e-05,0.14776,-0.001622937873130525,0.02324571935004098,0.05628629079694281,0.04858928785281671,0.0631969562530054
2024-04-28,2334.800048828125,83.8499984741211,1.6139999628067017,5099.9599609375,15.029999732971191,0.0,0.0,0.0,0.0,0.0,65,Greed,568872733.0,84900914.38082,-0.45260393360883,-0.4308404322293393,7.960666666666666e-05,1.3313333333333333e-05,0.1467,-0.007199650742048535,0.02253377953876042,0.05617911955727703,0.04883706443369228,0.05628629079694281
2024-04-29,2345.39990234375,82.62999725341797,2.0299999713897705,5116.169921875,14.670000076293945,0.004529666146779777,-0.014656692597930232,0.22932023215640493,0.0031734080766393944,-0.0242435886429269,67,Greed,1220801011.0,173784307.42444,0.7636057474046912,0.7163300544047818,6.239e-05,-1.721666666666666e-05,0.14342,-0.022612296694507303,0.018646471979894146,0.05525601263871198,0.04862540585249649,0.05617911955727703
2024-04-30,2291.39990234375,81.93000030517578,1.9910000562667847,5035.68994140625,15.649999618530273,-0.02329297954868033,-0.008507549595007585,-0.019398725617362993,-0.015855551118928123,0.0646662952555313,67,Greed,1665323124.0,226462615.54536,0.31051196337883535,0.2647649607643171,3.227e-05,-3.0120000000000003e-05,0.13339,-0.07250022030147596,0.027561456016174574,0.05222622297934772,0.0468241520567279,0.05525601263871198
2024-05-01,2299.89990234375,79.0,1.9320000410079956,5018.39013671875,15.390000343322754,0.0037026594091494527,-0.03641737541153739,-0.03008129632662707,-0.0034413534856316866,-0.01675292245214082,54,Neutral,3172868480.0,401702081.01785,0.6446168889378535,0.573130843358689,3.749999999999998e-06,-2.8520000000000005e-05,0.13021,-0.024128636412315864,0.024622710132237085,0.05125662833702101,0.04651410402967724,0.05222622297934772
2024-05-02,2299.199951171875,78.94999694824219,2.0350000858306885,5064.2001953125,14.680000305175781,-0.0003043861623244103,-0.0006331504196816675,0.05194010405580334,0.009087024725084856,-0.047231926184048506,43,Fear,1666903290.0,217111398.40765,-0.6436684743212436,-0.6153001433439418,-9.773333333333333e-06,-1.3523333333333331e-05,0.13189,0.012819710097156642,0.026960081765405413,0.04775493363716283,0.04650080538492376,0.05125662833702101
2024-05-03,2299.0,78.11000061035156,2.1419999599456787,5127.7900390625,13.489999771118164,-8.696932457233537e-05,-0.010696604611133635,0.05124409225426044,0.012478557659508005,-0.08453739072202397,48,Neutral,1484934698.0,204543149.52891,-0.11559679081165036,-0.059631625168432865,-6.533333333333339e-07,9.119999999999999e-06,0.14604,0.10191231494964258,0.05311831469461621,0.05162230852879256,0.04308056716152041,0.04775493363716283
2024-05-04,2299.0,78.11000061035156,2.1419999599456787,5127.7900390625,13.489999771118164,0.0,0.0,0.0,0.0,0.0,67,Greed,3320985724.0,528166000.31926,0.8048908468031749,0.9486316754718793,3.886e-05,3.951333333333333e-05,0.16012,0.09204297733693678,0.06390364891428779,0.054356711397409,0.0396478231947518,0.05162230852879256
2024-05-05,2299.0,78.11000061035156,2.1419999599456787,5127.7900390625,13.489999771118164,0.0,0.0,0.0,0.0,0.0,69,Greed,1670385631.0,267566324.26834,-0.687207127142203,-0.6800431520449258,1.4966666666666667e-05,-2.389333333333333e-05,0.16098,0.0053565995412149115,0.0634667820439469,0.05433604939918969,0.039790988537223515,0.054356711397409
2024-05-06,2321.60009765625,78.4800033569336,2.194999933242798,5180.740234375,13.489999771118164,0.00978239943094232,0.004725760595283706,0.02444206278776975,0.010273173691247842,0.0,71,Greed,2267601007.0,365384347.22044,0.30566793101180373,0.3115823288500943,7.447e-05,5.950333333333333e-05,0.15648,-0.028351927379080637,0.06404208863700207,0.05366523560118673,0.03947490569243569,0.05433604939918969
2024-05-07,2315.199951171875,78.37999725341797,2.2070000171661377,5187.7001953125,13.229999542236328,-0.002760589407145369,-0.0012751003018784941,0.005452118938810627,0.0013425282288256131,-0.019461709726451316,68,Greed,1298799353.0,202357234.98377,-0.5572821844554722,-0.5909151801612368,7.934e-05,4.869999999999999e-06,0.14999,-0.04235958107923909,0.058117837443496106,0.052192862287208514,0.038809642989905274,0.05366523560118673
2024-05-08,2313.60009765625,78.98999786376953,2.187000036239624,5187.669921875,13.0,-0.0006912606128823438,0.0077524774024004825,-0.009103376787537407,-5.835635193424912e-06,-0.01753758606489831,64,Greed,1301147548.0,192373389.97604,0.001806341227649278,-0.050596402553989804,0.0001,2.066000000000001e-05,0.14324,-0.04604708007703616,0.061196591652873306,0.052331557566830784,0.04055110632145956,0.052192862287208514
2024-05-09,2332.10009765625,79.26000213623047,2.3010001182556152,5214.080078125,12.6899995803833,0.007964395898361993,0.0034123795824652194,0.05081310418126414,0.005078032639106711,-0.02413510880196279,55,Greed,1204735659.0,178207301.8168,-0.07698643156894687,-0.07649073332848969,6.823e-05,-3.177e-05,0.1522,0.060673900297353575,0.06371285643679261,0.05278275410480317,0.039055079847580935,0.052331557566830784
2024-05-10,2367.300048828125,78.26000213623047,2.252000093460083,5222.68017578125,12.550000190734863,0.01498089474872309,-0.012696970635629665,-0.021525110667999448,0.001648040080166728,-0.011093567883784123,66,Greed,1163562851.0,171568373.49688,-0.03477345154328519,-0.03796562316353294,5.3540000000000006e-05,-1.4689999999999997e-05,0.14389,-0.056146326652259375,0.05776592129855151,0.052182897077062786,0.03767676714116481,0.05278275410480317
2024-05-11,2367.300048828125,78.26000213623047,2.252000093460083,5222.68017578125,12.550000190734863,0.0,0.0,0.0,0.0,0.0,53,Neutral,461844106.0,66590421.52222,-0.9240145989538289,-0.9464211202211993,4.743666666666666e-05,-6.103333333333347e-06,0.14306,-0.005784996095088411,0.04041705025396763,0.05206432954429438,0.037752263465386716,0.052182897077062786
2024-05-12,2367.300048828125,78.26000213623047,2.252000093460083,5222.68017578125,12.550000190734863,0.0,0.0,0.0,0.0,0.0,56,Greed,789804071.0,112157152.08293,0.536557502070736,0.5213402851911544,5.286333333333334e-05,5.42666666666668e-06,0.14123,-0.01287435559926534,0.03937845676078934,0.04871317899186968,0.038690823780767145,0.05206432954429438
2024-05-13,2336.10009765625,79.12000274658203,2.38100004196167,5221.419921875,13.600000381469727,-0.013267171767020015,0.010929077949739378,0.055701833349906416,-0.00024133317386520824,0.08034914001546065,57,Greed,2524431949.0,372442393.77644,1.1619864423979378,1.2001813468738374,6.877333333333333e-05,1.5909999999999995e-05,0.14864,0.051137507984555845,0.04687789683233836,0.04374346839171604,0.038993878427375166,0.04871317899186968
2024-05-14,2353.39990234375,78.0199966430664,2.3440001010894775,5246.68017578125,13.420000076293945,0.007378135479851928,-0.014000560976655058,-0.015661670286598987,0.004826148527454041,-0.013323683562621993,66,Greed,1854848426.0,276791984.81885,-0.3082130850548957,-0.296816111535452,0.0001,3.122666666666667e-05,0.14552,-0.021213740855661467,0.04488426092849451,0.04228989984824099,0.03934290521916108,0.04374346839171604
2024-05-15,2388.699951171875,78.62999725341797,2.4159998893737793,5308.14990234375,12.449999809265137,0.014888214910604233,0.007788110021032777,0.030254319441893322,0.01164782778729962,-0.07502552963798141,64,Greed,1845492157.0,278760254.22299,-0.0050569879875729026,0.007085841802946468,4.3473333333333336e-05,-5.652666666666667e-05,0.15534,0.06530272878163436,0.04729866498853214,0.04411645114617388,0.038037087333242424,0.04228989984824099
2024-05-16,2380.0,79.2300033569336,2.494999885559082,5297.10009765625,12.420000076293945,-0.0036487767790969396,0.00760178627366133,0.03217544905180873,-0.0020838374740880464,-0.0024125249424847843,70,Greed,1316060414.0,201994418.66608,-0.3381032545378321,-0.32211204189437326,0.0001,5.652666666666667e-05,0.14972,-0.03684937995527313,0.044722215048273006,0.04421808508027815,0.03767187110054006,0.04411645114617388
2024-05-17,2412.199951171875,80.05999755859375,2.625999927520752,5303.27001953125,11.989999771118164,0.013438686241467436,0.010421265723094177,0.05117306494459885,0.0011640956878937513,-0.03523513269813392,74,Greed,1076157319.0,165013960.20192,-0.20124608084282547,-0.2022099890475887,6.201e-05,-3.799000000000001e-05,0.15555,0.03820034030741791,0.03974618054568752,0.04356171799618729,0.036881383431461766,0.04421808508027815
2024-05-18,2412.199951171875,80.05999755859375,2.625999927520752,5303.27001953125,11.989999771118164,0.0,0.0,0.0,0.0,0.0,73,Greed,698372016.0,107685865.54796,-0.43240000228946507,-0.4268117411652189,0.0001,3.799000000000001e-05,0.15302,-0.016398591539940256,0.040690276099029414,0.04332281001827776,0.038351365409642325,0.04356171799618729
2024-05-19,2412.199951171875,80.05999755859375,2.625999927520752,5303.27001953125,11.989999771118164,0.0,0.0,0.0,0.0,0.0,72,Greed,734215105.0,111273142.17642,0.050050109270245946,0.032769582535875086,7.163333333333334e-05,-2.836666666666666e-05,0.14908,-0.026085557192648115,0.04218612437224697,0.04328017118088346,0.039114238614050244,0.04332281001827776
2024-05-20,2433.89990234375,79.80000305175781,2.750999927520752,5308.1298828125,12.149999618530273,0.008955695038778591,-0.0032527803713785952,0.04650270731595106,0.0009159703084911664,0.013256188439843044,70,Greed,1539763324.0,240732662.20448,0.7405819536181867,0.7716991133429691,5.8183333333333336e-05,-1.3450000000000008e-05,0.16573,0.10587688352439491,0.05477045670672351,0.04699545242475857,0.032917505588097855,0.04328017118088346
2024-05-21,2421.699951171875,79.26000213623047,2.6710000038146973,5321.41015625,11.859999656677246,-0.005025116242057949,-0.006789927983864295,-0.029511520039913013,0.0024987497668926086,-0.024157773768248323,76,Extreme Greed,2403419353.0,400724082.17254,0.4452637349047646,0.5095860837724777,0.0001,4.181666666666667e-05,0.17024,0.026849248017827086,0.05235320502903106,0.04692931968200885,0.03257928265431006,0.04699545242475857
2024-05-22,2389.199951171875,77.56999969482422,2.8420000076293945,5307.009765625,12.289999961853027,-0.01351119128257647,-0.02155286414589558,0.06205509680341045,-0.0027097912093521476,0.03561455585241666,76,Extreme Greed,1812336614.0,304346865.87839,-0.282275494121679,-0.2751050589597335,0.0001,0.0,0.16628,-0.02353609176884277,0.050973163967755496,0.04706085220818097,0.032509971073143955,0.04692931968200885
2024-05-23,2335.0,76.87000274658203,2.6570000648498535,5267.83984375,12.770000457763672,-0.02294667031813439,-0.00906503147732145,-0.0673103411745777,-0.007408162283471933,0.038312785417210074,76,Extreme Greed,2098823634.0,339110158.78243,0.1467600538039517,0.1081569496231727,0.00013380333333333334,3.3803333333333336e-05,0.15973,-0.04018822458257148,0.05149454327332625,0.047632568580545175,0.03201115364054162,0.04706085220818097
2024-05-24,2332.5,77.72000122070312,2.5199999809265137,5304.72021484375,11.930000305175781,-0.0010712373814988035,0.010996921124401168,-0.05293879723035906,0.0069766490766732595,-0.06804244420089076,74,Greed,2918289583.0,478364559.67902,0.3296206719222141,0.3440481121982981,0.0001,-3.3803333333333336e-05,0.16386,0.025527514911803408,0.05052046522442142,0.04672873977965429,0.031363139270028824,0.047632568580545175
2024-05-25,2332.5,77.72000122070312,2.5199999809265137,5304.72021484375,11.930000305175781,0.0,0.0,0.0,0.0,0.0,76,Extreme Greed,1286560263.0,215741470.81624,-0.8190254911708712,-0.7962923224890032,0.0001,0.0,0.17402,0.060157830424209705,0.052738802669463285,0.0478851179949171,0.02856677939892128,0.04672873977965429
2024-05-26,2332.5,77.72000122070312,2.5199999809265137,5304.72021484375,11.930000305175781,0.0,0.0,0.0,0.0,0.0,75,Greed,1223858574.0,208207872.31911,-0.04996356094202133,-0.03554382966776924,0.00010291333333333333,2.9133333333333246e-06,0.16621,-0.04591818605485965,0.05595956492615321,0.048541803640153806,0.030635405129989766,0.0478851179949171
2024-05-27,2332.5,77.72000122070312,2.5199999809265137,5304.72021484375,11.930000305175781,0.0,0.0,0.0,0.0,0.0,74,Greed,1347104309.0,227393890.15431,0.09594869914370101,0.08814674588365697,0.00011619,1.3276666666666668e-05,0.16908,0.0171199266155705,0.03980138577407633,0.04858928785281671,0.03039117797762466,0.048541803640153806
2024-05-28,2355.199951171875,79.83000183105469,2.5899999141693115,5306.0400390625,12.920000076293945,0.0096849750810076,0.026786756378970412,0.027398948617695804,0.00024877090688591537,0.07972024256920057,72,Greed,1230843968.0,203098726.60837,-0.09025724550583537,-0.11299151389060351,0.0001,-1.6189999999999992e-05,0.16497,-0.02460833651075615,0.03938176605892729,0.04883706443369228,0.03137247235027905,0.04858928785281671
2024-05-29,2340.300048828125,79.2300033569336,2.493000030517578,5266.9501953125,14.279999732971191,-0.0063464816760843545,-0.00754433924800599,-0.03817102578945623,-0.007394317215742535,0.10008343395238188,72,Greed,1395564391.0,232308157.24159,0.125598827879748,0.13437255548638724,0.00017757333333333334,7.757333333333333e-05,0.16386,-0.0067512344741643806,0.038530783934218285,0.04862540585249649,0.03166544407756349,0.04883706443369228
2024-05-30,2342.89990234375,77.91000366210938,2.572000026702881,5235.47998046875,14.470000267028809,0.001110289464388048,-0.016800695999504067,0.03119699997479177,-0.005992957535754186,0.013217620885411141,73,Greed,1456479032.0,234609576.71235,0.04272298634419517,0.009858002560510951,0.00010220333333333334,-7.536999999999999e-05,0.15946,-0.02721929763931936,0.03666019857647339,0.0468241520567279,0.03148914609009669,0.04862540585249649
2024-05-31,2322.89990234375,76.98999786376953,2.5869998931884766,5277.509765625,12.920000076293945,-0.00857307357068379,-0.011878845804020198,0.005815045158577769,0.007995824231928897,-0.1133010548377929,73,Greed,801814565.0,127452828.85606,-0.5968998147193793,-0.6101764304505762,0.00010316666666666666,9.63333333333318e-07,0.15898,-0.0030146989293826855,0.03485943031209147,0.04651410402967724,0.031945460655303654,0.0468241520567279
2024-06-01,2322.89990234375,76.98999786376953,2.5869998931884766,5277.509765625,12.920000076293945,0.0,0.0,0.0,0.0,0.0,72,Greed,367195745.0,58767449.01978,-0.780982294432752,-0.7741582128672577,0.00013122,2.8053333333333345e-05,0.16031,0.008331032556615704,0.022023129827356838,0.04650080538492376,0.03179386680036516,0.04651410402967724
2024-06-02,2322.89990234375,76.98999786376953,2.5869998931884766,5277.509765625,12.920000076293945,0.0,0.0,0.0,0.0,0.0,73,Greed,493754241.0,78013261.13908,0.2961428345569661,0.283290713323201,0.00014298333333333333,1.1763333333333323e-05,0.1571,-0.020226895440006828,0.016925432985202188,0.04308056716152041,0.03198636918262942,0.04650080538492376
2024-06-03,2346.60009765625,74.22000122070312,2.75600004196167,5283.39990234375,13.109999656677246,0.010151150585457774,-0.036641843463558636,0.06328150646088464,0.0011154602235352391,0.014598767328195046,73,Greed,823747427.0,132312187.58669,0.5118260567458214,0.5282853608723687,0.00014961,6.626666666666669e-06,0.15835,0.007925227723073275,0.014879379744559032,0.0396478231947518,0.03302711412368958,0.04308056716152041
2024-06-04,2325.5,73.25,2.5859999656677246,5291.33984375,13.15999984741211,-0.009032443941432378,-0.013155424182366147,-0.06366810130352463,0.0015016810037827531,0.0038066427145914943,73,Greed,639124799.0,101779149.95704,-0.25376422338370946,-0.26235891835702224,0.00011224666666666666,-3.7363333333333335e-05,0.16136,0.018830120661307678,0.01643947639666819,0.039790988537223515,0.03828016455825251,0.0396478231947518
2024-06-05,2354.10009765625,74.06999969482422,2.756999969482422,5354.02978515625,12.630000114440918,0.012223460620860391,0.011132340007921552,0.06403085389907728,0.011778015849957281,-0.04110696887890819,75,Greed,670049829.0,109232785.22191,0.0472523423537257,0.07067597986269467,0.00022452333333333337,0.0001122766666666667,0.16326,0.011706128377253553,0.017228879163095543,0.03947490569243569,0.03812973176003805,0.039790988537223515
2024-06-06,2370.300048828125,75.55000305175781,2.821000099182129,5352.9599609375,12.579999923706055,0.00685801971176186,0.019784141207531986,0.02294834620582441,-0.00019983660163685183,-0.003966700215845465,78,Extreme Greed,805127872.0,130521582.92572,0.18364903074728164,0.17805735027153163,0.00022242333333333332,-2.100000000000051e-06,0.16016,-0.019170706456299372,0.015312375327080834,0.038809642989905274,0.04130827891250981,0.03947490569243569
2024-06-07,2305.199951171875,75.52999877929688,2.9179999828338623,5346.990234375,12.220000267028809,-0.027849130615993235,-0.0002648169491050799,0.033806977039391596,-0.0011158420502790662,-0.029034269612359193,77,Extreme Greed,1486678159.0,225242188.54144,0.613298374576529,0.5456376173338959,0.00011414333333333334,-0.00010827999999999997,0.1482,-0.07761060270492394,0.03346528203230914,0.04055110632145956,0.041757350874604936,0.038809642989905274
2024-06-08,2305.199951171875,75.52999877929688,2.9179999828338623,5346.990234375,12.220000267028809,0.0,0.0,0.0,0.0,0.0,72,Greed,726829388.0,106728570.42129,-0.715607716098019,-0.746887330337149,0.0001,-1.4143333333333337e-05,0.14588,-0.015778346921506942,0.03248689453540153,0.039055079847580935,0.042517014118623034,0.04055110632145956
2024-06-09,2305.199951171875,75.52999877929688,2.9179999828338623,5346.990234375,12.220000267028809,0.0,0.0,0.0,0.0,0.0,75,Greed,428167441.0,62723566.38682,-0.5291774341211756,-0.53155165002833,0.0001,0.0,0.14679,0.006218628028662307,0.03310269870606561,0.03767676714116481,0.042448004923303084,0.039055079847580935
2024-06-10,2307.699951171875,77.73999786376953,2.9059998989105225,5360.7900390625,12.739999771118164,0.0010839169709689002,0.02883998578138424,-0.004120913856128262,0.002577529978240972,0.041672656583176315,72,Greed,445950423.0,64752242.76975,0.04069345028261259,0.03183110089011763,0.0001,0.0,0.14478,-0.013787645104146644,0.032180659776614495,0.037752263465386716,0.042523637900228735,0.03767676714116481
2024-06-11,2307.5,77.9000015258789,3.128999948501587,5375.31982421875,12.850000381469727,-8.664897474244984e-05,0.0020560745194554914,0.07393591786669747,0.0027067148552095224,0.008597208849178589,74,Greed,1247090910.0,173678325.32941,1.0283610593412675,0.9866365458965627,0.0001,0.0,0.13806,-0.0475269755896659,0.031064914208768182,0.038690823780767145,0.041928443957228965,0.037752263465386716
2024-06-12,2336.0,78.5,3.0450000762939453,5421.02978515625,12.039999961853027,0.012275377571110555,0.007672652323997818,-0.02721252201097664,0.008467720241887338,-0.06510940431526659,72,Greed,1335443938.0,193764006.51246,0.0684502073937509,0.10943607405074561,0.0001,0.0,0.14621,0.057355571154017175,0.04218828433454153,0.038993878427375166,0.040212397356678566,0.038690823780767145
2024-06-13,2300.199951171875,78.62000274658203,2.9590001106262207,5433.740234375,11.9399995803833,-0.015444010517410593,0.0015275301402533966,-0.028649515412917312,0.00234191143711672,-0.008340363891643488,70,Greed,722950347.0,103382654.34969,-0.6136785099317277,-0.6282037621998674,0.0001,0.0,0.1411,-0.03557508557057826,0.042859776606704696,0.03934290521916108,0.041010482678483666,0.038993878427375166
2024-06-14,2331.39990234375,78.44999694824219,2.88100004196167,5431.60009765625,12.65999984741211,0.013472849167638714,-0.0021647146502484236,-0.02671394013706729,-0.00039393828099749413,0.058553331842595924,74,Greed,913514559.0,125775547.5125,0.2339587698417978,0.1960617543807365,0.0001,0.0,0.13499,-0.04426815723803273,0.03652909531505249,0.038037087333242424,0.04086963092167081,0.03934290521916108
2024-06-15,2331.39990234375,78.44999694824219,2.88100004196167,5431.60009765625,12.65999984741211,0.0,0.0,0.0,0.0,0.0,74,Greed,464938828.0,63339739.49288,-0.6753934690483161,-0.6859860212139707,5.4233333333333335e-05,-4.576666666666667e-05,0.13677,0.013099981272724178,0.03781554055028013,0.03767187110054006,0.043606452974117534,0.038037087333242424
2024-06-16,2331.39990234375,78.44999694824219,2.88100004196167,5431.60009765625,12.65999984741211,0.0,0.0,0.0,0.0,0.0,71,Greed,307161114.0,41867088.41757,-0.4145334330152848,-0.4140128892813276,5.709333333333333e-05,2.8599999999999963e-06,0.13713,0.0026286981183029296,0.037595096606415676,0.036881383431461766,0.04359532394486828,0.03767187110054006
2024-06-17,2312.39990234375,80.33000183105469,2.7880001068115234,5473.22998046875,12.75,-0.008182999621581656,0.023681732701511034,-0.032812939457918244,0.007635164372320518,0.007083866941161012,71,Greed,1132086823.0,149469832.25221,1.3044455433550937,1.272594542529767,6.709333333333334e-05,1.0000000000000006e-05,0.12879,-0.06274621010718386,0.042686240202845734,0.038351365409642325,0.04233025482584939,0.036881383431461766
2024-06-18,2330.39990234375,81.56999969482422,2.9089999198913574,5487.02978515625,12.300000190734863,0.007753980763100305,0.01531837059133567,0.042484820765417666,0.0025181541815171163,-0.035931993719163995,74,Greed,2070645660.0,249577381.11982,0.6037977960829533,0.5126744303623543,1.7193333333333334e-05,-4.990000000000001e-05,0.12225,-0.0521150425495975,0.043269375174020124,0.039114238614050244,0.041387185117498865,0.038351365409642325
2024-06-19,2330.39990234375,81.56999969482422,2.9089999198913574,5487.02978515625,12.300000190734863,0.0,0.0,0.0,0.0,0.0,64,Greed,742608455.0,92108303.62394,-1.0254468233180059,-0.9968039138949626,7.0600000000000036e-06,-1.013333333333333e-05,0.12247,0.0017979736782145453,0.030483611944173043,0.032917505588097855,0.04233103049460177,0.039114238614050244
2024-06-20,2353.800048828125,82.16999816894531,2.740999937057495,5473.169921875,13.279999732971191,0.009991179448078678,0.007328706088144798,-0.059486557617545614,-0.0025291273954115403,0.07665984605542543,60,Greed,880387309.0,109547828.55656,0.17019300715966337,0.17339614638175257,-4.36e-05,-5.0660000000000006e-05,0.12455,0.016841139674993507,0.033799588863504475,0.03257928265431006,0.043991272969978575,0.032917505588097855
2024-06-21,2316.39990234375,80.7300033569336,2.7049999237060547,5464.6201171875,13.199999809265137,-0.016016849994939065,-0.017679954670203727,-0.013220910263653346,-0.0015633517188252497,-0.006042308797982368,63,Greed,675836837.0,83619978.37806,-0.2644102529847538,-0.2700787770076348,5.560666666666666e-05,9.920666666666665e-05,0.12418,-0.002975115771442678,0.03196875024587486,0.032509971073143955,0.04461722806255787,0.03257928265431006
2024-06-22,2316.39990234375,80.7300033569336,2.7049999237060547,5464.6201171875,13.199999809265137,0.0,0.0,0.0,0.0,0.0,53,Neutral,341304465.0,42428576.88868,-0.6831767433656888,-0.6784603489177936,7.456666666666667e-05,1.8960000000000015e-05,0.12375,-0.003468724487947104,0.03038112858234758,0.03201115364054162,0.04478009437722516,0.032509971073143955
2024-06-23,2316.39990234375,80.7300033569336,2.7049999237060547,5464.6201171875,13.199999809265137,0.0,0.0,0.0,0.0,0.0,55,Greed,506605755.0,62795886.82449,0.3949581593910772,0.3920674564670444,-8.88e-06,-8.344666666666667e-05,0.12222,-0.012440701982030221,0.029503624285822542,0.031363139270028824,0.045989191692267534,0.03201115364054162
2024-06-24,2330.0,81.62999725341797,2.811000108718872,5447.8701171875,13.329999923706055,0.005854053366742159,0.011086512827385236,0.03843844650696162,-0.0030698791558664423,0.009800313324426333,51,Neutral,1238016703.0,146356838.01654,0.8935328475255572,0.846158160863332,5.2810000000000004e-05,6.169e-05,0.11902,-0.02653115325006335,0.02233556191374225,0.02856677939892128,0.04583619987769482,0.031363139270028824
2024-06-25,2316.60009765625,80.83000183105469,2.75600004196167,5469.2998046875,12.84000015258789,-0.0057676319065113404,-0.009848601417630847,-0.01975996222363866,0.003925873679181344,-0.03745181832153341,30,Fear,904499973.0,112243456.78113,-0.31388367009137874,-0.2653775023259709,9.453666666666667e-05,4.172666666666667e-05,0.12615,0.05818012887036079,0.027112289226661274,0.030635405129989766,0.04478573989487365,0.02856677939892128
2024-06-26,2299.199951171875,80.9000015258789,2.628000020980835,5477.89990234375,12.550000190734863,-0.0075394205654809275,0.0008656365268328098,-0.04755725977104267,0.0015711962247204525,-0.022844629369817324,46,Fear,569477357.0,70968841.73311,-0.4626632523258972,-0.4584293015516616,0.0001,5.463333333333332e-06,0.12276,-0.027240445335531473,0.02969104984830466,0.03039117797762466,0.04620231483370966,0.030635405129989766
2024-06-27,2324.5,81.73999786376953,2.684999942779541,5482.8701171875,12.239999771118164,0.010943747042885628,0.010329609075931839,0.021457598043730836,0.0009069098567990731,-0.025011422391106403,40,Fear,727482679.0,90162542.24209,0.24487116716879662,0.23937313445076538,0.0001,0.0,0.12711,0.034821623555042085,0.03204147417019743,0.03137247235027905,0.045993982766830144,0.03039117797762466
2024-06-28,2327.699951171875,81.54000091552734,2.6010000705718994,5460.47998046875,12.4399995803833,0.0013756724603899051,-0.0024497433826135406,-0.03178469305055309,-0.0040920134623695995,0.016207795195103535,47,Neutral,705909915.0,88642470.9991,-0.030102559625866238,-0.017002966934991086,0.0001,0.0,0.12306,-0.032380811994233295,0.03475392177005213,0.03166544407756349,0.04561837373412454,0.03137247235027905
2024-06-29,2327.699951171875,81.54000091552734,2.6010000705718994,5460.47998046875,12.4399995803833,0.0,0.0,0.0,0.0,0.0,30,Fear,241340466.0,29759663.54821,-1.0732789716721587,-1.0914571950080367,-5.653333333333329e-06,-0.00010565333333333333,0.1219,-0.009471004825118486,0.03489029021965327,0.03148914609009669,0.04564716167763892,0.03166544407756349
2024-06-30,2327.699951171875,81.54000091552734,2.6010000705718994,5460.47998046875,12.4399995803833,0.0,0.0,0.0,0.0,0.0,47,Neutral,335643611.0,41159318.02876,0.32984125696534644,0.32429643764509763,9.709999999999999e-05,0.00010275333333333332,0.12448,0.020944023942855532,0.0355254074761145,0.031945460655303654,0.04571464157780576,0.03148914609009669
2024-07-01,2327.60009765625,83.37999725341797,2.4779999256134033,5475.08984375,12.220000267028809,-4.2898852745440194e-05,0.02231473089305164,-0.04844426041097068,0.0026719909814295235,-0.017843077984553226,53,Neutral,428296949.0,53672635.06681,0.24376684558957146,0.26545294051535623,0.0001,2.9000000000000163e-06,0.12352,-0.007741974153615285,0.033614405645294054,0.03179386680036516,0.046007444891488794,0.031945460655303654
2024-07-02,2323.0,82.80999755859375,2.434999942779541,5509.009765625,12.029999732971191,-0.0019782819678747557,-0.006859641948526388,-0.017505020152755044,0.0061762057711850496,-0.015670467805554818,51,Neutral,314273229.0,38883883.14413,-0.30955399749148754,-0.3223234328464648,0.0001,0.0,0.1253,0.014307775625556518,0.02513157772498306,0.03198636918262942,0.046121113873641144,0.03179386680036516
2024-07-03,2359.800048828125,83.87999725341797,2.4179999828338623,5537.02001953125,12.09000015258789,0.01571743658704651,0.01283837572594993,-0.007005987942102696,0.0050715622695336636,0.0049751694580224505,50,Neutral,562730261.0,67561388.04917,0.5825376396125201,0.5524567874460727,4.712e-05,-5.288e-05,0.11849,-0.055882293073374015,0.031617099905292816,0.03302711412368958,0.04650263573879528,0.03198636918262942
2024-07-04,2359.800048828125,83.87999725341797,2.4179999828338623,5537.02001953125,12.09000015258789,0.0,0.0,0.0,0.0,0.0,44,Fear,1541593699.0,169999028.00986,1.0077716265744914,0.9227560822875086,2.2483333333333332e-05,-2.463666666666667e-05,0.10502,-0.1206777606189354,0.048855646194851436,0.03828016455825251,0.04119698678648483,0.03302711412368958
2024-07-05,2388.5,83.16000366210938,2.319000005722046,5567.18994140625,12.479999542236328,0.012088663472560882,-0.008620666262815612,-0.041804684352431114,0.00543397436096954,0.03174864901379818,29,Fear,2608167044.0,257779899.34478,0.5258309418289677,0.41631339806222956,-0.00010808333333333334,-0.00013056666666666668,0.10547,0.004275744078809632,0.05016377698219428,0.03812973176003805,0.041900481140416515,0.03828016455825251
2024-07-06,2388.5,83.16000366210938,2.319000005722046,5567.18994140625,12.479999542236328,0.0,0.0,0.0,0.0,0.0,26,Fear,997717793.0,108681671.70384,-0.9609325078302083,-0.86368295117692,-1.4926666666666672e-05,9.315666666666667e-05,0.11343,0.0727593542824283,0.06186083609059261,0.04130827891250981,0.04295117570651869,0.03812973176003805
2024-07-07,2388.5,83.16000366210938,2.319000005722046,5567.18994140625,12.479999542236328,0.0,0.0,0.0,0.0,0.0,29,Fear,749813872.0,81391092.08759,-0.2856454587144255,-0.2891573331233799,5.1236666666666663e-05,6.616333333333333e-05,0.10415,-0.0853537388639701,0.06583547299289023,0.041757350874604936,0.040525304177777534,0.04130827891250981
2024-07-08,2355.199951171875,82.33000183105469,2.365999937057495,5572.85009765625,12.369999885559082,-0.01403992502750996,-0.010030923475955026,0.020064678212418956,0.0010161824764044329,-0.00885314910859194,28,Fear,1314220494.0,138570346.14081,0.5611739835558118,0.5321122778498398,1.3526666666666667e-05,-3.7709999999999996e-05,0.10758,0.032402589138115306,0.06929507763785564,0.042517014118623034,0.03999537118315319,0.041757350874604936
2024-07-09,2360.10009765625,81.41000366210938,2.3440001010894775,5576.97998046875,12.510000228881836,0.002078403578812869,-0.011237422981347668,-0.009341824111600837,0.0007407974780654752,0.011254165621822165,27,Fear,559621670.0,60370239.10143,-0.853738022489863,-0.830881857656003,3.435666666666667e-05,2.0830000000000002e-05,0.10756,-0.00018592544443251562,0.06831787982146847,0.042448004923303084,0.04572196057805919,0.042517014118623034
2024-07-10,2372.199951171875,82.0999984741211,2.3289999961853027,5633.91015625,12.850000381469727,0.00511374163037859,0.008439837303350642,-0.0064199255773836,0.010156314878105886,0.026815498252858585,28,Fear,521002616.0,56646967.26629,-0.07150590327619774,-0.06365780193527525,7.483333333333334e-05,4.047666666666667e-05,0.108,0.00408239572355581,0.06708163450075345,0.042523637900228735,0.04613722788200574,0.042448004923303084
2024-07-11,2415.0,82.62000274658203,2.2679998874664307,5584.5400390625,12.920000076293945,0.017881513074975274,0.006313817339398577,-0.02654065301676331,-0.008801649969266724,0.0054326632319714845,29,Fear,558914156.0,60769049.93542,0.07024083142438346,0.07024216078350089,5.274666666666667e-05,-2.2086666666666673e-05,0.10664,-0.01267255125376647,0.04794304327706374,0.041928443957228965,0.04615348057562156,0.042523637900228735
2024-07-12,2414.0,82.20999908447266,2.3289999961853027,5615.35009765625,12.460000038146973,-0.0004141644291962591,-0.004974877184572584,0.026540653016763362,0.00550186402496512,-0.03625298783869797,25,Extreme Fear,467602106.0,49751385.86083,-0.17837816084117342,-0.20004229253313754,6.424333333333334e-05,1.1496666666666668e-05,0.10769,0.009798053470336226,0.04802850352381031,0.040212397356678566,0.04680127320091707,0.041928443957228965
2024-07-13,2414.0,82.20999908447266,2.3289999961853027,5615.35009765625,12.460000038146973,0.0,0.0,0.0,0.0,0.0,25,Extreme Fear,547626740.0,60533417.24991,0.15797619004856767,0.19615724406946963,8.358333333333334e-05,1.934e-05,0.11231,0.042006175634155214,0.041551046269840866,0.041010482678483666,0.04799139028407079,0.040212397356678566
2024-07-14,2414.0,82.20999908447266,2.3289999961853027,5615.35009765625,12.460000038146973,0.0,0.0,0.0,0.0,0.0,33,Fear,646475898.0,73504222.62151,0.16594199328872594,0.1941472914161739,8.684333333333334e-05,3.260000000000006e-06,0.11535,0.026708079644817875,0.019624517124233912,0.04086963092167081,0.04774999920514102,0.041010482678483666
2024-07-15,2422.89990234375,81.91000366210938,2.1579999923706055,5631.22021484375,13.119999885559082,0.0036800068503831792,-0.0036558097911436604,-0.07625712596374949,0.0028222164233526843,0.05161425837245012,52,Neutral,1010690868.0,120645044.08575,0.4468534869432355,0.49550985923985236,6.635e-05,-2.0493333333333343e-05,0.1249,0.07954243251176941,0.03134403005805606,0.043606452974117534,0.04553848339000031,0.04086963092167081
2024-07-16,2462.39990234375,80.76000213623047,2.187999963760376,5667.2001953125,13.1899995803833,0.016171314917783012,-0.014139308340223741,0.013806004696292772,0.0063690499714532745,0.005321160122665793,65,Greed,1054095685.0,130516815.19708,0.04204910399550839,0.07864935610572726,7.368333333333334e-05,7.33333333333334e-06,0.12478,-0.0009612304488917007,0.03143395302194919,0.04359532394486828,0.04560608308452496,0.043606452974117534
2024-07-17,2454.800048828125,82.8499984741211,2.0350000858306885,5588.27001953125,14.479999542236328,-0.00309113301982428,0.025549905558976974,-0.07249200692503521,-0.014025441523645543,0.09330942042807858,69,Greed,687859592.0,85519514.29072,-0.42685377200269936,-0.42275748332803265,8.278666666666666e-05,9.103333333333318e-06,0.12178,-0.024336048502212344,0.03557748910016943,0.04233025482584939,0.04551670431420757,0.04359532394486828
2024-07-18,2451.800048828125,82.81999969482422,2.125,5544.58984375,15.930000305175781,-0.0012228428297097356,-0.00036215102259073414,0.04327594130458014,-0.007847112145350072,0.09543578773519995,61,Greed,786606248.0,94997980.31047,0.13414306730163103,0.10511104426585392,8.445666666666666e-05,1.6700000000000026e-06,0.11956,-0.018397800764690855,0.03643300341421333,0.041387185117498865,0.045782446320822116,0.04233025482584939
2024-07-19,2395.5,80.12999725341797,2.128000020980835,5505.0,16.520000457763672,-0.02323049125293214,-0.03301929291921077,0.001410778962432597,-0.007165879226406085,0.03636765272324057,60,Greed,811589334.0,99256123.12423,0.03126666291127623,0.043847980126451545,7.584333333333333e-05,-8.613333333333328e-06,0.12543,0.047929496620846335,0.03810465404827076,0.04233103049460177,0.04482232674806346,0.041387185117498865
2024-07-20,2395.5,80.12999725341797,2.128000020980835,5505.0,16.520000457763672,0.0,0.0,0.0,0.0,0.0,74,Greed,1436351183.0,188080794.50771,0.570866810192351,0.6391680169189463,0.0001,2.4156666666666672e-05,0.13424,0.06788140868231264,0.04149729488314368,0.043991272969978575,0.042704685734549025,0.04233103049460177
2024-07-21,2395.5,80.12999725341797,2.128000020980835,5505.0,16.520000457763672,0.0,0.0,0.0,0.0,0.0,74,Greed,1539907160.0,207976344.73544,0.0696161317603211,0.10055271747026963,8.951e-05,-1.0490000000000003e-05,0.14026,0.04386860038986827,0.042084607635366596,0.04461722806255787,0.04178461210460528,0.043991272969978575
2024-07-22,2392.0,79.77999877929688,2.250999927520752,5564.41015625,14.90999984741211,-0.0014621412526544951,-0.0043774503370086724,0.05619194838709325,0.010734217246220293,-0.10253967725977965,70,Greed,1602038139.0,222958433.77163,0.039554526584892044,0.0695610124429528,8.686e-05,-2.6499999999999967e-06,0.13776,-0.017984802429343735,0.03810661872497881,0.04478009437722516,0.04243347007647377,0.04461722806255787
2024-07-23,2404.60009765625,76.95999908447266,2.187000036239624,5555.740234375,14.720000267028809,0.005253774082549602,-0.035987036715088364,-0.028843771460802588,-0.0015593176939461904,-0.012824987101443355,71,Greed,1099223304.0,146392278.72737,-0.3766728123443125,-0.42069549924028293,0.0001,1.314e-05,0.13031,-0.05559681352260595,0.046379095913553485,0.045989191692267534,0.04149912622912226,0.04478009437722516
2024-07-24,2413.300048828125,77.58999633789062,2.117000102996826,5427.1298828125,18.040000915527344,0.0036115155414233003,0.008152711246337686,-0.032530717460120394,-0.02342124222289286,0.20338443394305505,69,Greed,692696080.0,91095985.62744,-0.46176777611961173,-0.4743761214685798,0.0001,0.0,0.12795,-0.018276664551016755,0.0457667950392804,0.04583619987769482,0.04377458084856184,0.045989191692267534
2024-07-25,2351.89990234375,78.27999877929688,2.0409998893737793,5399.22021484375,18.459999084472656,-0.025771655108934748,0.00885362122617054,-0.03656021117924674,-0.005155889019717259,0.023014614095178493,68,Greed,916741676.0,113465711.70683,0.28023438101128545,0.2195869540464016,6.814000000000001e-05,-3.1859999999999997e-05,0.12526,-0.021247985508530992,0.046042881957730306,0.04478573989487365,0.04365556118143794,0.04583619987769482
2024-07-26,2380.0,77.16000366210938,2.00600004196167,5459.10009765625,16.389999389648438,0.011877017079959726,-0.014410891435045557,-0.01729711916791206,0.011029420409570924,-0.11893482396303547,68,Greed,661205710.0,86144454.22625,-0.32676072528513295,-0.2754751043410226,0.0001,3.1859999999999997e-05,0.13419,0.06886512901559959,0.04970522090963117,0.04620231483370966,0.04163191616931286,0.04478573989487365
2024-07-27,2380.0,77.16000366210938,2.00600004196167,5459.10009765625,16.389999389648438,0.0,0.0,0.0,0.0,0.0,72,Greed,1329095559.0,178571350.48624,0.6981889573396378,0.7289626565239885,9.750666666666667e-05,-2.493333333333339e-06,0.13144,-0.020706232383853863,0.04326682100890994,0.045993982766830144,0.042026250588328214,0.04620231483370966
2024-07-28,2380.0,77.16000366210938,2.00600004196167,5459.10009765625,16.389999389648438,0.0,0.0,0.0,0.0,0.0,71,Greed,689009904.0,89723568.02783,-0.6569983136968105,-0.6882547666247995,5.991666666666667e-05,-3.759e-05,0.13004,-0.010708378293308125,0.03800901422338986,0.04561837373412454,0.043177084685122116,0.045993982766830144
2024-07-29,2377.300048828125,75.80999755859375,1.906999945640564,5463.5400390625,16.600000381469727,-0.0011350772219737724,-0.017651057634833576,-0.05061141234475294,0.0008129795718284517,0.0127313628261293,74,Greed,764786376.0,100954068.95636,0.10434090240491238,0.11793217325789362,7.761999999999999e-05,1.7703333333333324e-05,0.12843,-0.012458086610740136,0.037892310906792605,0.04564716167763892,0.04327567833167435,0.04561837373412454
2024-07-30,2405.0,74.7300033569336,2.125999927520752,5436.43994140625,17.690000534057617,0.011584493096314897,-0.014348515000907594,0.10871094771484612,-0.0049725143613676215,0.06359682001889519,67,Greed,536194715.0,68460175.73361,-0.35509917841457483,-0.3884134505451202,6.463e-05,-1.2989999999999996e-05,0.12551,-0.02299857215260948,0.03305110216834857,0.04571464157780576,0.04327824345941294,0.04564716167763892
2024-07-31,2426.5,77.91000366210938,2.0360000133514404,5522.2998046875,16.360000610351562,0.008899986305409351,0.041672698484094266,-0.04325514058195915,0.015669980701917767,-0.07816016987934357,61,Greed,523776745.0,65392665.39016,-0.023431834984673217,-0.045842097875537745,2.241666666666667e-05,-4.221333333333333e-05,0.12192,-0.029020344734018697,0.03398701019246384,0.046007444891488794,0.04324926758387731,0.04571464157780576
2024-08-01,2435.0,76.30999755859375,1.968000054359436,5446.68017578125,18.59000015258789,0.0034968666714193194,-0.020750402038847978,-0.03396927899423228,-0.013788123791990166,0.1277844414592625,52,Neutral,929497327.0,109208704.87834,0.5735783970459746,0.5128506729605279,1.6646666666666668e-05,-5.770000000000001e-06,0.11899,-0.024325635971274025,0.03422269857678586,0.046121113873641144,0.04311100117634404,0.046007444891488794
2024-08-02,2425.699951171875,73.5199966430664,1.9670000076293945,5346.56005859375,23.389999389648438,-0.003826634135013617,-0.03724652692098453,-0.0005082829661082405,-0.01855290660855327,0.22968474456012009,57,Greed,829416403.0,94945628.5812,-0.1139216068538083,-0.139956378104263,9.556666666666668e-06,-7.09e-06,0.11154,-0.06465618500565448,0.01807067954474944,0.04650263573879528,0.043036469483858385,0.046121113873641144
2024-08-03,2425.699951171875,73.5199966430664,1.9670000076293945,5346.56005859375,23.389999389648438,0.0,0.0,0.0,0.0,0.0,37,Fear,1009072658.0,111018578.74527,0.19606470310791208,0.15639316635745062,7.852e-05,6.896333333333333e-05,0.10811,-0.031234043656727693,0.01795453197372427,0.04119698678648483,0.04357185489511468,0.04650263573879528
2024-08-04,2425.699951171875,73.5199966430664,1.9670000076293945,5346.56005859375,23.389999389648438,0.0,0.0,0.0,0.0,0.0,34,Fear,1010011668.0,105271005.82374,0.0009301345720007779,-0.053159530467972026,3.551e-05,-4.301e-05,0.10375,-0.04116506819387237,0.01673919921278812,0.041900481140416515,0.0431626448957958,0.04119698678648483
2024-08-05,2401.699951171875,72.94000244140625,1.9420000314712524,5186.330078125,38.56999969482422,-0.00994332279261066,-0.00792021353532362,-0.012791157210896409,-0.0304270413923931,0.500166209806343,26,Fear,6003336977.0,537522393.87426,1.7823535941984732,1.6304323892337553,-1.772333333333333e-05,-5.323333333333333e-05,0.09436,-0.09486690457133339,0.026575825222074242,0.04295117570651869,0.03952351474040628,0.041900481140416515
2024-08-06,2389.10009765625,73.19999694824219,2.009999990463257,5240.02978515625,27.709999084472656,-0.005260032745343863,0.0035581604246189076,0.03441633125161479,0.010300849493599515,-0.33068143847259307,17,Extreme Fear,1261946874.0,123319749.01462,-1.559659810899177,-1.4721898543765588,-5.726333333333334e-05,-3.9540000000000004e-05,0.09645,0.021907484812263657,0.036184082370742505,0.040525304177777534,0.03933657448331234,0.04295117570651869
2024-08-07,2390.5,75.2300033569336,2.111999988555908,5199.5,27.850000381469727,0.0005857822224360302,0.02735475291781767,0.04950064309907494,-0.007764715388769489,0.0050396542353046,29,Fear,1198829409.0,117779985.26624,-0.05131007836948466,-0.04596221535844344,2.8903333333333335e-05,8.616666666666667e-05,0.09558,-0.00906114620172589,0.03772839127026915,0.03999537118315319,0.04092265648720957,0.040525304177777534
2024-08-08,2422.199951171875,76.19000244140625,2.127000093460083,5319.31005859375,23.790000915527344,0.013173648862206806,0.012680120334172904,0.007077219732548592,0.02278113959089888,-0.15756761727201954,20,Extreme Fear,968675456.0,98318876.49421,-0.21317123811193817,-0.18060231426036272,5.704e-05,2.8136666666666668e-05,0.10748,0.11734119059727835,0.069164916534562,0.04572196057805919,0.03487738831171333,0.03999537118315319
2024-08-09,2432.10009765625,76.83999633789062,2.1429998874664307,5344.16015625,20.3700008392334,0.0040789238864625725,0.008495037712886217,0.007494083821314175,0.004660798434381699,-0.1552020913603775,48,Neutral,542344314.0,56594088.53386,-0.5800285636352216,-0.552311501270515,6.245e-05,5.409999999999997e-06,0.10386,-0.034260945331117704,0.06639229699869559,0.04613722788200574,0.03446349037270178,0.04572196057805919
2024-08-10,2432.10009765625,76.83999633789062,2.1429998874664307,5344.16015625,20.3700008392334,0.0,0.0,0.0,0.0,0.0,40,Fear,257631810.0,26909223.89134,-0.7443695927952033,-0.7434354134685531,-2.3956666666666667e-05,-8.640666666666667e-05,0.10518,0.012629329745025213,0.06614473316117964,0.04615348057562156,0.03726075986297293,0.04613722788200574
2024-08-11,2432.10009765625,76.83999633789062,2.1429998874664307,5344.16015625,20.3700008392334,0.0,0.0,0.0,0.0,0.0,39,Fear,769443790.0,81624595.2026,1.0941364305461703,1.109661504929836,-2.0903333333333334e-05,3.0533333333333335e-06,0.10059,-0.04462031901495126,0.06648099236866324,0.04680127320091707,0.036364251787588106,0.04615348057562156
2024-08-12,2462.39990234375,80.05999755859375,2.188999891281128,5344.39013671875,20.709999084472656,0.012381322610815695,0.04105103282825877,0.02123810489545183,4.30330517200971e-05,0.016553359762280576,25,Extreme Fear,841806045.0,88279367.60385,0.089881734173872,0.07837578948481118,3.320333333333333e-05,5.410666666666666e-05,0.10791,0.07024469722939541,0.057760352423106204,0.04799139028407079,0.033993014217216955,0.04680127320091707
2024-08-13,2466.699951171875,78.3499984741211,2.1480000019073486,5434.43017578125,18.1200008392334,0.0017447607257966857,-0.021590373742851835,-0.018907591340142384,0.016707233419049988,-0.1336002842703326,31,Fear,488350832.0,51679739.74192,-0.5445155717631596,-0.5354405943279256,3.767333333333333e-05,4.470000000000003e-06,0.10636,-0.01446798000082328,0.05909377283998896,0.04774999920514102,0.03402616866898249,0.04799139028407079
2024-08-14,2439.39990234375,76.9800033569336,2.2190001010894775,5455.2099609375,16.190000534057617,-0.011129137775200023,-0.01764025786340206,0.032519511972194146,0.00381643656119841,-0.11262254625371607,30,Fear,525436131.0,54741912.57012,0.07319457785612597,0.05756381866323209,-2.055e-05,-5.8223333333333335e-05,0.1024,-0.03794285376941159,0.061911108661799975,0.04553848339000031,0.034126315175887156,0.04774999920514102
2024-08-15,2453.10009765625,78.16000366210938,2.197000026702881,5543.22021484375,15.229999542236328,0.005600503269123787,0.015212363125069652,-0.009963883950057224,0.01600448993130413,-0.06112666382606371,29,Fear,610036012.0,61743946.99471,0.14928934804609048,0.12036630415487963,6.073666666666667e-05,8.128666666666668e-05,0.10021,-0.021618728535170002,0.04015432425153392,0.04560608308452496,0.033987996390044836,0.04553848339000031
2024-08-16,2498.60009765625,76.6500015258789,2.122999906539917,5554.25,14.800000190734863,0.01837804343675201,-0.019508429363616648,-0.03426266685825073,0.0019878023683961516,-0.028639943192801342,27,Fear,557705388.0,55915149.33112,-0.08968714703340827,-0.09916059516877711,-4.268333333333333e-05,-0.00010342000000000001,0.10035,0.0013960911721097135,0.03880343376382093,0.04551670431420757,0.03433247081841959,0.04560608308452496
2024-08-17,2498.60009765625,76.6500015258789,2.122999906539917,5554.25,14.800000190734863,0.0,0.0,0.0,0.0,0.0,25,Extreme Fear,244243848.0,24887653.61712,-0.8256637411593619,-0.8094635093253011,4.5220000000000004e-05,8.790333333333334e-05,0.10275,0.023634778133996764,0.03984165106898797,0.045782446320822116,0.03453792211244874,0.04551670431420757
2024-08-18,2498.60009765625,76.6500015258789,2.122999906539917,5554.25,14.800000190734863,0.0,0.0,0.0,0.0,0.0,31,Fear,350840535.0,36013643.20609,0.3621647006960582,0.36952600277691167,5.540666666666667e-05,1.0186666666666669e-05,0.10004,-0.026728747366925577,0.03724100092733972,0.04482232674806346,0.034302802493362476,0.045782446320822116
2024-08-19,2501.800048828125,74.37000274658203,2.234999895095825,5608.25,14.649999618530273,0.0012798782157230325,-0.030196953578393984,0.0514110424300707,0.009675327436177775,-0.010186884233373265,28,Fear,461658956.0,46197008.08576,0.2744946240151395,0.24901719133313507,7.193333333333335e-06,-4.8213333333333335e-05,0.10133,0.012812411450807852,0.02232344096842371,0.042704685734549025,0.034567787296306655,0.04482232674806346
2024-08-20,2511.300048828125,74.04000091552734,2.197999954223633,5597.1201171875,15.880000114440918,0.0037900744796478744,-0.004447171575921042,-0.016693345973483393,-0.001986527237609709,0.08062015360140978,30,Fear,800320196.0,83185135.20944,0.5501854645824651,0.5881536325747028,1.9926666666666667e-05,1.2733333333333332e-05,0.10289,0.015277938927492586,0.023883085524037413,0.04178461210460528,0.03451402032599184,0.042704685734549025
2024-08-21,2508.39990234375,71.93000030517578,2.177000045776367,5620.85009765625,16.270000457763672,-0.0011555060403106994,-0.028912071948661716,-0.009600031875376332,0.004230714721006796,0.0242624863407933,26,Fear,525554349.0,55038107.41332,-0.42055828421580965,-0.41304286114215777,4.135666666666666e-05,2.1429999999999996e-05,0.10615,0.031192731761546202,0.022091132430495798,0.04243347007647377,0.034045182594890214,0.04178461210460528
2024-08-22,2478.89990234375,73.01000213623047,2.052999973297119,5570.64013671875,17.549999237060547,-0.011830186756921601,0.014903019205474667,-0.05864567824964521,-0.00897294225665722,0.07573095707315049,39,Fear,380546631.0,40162620.88359,-0.3228448866771969,-0.31508907307509887,4.0936666666666664e-05,-4.1999999999999937e-07,0.10525,-0.008514715586774232,0.019891582794580916,0.04149912622912226,0.0348057643944561,0.04243347007647377
2024-08-23,2508.39990234375,74.83000183105469,2.0220000743865967,5634.60986328125,15.859999656677246,0.011830186756921704,0.024622451234376702,-0.015214967643132661,0.01141793740166443,-0.10125371187992283,34,Fear,1135703108.0,125020087.40763,1.0933984948337958,1.1355376893529658,4.169333333333333e-05,7.566666666666656e-07,0.11293,0.07042968517308822,0.030778173967126905,0.04377458084856184,0.0328120600065748,0.04149912622912226
2024-08-24,2508.39990234375,74.83000183105469,2.0220000743865967,5634.60986328125,15.859999656677246,0.0,0.0,0.0,0.0,0.0,56,Greed,956116504.0,107738950.14372,-0.1721274447969358,-0.14876325079778882,1.3983333333333332e-05,-2.7709999999999997e-05,0.11258,-0.0031040776996984023,0.031450879797296535,0.04365556118143794,0.03297925425904823,0.04377458084856184
2024-08-25,2508.39990234375,74.83000183105469,2.0220000743865967,5634.60986328125,15.859999656677246,0.0,0.0,0.0,0.0,0.0,54,Neutral,568249607.0,62528803.30086,-0.5203190005997118,-0.5440838694587364,8.056666666666667e-06,-5.926666666666665e-06,0.10959,-0.0269179505605796,0.03149082162371672,0.04163191616931286,0.0327591369516088,0.04365556118143794
2024-08-26,2517.699951171875,77.41999816894531,1.9559999704360962,5616.83984375,16.149999618530273,0.003700706198852698,0.03402622293678218,-0.03318560088874722,-0.0031587101696058145,0.018119831488631097,55,Greed,554048723.0,59463845.26189,-0.02530814060185977,-0.05025881819141972,2.7543333333333338e-05,1.948666666666667e-05,0.1052,-0.04088282917169134,0.037514825819845304,0.042026250588328214,0.031926989867946086,0.04163191616931286
2024-08-27,2516.0,75.52999877929688,1.9040000438690186,5625.7998046875,15.430000305175781,-0.0006754281156969496,-0.024715209335050777,-0.02694459708853098,0.0015939251127232035,-0.04560633989509903,48,Neutral,703657118.0,72128435.6029,0.23903855868249566,0.19307987249815933,5.6326666666666664e-05,2.8783333333333326e-05,0.09891,-0.06165295455186016,0.044703096762708006,0.043177084685122116,0.033246212652803066,0.042026250588328214
2024-08-28,2501.0,74.5199966430664,1.9299999475479126,5592.18017578125,17.110000610351562,-0.005979686942712076,-0.013462411477556464,0.013563016329922153,-0.005993900794735212,0.10334943742316474,30,Fear,749119048.0,74497378.33899,0.06260672426126351,0.032315576982844915,-1.6273333333333336e-05,-7.26e-05,0.09964,0.007353344642230461,0.04227172728714418,0.04327567833167435,0.033969894546780094,0.043177084685122116
2024-08-29,2525.699951171875,75.91000366210938,2.13700008392334,5591.9599609375,15.649999618530273,0.009827580801596993,0.018480975585486233,0.10188303986903097,-3.937984343658622e-05,-0.08919223096521478,29,Fear,415351459.0,41760251.96411,-0.589772862498261,-0.5788189575061525,-5.2369999999999995e-05,-3.6096666666666656e-05,0.10037,0.007299667431729275,0.042724734198427,0.04327824345941294,0.03438067625382184,0.04327567833167435
2024-08-30,2493.800048828125,73.55000305175781,2.127000093460083,5648.39990234375,15.0,-0.012710561536922458,-0.03158298773172092,-0.004690435450617835,0.010042457079144168,-0.04242069150888951,34,Fear,628171409.0,63066117.10324,0.41368802251416115,0.4122386767243737,5.881666666666667e-05,0.00011118666666666666,0.10177,0.013852007378131206,0.028749570633267486,0.04324926758387731,0.03502417594706529,0.04327824345941294
2024-08-31,2493.800048828125,73.55000305175781,2.127000093460083,5648.39990234375,15.0,0.0,0.0,0.0,0.0,0.0,29,Fear,261630981.0,26541141.43605,-0.8758780320232269,-0.8654876177840981,4.081333333333333e-05,-1.8003333333333338e-05,0.10128,-0.004826406807974219,0.028639303535089335,0.04311100117634404,0.038813353633498124,0.04324926758387731
2024-09-01,2493.800048828125,73.55000305175781,2.127000093460083,5648.39990234375,15.0,0.0,0.0,0.0,0.0,0.0,26,Fear,440544625.0,43141963.18179,0.5210767041100642,0.4858001110332065,2.2963333333333334e-05,-1.7849999999999997e-05,0.09509,-0.06306514684451325,0.03389890309890303,0.043036469483858385,0.039029554060400505,0.04311100117634404
2024-09-02,2493.800048828125,73.55000305175781,2.127000093460083,5648.39990234375,15.0,0.0,0.0,0.0,0.0,0.0,26,Fear,456484773.0,44163449.3587,0.03554359792932649,0.02340136224319628,-8.912333333333334e-05,-0.00011208666666666668,0.09912,0.041507425769534284,0.03940685190221775,0.04357185489511468,0.03862009499580824,0.043036469483858385
2024-09-03,2489.89990234375,70.33999633789062,2.203000068664551,5528.93017578125,20.719999313354492,-0.0015651613535240963,-0.04462491355686993,0.03510751883090268,-0.021377963372397696,0.32304918314980974,26,Fear,353919096.0,34949263.97791,-0.2544869988682633,-0.2340001002253815,0.0001,0.00018912333333333335,0.09677,-0.023994208428035912,0.032989850600777734,0.0431626448957958,0.03831270272720067,0.04357185489511468
2024-09-04,2493.39990234375,69.19999694824219,2.1449999809265137,5520.06982421875,21.31999969482422,0.0014046919562063706,-0.016339756459787656,-0.026680555500950325,-0.0016038290273809634,0.02854620073156293,27,Fear,657720121.0,63124016.10158,0.6197111481737653,0.5912038917936275,-3.3466666666666662e-06,-0.00010334666666666668,0.098,0.012630449777720803,0.03332776406846993,0.03952351474040628,0.038843649467362115,0.0431626448957958
2024-09-05,2511.39990234375,69.1500015258789,2.253999948501587,5503.41015625,19.899999618530273,0.0071931259247034075,-0.0007227383460925007,0.04956684928210662,-0.003022581014674196,-0.0689258724224691,29,Fear,407742111.0,39817468.55545,-0.47814459914040025,-0.46079557653777503,7.809e-05,8.143666666666667e-05,0.09842,0.004276556767260172,0.03320090970230584,0.03933657448331234,0.038845403355432045,0.03952351474040628
2024-09-06,2493.5,67.66999816894531,2.2750000953674316,5408.419921875,22.3799991607666,-0.007152981683501989,-0.021635156991438764,0.009273701552644432,-0.017410944507424406,0.11744795282340682,22,Extreme Fear,1019311885.0,95537335.22151,0.9162481623946396,0.8752113913889046,1.3536666666666669e-05,-6.455333333333334e-05,0.09254,-0.06160305195897853,0.0386879463445032,0.04092265648720957,0.03693554141766112,0.03933657448331234
2024-09-07,2493.5,67.66999816894531,2.2750000953674316,5408.419921875,22.3799991607666,0.0,0.0,0.0,0.0,0.0,23,Extreme Fear,436400943.0,41131030.76044,-0.8483216412509339,-0.842754272850536,-5.407666666666666e-05,-6.761333333333333e-05,0.09539,0.030332767678263216,0.042142215636397654,0.03487738831171333,0.03718587924015101,0.04092265648720957
2024-09-08,2493.5,67.66999816894531,2.2750000953674316,5408.419921875,22.3799991607666,0.0,0.0,0.0,0.0,0.0,29,Fear,376614257.0,35963631.79481,-0.14733994216883034,-0.1342546430550115,0.0001,0.00015407666666666667,0.09616,0.008039719629780697,0.03473271417566951,0.03446349037270178,0.037299205747211434,0.03487738831171333
2024-09-09,2501.800048828125,68.70999908447266,2.1700000762939453,5471.0498046875,19.450000762939453,0.0033231463116611603,0.01525181253292539,-0.04725289161179527,0.011513534435818254,-0.14032055609438693,26,Fear,896750540.0,90404722.45116,0.8675562459373841,0.9217883056276663,9.426666666666667e-06,-9.057333333333334e-05,0.10376,0.07606706922129114,0.04285710431386632,0.03726075986297293,0.03471873646108201,0.03446349037270178
2024-09-10,2512.300048828125,65.75,2.2320001125335693,5495.52001953125,19.079999923706055,0.004188195346663044,-0.04403506466059675,0.028170892226461287,0.004462699977793541,-0.019206447268627396,33,Fear,451668592.0,46505363.27843,-0.6858290112194962,-0.66472886027436,5.176e-05,4.233333333333333e-05,0.1028,-0.009295186987123715,0.04144889751961693,0.036364251787588106,0.034843871757320566,0.03726075986297293
2024-09-11,2512.10009765625,67.30999755859375,2.2699999809265137,5554.1298828125,17.690000534057617,-7.959205722123827e-05,0.023449106693669394,0.01688172815356528,0.01060855564984334,-0.07564112366000948,37,Fear,496147874.0,49880864.80675,0.09392530798937915,0.07006981314381025,7.3700000000000014e-06,-4.439e-05,0.10131,-0.014600229955478772,0.04228095473472802,0.033993014217216955,0.03556175506251544,0.036364251787588106
2024-09-12,2551.199951171875,68.97000122070312,2.3570001125335693,5595.759765625,17.06999969482422,0.015444721969289848,0.024362867390701433,0.037609848607506366,0.00746735215680267,-0.035677019433049094,31,Fear,469727509.0,47930481.9785,-0.05472125686811858,-0.03988578940256809,1.5856666666666667e-05,8.486666666666664e-06,0.10269,0.013529618144617658,0.04240830614216654,0.03402616866898249,0.035509739415069616,0.033993014217216955
2024-09-13,2581.300048828125,68.6500015258789,2.305000066757202,5626.02001953125,16.559999465942383,0.011729349341314652,-0.00465049070133241,-0.022308966287879536,0.0053931422343560355,-0.030332402221190383,32,Fear,885331769.0,93547072.98777,0.6338096964953887,0.66871309501408,4.944000000000001e-05,3.358333333333334e-05,0.10696,0.04074019158348402,0.03140441938244512,0.034126315175887156,0.03477632666229321,0.03402616866898249
2024-09-14,2581.300048828125,68.6500015258789,2.305000066757202,5626.02001953125,16.559999465942383,0.0,0.0,0.0,0.0,0.0,50,Neutral,588837803.0,62571172.41102,-0.4078116861654965,-0.40216009659369545,1.3066666666666668e-05,-3.637333333333334e-05,0.1054,-0.014692296686425839,0.03363166848313264,0.033987996390044836,0.035583254793733164,0.034126315175887156
2024-09-15,2581.300048828125,68.6500015258789,2.305000066757202,5626.02001953125,16.559999465942383,0.0,0.0,0.0,0.0,0.0,51,Neutral,454265265.0,47731552.69332,-0.2594694572635877,-0.2707120061732112,8.506333333333333e-05,7.199666666666666e-05,0.10281,-0.02488001155263476,0.036798268031256944,0.03433247081841959,0.03518301153973658,0.033987996390044836
2024-09-16,2580.39990234375,70.08999633789062,2.372999906539917,5633.08984375,17.139999389648438,-0.0003487790851909712,0.02075892382264858,0.02907423265832455,0.0012558408673102855,0.034424760852599955,39,Fear,543744800.0,54774557.29848,0.17979870758397665,0.1376331420151183,-3.7399999999999993e-06,-8.880333333333333e-05,0.09964,-0.0313189341606474,0.024911907272693327,0.03453792211244874,0.03634737128550678,0.03433247081841959
2024-09-17,2564.300048828125,71.19000244140625,2.3239998817443848,5634.580078125,17.610000610351562,-0.00625883189495714,0.015572315146450825,-0.0208651499636982,0.00026451509389645083,0.02705207960763049,33,Fear,488721301.0,49349894.87522,-0.10668762874482396,-0.10429016757767463,-1.165e-05,-7.91e-06,0.10112,0.014744240004567668,0.02598185522452508,0.034302802493362476,0.03657257663184499,0.03453792211244874
2024-09-18,2570.699951171875,70.91000366210938,2.2839999198913574,5618.259765625,18.229999542236328,0.00249266043134922,-0.00394087444963749,-0.017361531385220792,-0.0029006587083132912,0.034601606412624705,45,Fear,549809619.0,55689043.33511,0.11777968063704242,0.12084778336854882,6.037666666666667e-05,7.202666666666667e-05,0.10385,0.026639619923573984,0.027380142150326137,0.034567787296306655,0.0374692622239091,0.034302802493362476
2024-09-19,2588.0,71.94999694824219,2.3480000495910645,5713.64013671875,16.329999923706055,0.006707160271705417,0.014559871958021912,0.027635666366478774,0.016834356892725128,-0.11006466126974973,49,Neutral,676116886.0,70952774.98708,0.2067938983490797,0.2422310956521163,7.103333333333333e-05,1.0656666666666662e-05,0.10499,0.010917557204728597,0.02723870155817158,0.03451402032599184,0.03817077429174869,0.034567787296306655
2024-09-20,2619.89990234375,71.91999816894531,2.434000015258789,5702.5498046875,16.149999618530273,0.01225073519220459,-0.0004170262146349265,0.03597207774794766,-0.0019429136300157343,-0.011083876262113658,54,Neutral,633811834.0,66923521.21183,-0.06461385079235665,-0.0584640217473266,8.709333333333334e-05,1.6060000000000005e-05,0.10555,0.005319666767479816,0.021852350510667924,0.034045182594890214,0.038413257385284394,0.03451402032599184
2024-09-21,2619.89990234375,71.91999816894531,2.434000015258789,5702.5498046875,16.149999618530273,0.0,0.0,0.0,0.0,0.0,54,Neutral,543908991.0,58384918.488,-0.15297018168318577,-0.13649288154782718,8.314e-05,-3.953333333333342e-06,0.10993,0.04065902529644271,0.02605963008122017,0.0348057643944561,0.037973517596133544,0.034045182594890214
2024-09-22,2619.89990234375,71.91999816894531,2.434000015258789,5702.5498046875,16.149999618530273,0.0,0.0,0.0,0.0,0.0,52,Neutral,432001443.0,46169285.85295,-0.23035300838822156,-0.23474284278778124,8.564e-05,2.5000000000000066e-06,0.10633,-0.03329633392777764,0.027854768070600475,0.0328120600065748,0.03778303412403303,0.0348057643944561
2024-09-23,2626.5,70.37000274658203,2.61299991607666,5718.56982421875,15.890000343322754,0.002516049581020544,-0.02178728969472246,0.07096295358650237,0.0028053344257131223,-0.01623002389340957,50,Neutral,646437650.0,69295249.6263,0.40304782266267997,0.40606158725839253,7.230000000000001e-05,-1.3339999999999991e-05,0.10807,0.01623169965207961,0.022940303271472097,0.03297925425904823,0.03778014574410675,0.0328120600065748
2024-09-24,2651.199951171875,71.55999755859375,2.5510001182556152,5732.93017578125,15.390000343322754,0.009360187860914403,0.016769149514567056,-0.024013468904610112,0.002508031103345345,-0.03197203199588042,54,Neutral,747792653.0,81130709.17684,0.14564898649628977,0.1576851917239478,8.123666666666667e-05,8.936666666666665e-06,0.10979,0.01579028493156685,0.022967572745873584,0.0327591369516088,0.037767715679931674,0.03297925425904823
2024-09-25,2659.199951171875,69.69000244140625,2.63700008392334,5722.259765625,15.40999984741211,0.003012958044237874,-0.026479354040803024,0.03315645368021288,-0.001862983206212128,0.0012986692711907113,59,Greed,722241605.0,79089490.80738,-0.03476602179558669,-0.025481541240257415,7.975333333333333e-05,-1.4833333333333468e-06,0.10849,-0.011911447412281676,0.023420199516518823,0.031926989867946086,0.0406062248234843,0.0327591369516088
2024-09-26,2669.89990234375,67.66999816894531,2.5850000381469727,5745.3701171875,15.369999885559082,0.004015674633472966,-0.029413947297257197,-0.019916416479016423,0.004030542158199222,-0.0025990893253781478,50,Neutral,1639288337.0,188552421.41087,0.8196577699053145,0.8687960595274837,0.0001,2.0246666666666677e-05,0.11818,0.08555088308316917,0.03821646331488453,0.033246212652803066,0.038451875007824335,0.031926989867946086
2024-09-27,2644.300048828125,68.18000030517578,2.9019999504089355,5738.169921875,16.959999084472656,-0.00963458348443632,0.0075083480002425705,0.11567461465597245,-0.0012540029000721238,0.09844002627741914,61,Greed,1623183646.0,200490248.60687,-0.009872772484333998,0.06138954429020477,9.088e-05,-9.120000000000008e-06,0.12351,0.04411323853239449,0.0390597145569829,0.033969894546780094,0.038602464121294824,0.033246212652803066
2024-09-28,2644.300048828125,68.18000030517578,2.9019999504089355,5738.169921875,16.959999084472656,0.0,0.0,0.0,0.0,0.0,64,Greed,1709881942.0,217079366.19034,0.052034894046596565,0.07949741929880906,7.812333333333334e-05,-1.2756666666666652e-05,0.12806,0.03617677964073315,0.03874690828444624,0.03438067625382184,0.042994345564536476,0.033969894546780094
2024-09-29,2644.300048828125,68.18000030517578,2.9019999504089355,5738.169921875,16.959999084472656,0.0,0.0,0.0,0.0,0.0,63,Greed,919118406.0,116820746.38565,-0.620764651071224,-0.6196223516996759,0.0001,2.187666666666666e-05,0.12438,-0.029157508414912957,0.0377855500901738,0.03502417594706529,0.0446623429166343,0.03438067625382184
2024-09-30,2636.10009765625,68.16999816894531,2.9230000972747803,5762.47998046875,16.729999542236328,-0.0031058092325682647,-0.00014671267121886113,0.0072103820347843685,0.004227603658441509,-0.013654088745303506,61,Greed,1091853755.0,131049952.02245,0.17221726706751253,0.11493788588243016,8.417e-05,-1.5830000000000003e-05,0.11421,-0.0853025366132275,0.05576043419441506,0.038813353633498124,0.042142076859354456,0.03502417594706529
2024-10-01,2667.300048828125,69.83000183105469,2.8959999084472656,5708.75,19.260000228881836,0.01176615388576509,0.024059184564979595,-0.009280076498242213,-0.009367848694454447,0.14082693061688453,50,Neutral,1779737388.0,196843323.55122,0.48858887422677866,0.4068295367186943,3.8990000000000004e-05,-4.518e-05,0.10685,-0.06661287729735905,0.06214804809451331,0.039029554060400505,0.040676151067265784,0.038813353633498124
2024-10-02,2647.10009765625,70.0999984741211,2.885999917984009,5709.5400390625,18.899999618530273,-0.007602005078805537,0.0038590291938212363,-0.0034590109768468306,0.00013838132698647728,-0.018868516371758504,42,Fear,1041484705.0,110503318.6661,-0.5358185225268314,-0.57736254670274,4.002666666666667e-05,1.036666666666663e-06,0.10462,-0.02109124382269152,0.06244198245395495,0.03862009499580824,0.04052233876338563,0.039029554060400505
2024-10-03,2657.10009765625,73.70999908447266,2.9700000286102295,5699.93994140625,20.489999771118164,0.003770601213994833,0.05021569050716062,0.028690530514572807,-0.0016828286544586894,0.08077504919837869,37,Fear,990157071.0,102861284.1027,-0.0505389869238939,-0.07166422943032222,5.298333333333333e-05,1.2956666666666664e-05,0.10507,0.004292056758218761,0.04883113705574232,0.03831270272720067,0.040538951777412104,0.03862009499580824
2024-10-04,2645.800048828125,74.37999725341797,2.8540000915527344,5751.06982421875,19.209999084472656,-0.004261843753354774,0.00904858879004115,-0.03984041131429432,0.008930255699186382,-0.06450602195882109,41,Fear,814968617.0,88200223.83915,-0.19471398236861853,-0.1537718233855053,2.586333333333333e-05,-2.712e-05,0.10924,0.038920501904820354,0.04777971305506709,0.038843649467362115,0.042004656182774776,0.03831270272720067
2024-10-05,2645.800048828125,74.37999725341797,2.8540000915527344,5751.06982421875,19.209999084472656,0.0,0.0,0.0,0.0,0.0,49,Neutral,398463760.0,43444855.41382,-0.7155330526849671,-0.7081170586108189,4.712333333333334e-05,2.1260000000000007e-05,0.1094,0.0014635933823765716,0.04281930582423829,0.038845403355432045,0.04239535881031719,0.038843649467362115
2024-10-06,2645.800048828125,74.37999725341797,2.8540000915527344,5751.06982421875,19.209999084472656,0.0,0.0,0.0,0.0,0.0,50,Neutral,470748830.0,52075342.22264,0.1667081290725026,0.18119911659405621,0.0001,5.287666666666667e-05,0.11159,0.01982055020972891,0.04546941030780219,0.03693554141766112,0.04375162231342531,0.038845403355432045
2024-10-07,2644.800048828125,77.13999938964844,2.746000051498413,5695.93994140625,22.639999389648438,-0.00037802895454220627,0.036434893297252344,-0.038576225033634504,-0.009632263829388773,0.16428729725441985,50,Neutral,1181346500.0,132719098.40515,0.9200854864544163,0.9355432937973672,9.486e-05,-5.140000000000008e-06,0.10841,-0.02891110452440935,0.03478060486474817,0.03718587924015101,0.049039975306896896,0.03693554141766112
2024-10-08,2615.0,73.56999969482422,2.7330000400543213,5751.1298828125,21.420000076293945,-0.011331369029670978,-0.04738461507175182,-0.004745404498015166,0.009642706804694385,-0.05539315779457903,49,Neutral,680791688.0,73260279.94915,-0.5511538005739998,-0.5942162739958875,4.869e-05,-4.616999999999999e-05,0.10709,-0.012250733260416766,0.02365825230613514,0.037299205747211434,0.049142481987219884,0.03718587924015101
2024-10-09,2606.0,73.23999786376953,2.6600000858306885,5792.0400390625,20.860000610351562,-0.0034476188142327953,-0.004495639157300412,-0.027073766540954846,0.007088231016994585,-0.02649158974936262,49,Neutral,791794301.0,86440098.29864,0.151045269102556,0.1654330901742169,3.366e-05,-1.5030000000000003e-05,0.10794,0.007905914777713016,0.02174562347569829,0.03471873646108201,0.049289050340375784,0.037299205747211434
2024-10-10,2620.60009765625,75.8499984741211,2.674999952316284,5780.0498046875,20.93000030517578,0.0055868577505378105,0.035015995038710473,0.005623207461498323,-0.0020722685059824846,0.003350072206641976,39,Fear,713401352.0,75480373.87441,-0.10425746904851921,-0.13557899504815038,2.345333333333333e-05,-1.0206666666666668e-05,0.10603,-0.01785344425278983,0.023327971223856183,0.034843871757320566,0.04989067725455069,0.03471873646108201
2024-10-11,2657.60009765625,75.55999755859375,2.631999969482422,5815.02978515625,20.459999084472656,0.014020160169731887,-0.0038306753550031453,-0.01620536065403536,0.00603360870729872,-0.022711835262393478,32,Fear,595969049.0,65149605.3794,-0.17985543356415712,-0.1471864273348546,2.3806666666666667e-05,3.533333333333356e-07,0.11077,0.04373390659113448,0.024654939901822534,0.03556175506251544,0.06334293926581189,0.034843871757320566
2024-10-12,2657.60009765625,75.55999755859375,2.631999969482422,5815.02978515625,20.459999084472656,0.0,0.0,0.0,0.0,0.0,49,Neutral,415506248.0,46198872.11619,-0.3606910830219279,-0.3437308617240891,0.0001,7.619333333333334e-05,0.11138,0.00549179863268112,0.024687676854273477,0.035509739415069616,0.07327852288968134,0.03556175506251544
2024-10-13,2657.60009765625,75.55999755859375,2.631999969482422,5815.02978515625,20.459999084472656,0.0,0.0,0.0,0.0,0.0,50,Neutral,478777808.0,53079710.16742,0.1417389719164149,0.13883936443160338,6.857333333333333e-05,-3.1426666666666675e-05,0.1114,0.0001795493316610115,0.023486213009434577,0.03477632666229321,0.07325950286878756,0.035509739415069616
2024-10-14,2647.800048828125,73.83000183105469,2.49399995803833,5859.85009765625,19.700000762939453,-0.0036943716604866234,-0.023161832450447797,-0.05385617143544974,0.007678114574594323,-0.037853041304464326,48,Neutral,1252447368.0,142573579.35614,0.9616181871158921,0.9880634636548595,0.0001,3.1426666666666675e-05,0.11669,0.046393518324832225,0.025339930570200883,0.035583254793733164,0.07326880005730285,0.03477632666229321
2024-10-15,2661.39990234375,70.58000183105469,2.497999906539917,5815.259765625,20.639999389648438,0.0051231384715043505,-0.04501833368193956,0.0016025438566243464,-0.0076385660375134215,0.0466122365702319,65,Greed,1635590225.0,188363244.84756,0.26690420155332745,0.27851403926018287,0.0001,0.0,0.11748,0.006747260512403464,0.02344160677977171,0.03518301153973658,0.07721343082027199,0.035583254793733164
2024-10-16,2674.0,70.38999938964844,2.367000102996826,5842.47021484375,19.579999923706055,0.004723215245810717,-0.0026956452410497786,-0.05386700024391796,0.004668232782779766,-0.05272227783622492,73,Greed,3073408118.0,382348743.03303,0.6307833489195865,0.7079608799406122,0.0001,0.0,0.12573,0.06786864427467051,0.03093175040495259,0.03634737128550678,0.07704621146668265,0.03518301153973658
2024-10-17,2691.0,70.66999816894531,2.3469998836517334,5841.47021484375,19.110000610351562,0.006337393065017404,0.003969929843791636,-0.00848550674980333,-0.00017117512853816633,-0.024296843014801575,71,Greed,1921830268.0,239921133.28091,-0.46950908545509784,-0.46602287399955133,0.0001,0.0,0.12967,0.03085601095570314,0.025533800714910276,0.03657257663184499,0.07853463427667921,0.03634737128550678
2024-10-18,2713.699951171875,69.22000122070312,2.257999897003174,5864.669921875,18.030000686645508,0.00840012761358353,-0.020731272950513795,-0.03865844718241387,0.003963686942774387,-0.05817471489231307,73,Greed,2574606384.0,349018617.59602,0.29241866529392324,0.374815008319024,0.0001,0.0,0.13716,0.0561553660339267,0.027130153190739244,0.0374692622239091,0.07857012472044651,0.03657257663184499
2024-10-19,2713.699951171875,69.22000122070312,2.257999897003174,5864.669921875,18.030000686645508,0.0,0.0,0.0,0.0,0.0,72,Greed,2065754362.0,296534963.34745,-0.22020119367012833,-0.1629601346137152,0.0001,0.0,0.14407,0.049151164978662024,0.025377235416956776,0.03817077429174869,0.07860453378538154,0.0374692622239091
2024-10-20,2713.699951171875,69.22000122070312,2.257999897003174,5864.669921875,18.030000686645508,0.0,0.0,0.0,0.0,0.0,73,Greed,1498968992.0,211362523.71777,-0.3207179350626976,-0.3385903506349741,0.0001,0.0,0.14214,-0.01348680517463267,0.028936937917605716,0.038413257385284394,0.07821385223549784,0.03817077429174869
2024-10-21,2723.10009765625,70.55999755859375,2.312000036239624,5853.97998046875,18.3700008392334,0.0034579737223619676,0.019173521255786898,0.023633546371422946,-0.001824432756419033,0.018681869613305074,72,Greed,2235756592.0,322665885.51296,0.39980215757512977,0.4230425965963778,0.0001,0.0,0.14367,0.010706515623878636,0.029690333560577434,0.037973517596133544,0.0790751879799268,0.038413257385284394
2024-10-22,2744.199951171875,72.08999633789062,2.311000108718872,5851.2001953125,18.200000762939453,0.007718602631013913,0.021451910519248066,-0.00043258814838486014,-0.0004749666671957937,-0.009297308909531486,70,Greed,1689968224.0,239902168.82068,-0.27986996429975797,-0.2963861673501276,0.0001,0.0,0.1397,-0.028021736759711608,0.036337179270216236,0.03778303412403303,0.07827851263154005,0.037973517596133544
2024-10-23,2714.39990234375,70.7699966430664,2.3420000076293945,5797.419921875,19.239999771118164,-0.01091867720094922,-0.018480152964077994,0.013324890096842276,-0.009233824267679564,0.05556979733891606,71,Greed,1447606402.0,199800409.13528,-0.15479829120127916,-0.18291229638801937,8.986999999999999e-05,-1.0130000000000013e-05,0.13997,0.0019308476696384886,0.03152336147050635,0.03778014574410675,0.07824139563134097,0.03778303412403303
2024-10-24,2734.89990234375,70.19000244140625,2.5220000743865967,5809.85986328125,19.079999923706055,0.007523937915991553,-0.008229249128125489,0.07404699860464296,0.0021434731305568283,-0.008350771319909049,69,Greed,1212204102.0,170359693.92653,-0.17747116073070562,-0.1594068655106354,0.0001,1.0130000000000013e-05,0.14188,0.013553515972866552,0.03077220772734545,0.037767715679931674,0.07813012034534979,0.03778014574410675
2024-10-25,2740.89990234375,71.77999877929688,2.559999942779541,5808.1201171875,20.329999923706055,0.002191461563702766,0.022399983188136557,0.01495496910191978,-0.00029949201318627087,0.06345696186597276,72,Greed,1516604558.0,206543501.50519,0.22403371822764623,0.1925990028314029,7.357e-05,-2.6430000000000003e-05,0.13161,-0.07513862605918878,0.03891676324850961,0.0406062248234843,0.07557149784735581,0.037767715679931674
2024-10-27,2740.89990234375,71.77999877929688,2.559999942779541,5808.1201171875,20.329999923706055,0.0,0.0,0.0,0.0,0.0,74,Greed,1098602934.0,155134439.17154,0.36004448653617044,0.4096524250746991,0.0001,1.4636666666666668e-05,0.14426,0.04821151559219791,0.042668947648098664,0.038602464121294824,0.07971089046507028,0.038451875007824335
2024-10-28,2742.89990234375,67.37999725341797,2.309000015258789,5823.52001953125,19.799999237060547,0.00072942126259476,-0.06325767149745264,-0.10319269915897362,0.002647934626732945,-0.026415724719285577,72,Greed,3223861267.0,487125057.18603,1.0765404797963836,1.1442287905710067,0.0001,0.0,0.16146,0.11264020689134278,0.05997429371986412,0.042994345564536476,0.07828062727262024,0.038602464121294824
2024-10-29,2768.39990234375,67.20999908447266,2.3459999561309814,5832.919921875,19.34000015258789,0.009253781457162933,-0.002526164855852338,0.015897194551031776,0.0016128259449012198,-0.023506401253288445,72,Greed,3867989341.0,657231936.56628,0.1821550295085927,0.2995160988255289,0.0001,0.0,0.17586,0.0854307899839867,0.06119890821156727,0.0446623429166343,0.0777390025279123,0.042994345564536476
2024-10-30,2788.5,68.61000061035156,2.8450000286102295,5813.669921875,20.350000381469727,0.007234316137240295,0.02061627323877297,0.19285134610282678,-0.0033056916724881185,0.05090543271914016,77,Extreme Greed,2167415553.0,371056091.93016,-0.5791993535396126,-0.5716837375137613,0.0001,0.0,0.16828,-0.044058965228535744,0.06724562870436825,0.042142076859354456,0.07674780378844176,0.0446623429166343
2024-10-31,2738.300048828125,69.26000213623047,2.7070000171661377,5705.4501953125,23.15999984741211,-0.01816650912342701,0.009429264219159237,-0.04972206066106166,-0.018790134928745348,0.12934571548232596,77,Extreme Greed,2005209273.0,334554241.94658,-0.07778703748706468,-0.10355421765782527,0.0001,0.0,0.16164,-0.0402576185120473,0.07186466872819025,0.040676151067265784,0.07599786486835634,0.042142076859354456
2024-11-01,2738.60009765625,69.48999786376953,2.6630001068115234,5728.7998046875,21.8799991607666,0.0001095688511384859,0.003315256766768306,-0.01638767003228602,0.004084158004525459,-0.056853706918779355,75,Greed,2339768574.0,376768880.38946,0.1543035936058026,0.11883292538379595,0.0001,0.0,0.15916,-0.015461654651545125,0.06170959838878865,0.04052233876338563,0.07549107434337868,0.040676151067265784
2024-11-02,2738.60009765625,69.48999786376953,2.6630001068115234,5728.7998046875,21.8799991607666,0.0,0.0,0.0,0.0,0.0,72,Greed,1264695204.0,201789654.01145,-0.6152208767857641,-0.6244061120123685,9.416333333333335e-05,-5.836666666666658e-06,0.15955,0.0024473671655245266,0.06184388126051995,0.040538951777412104,0.07638768371927637,0.04052233876338563
2024-11-03,2738.60009765625,69.48999786376953,2.6630001068115234,5728.7998046875,21.8799991607666,0.0,0.0,0.0,0.0,0.0,74,Greed,2202139186.0,328826221.34581,0.5545980975109703,0.4883035705416995,0.0001,5.836666666666658e-06,0.15139,-0.05249806410046515,0.06610185641249486,0.042004656182774776,0.0760740275281907,0.040538951777412104
2024-11-04,2736.10009765625,71.47000122070312,2.7809998989105225,5712.68994140625,21.979999542236328,-0.0009132920834320161,0.028094971727141534,0.04335719196051501,-0.0028160448131902913,0.004559988951510874,70,Greed,2550505871.0,397394845.98352,0.1468624750758939,0.18940095207077495,7.089000000000001e-05,-2.9109999999999997e-05,0.15822,0.04412718096946295,0.05123458082514283,0.04239535881031719,0.07624777514745444,0.042004656182774776
2024-11-05,2740.300048828125,71.98999786376953,2.6700000762939453,5782.759765625,20.489999771118164,0.0015338367843668287,0.007249392495397435,-0.04073203791511217,0.012191031029563081,-0.07019597706871061,70,Greed,3885888575.0,660058812.20594,0.4210599568212454,0.5073985797617123,7.114666666666667e-05,2.5666666666666026e-07,0.16999,0.07175314219742801,0.04742370161192464,0.04375162231342531,0.07636850207264669,0.04239535881031719
2024-11-06,2667.60009765625,71.69000244140625,2.746999979019165,5929.0400390625,16.270000457763672,-0.02688819289182318,-0.004175888887395827,0.028430898488741013,0.024981280957186654,-0.2306140017140018,70,Greed,10672110565.0,2114193426.96117,1.010282172307178,1.1640997198805687,0.0001,2.8853333333333337e-05,0.19646,0.1447192364560451,0.06980514977786291,0.049039975306896896,0.07328522403823025,0.04375162231342531
2024-11-07,2698.39990234375,72.36000061035156,2.693000078201294,5973.10009765625,15.199999809265137,0.011479740190580862,0.009302367042198464,-0.019853556607221007,0.007403754173995657,-0.06802753406250556,77,Extreme Greed,3704240102.0,718407541.42712,-1.0581557123709397,-1.0793916458688986,0.00010615666666666667,6.156666666666668e-06,0.19324,-0.016525908560517562,0.06678161781073468,0.049142481987219884,0.07287215513028372,0.049039975306896896
2024-11-08,2687.5,70.37999725341797,2.6689999103546143,5995.5400390625,14.9399995803833,-0.004047575121093911,-0.02774457609362235,-0.0089520060334332,0.0037497940357180464,-0.017253263686007284,75,Greed,3233648867.0,638780904.93637,-0.1358669572254534,-0.1174754906555741,0.0001,-6.156666666666668e-06,0.20197,0.04418623183409111,0.06444728219907571,0.049289050340375784,0.07281162009256002,0.049142481987219884
2024-11-09,2687.5,70.37999725341797,2.6689999103546143,5995.5400390625,14.9399995803833,0.0,0.0,0.0,0.0,0.0,75,Greed,3534294056.0,735140504.62374,0.08890239832078407,0.14050011988745373,0.0001,0.0,0.2189,0.08049583300852027,0.06482298833691558,0.04989067725455069,0.07684020660228455,0.049289050340375784
2024-11-10,2687.5,70.37999725341797,2.6689999103546143,5995.5400390625,14.9399995803833,0.0,0.0,0.0,0.0,0.0,78,Extreme Greed,10387872726.0,2646663254.96577,1.0781254635712847,1.2809933328195329,0.00021632,0.00011631999999999998,0.27778,0.23821442895925574,0.08252293330456273,0.06334293926581189,0.06602847318065715,0.04989067725455069
2024-11-11,2611.199951171875,68.04000091552734,2.9200000762939453,6001.35009765625,14.970000267028809,-0.0288015263656269,-0.03381331188501914,0.08987980557349741,0.0009685941909569238,0.0020060646512555826,76,Extreme Greed,11217134512.1,3419122695.104413,0.07680343469438178,0.2560842987334999,0.00017140333333333333,-4.4916666666666656e-05,0.35136,0.23498190539303815,0.09646053954179391,0.07327852288968134,0.05148250699350643,0.06334293926581189
2024-11-12,2600.0,68.12000274658203,2.9070000648498535,5983.990234375,14.710000038146973,-0.00429842206071789,0.001175115130863235,-0.004461998523343721,-0.0028968514769364996,-0.017520679062518398,80,Extreme Greed,17192779834.8,6566757221.704137,0.427047042243583,0.6526361408201303,0.00032501666666666666,0.00015361333333333333,0.37985,0.07796509906811942,0.09603500179903444,0.07325950286878756,0.04979449803730559,0.07327852288968134
2024-11-13,2580.800048828125,68.43000030517578,2.9830000400543213,5985.3798828125,14.020000457763672,-0.00741199771886598,0.004540433309838222,0.025807875075231364,0.00023220076414018386,-0.04804262294940944,84,Extreme Greed,12474507223.0,4902798028.02757,-0.3208023789467806,-0.29221406881670403,0.00016925333333333333,-0.00015576333333333333,0.39903,0.049260164084083805,0.09784918365680854,0.07326880005730285,0.04901018488453434,0.07325950286878756
2024-11-14,2568.199951171875,68.69999694824219,2.7850000858306885,5949.169921875,14.3100004196167,-0.004894201906120731,0.003937825382707094,-0.0686816147619756,-0.006068108582244,0.020473708634473634,88,Extreme Greed,6885684747.0,2695597636.72341,-0.5942425575577982,-0.5981861308980837,0.0001,-6.925333333333333e-05,0.36254,-0.09590178899854165,0.11657648248378338,0.07721343082027199,0.045823199072758995,0.07326880005730285
2024-11-15,2565.699951171875,67.0199966430664,2.822999954223633,5870.6201171875,16.139999389648438,-0.0009739185590534588,-0.024758122586163202,0.013552228857682867,-0.013291430866793769,0.12034200213404177,80,Extreme Greed,6002216840.0,2210627800.83513,-0.13731570781434407,-0.19834338940848467,0.0001,0.0,0.3815,0.05097603768973882,0.11616036923771282,0.07704621146668265,0.04505953830738512,0.07721343082027199
2024-11-16,2565.699951171875,67.0199966430664,2.822999954223633,5870.6201171875,16.139999389648438,0.0,0.0,0.0,0.0,0.0,86,Extreme Greed,3538931801.0,1326519976.69615,-0.5283039438432172,-0.5107175937793551,0.0002185966666666667,0.00011859666666666668,0.36421,-0.0463802263669863,0.12740105811278496,0.07853463427667921,0.04420652722804282,0.07704621146668265
2024-11-17,2565.699951171875,67.0199966430664,2.822999954223633,5870.6201171875,16.139999389648438,0.0,0.0,0.0,0.0,0.0,90,Extreme Greed,3780910238.0,1357261707.2671,0.06613985386693501,0.02291026530722862,0.00022799666666666667,9.399999999999985e-06,0.36704,0.00774020958348052,0.10538563024549459,0.07857012472044651,0.04439290459772412,0.07853463427667921
2024-11-18,2610.60009765625,69.16000366210938,2.9730000495910645,5893.6201171875,15.579999923706055,0.017348790536743833,0.031431681545723344,0.05177142764059131,0.003910159746206537,-0.03531258948003348,83,Extreme Greed,4010630836.0,1486951498.00098,0.05898376030974042,0.09125883010376931,0.00028165333333333336,5.3656666666666684e-05,0.37113,0.011081571601844193,0.06083664462945398,0.07860453378538154,0.047807682133156726,0.07857012472044651
2024-11-19,2627.10009765625,69.38999938964844,2.997999906539917,5916.97998046875,16.350000381469727,0.006300496006653572,0.003320042349147119,0.008373807809822099,0.003955750520596487,0.04823988512905733,90,Extreme Greed,6174029423.0,2421330863.4667,0.4314031470422913,0.4875892829899733,0.0002542166666666667,-2.743666666666668e-05,0.39067,0.051310808312805566,0.056385894446827754,0.07821385223549784,0.05226874781576213,0.07860453378538154
2024-11-20,2648.199951171875,68.87000274658203,3.193000078201294,5917.10986328125,17.15999984741211,0.007999532098494133,-0.007522046678218695,0.06301556971786235,2.19506213354446e-05,0.04835316449300409,83,Extreme Greed,3737616522.0,1435431994.86896,-0.5019035770129948,-0.5228514869581758,0.00011507666666666668,-0.00013914,0.37778,-0.033551198251981995,0.05394472975685453,0.0790751879799268,0.05213347337784514,0.07821385223549784
2024-11-21,2672.10009765625,70.0999984741211,3.3389999866485596,5948.7099609375,16.8700008392334,0.008984571185138249,0.017702062836089758,0.044710418738758806,0.005326251844288491,-0.0170441388627829,82,Extreme Greed,3942916685.0,1515354957.66809,0.053472610136205204,0.05418386138077164,0.0001,-1.507666666666667e-05,0.38664,0.023182011933155063,0.03793975868973804,0.07827851263154005,0.051914314618598544,0.0790751879799268
2024-11-22,2709.89990234375,71.23999786376953,3.128999948501587,5969.33984375,15.239999771118164,0.014046981134497769,0.01613165616169969,-0.06495790873456347,0.0034619595915364653,-0.10161341106495818,94,Extreme Greed,6068746988.0,2427461914.2625,0.4312314319224116,0.4711965247671028,0.00033620000000000004,0.00023620000000000005,0.41277,0.06539650957100622,0.04086527253690017,0.07824139563134097,0.050203206946130674,0.07827851263154005
2024-11-23,2709.89990234375,71.23999786376953,3.128999948501587,5969.33984375,15.239999771118164,0.0,0.0,0.0,0.0,0.0,93,Extreme Greed,8608702376.3,3841387804.780048,0.3496214391061384,0.45898747702646014,0.0005158533333333333,0.00017965333333333326,0.43015,0.04124344795952214,0.032915547680650754,0.07813012034534979,0.05011851602892824,0.07824139563134097
2024-11-24,2709.89990234375,71.23999786376953,3.128999948501587,5969.33984375,15.239999771118164,0.0,0.0,0.0,0.0,0.0,80,Extreme Greed,4932729870.0,2087009350.75786,-0.5568810348792705,-0.6101016002393241,0.00020758333333333336,-0.0003082699999999999,0.43023,0.000185964341873581,0.033644535699332186,0.07557149784735581,0.05079516575402207,0.07813012034534979
2024-11-25,2616.800048828125,68.94000244140625,3.36899995803833,5987.3701171875,14.600000381469727,-0.03495948190340738,-0.032817831932857484,0.07390250374086611,0.0030159278201245415,-0.04290198039765308,82,Extreme Greed,4149065549.0,1711917426.77504,-0.1730094209985455,-0.19811806403073404,0.00019035333333333333,-1.7230000000000023e-05,0.39264,-0.09142678788668403,0.055043977171772125,0.07924943009168375,0.04830063679258532,0.07557149784735581
2024-11-26,2620.300048828125,68.7699966430664,3.430999994277954,6021.6298828125,14.100000381469727,0.001336617767776714,-0.0024690419843932956,0.01823581023937819,0.005705697155263866,-0.03484673040364113,79,Extreme Greed,3934214992.0,1517428377.73407,-0.05317177177860572,-0.12059699923407403,0.00013275333333333334,-5.759999999999999e-05,0.38705,-0.014339277871824105,0.05195020138325205,0.07971089046507028,0.049568140998579896,0.07924943009168375
2024-11-27,2639.89990234375,68.72000122070312,3.2039999961853027,5998.740234375,14.100000381469727,0.007452166991228204,-0.0007272590783860844,-0.06845173419305577,-0.003808481083577712,0.0,75,Greed,2930851837.0,1158680737.18236,-0.2944182580670889,-0.26973498292384895,0.00013313,3.7666666666665233e-07,0.40093,0.03523296482682728,0.051341467512426305,0.07828062727262024,0.048930123208397264,0.07971089046507028
2024-11-28,2639.89990234375,68.72000122070312,3.2039999961853027,5998.740234375,14.100000381469727,0.0,0.0,0.0,0.0,0.0,77,Extreme Greed,2624936834.0,1062183702.5957,-0.11023627761095574,-0.08695517655166342,0.00012275333333333334,-1.0376666666666651e-05,0.4016,0.0016697198999697182,0.050958321268945894,0.0777390025279123,0.049676150180174544,0.07828062727262024
2024-11-29,2657.0,68.0,3.36299991607666,6032.3798828125,13.510000228881836,0.006456666117155565,-0.010532590263326157,0.04843337978772082,0.005592120396801623,-0.04274465552494473,78,Extreme Greed,3088512232.0,1291657609.36031,0.16263266412863042,0.19559947618163145,0.0002584133333333333,0.00013565999999999996,0.42636,0.0598274914434166,0.04989839971352477,0.07674780378844176,0.04820796877862564,0.0777390025279123
2024-11-30,2657.0,68.0,3.36299991607666,6032.3798828125,13.510000228881836,0.0,0.0,0.0,0.0,0.0,84,Extreme Greed,2293217212.0,973901486.517,-0.2977337689517405,-0.2823714856657551,0.00026003666666666664,1.623333333333342e-06,0.4216,-0.011227062593783553,0.04735759147774412,0.07599786486835634,0.04823480738482824,0.07674780378844176
2024-12-01,2657.0,68.0,3.36299991607666,6032.3798828125,13.510000228881836,0.0,0.0,0.0,0.0,0.0,81,Extreme Greed,3414080563.0,1476298154.74837,0.39795249423342155,0.41598283130197744,0.00019908333333333334,-6.0953333333333304e-05,0.44045,0.0437399343286523,0.05057740164964878,0.07549107434337868,0.04727814083268614,0.07599786486835634
2024-12-02,2634.89990234375,68.0999984741211,3.2130000591278076,6047.14990234375,13.34000015258789,-0.008352473231234763,0.0014694855729147065,-0.04562830926682871,0.0024454638805813736,-0.012663116987917826,80,Extreme Greed,5661242625.0,2422074970.98563,0.5057351912453277,0.49508689117531346,0.0002869766666666667,8.789333333333334e-05,0.42457,-0.03672003951667942,0.03545758321252968,0.07638768371927637,0.04755615591720762,0.07549107434337868
2024-12-03,2644.699951171875,69.94000244140625,3.0420000553131104,6049.8798828125,13.300000190734863,0.003712425318383127,0.026660575793360352,-0.05468988651615979,0.0004513472420221813,-0.0030030023571751023,76,Extreme Greed,4297871410.0,1762743086.33872,-0.27552353396563245,-0.3177534312950562,0.0003329633333333333,4.598666666666662e-05,0.40632,-0.04393586554613565,0.04042314627879229,0.0760740275281907,0.04794431515912013,0.07638768371927637
2024-12-04,2653.800048828125,68.54000091552734,3.0429999828338623,6086.490234375,13.449999809265137,0.003434974654697664,-0.020220236738356396,0.0003286532534048113,0.00603318162813612,0.011215042298142144,78,Extreme Greed,3719414028.0,1553350029.06576,-0.14455374268323432,-0.1264572597836698,0.00039908666666666663,6.612333333333334e-05,0.43274,0.06299605926629394,0.044788028571093694,0.07624777514745444,0.05127321840898135,0.0760740275281907
2024-12-05,2626.60009765625,68.30000305175781,3.0789999961853027,6075.10986328125,13.539999961853027,-0.010302322170881693,-0.0035077185456156065,0.011761002429777765,-0.0018715258393823342,0.006669172799957789,84,Extreme Greed,6428185957.0,2822339374.04718,0.5471262401500148,0.5971521985786149,0.0005051866666666667,0.00010610000000000003,0.42682,-0.013774707073458776,0.045690250672729193,0.07636850207264669,0.05182888053464936,0.07624777514745444
2024-12-06,2638.60009765625,67.19999694824219,3.0759999752044678,6090.27001953125,12.770000457763672,0.004558239129528256,-0.01623660914236962,-0.0009748241209917851,0.0024923453675383123,-0.058549558775524854,72,Greed,2736325757.0,1183271299.71256,-0.8540763207689205,-0.8692832156489189,0.00030928333333333336,-0.0001959033333333333,0.43467,0.01822474381491593,0.040321846748260406,0.07328522403823025,0.05194877293094009,0.07636850207264669
2024-12-07,2638.60009765625,67.19999694824219,3.0759999752044678,6090.27001953125,12.770000457763672,0.0,0.0,0.0,0.0,0.0,75,Greed,3482207276.0,1569075699.65341,0.24105031152800363,0.28220382899043817,0.0004089433333333333,9.965999999999995e-05,0.45281,0.04088548895002045,0.04208189516748323,0.07287215513028372,0.05137580724531279,0.07328522403823025
2024-12-08,2638.60009765625,67.19999694824219,3.0759999752044678,6090.27001953125,12.770000457763672,0.0,0.0,0.0,0.0,0.0,79,Extreme Greed,3415660534.4,1583884025.100411,-0.019295471619198326,0.009393354577350977,0.00040678333333333335,-2.1599999999999658e-06,0.46635,0.02946381372211143,0.04050191568344452,0.07281162009256002,0.05425279433893538,0.07287215513028372
2024-12-09,2664.89990234375,68.37000274658203,3.181999921798706,6052.85009765625,14.1899995803833,0.00991798633808684,0.017260969981989026,0.03387986175701848,-0.006163167285227462,0.1054387557094042,78,Extreme Greed,5584093802.0,2396779879.85935,0.4915512678587767,0.4142460454860478,0.00017775333333333335,-0.00022903,0.41403,-0.11899799020481415,0.061955267966736,0.07684020660228455,0.05021325278055348,0.07281162009256002
2024-12-10,2697.60009765625,68.58999633789062,3.1630001068115234,6034.91015625,14.180000305175781,0.012196028210303023,0.0032125260218978198,-0.005988927246882665,-0.002968284314279252,-0.0007049189751086937,78,Extreme Greed,5317180501.0,2096830723.95796,-0.04897898182247891,-0.1336990940168795,0.0001,-7.775333333333335e-05,0.39392,-0.04979059197196966,0.06262657346847975,0.06602847318065715,0.05071146811673569,0.07684020660228455
2024-12-11,2733.800048828125,70.29000091552734,3.378000020980835,6084.18994140625,13.579999923706055,0.013330075570755336,0.02448285609288817,0.06576284650406404,0.008132626411368235,-0.043234426113106225,74,Greed,2982323311.0,1195264275.4288,-0.5782405505250227,-0.5620597137842892,7.947000000000001e-05,-2.0529999999999995e-05,0.41402,0.04976643884111881,0.060413253292944634,0.05148250699350643,0.05034467692967392,0.06602847318065715
2024-12-12,2687.5,70.0199966430664,3.4549999237060547,6051.25,13.920000076293945,-0.017081207143532985,-0.0038486866287931534,0.022538610540818103,-0.005428731461463251,0.02472854387472121,83,Extreme Greed,2544752744.0,1051051694.59888,-0.15866913967572596,-0.12857603512702326,0.0001,2.0529999999999995e-05,0.40611,-0.01929022297140298,0.06056250534303856,0.04979449803730559,0.050559954964667905,0.05148250699350643
2024-12-13,2656.0,71.29000091552734,3.2799999713897705,6051.08984375,13.8100004196167,-0.011790161839593786,0.017975210387811715,-0.05197902146402772,-2.646698937187397e-05,-0.007933662580971048,76,Extreme Greed,1560217848.0,632483795.30037,-0.4892080339825131,-0.5078919555797476,0.0001,0.0,0.40901,0.007115546755854391,0.05993036125800921,0.04901018488453434,0.05053002468756003,0.04979449803730559
2024-12-14,2656.0,71.29000091552734,3.2799999713897705,6051.08984375,13.8100004196167,0.0,0.0,0.0,0.0,0.0,83,Extreme Greed,1406442149.0,561853226.2644,-0.10376224074049062,-0.11841394764097826,0.0001,0.0,0.39828,-0.026584330101775282,0.05591916568829479,0.045823199072758995,0.05043821177232501,0.04901018488453434
2024-12-15,2656.0,71.29000091552734,3.2799999713897705,6051.08984375,13.8100004196167,0.0,0.0,0.0,0.0,0.0,80,Extreme Greed,1093200858.0,438210921.06645,-0.25195325700190563,-0.24854030314172484,7.031666666666666e-05,-2.968333333333334e-05,0.40659,0.020650031176150784,0.05475064190945958,0.04505953830738512,0.05129333591103441,0.045823199072758995
2024-12-16,2651.39990234375,70.70999908447266,3.2139999866485596,6074.080078125,14.6899995803833,-0.0017334660635325901,-0.008169085303320521,-0.02032715051225124,0.0037921550087844295,0.06177396381481069,83,Extreme Greed,1637008922.0,662336396.65115,0.4037607886646722,0.4130732295001875,0.0001,2.968333333333334e-05,0.40195,-0.01147760392206455,0.032960012347430484,0.04420652722804282,0.05350586568789494,0.04505953830738512
2024-12-17,2644.39990234375,70.08000183105469,3.308000087738037,6050.60986328125,15.869999885559082,-0.00264360600282425,-0.00894951991231415,0.028827540523260184,-0.0038714794806554956,0.07726356570616974,87,Extreme Greed,1486814080.0,596025766.01319,-0.09623511918914104,-0.10548968121584572,0.0001,0.0,0.39415,-0.019596155268052542,0.02753267318863203,0.04439290459772412,0.05355371635187038,0.04420652722804282
2024-12-18,2636.5,70.58000183105469,3.374000072479248,5872.16015625,27.6200008392334,-0.0029918795594432402,0.007109371433892709,0.019755201921043596,-0.02993650530451818,0.554109651038965,81,Extreme Greed,2778577477.0,1044353650.62209,0.6253034684203019,0.5608695591911288,6.358e-05,-3.642000000000001e-05,0.35824,-0.09552839465547254,0.036981295147911125,0.047807682133156726,0.05349551214514852,0.04439290459772412
2024-12-19,2592.199951171875,69.91000366210938,3.5840001106262207,5867.080078125,24.09000015258789,-0.01694536281780769,-0.009538091283001255,0.06038052037390054,-0.0008654867505367934,-0.13674335540527865,75,Greed,5544908636.0,1834889200.87388,0.6909410460215045,0.5635859207827276,4.700000000000002e-06,-5.888e-05,0.31431,-0.1308233928174615,0.05561743945932862,0.05226874781576213,0.0480532104873999,0.047807682133156726
2024-12-20,2628.699951171875,69.45999908447266,3.747999906539917,5930.85009765625,18.360000610351562,0.01398249166131256,-0.006457718771803879,0.04474281346081278,0.010810479402397299,-0.271622404524963,74,Greed,6899043983.0,2051715365.98822,0.21850270497481158,0.11169210846690394,-5.503666666666667e-05,-5.973666666666667e-05,0.31793,0.011451472729793185,0.056206555910351806,0.05213347337784514,0.05196492471640238,0.05226874781576213
2024-12-21,2628.699951171875,69.45999908447266,3.747999906539917,5930.85009765625,18.360000610351562,0.0,0.0,0.0,0.0,0.0,73,Greed,3747409658.0,1236432999.73927,-0.6103180053829117,-0.5064455860550426,9.363333333333332e-06,6.44e-05,0.32042,0.007801402455791767,0.05861620674895479,0.051914314618598544,0.05202860249345839,0.05213347337784514
2024-12-22,2628.699951171875,69.45999908447266,3.747999906539917,5930.85009765625,18.360000610351562,0.0,0.0,0.0,0.0,0.0,73,Greed,2191716587.0,690937802.44318,-0.5363797769577945,-0.5819360913019865,2.9670000000000002e-05,2.030666666666667e-05,0.31262,-0.024644239751243007,0.05429546168572262,0.050203206946130674,0.05235233431089337,0.051914314618598544
2024-12-23,2612.300048828125,69.23999786376953,3.6559998989105225,5974.06982421875,16.780000686645508,-0.006258330803749558,-0.003172334679827193,-0.024852713498578975,0.007260849585616372,-0.08998667647636249,70,Greed,2130359688.0,669749778.67626,-0.028394233404283573,-0.031145630812960436,-8.676666666666666e-06,-3.834666666666667e-05,0.32497,0.03874447490948732,0.0611940394275469,0.05011851602892824,0.052245249662002446,0.050203206946130674
2024-12-24,2620.0,70.0999984741211,3.946000099182129,6040.0400390625,14.270000457763672,0.00294323974486273,0.012344072817910593,0.07633280679366752,0.010982233165126825,-0.1620282783920423,73,Greed,1468454936.0,482863387.29462,-0.372080048980435,-0.3271704063623237,4.194666666666667e-05,5.0623333333333334e-05,0.3371,0.036646751863202466,0.06632196064056843,0.05079516575402207,0.05221947641999884,0.05011851602892824
2024-12-25,2620.0,70.0999984741211,3.946000099182129,6040.0400390625,14.270000457763672,0.0,0.0,0.0,0.0,0.0,73,Greed,1176142542.0,391656942.49944,-0.22197073277513424,-0.20934746166416063,-5.1263333333333334e-05,-9.321000000000001e-05,0.33433,-0.008251093085621681,0.05794348001695823,0.04830063679258532,0.05219605639296745,0.05079516575402207
2024-12-26,2638.800048828125,69.62000274658203,3.7149999141693115,6037.58984375,14.729999542236328,0.007149969097485895,-0.006870850439029008,-0.06032377766937305,-0.0004057410882578191,0.031726735830086665,79,Extreme Greed,1143051080.0,365121660.13497,-0.028538978086914295,-0.07015569645741848,1.9866666666666667e-05,7.113e-05,0.31274,-0.06675635473902918,0.03688803912013736,0.049568140998579896,0.05057812712619442,0.04830063679258532
2024-12-27,2617.199951171875,70.5999984741211,3.5139999389648438,5970.83984375,15.949999809265137,-0.008219261513672152,0.013978201051839344,-0.05562368267013716,-0.01111730496491221,0.07957261787497986,74,Greed,1010676000.0,318915633.21444,-0.12308165933008391,-0.13530401835974437,-1.3803333333333332e-05,-3.367e-05,0.31186,-0.0028178052586248195,0.03649581094689444,0.048930123208397264,0.0515489476713647,0.049568140998579896
2024-12-28,2617.199951171875,70.5999984741211,3.5139999389648438,5970.83984375,15.949999809265137,0.0,0.0,0.0,0.0,0.0,72,Greed,626267458.0,199450953.15139,-0.4785971638235828,-0.4693582378848523,4.867333333333334e-05,6.247666666666667e-05,0.32439,0.03939212646881597,0.03982036080197272,0.049676150180174544,0.0510936025374744,0.048930123208397264
2024-12-29,2617.199951171875,70.5999984741211,3.5139999389648438,5970.83984375,15.949999809265137,0.0,0.0,0.0,0.0,0.0,73,Greed,838842516.0,269189331.65709,0.2922454553820917,0.29984660994358664,9.845333333333333e-05,4.9779999999999994e-05,0.31435,-0.03143948079648528,0.04064558209521836,0.04820796877862564,0.051503931405852466,0.049676150180174544
2024-12-30,2606.10009765625,70.98999786376953,3.936000108718872,5906.93994140625,17.399999618530273,-0.004250136932791706,0.00550886907312227,0.1134100344159054,-0.010759673941729728,0.08701136702438074,65,Greed,1242292430.0,393281735.59825,0.39269070122636607,0.3791112723217418,5.2346666666666665e-05,-4.610666666666667e-05,0.31396,-0.0012414255704571843,0.03707520341404821,0.04823480738482824,0.05158640666007851,0.04820796877862564
2024-12-31,2629.199951171875,71.72000122070312,3.632999897003174,5881.6298828125,17.350000381469727,0.008824710411780469,0.010230673798029735,-0.08010628192295799,-0.0042940064589823065,-0.002877655917339942,64,Greed,1024184412.0,326747585.02847,-0.19306180643590884,-0.18533827791178872,8.535666666666667e-05,3.3010000000000004e-05,0.316,0.0064766243282991555,0.032962714975144004,0.04727814083268614,0.05173218998413554,0.04823480738482824
2025-01-01,2629.199951171875,71.72000122070312,3.632999897003174,5881.6298828125,17.350000381469727,0.0,0.0,0.0,0.0,0.0,66,Greed,705437154.0,225584886.81993,-0.3728341919890177,-0.3704914352589647,5.0516666666666664e-05,-3.4840000000000005e-05,0.32513,0.02848288876415222,0.035935278651875104,0.04755615591720762,0.05150655037729936,0.04727814083268614
2025-01-02,2658.89990234375,73.12999725341797,3.6600000858306885,5868.5498046875,17.93000030517578,0.011232867866452192,0.019468975967998597,0.00740444597556923,-0.002226363149448992,0.032882776257846205,70,Greed,1564674333.0,526926487.28007,0.7966153001500389,0.8483645196506476,0.0001,4.948333333333334e-05,0.33893,0.041568494031941426,0.02647917253303891,0.04794431515912013,0.052275472753808866,0.04755615591720762
2025-01-03,2645.0,73.95999908447266,3.3540000915527344,5942.47021484375,16.1299991607666,-0.005241401391997348,0.011285752414910675,-0.08730948016668419,0.01251735670782609,-0.10579446452967473,74,Greed,2152130037.0,781351607.02203,0.31878035818133726,0.3939642035979914,5.746e-05,-4.254e-05,0.37989,0.11408814074762097,0.045782825347778014,0.05127321840898135,0.053073321903087854,0.04794431515912013
2025-01-04,2645.0,73.95999908447266,3.3540000915527344,5942.47021484375,16.1299991607666,0.0,0.0,0.0,0.0,0.0,73,Greed,1857777267.0,720008733.87459,-0.14707731120908848,-0.08176190726422922,0.0001,4.254e-05,0.39483,0.03857355538371521,0.04575047691500502,0.05182888053464936,0.05394050368784916,0.05127321840898135
2025-01-05,2645.0,73.95999908447266,3.3540000915527344,5942.47021484375,16.1299991607666,0.0,0.0,0.0,0.0,0.0,72,Greed,1058790866.0,407589082.4909,-0.5622531907937696,-0.569003826188457,8.781333333333333e-05,-1.2186666666666676e-05,0.3823,-0.03224965181197498,0.045926806806510394,0.05194877293094009,0.05520155985370402,0.05182888053464936
2025-01-06,2638.39990234375,73.55999755859375,3.671999931335449,5975.3798828125,16.040000915527344,-0.0024984295005021796,-0.005423027593440198,0.09058276336114922,0.005522766496818171,-0.005595180591635829,76,Extreme Greed,1121833276.0,433882739.78581,0.05783663610736307,0.06251479663914002,6.226666666666667e-05,-2.5546666666666657e-05,0.38782,0.014335673752104908,0.04463548648233167,0.05137580724531279,0.055034606907632386,0.05194877293094009
2025-01-07,2656.699951171875,74.25,3.4489998817443848,5909.02978515625,17.81999969482422,0.006912096917743294,0.009336411136007488,-0.06265215439097231,-0.011166021516637011,0.10523574540106705,78,Extreme Greed,2539411771.0,941837524.37431,0.8169682672960425,0.7750584674986966,9.322666666666667e-05,3.096e-05,0.348,-0.1083388346799977,0.06915787040077835,0.05425279433893538,0.05221888861861693,0.05137580724531279
2025-01-08,2664.5,73.31999969482422,3.6510000228881836,5918.25,17.700000762939453,0.0029316900271960217,-0.012604358873549463,0.056916809274742436,0.0015591440938312422,-0.006756722233491995,70,Greed,2126726199.0,729506270.65314,-0.1773486664327702,-0.25546481651802827,-1.4783333333333333e-05,-0.00010801,0.3423,-0.01651493423833464,0.06965297317172987,0.05021325278055348,0.05221943946254436,0.05425279433893538
2025-01-09,2664.5,73.31999969482422,3.6510000228881836,5918.25,17.700000762939453,0.0,0.0,0.0,0.0,0.0,69,Greed,1860743903.0,609426648.77337,-0.13360744594022325,-0.17984936862738388,2.673e-05,4.1513333333333335e-05,0.321,-0.06424642240612369,0.07241684452676446,0.05071146811673569,0.05162810966587411,0.05021325278055348
2025-01-10,2708.5,76.56999969482422,3.989000082015991,5827.0400390625,19.540000915527344,0.016378553361116682,0.043371932330193555,0.08853948454129108,-0.015531637650233373,0.09889901078493853,50,Neutral,1488638174.0,492051412.80003,-0.22311463077240673,-0.2139353865280162,-0.00012190333333333334,-0.00014863333333333333,0.33388,0.039340523852520154,0.05482976736869833,0.05034467692967392,0.05086254126513123,0.05071146811673569
2025-01-11,2708.5,76.56999969482422,3.989000082015991,5827.0400390625,19.540000915527344,0.0,0.0,0.0,0.0,0.0,69,Greed,604720851.0,203958287.51324,-0.9008500555806835,-0.8806677086314009,-6.820333333333333e-05,5.3700000000000004e-05,0.3412,0.021687168634988093,0.052212118408689674,0.050559954964667905,0.05095716395592554,0.05034467692967392
2025-01-12,2708.5,76.56999969482422,3.989000082015991,5827.0400390625,19.540000915527344,0.0,0.0,0.0,0.0,0.0,62,Greed,648565559.0,219549254.34156,0.06999614369333237,0.07366110073597502,-5.052333333333334e-05,1.7679999999999993e-05,0.33591,-0.01562554867730886,0.05198504243760138,0.05053002468756003,0.050944677601400826,0.050559954964667905
2025-01-13,2673.5,78.81999969482422,3.934000015258789,5836.22021484375,19.190000534057617,-0.013006500709167285,0.028961416755598178,-0.013883869638245575,0.0015742043780551176,-0.018074355619041128,61,Greed,1782621475.0,580111787.90483,1.011077206694909,0.971644222037447,1.091e-05,6.143333333333334e-05,0.33807,0.006409707692152429,0.05123201657393003,0.05043821177232501,0.05177010243991283,0.05053002468756003
2025-01-14,2677.5,77.5,3.9679999351501465,5842.91015625,18.709999084472656,0.001495047933117684,-0.016888831535749937,0.008605449233854201,0.001145623334164268,-0.02533124649612117,63,Greed,1629282050.0,568333941.85917,-0.08994556198698221,-0.02051165096699466,6.188e-05,5.0969999999999995e-05,0.35591,0.05142491526931952,0.03931911439893702,0.05129333591103441,0.050534101736852834,0.05043821177232501
2025-01-15,2712.5,80.04000091552734,4.083000183105469,5949.91015625,16.1200008392334,0.012987195526811112,0.03224858479460386,0.02856988410383702,0.018147132504516373,-0.14899730221337662,70,Greed,2004221988.0,733657688.16085,0.20711649187797435,0.25533338316022575,1.942e-05,-4.246e-05,0.38537,0.0795260218448512,0.04724612014369637,0.05350586568789494,0.04841915381736687,0.05129333591103441
2025-01-16,2746.39990234375,78.68000030517578,4.257999897003174,5937.33984375,16.600000381469727,0.012420208736854522,-0.017137523754351097,0.041967485099018174,-0.0021149243408667613,0.029341929202495187,75,Greed,1998516270.0,756622622.08561,-0.0028509093009609506,0.030822056486607675,8.499666666666668e-05,6.557666666666668e-05,0.37649,-0.023312425284291203,0.03693140418721377,0.05355371635187038,0.04841070768100572,0.05350586568789494
2025-01-17,2744.300048828125,77.87999725341797,3.947999954223633,5996.66015625,15.970000267028809,-0.000764876477197021,-0.010219852162402603,-0.07559043230586174,0.009941478308394033,-0.03869073939502857,75,Greed,2738492069.0,1115256408.68302,0.3150023888845036,0.3879750089854919,9.865e-05,1.365333333333332e-05,0.41525,0.09798926203115714,0.04668071201611608,0.05349551214514852,0.04385488693228577,0.05355371635187038
2025-01-18,2744.300048828125,77.87999725341797,3.947999954223633,5996.66015625,15.970000267028809,0.0,0.0,0.0,0.0,0.0,77,Extreme Greed,3421181167.0,1378958336.93383,0.22257843278926298,0.21224404441489705,0.0001,1.3500000000000057e-06,0.39641,-0.04643171931237742,0.0552901190831312,0.0480532104873999,0.0435269913481377,0.05349551214514852
2025-01-19,2744.300048828125,77.87999725341797,3.947999954223633,5996.66015625,15.970000267028809,0.0,0.0,0.0,0.0,0.0,77,Extreme Greed,4843917387.0,1834764391.95838,0.3477379089228604,0.2855876906760715,0.0001,0.0,0.3584,-0.10079934808025152,0.07173073559587902,0.05196492471640238,0.040442735995603996,0.0480532104873999
2025-01-20,2744.300048828125,77.87999725341797,3.947999954223633,5996.66015625,15.970000267028809,0.0,0.0,0.0,0.0,0.0,76,Extreme Greed,4008416908.0,1464688334.34397,-0.18932739350351638,-0.225273597735734,7.532333333333333e-05,-2.4676666666666674e-05,0.35456,-0.010772096981911183,0.07213726630128063,0.05202860249345839,0.04070753479716277,0.05196492471640238
2025-01-21,2755.0,75.88999938964844,3.75600004196167,6049.240234375,15.0600004196167,0.003891391478642485,-0.025884229863912228,-0.04985453745849059,0.00873000944059605,-0.05866972871283094,76,Extreme Greed,4627964135.0,1720373097.05309,0.14372068239851185,0.16089870541932152,6.198666666666667e-05,-1.3336666666666664e-05,0.37177,0.047397799370756714,0.07173704400371954,0.05235233431089337,0.03925367217969814,0.05202860249345839
2025-01-22,2767.60009765625,75.44000244140625,3.9600000381469727,6086.3701171875,15.100000381469727,0.004563111323176753,-0.005947244685812746,0.05288946238154303,0.006119181086994129,0.002652518849032259,84,Extreme Greed,1430956457.0,521463661.03813,-1.1737739879939606,-1.1936568727771364,5.964e-05,-2.346666666666669e-06,0.36291,-0.02412051384975449,0.06440890161693993,0.052245249662002446,0.04019400655300581,0.05235233431089337
2025-01-23,2763.10009765625,74.62000274658203,3.944999933242798,6118.7099609375,15.020000457763672,-0.0016272807543716752,-0.010929066086829906,-0.0037950975236033416,0.005299419459529372,-0.005312092270843689,75,Greed,1388750799.0,488786738.85996,-0.029938434430522576,-0.06471331290116435,7.020666666666667e-05,1.0566666666666668e-05,0.35206,-0.030353254022040397,0.06473150962366651,0.05221947641999884,0.04078764589522192,0.052245249662002446
2025-01-24,2777.300048828125,74.66000366210938,4.0269999504089355,6101.240234375,14.850000381469727,0.005125977145751084,0.0005359179363270571,0.020572732178815143,-0.002859215984467759,-0.01138278587602501,75,Greed,908457597.0,323433754.28481,-0.4244117031820949,-0.4129319626259102,3.103333333333333e-05,-3.917333333333333e-05,0.35085,-0.0034428339195285134,0.044975700080315276,0.05219605639296745,0.040760229599009754,0.05221947641999884
2025-01-25,2777.300048828125,74.66000366210938,4.0269999504089355,6101.240234375,14.850000381469727,0.0,0.0,0.0,0.0,0.0,75,Greed,696981516.0,245965750.81184,-0.26498932206895703,-0.2738020129739113,-2.753333333333333e-06,-3.3786666666666666e-05,0.35352,0.007581279124186903,0.04513380087134284,0.05057812712619442,0.047049502469844386,0.05219605639296745
2025-01-26,2777.300048828125,74.66000366210938,4.0269999504089355,6101.240234375,14.850000381469727,0.0,0.0,0.0,0.0,0.0,73,Greed,543676770.0,189206567.43011,-0.24840399356893944,-0.2623529343066612,-2.7466666666666673e-06,6.666666666665615e-09,0.33605,-0.05068010240650966,0.031387947375498056,0.0515489476713647,0.04679136911306982,0.05057812712619442
2025-01-27,2737.5,73.16999816894531,3.697000026702881,6012.27978515625,17.899999618530273,-0.014434155176814617,-0.020159046665649796,-0.08549998237732871,-0.014688059032112328,0.18680080059864573,71,Greed,2468006517.0,792878121.42206,1.5128111281502512,1.4328301491953892,-8.355e-05,-8.080333333333333e-05,0.33397,-0.006208789832645978,0.031397205469731404,0.0510936025374744,0.04694639535733061,0.0515489476713647
2025-01-28,2766.800048828125,73.7699966430664,3.4709999561309814,6067.7001953125,16.40999984741211,0.010646340249542608,0.008166623519532719,-0.06307896293642307,0.009175644177716802,-0.08690979573202155,72,Greed,935060400.0,308598829.88704,-0.9705548994887206,-0.9436273685461556,-9.46666666666666e-07,8.260333333333333e-05,0.31871,-0.046769570181324896,0.02228278899865766,0.051503931405852466,0.04695380067453922,0.0510936025374744
2025-01-29,2769.10009765625,72.62000274658203,3.5350000858306885,6039.31005859375,16.559999465942383,0.000830957531606674,-0.015711695583328272,0.01827059938786406,-0.004689876056919602,0.00909922090372748,72,Greed,927314997.0,303080605.41825,-0.008317815697719834,-0.018043353626409055,8.051333333333333e-05,8.146e-05,0.32404,0.016585366560286547,0.02654143914611957,0.05158640666007851,0.04661739856280597,0.051503931405852466
2025-01-30,2823.0,72.7300033569336,3.046999931335449,6071.169921875,15.84000015258789,0.019277756347583747,0.001513596515076029,-0.14855584616034856,0.005261548152180238,-0.044451720687903346,70,Greed,612408768.0,203642549.97294,-0.4148933293144103,-0.3976325436931297,5.0306666666666664e-05,-3.0206666666666663e-05,0.33153,0.02285133830651007,0.029283916442912603,0.05173218998413554,0.04664887028436705,0.05158640666007851
2025-01-31,2812.5,72.52999877929688,3.0439999103546143,6040.52978515625,16.43000030517578,-0.0037263817408137866,-0.0027537477775536725,-0.0009850669188635375,-0.005059603990267195,0.0365705546041249,76,Extreme Greed,840256101.0,278915569.21348,0.3163067463924833,0.3145428657957059,4.4656666666666676e-05,-5.649999999999988e-06,0.3289,-0.007964550073789134,0.029201380999703583,0.05150655037729936,0.05525059561104116,0.05173218998413554
2025-02-01,2812.5,72.52999877929688,3.0439999103546143,6040.52978515625,16.43000030517578,0.0,0.0,0.0,0.0,0.0,68,Greed,904981799.0,286548424.72673,0.07420810438237474,0.02699842688963731,5.448333333333333e-05,9.826666666666652e-06,0.30792,-0.06591374421952062,0.03482147461767861,0.052275472753808866,0.06297298384037847,0.05150655037729936
2025-02-02,2812.5,72.52999877929688,3.0439999103546143,6040.52978515625,16.43000030517578,0.0,0.0,0.0,0.0,0.0,60,Greed,3690220690.0,1035985614.18053,1.405526710938771,1.2852009931908712,2.593666666666667e-05,-2.854666666666666e-05,0.26808,-0.13855456554643591,0.056765155485109686,0.053073321903087854,0.0584817820026751,0.052275472753808866
2025-02-03,2833.89990234375,73.16000366210938,3.3519999980926514,5994.56982421875,18.6200008392334,0.007580052840268373,0.008648621033832713,0.09638477150124344,-0.007637690729495203,0.12512736629705268,44,Fear,7185937771.0,1790559906.3133,0.6664397650466425,0.5471751099502574,-4.589e-05,-7.182666666666667e-05,0.28485,0.06067728249734967,0.06665360249285161,0.05394050368784916,0.057416959550390174,0.053073321903087854
2025-02-04,2853.300048828125,72.69999694824219,3.253000020980835,6037.8798828125,17.209999084472656,0.006822415916365941,-0.006307531016772015,-0.029979528109916203,0.007198907403029114,-0.0787457598944896,72,Greed,2848033074.0,762527135.23667,-0.9254974223546557,-0.8536455517031558,-2.3830000000000004e-05,2.206e-05,0.26345,-0.07809912927110975,0.06952700755565737,0.05520155985370402,0.05601584090033892,0.05394050368784916
2025-02-05,2871.60009765625,71.02999877929688,3.359999895095825,6061.47998046875,15.770000457763672,0.006393163440626415,-0.023239036738083033,0.032363288812729374,0.003901053915613614,-0.08738112702359498,54,Neutral,965551362.0,253215056.83768,-1.0816845877654957,-1.1023989403584422,3.3616666666666666e-05,5.7446666666666673e-05,0.25619,-0.02794423996067473,0.06683802037564261,0.055034606907632386,0.05591596697381355,0.05520155985370402
2025-02-06,2856.0,70.61000061035156,3.4079999923706055,6083.56982421875,15.5,-0.005447355250461389,-0.005930519651740896,0.014184663974765447,0.003637674355266266,-0.017269406077245503,49,Neutral,1180387671.0,299603577.32641,0.2008989004890135,0.16822103722805348,3.761e-05,3.993333333333335e-06,0.24789,-0.032934257313417384,0.062151779449974645,0.05221888861861693,0.055891051737388904,0.055034606907632386
2025-02-07,2867.300048828125,71.0,3.309000015258789,6025.990234375,16.540000915527344,0.00394879297438717,0.005508090869077976,-0.02947957317762293,-0.0095098456936602,0.06494172102266113,44,Fear,1308847334.0,329594919.37527,0.10330393289830476,0.09540419148613241,-2.2049999999999997e-05,-5.9659999999999995e-05,0.24651,-0.005582538769996519,0.062372333472243885,0.05221943946254436,0.060452201114227756,0.05221888861861693
2025-02-08,2867.300048828125,71.0,3.309000015258789,6025.990234375,16.540000915527344,0.0,0.0,0.0,0.0,0.0,44,Fear,619823663.0,154225681.50542,-0.7474671080785263,-0.7594473894101152,4.975666666666667e-05,7.180666666666666e-05,0.25288,0.02551250729615596,0.06581065509090929,0.05162810966587411,0.06147820840731528,0.05221943946254436
2025-02-09,2867.300048828125,71.0,3.309000015258789,6025.990234375,16.540000915527344,0.0,0.0,0.0,0.0,0.0,46,Fear,814554626.0,204746891.86216,0.27320646963590195,0.2833575484679495,1.2303333333333335e-05,-3.7453333333333336e-05,0.2489,-0.015863858533815937,0.04433437586826129,0.05086254126513123,0.06328417622674067,0.05162810966587411
2025-02-10,2914.300048828125,72.31999969482422,3.444000005722046,6066.43994140625,15.8100004196167,0.016258833046568513,0.018420834822807805,0.03998755467616356,0.006690112295455172,-0.045139067185260916,43,Fear,766688250.0,192149527.0483,-0.06056122767865168,-0.06350068681690561,6.48e-05,5.249666666666667e-05,0.25542,0.02585803969456952,0.03621330623718874,0.05095716395592554,0.06385274735683505,0.05086254126513123
2025-02-11,2912.5,73.31999969482422,3.5190000534057617,6068.5,16.020000457763672,-0.0006178516064746903,0.013732706945136314,0.02154328528891293,0.00033952514367385523,0.013195292452123142,47,Neutral,1078655896.0,280051924.36632,0.34139073926676844,0.3767011745013718,6.052333333333334e-05,-4.276666666666666e-06,0.25305,-0.009322151408028953,0.023533872793498844,0.050944677601400826,0.06407530920558137,0.05095716395592554
2025-02-12,2909.0,71.37000274658203,3.565000057220459,6051.97021484375,15.890000343322754,-0.0012024393787544148,-0.026955767342579182,0.012987196401027887,-0.0027275831896475754,-0.008147968059884936,46,Fear,1235432211.0,316487762.9135,0.13570515196491859,0.12230954691432257,-2.0763333333333335e-05,-8.128666666666668e-05,0.26418,0.04304359133563053,0.027361562794743947,0.05177010243991283,0.06397824291746902,0.050944677601400826
2025-02-13,2925.89990234375,71.29000091552734,3.628000020980835,6115.06982421875,15.100000381469727,0.005792712774394366,-0.001121573494846507,0.017517468119041996,0.010372313214235747,-0.050995233071065085,50,Neutral,899065089.0,233401153.68192,-0.31782072285042656,-0.3045259142773002,4.3113333333333326e-05,6.387666666666666e-05,0.26245,-0.006570101297408704,0.02280277553539792,0.050534101736852834,0.06432847139043214,0.05177010243991283
2025-02-14,2883.60009765625,70.73999786376953,3.7249999046325684,6114.6298828125,14.770000457763672,-0.014562544873085503,-0.007744924392838291,0.026385288193606714,-7.19463955744955e-05,-0.022096641547685154,48,Neutral,1492854024.0,405911662.16891,0.5070895857408186,0.5533768922837717,6.141333333333334e-05,1.830000000000001e-05,0.2718,0.035005914018734416,0.023863554071825995,0.04841915381736687,0.06391517453124253,0.050534101736852834
2025-02-15,2883.60009765625,70.73999786376953,3.7249999046325684,6114.6298828125,14.770000457763672,0.0,0.0,0.0,0.0,0.0,50,Neutral,960758429.0,264922493.24647,-0.44072201638824055,-0.426698250171938,-6.466666666666662e-07,-6.206e-05,0.27174,-0.00022077492086588,0.023767754085248054,0.04841070768100572,0.06441270431767554,0.04841915381736687
2025-02-16,2883.60009765625,70.73999786376953,3.7249999046325684,6114.6298828125,14.770000457763672,0.0,0.0,0.0,0.0,0.0,54,Neutral,509986721.0,136965303.16754,-0.6333383146361238,-0.6597096726896909,-3.9999999999999996e-05,-3.935333333333333e-05,0.26555,-0.023042579927769275,0.02519559357386499,0.04385488693228577,0.06446384836077279,0.04841070768100572
2025-02-17,2883.60009765625,70.73999786376953,3.7249999046325684,6114.6298828125,14.770000457763672,0.0,0.0,0.0,0.0,0.0,51,Neutral,800682158.0,209432963.93397,0.4510793737034512,0.42467607473397795,3.926666666666667e-06,4.392666666666666e-05,0.25819,-0.02810739887280399,0.027424585652433962,0.0435269913481377,0.06576249438701848,0.04385488693228577
2025-02-18,2931.60009765625,71.8499984741211,4.006999969482422,6129.580078125,15.350000381469727,0.01650883496677148,0.015569437709031842,0.07297599780841364,0.002442003655551809,0.038517371348564894,47,Neutral,904147379.0,226036491.78067,0.12152831514356303,0.07629274735860661,-9.25e-06,-1.3176666666666665e-05,0.25137,-0.02676979070229959,0.029304860560780268,0.040442735995603996,0.06605335833376574,0.0435269913481377
2025-02-19,2919.39990234375,72.25,4.28000020980835,6144.14990234375,15.270000457763672,-0.004170300117599673,0.005551735704514271,0.0659102345764056,0.0023741488668242434,-0.005225349676138614,44,Fear,540323612.0,136588746.5362,-0.5148241354291445,-0.5037218931554132,5.746666666666666e-06,1.4996666666666665e-05,0.2548,0.013552966404703668,0.023463492140718613,0.04070753479716277,0.06586090802019386,0.040442735995603996
2025-02-20,2940.0,72.56999969482422,4.1519999504089355,6117.52001953125,15.65999984741211,0.0070314990870447855,0.004419282092243165,-0.030362924694657154,-0.004343604884290259,0.02521953161034285,49,Neutral,679347075.0,172639962.73133,0.2289639115324774,0.2342337244963721,2.1196666666666663e-05,1.5449999999999996e-05,0.25474,-0.0002355065363949154,0.023522330102832112,0.03925367217969814,0.06586710037248862,0.04070753479716277
2025-02-21,2937.60009765625,70.4000015258789,4.234000205993652,6013.1298828125,18.209999084472656,-0.0008166266630073181,-0.030358324246371943,0.019557087445238895,-0.017211396672539132,0.15086116264458116,55,Greed,1257218843.0,312916477.17762,0.6155251398049754,0.5947280232177689,-8.63e-06,-2.9826666666666663e-05,0.23966,-0.06102216490724293,0.0247745412565512,0.04019400655300581,0.06573939980063294,0.03925367217969814
2025-02-22,2937.60009765625,70.4000015258789,4.234000205993652,6013.1298828125,18.209999084472656,0.0,0.0,0.0,0.0,0.0,49,Neutral,493482343.0,120403319.34912,-0.9351702137750415,-0.9550892070129683,1.1906666666666667e-05,2.053666666666667e-05,0.24656,0.028384119317434984,0.029999713534756355,0.04078764589522192,0.06658545440200632,0.04019400655300581
2025-02-23,2937.60009765625,70.4000015258789,4.234000205993652,6013.1298828125,18.209999084472656,0.0,0.0,0.0,0.0,0.0,50,Neutral,377565511.0,92063225.93679,-0.26774298639901123,-0.2683715223873352,2.9089999999999998e-05,1.718333333333333e-05,0.24285,-0.015161402780051809,0.029745850290970446,0.040760229599009754,0.0672148483519158,0.04078764589522192
2025-02-24,2947.89990234375,70.69999694824219,3.99399995803833,5983.25,18.979999542236328,0.003500064634192458,0.004252244899222221,-0.05835399687748168,-0.004981493566252351,0.0414149256001298,49,Neutral,1789959320.0,402419622.00668,1.5562040796138081,1.4750198005865194,-2.016333333333333e-05,-4.925333333333333e-05,0.21043,-0.1432909125412218,0.05804461005679424,0.047049502469844386,0.0623496331172723,0.040760229599009754
2025-02-25,2904.5,68.93000030517578,4.173999786376953,5955.25,19.43000030517578,-0.01483176087132524,-0.02535402841274555,0.04408153298810564,-0.004690715138395557,0.02343251003220151,25,Extreme Fear,2713765035.0,557728589.31699,0.4161440891615894,0.3263770649386869,1.58e-05,3.596333333333333e-05,0.21158,0.0054501213080964,0.0595298186598097,0.04679136911306982,0.062440444384721044,0.047049502469844386
2025-02-26,2916.800048828125,68.62000274658203,3.9059998989105225,5956.06005859375,19.100000381469727,0.0042258832321174136,-0.004507423868616894,-0.066360950901628,0.00013601502958346571,-0.017129924070949657,21,Extreme Fear,1645652604.0,338946527.90127,-0.5001999571973266,-0.49803008484292055,-1.4036666666666666e-05,-2.9836666666666665e-05,0.20355,-0.038691502609640605,0.05717510874949319,0.04694639535733061,0.0628314205926904,0.04679136911306982
2025-02-27,2883.199951171875,70.3499984741211,3.934000015258789,5861.56982421875,21.1299991607666,-0.011586370186078948,0.024898684414304355,0.007142917271638818,-0.015991742678524653,0.10100543688551947,10,Extreme Fear,905293602.0,187430418.19945,-0.5976329910979317,-0.5924346865360307,9.461333333333333e-05,0.00010865,0.20687,0.016178901705970045,0.05900614627408422,0.04695380067453922,0.06355103840296784,0.04694639535733061
2025-02-28,2836.800048828125,69.76000213623047,3.8340001106262207,5954.5,19.6299991607666,-0.016224097946286358,-0.008421951647283326,-0.025748050368114776,0.015729780420663385,-0.07363482637456453,16,Extreme Fear,2176234758.0,418255945.48392,0.877092174081044,0.8026858813112968,-2.5739999999999998e-05,-0.00012035333333333333,0.20184,-0.02461527232215563,0.0573707337982702,0.04661739856280597,0.06349887969722293,0.04695380067453922
2025-03-01,2836.800048828125,69.76000213623047,3.8340001106262207,5954.5,19.6299991607666,0.0,0.0,0.0,0.0,0.0,20,Extreme Fear,741434272.0,151130808.81296,-1.0767649715598993,-1.0179478095723171,7.739666666666667e-05,0.00010313666666666666,0.20673,0.023938289704423955,0.056708036426295086,0.04664887028436705,0.06325776424983062,0.04661739856280597
2025-03-02,2836.800048828125,69.76000213623047,3.8340001106262207,5954.5,19.6299991607666,0.0,0.0,0.0,0.0,0.0,26,Fear,2584480057.0,575943320.09639,1.2486931125131262,1.3378635079061594,3.348333333333333e-05,-4.391333333333334e-05,0.23931,0.14634618855392162,0.08649290462780887,0.05525059561104116,0.0571249292835148,0.04664887028436705
2025-03-03,2890.199951171875,68.37000274658203,4.122000217437744,5849.72021484375,22.780000686645508,0.01864901343751476,-0.020126638125264197,0.07242986174136191,-0.017753402648308866,0.14882402262573163,33,Fear,2207270171.0,473572136.893,-0.1577678139594548,-0.1957050039784126,-5.0213333333333336e-05,-8.369666666666666e-05,0.19913,-0.183801904820564,0.09809228489254172,0.06297298384037847,0.047916482198154,0.05525059561104116
2025-03-04,2909.60009765625,68.26000213623047,4.349999904632568,5778.14990234375,23.510000228881836,0.00668996126638687,-0.0016101973239740863,0.053837287958234635,-0.012310288231505477,0.031542884125980525,15,Extreme Fear,1930511197.0,372416258.08618,-0.13397169852144875,-0.24029204722614536,-5.801666666666667e-05,-7.803333333333334e-06,0.19905,-0.0004018283242575855,0.09798457195264879,0.0584817820026751,0.04790498210024105,0.06297298384037847
2025-03-05,2915.300048828125,66.30999755859375,4.449999809265137,5842.6298828125,21.93000030517578,0.001957098953760298,-0.02898329621135002,0.022728230139335913,0.011097472528735688,-0.06957029594178693,20,Extreme Fear,1025047570.0,206280059.3308,-0.6330458154875642,-0.5907774452336791,8.163333333333334e-06,6.618e-05,0.20471,0.02803829400620376,0.09782872062665053,0.057416959550390174,0.04877369865904548,0.0584817820026751
2025-03-06,2916.60009765625,66.36000061035156,4.302000045776367,5738.52001953125,24.8700008392334,0.0004458405723709752,0.0007537959571209369,-0.03382401183012501,-0.017979677107455568,0.12580671521442058,25,Extreme Fear,1332609712.0,276990269.33018,0.2624001878585773,0.2947476199930297,1.991e-05,1.1746666666666667e-05,0.20153,-0.01565608977313223,0.09773519898503907,0.05601584090033892,0.04876058368417365,0.057416959550390174
2025-03-07,2904.699951171875,67.04000091552734,4.39900016784668,5770.2001953125,23.3700008392334,-0.004088489842890409,0.010194995310435618,0.02229723903597061,0.005505435045454467,-0.062209107098641185,34,Fear,1260515564.0,253054936.29338,-0.055618394077380735,-0.09037577214271848,-2.703333333333334e-06,-2.2613333333333336e-05,0.19844,-0.015451466246549549,0.09746993316639414,0.05591596697381355,0.053312793532067214,0.05601584090033892
2025-03-08,2904.699951171875,67.04000091552734,4.39900016784668,5770.2001953125,23.3700008392334,0.0,0.0,0.0,0.0,0.0,28,Fear,525825118.0,102751180.065,-0.8743074118625258,-0.9012962665277647,2.6500000000000004e-05,2.920333333333334e-05,0.19234,-0.031222148148512405,0.0972125670867645,0.055891051737388904,0.053191239136398755,0.05591596697381355
2025-03-09,2904.699951171875,67.04000091552734,4.39900016784668,5770.2001953125,23.3700008392334,0.0,0.0,0.0,0.0,0.0,27,Fear,1725095342.0,305365901.8388,1.1880689164923501,1.089200397600675,1.019e-05,-1.6310000000000005e-05,0.16809,-0.13476508903903306,0.07784837682714806,0.060452201114227756,0.048277755788181935,0.055891051737388904
2025-03-10,2891.0,66.02999877929688,4.491000175476074,5614.56005859375,27.860000610351562,-0.004727634903135915,-0.015180304110880534,0.020698152656202642,-0.027343541788428148,0.17573880579798803,20,Extreme Fear,2079541710.0,344603237.2889,0.18686521802526496,0.12088298265918865,-3.2183333333333334e-05,-4.2373333333333336e-05,0.15408,-0.08702760219548736,0.05565153774541245,0.06147820840731528,0.050915697926292934,0.060452201114227756
2025-03-11,2912.89990234375,66.25,4.453000068664551,5572.06982421875,26.920000076293945,0.007546651957820141,0.0033262991469503343,-0.008497391419023143,-0.007596646918536578,-0.03432248264884245,24,Extreme Fear,2330429547.0,365802872.0605,0.1139050678160931,0.059700868988413,1.3276666666666668e-05,4.546e-05,0.16454,0.06568175369096885,0.06722517787442121,0.06328417622674067,0.050035982808817464,0.06147820840731528
2025-03-12,2939.10009765625,67.68000030517578,4.084000110626221,5599.2998046875,24.229999542236328,0.008954330271122598,0.02135525494073462,-0.08650111436927402,0.004874967940490777,-0.10527799167462569,34,Fear,1301915088.0,217031959.50415,-0.5822162804521271,-0.5220499658592224,2.814e-05,1.4863333333333334e-05,0.17244,0.04689564813814963,0.07012305358756113,0.06385274735683505,0.04985538748571148,0.06328417622674067
2025-03-13,2984.300048828125,66.55000305175781,4.111000061035156,5521.52001953125,24.65999984741211,0.015261784579635519,-0.016837129109330447,0.006589395372399955,-0.013988366806464148,0.017590975612529973,45,Fear,1183113846.0,199119513.85898,-0.09568650970808851,-0.0861394049080791,3.241e-05,4.2700000000000015e-06,0.16523,-0.04271090721603463,0.07029931756233303,0.06407530920558137,0.05002850123481564,0.06385274735683505
2025-03-14,2994.5,67.18000030517578,4.104000091552734,5638.93994140625,21.770000457763672,0.003412042879592822,0.009421998029069015,-0.0017041925858926159,0.02104290595319694,-0.12464959527480426,27,Fear,662459642.0,113072127.66524,-0.5799454560749024,-0.5658793035995433,7.179333333333333e-05,3.9383333333333326e-05,0.17194,0.03980713608339876,0.07494123965364859,0.06397824291746902,0.049768149868388185,0.06407530920558137
2025-03-15,2994.5,67.18000030517578,4.104000091552734,5638.93994140625,21.770000457763672,0.0,0.0,0.0,0.0,0.0,46,Fear,510568333.0,89180082.01333,-0.26043515457795996,-0.23736819417228885,3.7453333333333336e-05,-3.433999999999999e-05,0.17594,0.02299744907823054,0.07643273049471894,0.06432847139043214,0.04971720427981697,0.06397824291746902
2025-03-16,2994.5,67.18000030517578,4.104000091552734,5638.93994140625,21.770000457763672,0.0,0.0,0.0,0.0,0.0,30,Fear,713266750.0,121532099.82696,0.33433099017873097,0.3095207051565689,6.529999999999998e-06,-3.0923333333333336e-05,0.16817,-0.04516765528987005,0.057828619225471924,0.06391517453124253,0.049391764240801175,0.06432847139043214
2025-03-17,3000.0,67.58000183105469,4.01800012588501,5675.1201171875,20.510000228881836,0.0018350159457296321,0.005936519653962617,-0.021177832453630915,0.0063956349746060355,-0.059620313029912886,32,Fear,802099247.0,138758047.85654,0.11737687571701205,0.1325533295204933,1.7763333333333333e-05,1.1233333333333336e-05,0.17332,0.03016422433705012,0.043633035620505294,0.06441270431767554,0.049038300660946124,0.06391517453124253
2025-03-18,3035.10009765625,66.9000015258789,4.052000045776367,5614.66015625,21.700000762939453,0.011632116405335577,-0.010113118438230645,0.00842629996065624,-0.010710667074319702,0.05639971246110034,34,Fear,825836400.0,137745675.32134,0.029164341363175094,-0.007322701100319328,-4.0786666666666674e-05,-5.855000000000001e-05,0.16802,-0.031056576935007508,0.04080205472576193,0.06446384836077279,0.04880387568344339,0.06441270431767554
2025-03-19,3035.89990234375,67.16000366210938,4.247000217437744,5675.2900390625,19.899999618530273,0.00026348367390129166,0.0038788967949342436,0.047002304845430026,0.010740608172953766,-0.0865925831437999,32,Fear,913703807.0,156837287.20563,0.10110976562143144,0.1297998282886336,3.0653333333333333e-05,7.144000000000001e-05,0.17799,0.05764434900196058,0.04287916180133903,0.06576249438701848,0.04754759151287138,0.06446384836077279
2025-03-20,3040.0,68.26000213623047,3.9749999046325684,5662.89013671875,19.799999237060547,0.001349626670783865,0.016246088036584214,-0.06618817841460645,-0.002187283513782985,-0.005037813392920311,49,Neutral,657314712.0,113375464.18784,-0.3293435390785542,-0.32450387800569996,5.085666666666667e-05,2.0203333333333337e-05,0.16949,-0.04893344090869862,0.04406960975572019,0.06605335833376574,0.04678641663580443,0.06576249438701848
2025-03-21,3018.199951171875,68.27999877929688,3.9800000190734863,5667.56005859375,19.280000686645508,-0.007196904393713174,0.00029290527428279986,0.0012570999741912314,0.0008243136078323211,-0.02661357437140071,31,Fear,465398702.0,78109015.3732,-0.34526845562721165,-0.37259951879730113,-3.277666666666666e-05,-8.363333333333332e-05,0.16727,-0.013184654706045669,0.04128409241773278,0.06586090802019386,0.046787903484133975,0.06605335833376574
2025-03-22,3018.199951171875,68.27999877929688,3.9800000190734863,5667.56005859375,19.280000686645508,0.0,0.0,0.0,0.0,0.0,32,Fear,237045465.0,39937400.01828,-0.6746425036854877,-0.6707922552194585,2.53e-06,3.530666666666666e-05,0.16737,0.0005976572016291602,0.03968589771622224,0.06586710037248862,0.047079713096230026,0.06586090802019386
2025-03-23,3018.199951171875,68.27999877929688,3.9800000190734863,5667.56005859375,19.280000686645508,0.0,0.0,0.0,0.0,0.0,30,Fear,381282237.0,64986644.36938,0.47528792223242905,0.48686854886325,5.4363333333333335e-05,5.183333333333334e-05,0.1726,0.030769848123780884,0.03789489412601794,0.06573939980063294,0.05131357905288326,0.06586710037248862
2025-03-24,3013.10009765625,69.11000061035156,3.9140000343322754,5767.56982421875,17.479999542236328,-0.0016911295043418105,0.012082566886560389,-0.01672194634313559,0.01749211712863917,-0.09801098075725649,45,Fear,1264505768.0,228765436.83401,1.1988967471738374,1.2585154077628709,9.499333333333334e-05,4.063e-05,0.183,0.05850937419209341,0.04243475554367498,0.06658545440200632,0.050156994950566386,0.06573939980063294
2025-03-25,3023.699951171875,69.0,3.8399999141693115,5776.64990234375,17.149999618530273,0.0035117493782604987,-0.0015929423376389708,-0.019087533497650484,0.0015730954906538206,-0.019059192670720065,46,Fear,1233894825.0,232144371.84345,-0.024505657709641065,0.014662285245237314,4.7986666666666666e-05,-4.700666666666667e-05,0.19062,0.040795764668058856,0.040105701584588475,0.0672148483519158,0.04972856441055579,0.06658545440200632
2025-03-26,3020.89990234375,69.6500015258789,3.8610000610351562,5712.2001953125,18.329999923706055,-0.0009264629905246514,0.00937621753636423,0.005453888842327021,-0.011219640357598032,0.06654090632055294,47,Neutral,1885520558.0,373021387.09353,0.42402824997094124,0.4742762855010815,6.446666666666667e-05,1.6480000000000005e-05,0.1949,0.022204689004035234,0.03633042468249064,0.0623496331172723,0.049530520844083006,0.0672148483519158
2025-03-27,3060.199951171875,69.91999816894531,3.950000047683716,5693.31005859375,18.690000534057617,0.012925489441903849,0.0038689830258029543,0.022789357894636857,-0.0033124610071321114,0.01944959235261349,40,Fear,903542797.0,175284907.64808,-0.7356357429239342,-0.7552230622520962,-7.926666666666666e-06,-7.239333333333334e-05,0.19046,-0.023044407747615202,0.029689725489124647,0.062440444384721044,0.049380222702742324,0.0623496331172723
2025-03-28,3086.5,69.36000061035156,4.065000057220459,5580.93994140625,21.649999618530273,0.008557505502098309,-0.008041363887377214,0.028698166091290295,-0.019934601126853548,0.14701678678666755,44,Fear,975276199.0,177993539.25269,0.07639723498325841,0.015334559499839799,1.5023333333333334e-05,2.2950000000000002e-05,0.18024,-0.055152902641910834,0.03937848025286466,0.0628314205926904,0.04840449417927581,0.062440444384721044
2025-03-29,3086.5,69.36000061035156,4.065000057220459,5580.93994140625,21.649999618530273,0.0,0.0,0.0,0.0,0.0,26,Fear,857181238.0,147711573.37524,-0.12907133608793878,-0.18648570951885074,2.1843333333333335e-05,6.820000000000001e-06,0.16957,-0.061023475204952944,0.04795807698145443,0.06355103840296784,0.04702416950559157,0.0628314205926904
2025-03-30,3086.5,69.36000061035156,4.065000057220459,5580.93994140625,21.649999618530273,0.0,0.0,0.0,0.0,0.0,32,Fear,607090738.0,102847875.99843,-0.34497110993477054,-0.3620105793449745,-3.8406666666666666e-05,-6.025e-05,0.16652,-0.018150398592261335,0.04658890933201976,0.06349887969722293,0.047139693905229825,0.06355103840296784
2025-03-31,3122.800048828125,71.4800033569336,4.11899995803833,5611.85009765625,22.280000686645508,0.01169228804819296,0.030107395982433494,0.013196648190452097,0.005523240357645722,0.02868400904935161,34,Fear,929917187.0,153349575.96826,0.42641727006160596,0.3994691609962735,-6.346666666666667e-06,3.206e-05,0.16666,0.0008403866272861159,0.03771501506420547,0.06325776424983062,0.04722510518270863,0.06349887969722293
2025-04-01,3118.89990234375,71.19999694824219,3.9509999752044678,5633.06982421875,21.770000457763672,-0.0012497066576345498,-0.003924961698320787,-0.04164170011310713,0.0037741045552120668,-0.02315654960427546,34,Fear,716923564.0,122918945.3479,-0.26012630632887995,-0.2211949681949244,1.151666666666667e-05,1.7863333333333336e-05,0.17398,0.042984541125333946,0.03824420808552851,0.0571249292835148,0.04737600413363306,0.06325776424983062
2025-04-02,3139.89990234375,71.70999908447266,4.054999828338623,5670.97021484375,21.510000228881836,0.006710576935193882,0.007137419571240765,0.025981940080620877,0.006705661429484109,-0.01201494235336976,44,Fear,1414422439.0,243698923.91399,0.6795073268181272,0.6844083877661293,4.563666666666666e-05,3.411999999999999e-05,0.16383,-0.060111045247222605,0.03825306316079566,0.047916482198154,0.04593713920077535,0.0571249292835148
2025-04-03,3097.0,66.94999694824219,4.138000011444092,5396.52001953125,30.020000457763672,-0.013757020186500003,-0.06868416857286343,0.020261936854847156,-0.04960591182899663,0.3333458875335828,25,Extreme Fear,922293098.0,148396648.65448,-0.4276134896867162,-0.49604479771636756,4.173333333333334e-06,-4.1463333333333327e-05,0.16231,-0.009321217915192841,0.038707476898296796,0.04790498210024105,0.046361645123849216,0.047916482198154
2025-04-04,3012.0,61.9900016784668,3.8369998931884766,5074.080078125,45.310001373291016,-0.02782959105341858,-0.07697291776429961,-0.0755217986613945,-0.061609061898230934,0.41166394753389157,28,Fear,1132035281.0,188335416.79289,0.20490935849015735,0.2383357577468156,1.5463333333333335e-05,1.1290000000000002e-05,0.17128,0.05379155736444796,0.04495184900161321,0.04877369865904548,0.04568698598491386,0.04790498210024105
2025-04-05,3012.0,61.9900016784668,3.8369998931884766,5074.080078125,45.310001373291016,0.0,0.0,0.0,0.0,0.0,30,Fear,353029433.0,59632560.02452,-1.165220992177769,-1.1500227709992195,9.39e-05,7.843666666666667e-05,0.16898,-0.01351927955672861,0.038627718751450386,0.04876058368417365,0.045617273222482116,0.04877369865904548
2025-04-06,3012.0,61.9900016784668,3.8369998931884766,5074.080078125,45.310001373291016,0.0,0.0,0.0,0.0,0.0,34,Fear,1124972687.0,175419363.24291,1.1589626030607671,1.0789777345814284,2.1213333333333336e-05,-7.268666666666667e-05,0.14927,-0.12402361807955026,0.060962127609993824,0.053312793532067214,0.03911616570772141,0.04876058368417365
2025-04-07,2951.300048828125,60.70000076293945,3.6549999713897705,5062.25,46.97999954223633,-0.02035854214521939,-0.021029398155768406,-0.04859469805352062,-0.0023341946059635883,0.03619418049913722,23,Extreme Fear,3431459634.0,489839433.65626,1.1152269627891338,1.0268981823714862,-5.5166666666666675e-06,-2.6730000000000003e-05,0.14958,0.002074620118373073,0.06101943711705443,0.053191239136398755,0.03912741330064539,0.053312793532067214
2025-04-08,2968.39990234375,59.58000183105469,3.4649999141693115,4982.77001953125,52.33000183105469,0.0057772864227977104,-0.018623732616628662,-0.05338347750294086,-0.015825083277054855,0.1078478858876829,24,Extreme Fear,1470208676.0,219641089.43977,-0.8475813727502094,-0.8020828484740734,1.8916666666666665e-05,2.4433333333333332e-05,0.14225,-0.050245293757081234,0.05611794406633419,0.048277755788181935,0.04506194151117941,0.053191239136398755
2025-04-09,3056.5,62.349998474121094,3.815999984741211,5456.89990234375,33.619998931884766,0.02924741627141751,0.04544366963540521,0.09649014171630077,0.09089487983303646,-0.4424487591644147,18,Extreme Fear,2200425502.0,330222223.64164,0.40324640448460264,0.4077710302859241,1.7483333333333333e-05,-1.433333333333332e-06,0.16031,0.11952336769514209,0.07669461227597274,0.050915697926292934,0.0404605753519648,0.048277755788181935
2025-04-10,3155.199951171875,60.06999969482422,3.556999921798706,5268.0498046875,40.720001220703125,0.03178139946409088,-0.037253103871513815,-0.07028527860627012,-0.03522060702411168,0.19159830601000538,39,Fear,1151531192.0,178515344.46839,-0.6475582236053451,-0.6150912718664028,4.0680000000000004e-05,2.319666666666667e-05,0.15357,-0.042952951563980574,0.07818797845186677,0.050035982808817464,0.05234970684615014,0.050915697926292934
2025-04-11,3222.199951171875,61.5,3.5269999504089355,5363.35986328125,37.560001373291016,0.0210124709703548,0.02352663103073811,-0.008469833787630185,0.01793038083577807,-0.08077971131758639,25,Extreme Fear,744302757.0,117782396.21245,-0.4363999235292029,-0.41583573880774455,6.394e-05,2.3259999999999998e-05,0.16004,0.041267294851432594,0.076669356850622,0.04985538748571148,0.05486238195095135,0.050035982808817464
2025-04-12,3222.199951171875,61.5,3.5269999504089355,5363.35986328125,37.560001373291016,0.0,0.0,0.0,0.0,0.0,43,Fear,752366796.0,123796610.52834,0.010776082161028105,0.04980115914212437,6.122e-05,-2.720000000000001e-06,0.16763,0.0463353856541522,0.07945890880303445,0.05002850123481564,0.054551065218663604,0.04985538748571148
2025-04-13,3222.199951171875,61.5,3.5269999504089355,5363.35986328125,37.560001373291016,0.0,0.0,0.0,0.0,0.0,45,Fear,748287850.0,123262111.91038,-0.005436235520511054,-0.004326902095131467,6.478333333333334e-05,3.5633333333333404e-06,0.1626,-0.03046597252947627,0.0610909241562746,0.049768149868388185,0.054259005331469594,0.05002850123481564
2025-04-14,3204.800048828125,61.529998779296875,3.325000047683716,5405.97021484375,30.889999389648438,-0.00541463975573675,0.0004876661007729428,-0.05897794874472076,0.007913319326342991,-0.19550720373103717,31,Fear,858750230.0,140456563.03223,0.1376903812165997,0.13058520188842124,3.595e-05,-2.883333333333334e-05,0.15854,-0.025286269704700406,0.06270223866478736,0.04971720427981697,0.05448810693046225,0.049768149868388185
2025-04-15,3218.699951171875,61.33000183105469,3.3289999961853027,5396.6298828125,30.1200008392334,0.004327834993182707,-0.003255691419578087,0.0012022689982044514,-0.001729275225300909,-0.025243056376930858,38,Fear,667877689.0,105530057.45472,-0.25137305489533496,-0.2859024639385326,-8.003333333333333e-05,-0.00011598333333333332,0.15356,-0.031915557276412695,0.060181352700251246,0.049391764240801175,0.05548084929474754,0.04971720427981697
2025-04-16,3326.60009765625,62.470001220703125,3.246999979019165,5275.7001953125,32.63999938964844,0.03297325457193712,0.018417311552440873,-0.0249404707878863,-0.022663253964902527,0.08034908060172265,29,Fear,719893202.0,110970892.05195,0.0749978139801423,0.05027211603429558,-1.6106666666666666e-05,6.392666666666667e-05,0.15471,0.007461026598380292,0.0368694532552662,0.049038300660946124,0.05547992647499764,0.049391764240801175
2025-04-17,3308.699951171875,64.68000030517578,3.244999885559082,5282.7001953125,29.649999618530273,-0.005395442489893157,0.0347655783810385,-0.0006161717698969011,0.0013259586237727749,-0.09607639881843334,30,Fear,426813393.0,66706865.11146,-0.5227559714797372,-0.5089600603223942,2.4459999999999996e-05,4.056666666666666e-05,0.15588,0.007534083739531138,0.032956327459250985,0.04880387568344339,0.05600322620838435,0.049038300660946124
2025-04-18,3308.699951171875,64.68000030517578,3.244999885559082,5282.7001953125,29.649999618530273,0.0,0.0,0.0,0.0,0.0,33,Fear,321695365.0,50220942.2659,-0.2827418726649418,-0.283875756519169,1.554e-05,-8.919999999999996e-06,0.15759,0.010910243163471589,0.028666488126787817,0.04754759151287138,0.0575224270192117,0.04880387568344339
2025-04-19,3308.699951171875,64.68000030517578,3.244999885559082,5282.7001953125,29.649999618530273,0.0,0.0,0.0,0.0,0.0,32,Fear,321661103.0,50921660.67406,-0.00010651015956644503,0.013856270236869094,9.200333333333334e-05,7.646333333333334e-05,0.15735,-0.0015241001235640596,0.019355403106868584,0.04678641663580443,0.05820912649837511,0.04754759151287138
2025-04-20,3308.699951171875,64.68000030517578,3.244999885559082,5282.7001953125,29.649999618530273,0.0,0.0,0.0,0.0,0.0,37,Fear,453228413.0,70486891.29549,0.3428977052151757,0.3251383669062094,3.429333333333333e-05,-5.771000000000001e-05,0.15526,-0.013371492532881498,0.01715500600008989,0.046787903484133975,0.05802045188149894,0.04678641663580443
2025-04-21,3406.199951171875,63.08000183105469,3.0160000324249268,5158.2001953125,33.81999969482422,0.029041937846947277,-0.025048248304809336,-0.07318385399252582,-0.02384964833401801,0.13159022186892802,39,Fear,905017272.0,144847784.49215,0.6915578072372703,0.7202566754529498,6.963000000000001e-05,3.533666666666668e-05,0.15939,0.026252898153427226,0.01878082086197471,0.047079713096230026,0.058098860568135006,0.046787903484133975
2025-04-22,3400.800048828125,64.30999755859375,3.006999969482422,5287.759765625,30.56999969482422,-0.0015865736672474797,0.019311311061345086,-0.0029885670391334444,0.02480695212545062,-0.10103320852701309,47,Neutral,1468003087.0,249065930.86757,0.4837042834326041,0.5420342151053675,9.377e-05,2.4139999999999996e-05,0.17863,0.11396259832983162,0.042470106559702986,0.05131357905288326,0.0553233078224502,0.047079713096230026
2025-04-23,3276.300048828125,62.27000045776367,3.0220000743865967,5375.85986328125,28.450000762939453,-0.03729596062718759,-0.03223532594805014,0.0049759946080229845,0.016523864366879457,-0.07187093853069917,72,Greed,1570151007.0,283388554.41348,0.06726876448634712,0.12910129573938342,0.0001,6.23e-06,0.17864,5.5980071109142754e-05,0.04297036544729433,0.050156994950566386,0.05808600001452129,0.05131357905288326
2025-04-24,3332.0,62.790000915527344,2.930000066757202,5484.77001953125,26.469999313354492,0.016857972511505684,0.008316063471168578,-0.030916442652565854,0.020056628082583162,-0.07213619709070036,63,Greed,1206412265.0,212939719.81706,-0.2635209127062146,-0.2858098196539603,8.853666666666666e-05,-1.1463333333333343e-05,0.18254,0.021596719556828906,0.04258768204529073,0.04972856441055579,0.058043635706899216,0.050156994950566386
2025-04-25,3282.39990234375,63.02000045776367,2.937000036239624,5525.2099609375,24.84000015258789,-0.01499789191023496,0.003656303886111966,0.0023862187424727064,0.0073460847957005125,-0.063556727090384,60,Greed,1241346217.0,226049623.92777,0.02854556475523259,0.05974542996879514,8.893333333333333e-05,3.966666666666691e-07,0.18159,-0.0052179285170256716,0.04374324622647062,0.049530520844083006,0.05801782981235082,0.04972856441055579
2025-04-26,3282.39990234375,63.02000045776367,2.937000036239624,5525.2099609375,24.84000015258789,0.0,0.0,0.0,0.0,0.0,65,Greed,1134910916.0,210164197.56414,-0.08964228983922673,-0.072865431710056,4.299666666666667e-05,-4.593666666666666e-05,0.18192,0.001815631430520336,0.04348361030146007,0.049380222702742324,0.058011170178795174,0.049530520844083006
2025-04-27,3282.39990234375,63.02000045776367,2.937000036239624,5525.2099609375,24.84000015258789,0.0,0.0,0.0,0.0,0.0,61,Greed,766716256.0,138184667.45927,-0.3921926458329354,-0.4192981577604265,2.1106666666666666e-05,-2.1890000000000002e-05,0.17933,-0.014339346041893106,0.04361145739330031,0.04840449417927581,0.05788588966360644,0.049380222702742324
2025-04-28,3332.5,62.04999923706055,3.1700000762939453,5528.75,25.149999618530273,0.015147940676365497,-0.015511644237855738,0.07634294740120305,0.0006405015390019333,0.012402618169858071,54,Neutral,971304947.0,173100497.11445,0.2365236806729229,0.22528137341155113,1.9419999999999997e-05,-1.6866666666666686e-06,0.17907,-0.0014508931116645096,0.04426401416633561,0.04702416950559157,0.05812717164560454,0.04840449417927581
2025-04-29,3318.800048828125,60.41999816894531,3.385999917984009,5560.830078125,24.170000076293945,-0.004119486550149282,-0.026620353701971432,0.06591764753217541,0.005785641545556399,-0.03974568350601866,60,Greed,772423589.0,137288434.53688,-0.22910738360567234,-0.23178825976865677,4.979e-05,3.0370000000000006e-05,0.17466,-0.024935563863081284,0.014458478657683918,0.047139693905229825,0.058186836433476885,0.04702416950559157
2025-04-30,3305.0,58.209999084472656,3.3259999752044678,5569.06005859375,24.700000762939453,-0.004166813216927875,-0.03726300009744934,-0.017878886173179828,0.0014788972519335208,0.021691076650220915,56,Greed,784175476.0,135038835.29398,0.015099726770961216,-0.01652166832931698,-7.969e-05,-0.00012948000000000001,0.17224,-0.013952373929479272,0.014893860936757562,0.04722510518270863,0.061550529296578706,0.047139693905229825
2025-05-01,3210.0,59.2400016784668,3.4790000915527344,5604.14013671875,24.600000381469727,-0.02916553616172506,0.017539872177297182,0.04497454916994852,0.006279345716451974,-0.004056816076951518,53,Neutral,779064123.0,139327843.64545,-0.00653945974582834,0.03126733749267798,6.514e-05,0.00014483,0.18065,0.047672604537541574,0.023494321005300734,0.04737600413363306,0.06100950081049517,0.04722510518270863
2025-05-02,3231.89990234375,58.290000915527344,3.630000114440918,5686.669921875,22.68000030517578,0.006799232227835648,-0.016166449969052803,0.04248775731755899,0.014619191109112719,-0.08126296612994292,67,Greed,638500248.0,115947565.79662,-0.1989712931060166,-0.18369167348632773,7.888333333333333e-05,1.3743333333333328e-05,0.18151,0.004749291012236992,0.02353251221274718,0.04593713920077535,0.061011366181190796,0.04737600413363306
2025-05-03,3231.89990234375,58.290000915527344,3.630000114440918,5686.669921875,22.68000030517578,0.0,0.0,0.0,0.0,0.0,65,Greed,468278461.0,83718326.78156,-0.3100589427720434,-0.3256801584290144,3.565e-05,-4.323333333333333e-05,0.17564,-0.032874302912369674,0.02653242519550383,0.046361645123849216,0.060656100186669455,0.04593713920077535
2025-05-04,3231.89990234375,58.290000915527344,3.630000114440918,5686.669921875,22.68000030517578,0.0,0.0,0.0,0.0,0.0,64,Greed,487770520.0,84650392.55413,0.04078192824041762,0.01107183445605085,-5.353333333333333e-06,-4.1003333333333334e-05,0.17049,-0.029759801716376856,0.028033005898329074,0.04568698598491386,0.06039000644367602,0.046361645123849216
2025-05-05,3311.300048828125,57.130001068115234,3.549999952316284,5650.3798828125,23.639999389648438,0.024270706904035648,-0.020101176331286184,-0.022285089747890917,-0.006402047029318447,0.04145667440402957,52,Neutral,487205270.0,83343024.00357,-0.0011595161010726578,-0.01556483547131744,-6.617e-05,-6.081666666666666e-05,0.17062,0.0007622175034088508,0.028121276070041216,0.045617273222482116,0.06064197192894935,0.04568698598491386
2025-05-06,3411.39990234375,59.09000015258789,3.4630000591278076,5606.91015625,24.760000228881836,0.029781859324395553,0.03373231650728526,-0.024812307560849376,-0.007722985278391797,0.046289290341108305,59,Greed,596670817.0,100200602.33929,0.20268003275826385,0.18420928952680934,7.746666666666666e-06,7.391666666666667e-05,0.17219,0.009159656817545842,0.027421914458396684,0.03911616570772141,0.0632256605548005,0.045617273222482116
2025-05-07,3381.39990234375,58.06999969482422,3.621000051498413,5631.27978515625,23.549999237060547,-0.008832939557882192,-0.017412533811229817,0.04461496251121383,0.004336938106710132,-0.05010366899456484,67,Greed,528808392.0,90937705.63149,-0.12073940770276988,-0.09699948139984814,6.145e-05,5.370333333333334e-05,0.17202,-0.0009877691747610512,0.02691598407058183,0.03912741330064539,0.06374292626073853,0.03911616570772141
2025-05-08,3296.60009765625,59.90999984741211,3.5920000076293945,5663.93994140625,22.479999542236328,-0.025398132101867026,0.031194259420231813,-0.008041092441706782,0.005783021147465641,-0.04649978340350906,65,Greed,1741876403.0,324738527.3421,1.1920920453841304,1.272845608662695,8.024666666666667e-05,1.879666666666667e-05,0.19817,0.141514499055788,0.05898689525485917,0.04506194151117941,0.05840126993136096,0.03912741330064539
2025-05-09,3335.39990234375,61.02000045776367,3.7950000762939453,5659.91015625,21.899999618530273,0.011700918988177024,0.01835825324150491,0.05497527838744996,-0.0007117341348763632,-0.026139385258591493,73,Greed,2079031356.0,423507376.21799,0.17693916630557782,0.26555060395451496,0.0001,1.9753333333333333e-05,0.2053,0.035347075845766275,0.05938661902432178,0.0404605753519648,0.057968061426730784,0.04506194151117941
2025-05-10,3335.39990234375,61.02000045776367,3.7950000762939453,5659.91015625,21.899999618530273,0.0,0.0,0.0,0.0,0.0,70,Greed,2356324644.0,536013762.92766,0.1252009598503817,0.23558890662477663,0.0001,0.0,0.25063,0.19950542396163304,0.08562589987213193,0.05234970684615014,0.04515538677757599,0.0404605753519648
2025-05-11,3335.39990234375,61.02000045776367,3.7950000762939453,5659.91015625,21.899999618530273,0.0,0.0,0.0,0.0,0.0,70,Greed,2657615086.0,630967755.05094,0.12032608554744906,0.1630949220449225,8.595e-05,-1.4050000000000003e-05,0.23181,-0.07805967737291877,0.09466751014578272,0.05486238195095135,0.04342215427002002,0.05234970684615014
2025-05-12,3220.0,61.95000076293945,3.6459999084472656,5844.18994140625,18.389999389648438,-0.03521122337030222,0.015125933600171835,-0.04005377980538777,0.03203997667702081,-0.1746796139768351,70,Greed,3356354027.0,801909719.27557,0.23342613739296056,0.23974127215834554,7.486e-05,-1.1090000000000004e-05,0.23101,-0.0034570709855054507,0.09500073240651383,0.054551065218663604,0.04362669782661544,0.05486238195095135
2025-05-13,3240.300048828125,63.66999816894531,3.6470000743865967,5886.5498046875,18.219999313354492,0.006284573623097743,0.027385844879859716,0.0002742810771851462,0.007222059020245977,-0.009287151281460961,70,Greed,1894212060.0,435202800.36901,-0.5720523212104897,-0.6111839018557931,6.286333333333333e-05,-1.1996666666666666e-05,0.24078,0.041422653878783605,0.09384456469171724,0.054259005331469594,0.04389126146802919,0.054551065218663604
2025-05-14,3181.39990234375,63.150001525878906,3.492000102996826,5892.580078125,18.6200008392334,-0.018344612393290653,-0.008200592311148426,-0.0434302647507596,0.001023891242276054,0.02171646277508113,73,Greed,1349205954.0,319738849.6961,-0.33928671541242994,-0.3083075622849503,8.600333333333334e-05,2.3140000000000012e-05,0.23278,-0.033789851993050096,0.09744244593218446,0.05448810693046225,0.04365947627513146,0.054259005331469594
2025-05-15,3220.699951171875,61.619998931884766,3.361999988555908,5916.93017578125,17.829999923706055,0.012277391287757004,-0.024526397124652956,-0.03793863588996701,0.004123817438757677,-0.04335388932444697,70,Greed,1613975945.0,362767842.00985,0.1791844285902945,0.12625850806375621,4.938e-05,-3.6623333333333346e-05,0.21939,-0.05924283356286074,0.09313618618370934,0.05548084929474754,0.042605475468126666,0.05448810693046225
2025-05-16,3182.0,62.4900016784668,3.3340001106262207,5958.3798828125,17.239999771118164,-0.012088782158285714,0.014020094966139728,-0.008363214072638675,0.006980849368100189,-0.03365017563674573,71,Greed,991509008.0,223536369.09258,-0.4872279116105376,-0.4841889499095251,2.266e-05,-2.6719999999999998e-05,0.22111,0.007809347293095139,0.09269097664893515,0.05547992647499764,0.042538896513465124,0.05548084929474754
2025-05-17,3182.0,62.4900016784668,3.3340001106262207,5958.3798828125,17.239999771118164,0.0,0.0,0.0,0.0,0.0,74,Greed,867614251.0,187308735.24686,-0.13348082855292465,-0.17681587996904644,-1.7100000000000012e-06,-2.4370000000000002e-05,0.21457,-0.030024289787074818,0.04079975320363343,0.05600322620838435,0.042362734428763184,0.05547992647499764
2025-05-18,3182.0,62.4900016784668,3.3340001106262207,5958.3798828125,17.239999771118164,0.0,0.0,0.0,0.0,0.0,74,Greed,1589243100.0,360024073.27071,0.6052659395464307,0.6534126533181572,3.820666666666667e-05,3.991666666666667e-05,0.23304,0.08257408719418946,0.04857327448159193,0.0575224270192117,0.03885608665805285,0.05600322620838435
2025-05-19,3228.89990234375,62.689998626708984,3.11299991607666,5963.60009765625,18.139999389648438,0.014631561796196542,0.003195352579058796,-0.0685859530093522,0.0008757295660482738,0.05088715908092825,74,Greed,1467077135.0,324304109.90827,-0.0799857872803639,-0.10448921301023859,-1.458e-05,-5.278666666666667e-05,0.22445,-0.03755714742323797,0.05072837669406354,0.05820912649837511,0.03865395575165943,0.0575224270192117
2025-05-20,3280.300048828125,62.560001373291016,3.427000045776367,5940.4599609375,18.09000015258789,0.015793404801633753,-0.0020758051911769233,0.09609839174955477,-0.0038877770695725784,-0.0027601031981324977,71,Greed,1188057201.0,265615543.04725,-0.210952709102766,-0.1996317500013768,3.9626666666666664e-05,5.4206666666666664e-05,0.22625,0.007987617352094268,0.04717569185614055,0.05802045188149894,0.038572041569381266,0.05820912649837511
2025-05-21,3309.300048828125,61.56999969482422,3.368000030517578,5844.60986328125,20.8700008392334,0.008801804902702907,-0.015951384222085634,-0.017366150808915484,-0.016266719267758897,0.14295345345940377,70,Greed,1894442857.0,435133856.51108,0.4666054196745145,0.4936037634719702,8.378666666666667e-05,4.4160000000000004e-05,0.23404,0.03385145833999992,0.048143425777857025,0.058098860568135006,0.03842333293680248,0.05802045188149894
2025-05-22,3292.300048828125,61.20000076293945,3.253000020980835,5842.009765625,20.280000686645508,-0.005150277910234424,-0.006027531981941245,-0.03474145150021651,-0.0004449700224211693,-0.028677548720296264,72,Greed,1616956272.0,389242417.98554,-0.15837925088804516,-0.11145136786822939,0.0001,1.6213333333333336e-05,0.24558,0.04813071881233133,0.04262426931012347,0.0553233078224502,0.03725867202996483,0.058098860568135006
2025-05-23,3363.60009765625,61.529998779296875,3.3340001106262207,5802.81982421875,22.290000915527344,0.021425434503964738,0.005377638928633734,0.02459516356892924,-0.006730899591473139,0.0945029758899914,78,Extreme Greed,2250495384.0,538713663.32888,0.33060482509129513,0.32498186088307135,7.419666666666666e-05,-2.5803333333333344e-05,0.22521,-0.08658945947934595,0.0578882216400581,0.05808600001452129,0.03478150101834136,0.0553233078224502
2025-05-24,3363.60009765625,61.529998779296875,3.3340001106262207,5802.81982421875,22.290000915527344,0.0,0.0,0.0,0.0,0.0,66,Greed,689220139.0,156871983.8191,-1.1833449165685224,-1.2337541098359985,-1.896666666666667e-05,-9.316333333333332e-05,0.22512,-0.0003997068869418043,0.056160622784929684,0.058043635706899216,0.03862101022337557,0.05808600001452129
2025-05-25,3363.60009765625,61.529998779296875,3.3340001106262207,5802.81982421875,22.290000915527344,0.0,0.0,0.0,0.0,0.0,74,Greed,909550724.0,200536737.97606,0.2773900426433235,0.24556737871246737,-1.6776666666666668e-05,2.190000000000001e-06,0.22491,-0.0009332711829984346,0.04519487231422444,0.05801782981235082,0.03880127958475676,0.058043635706899216
2025-05-26,3363.60009765625,61.529998779296875,3.3340001106262207,5802.81982421875,22.290000915527344,0.0,0.0,0.0,0.0,0.0,73,Greed,641865425.0,145306388.11551,-0.3485721043690338,-0.3221529271457701,4.685e-05,6.362666666666667e-05,0.22596,0.00465767027398094,0.04289585453513495,0.058011170178795174,0.03870650964514895,0.05801782981235082
2025-05-27,3299.10009765625,60.88999938964844,3.3980000019073486,5921.5400390625,18.959999084472656,-0.019362124406121534,-0.010455893316601546,0.019014206301223757,0.02025258080218437,-0.16180673993166564,74,Greed,805405021.0,182829286.90899,0.22696661923038267,0.22970832442064057,8.853666666666666e-05,4.168666666666666e-05,0.22598,8.850732403869682e-05,0.0427838571857675,0.05788588966360644,0.038782882140804345,0.058011170178795174
2025-05-28,3293.60009765625,61.84000015258789,3.2039999961853027,5888.5498046875,19.309999465942383,-0.0016685124798728683,0.015481459149985511,-0.05878699579554718,-0.005586802576444734,0.018291620243806275,71,Greed,681513510.0,151211286.12714,-0.16702920770935392,-0.18987475437965,1.3803333333333332e-05,-7.473333333333332e-05,0.22096,-0.022464810120118205,0.04055697487567536,0.05812717164560454,0.03885988076383924,0.05788588966360644
2025-05-29,3317.10009765625,60.939998626708984,3.5220000743865967,5912.169921875,19.18000030517578,0.007109715550713264,-0.014660655724199617,0.09462900317906153,0.0040031708706317415,-0.006754983416935554,74,Greed,903435947.0,200334712.13194,0.2818891383612944,0.28131142370783035,7.714666666666668e-05,6.334333333333334e-05,0.21487,-0.02794849557134506,0.032292413784514945,0.058186836433476885,0.03900825540674895,0.05812717164560454
2025-05-30,3288.89990234375,60.790000915527344,3.447000026702881,5911.68994140625,18.56999969482422,-0.008537804000789136,-0.002464434201305977,-0.021524735913139748,-8.118845699520562e-05,-0.032320726435630054,60,Greed,1863217282.0,378088955.39609,0.7238547807479989,0.6351399713035296,1.0273333333333334e-05,-6.687333333333334e-05,0.19357,-0.10439398993218259,0.038583920195230645,0.061550529296578706,0.03539429858380138,0.058186836433476885
2025-05-31,3288.89990234375,60.790000915527344,3.447000026702881,5911.68994140625,18.56999969482422,0.0,0.0,0.0,0.0,0.0,50,Neutral,1086259533.0,206757211.71244,-0.5395645413616833,-0.6035842850559177,4.09e-05,3.062666666666666e-05,0.19251,-0.005491103726920767,0.03816274789062542,0.06100950081049517,0.03560200685999236,0.061550529296578706
2025-06-01,3288.89990234375,60.790000915527344,3.447000026702881,5911.68994140625,18.56999969482422,0.0,0.0,0.0,0.0,0.0,56,Greed,544186058.0,103797947.05727,-0.6912042458421929,-0.6890990219452893,5.989999999999998e-06,-3.491e-05,0.19363,0.0058010210847732994,0.03887108028537284,0.061011366181190796,0.036297982011805716,0.06100950081049517
2025-06-02,3370.60009765625,62.52000045776367,3.694000005722046,5935.93994140625,18.360000610351562,0.02453766635895122,0.02806119605402807,0.069205588044629,0.004093651490626028,-0.011372940494915069,64,Greed,602359395.0,115481800.96922,0.1015630620720119,0.10666675751284677,6.676333333333333e-05,6.0773333333333336e-05,0.19507,0.007409346991534366,0.03919103117765324,0.060656100186669455,0.03864870625713598,0.061011366181190796
2025-06-03,3350.199951171875,63.40999984741211,3.7219998836517334,5970.3701171875,17.690000534057617,-0.006070768059979941,0.01413506243041926,0.007551243634389918,0.005783533535368979,-0.03717488007439647,64,Greed,712519938.0,139828681.17278,0.1679536260738259,0.1913050171803921,4.7033333333333336e-05,-1.9729999999999996e-05,0.19311,-0.010098493774207039,0.038459753059206334,0.06039000644367602,0.03888677253482688,0.060656100186669455
2025-06-04,3373.5,62.849998474121094,3.7160000801086426,5970.81005859375,17.610000610351562,0.006930750112583484,-0.008870664547419721,-0.0016132844510954663,7.368474471916267e-05,-0.004532581194009188,62,Greed,462365003.0,89135081.41012,-0.43245326596894057,-0.45026497962267686,5.9783333333333334e-05,1.2749999999999998e-05,0.18812,-0.0261799176557869,0.0384855323705401,0.06064197192894935,0.03978250742050491,0.06039000644367602
2025-06-05,3350.699951171875,63.369998931884766,3.677000045776367,5939.2998046875,18.479999542236328,-0.006781516425104247,0.00823963572205525,-0.010550627740839584,-0.005291357978698112,0.04822208427528902,57,Greed,1346305437.0,240663393.60467,1.0687647775126188,0.993246262413179,6.183000000000001e-05,2.0466666666666753e-06,0.17105,-0.09512414565323356,0.047295978321996224,0.0632256605548005,0.03598402107148447,0.06064197192894935
2025-06-06,3322.699951171875,64.58000183105469,3.7839999198913574,6000.35986328125,16.770000457763672,-0.008391573926159246,0.01891424720320025,0.028684415250757576,0.010228196215376713,-0.09709743831107769,45,Fear,1096946331.0,194045010.43752,-0.20483387080194643,-0.21530910543452886,-1.0416666666666666e-05,-7.224666666666668e-05,0.17878,0.04420008823609283,0.042828747433450796,0.06374292626073853,0.036069258955672735,0.0632256605548005
2025-06-07,3322.699951171875,64.58000183105469,3.7839999198913574,6000.35986328125,16.770000457763672,0.0,0.0,0.0,0.0,0.0,52,Neutral,579947806.0,106791753.356,-0.63734742581493,-0.5972094369400981,5.6506666666666665e-05,6.692333333333333e-05,0.18511,0.03479424331188732,0.04631290709803155,0.05840126993136096,0.035630826981634695,0.06374292626073853
2025-06-08,3322.699951171875,64.58000183105469,3.7839999198913574,6000.35986328125,16.770000457763672,0.0,0.0,0.0,0.0,0.0,62,Greed,475018993.0,87349714.24146,-0.1995833213375709,-0.20096094262233336,1.7463333333333333e-05,-3.904333333333333e-05,0.18418,-0.005036702678372711,0.046048657914734906,0.057968061426730784,0.03583515953861743,0.05840126993136096
2025-06-09,3332.10009765625,65.29000091552734,3.634999990463257,6005.8798828125,17.15999984741211,0.0028250744326858415,0.010934105537609646,-0.04017252165737706,0.0009195251863913659,0.022989482036049294,62,Greed,861702676.0,161089652.22207,0.5955554992316386,0.6120412909483384,5.1403333333333336e-05,3.3940000000000004e-05,0.1949,0.056573066220293955,0.05200325233817176,0.04515538677757599,0.035723805543719685,0.057968061426730784
2025-06-10,3320.89990234375,64.9800033569336,3.5329999923706055,6038.81005859375,16.950000762939453,-0.003366964044300687,-0.004759317319035391,-0.02846174214435264,0.005468012541646841,-0.01231320633011249,71,Greed,982365029.0,190270395.55173,0.13105267151293623,0.1664851388441186,8.047000000000001e-05,2.906666666666667e-05,0.1985,0.018302493613730014,0.05220292956739011,0.04342215427002002,0.03844396983790296,0.04515538677757599
2025-06-11,3321.300048828125,68.1500015258789,3.506999969482422,6022.240234375,17.260000228881836,0.000120486130438958,0.04763159863056644,-0.0073864037614050125,-0.002747660318287345,0.018123820078471166,72,Greed,1122709648.0,223875578.80856,0.1335374117538991,0.16264425083993328,9.373e-05,1.3259999999999992e-05,0.19294,-0.028409840384837678,0.052423650972180894,0.04362669782661544,0.03846751701112625,0.04342215427002002
2025-06-12,3380.89990234375,68.04000091552734,3.492000102996826,6045.259765625,18.020000457763672,0.01778563010253441,-0.0016153995491640903,-0.004286294983699447,0.0038151330716763875,0.04309057866717449,71,Greed,932640491.0,174841531.94321,-0.18548057023726777,-0.24721041385819645,1.3096666666666666e-05,-8.063333333333333e-05,0.1811,-0.06332989485303973,0.04296757922588428,0.04389126146802919,0.03668998933349273,0.04362669782661544
2025-06-13,3431.199951171875,72.9800033569336,3.5810000896453857,5976.97021484375,20.81999969482422,0.014768122634469274,0.0700896960229113,0.025167448577475875,-0.01136066859010289,0.14443177094572332,61,Greed,1429961655.0,249668927.40139,0.4273831074495021,0.3562557178914824,3.043333333333333e-06,-1.0053333333333333e-05,0.1804,-0.0038727572608444655,0.03998472461660214,0.04365947627513146,0.03667091019568984,0.04389126146802919
2025-06-14,3431.199951171875,72.9800033569336,3.5810000896453857,5976.97021484375,20.81999969482422,0.0,0.0,0.0,0.0,0.0,63,Greed,541713685.0,96124075.57769,-0.970665302803636,-0.9544959389178778,6.605666666666667e-05,6.301333333333334e-05,0.17824,-0.012045650889604072,0.03727023765779611,0.042605475468126666,0.0365952726938036,0.04365947627513146
2025-06-15,3431.199951171875,72.9800033569336,3.5810000896453857,5976.97021484375,20.81999969482422,0.0,0.0,0.0,0.0,0.0,60,Greed,569564407.0,99974979.73445,0.050134265029171364,0.03928014112420652,4.488333333333333e-05,-2.1173333333333343e-05,0.17553,-0.015320988270664845,0.037455643854637045,0.042538896513465124,0.03643300715191045,0.042605475468126666
2025-06-16,3396.39990234375,71.7699966430664,3.747999906539917,6033.10986328125,19.110000610351562,-0.010194021599707037,-0.016718962337808015,0.04558022339027415,0.0093488231481891,-0.08570225833796581,61,Greed,899995493.0,159364978.81491,0.4575178850993405,0.4662770838850056,4.579333333333333e-05,9.099999999999964e-07,0.17272,-0.016138182261702435,0.02490940601090964,0.042362734428763184,0.03788707790803652,0.042538896513465124
2025-06-17,3386.60009765625,74.83999633789062,3.8510000705718994,5982.72021484375,21.600000381469727,-0.0028895213050230267,0.04188593780488692,0.027110533718187765,-0.008387259723643134,0.12248154215971613,68,Greed,902753834.0,153673765.57628,0.003060151637539802,-0.0363650858414279,3.54e-05,-1.0393333333333328e-05,0.16936,-0.019645159379942167,0.019400203918684116,0.03885608665805285,0.03769555541217087,0.042362734428763184
2025-06-18,3389.800048828125,75.13999938964844,3.989000082015991,5980.8701171875,20.139999389648438,0.0009444399210661637,0.0040005795495912455,0.0352077203254333,-0.00030928803472058796,-0.06998547536577886,52,Neutral,679592519.0,114472417.50859,-0.2839565253801953,-0.29449805121734346,8.087666666666667e-05,4.547666666666667e-05,0.17068,0.0077638314931894785,0.022230966895878,0.03865395575165943,0.039734125792280375,0.03885608665805285
2025-06-19,3389.800048828125,75.13999938964844,3.989000082015991,5980.8701171875,20.139999389648438,0.0,0.0,0.0,0.0,0.0,57,Greed,338033103.0,57431118.9557,-0.6983495532340973,-0.6897476003479595,5.333333333333334e-05,-2.754333333333333e-05,0.17092,0.0014051524560249953,0.010208676062395231,0.038572041569381266,0.03976025781561282,0.03865395575165943
2025-06-20,3368.10009765625,74.93000030517578,3.8469998836517334,5967.83984375,20.6200008392334,-0.0064221208610746846,-0.0027986835739336347,-0.036246999957546704,-0.002181035215587759,0.02355366230380821,54,Neutral,952028188.0,157797955.46659,1.0354508150394766,1.01072915333739,3.3576666666666666e-05,-1.9756666666666673e-05,0.16234,-0.051502709442794475,0.018936030911742455,0.03842333293680248,0.04309276860275034,0.038572041569381266
2025-06-21,3368.10009765625,74.93000030517578,3.8469998836517334,5967.83984375,20.6200008392334,0.0,0.0,0.0,0.0,0.0,49,Neutral,693909616.0,109095337.87256,-0.3162529278826373,-0.36909329252353806,7.353333333333333e-06,-2.6223333333333334e-05,0.15448,-0.04962826321277062,0.02285773058813516,0.03725867202996483,0.0415125377963571,0.03842333293680248
2025-06-22,3368.10009765625,74.93000030517578,3.8469998836517334,5967.83984375,20.6200008392334,0.0,0.0,0.0,0.0,0.0,42,Fear,1801536004.0,269882943.13846,0.9540531998419413,0.9057661617405911,4.191333333333333e-05,3.4559999999999994e-05,0.15129,-0.020866113363515317,0.022746653316954114,0.03478150101834136,0.04102777664848869,0.03725867202996483
2025-06-23,3377.699951171875,68.51000213623047,3.697999954223633,6025.169921875,19.829999923706055,0.0028461738938607515,-0.08957459725292966,-0.03950147294001118,0.009560655071259439,-0.0390655806044794,47,Neutral,1060150458.0,164783738.40813,-0.5302287970132177,-0.49335438316065,1.604e-05,-2.5873333333333332e-05,0.16376,0.07920341659629042,0.044472596352807175,0.03862101022337557,0.046523791993540765,0.03478150101834136
2025-06-24,3317.39990234375,64.37000274658203,3.5369999408721924,6092.18017578125,17.479999542236328,-0.018013675886811464,-0.06233202246291182,-0.044513227079844724,0.011060328616958607,-0.12613859464476848,65,Greed,889346979.0,145959726.9428,-0.17567865658996426,-0.12130319709958957,3.405e-05,1.8010000000000002e-05,0.16571,0.011837331288668335,0.044644205924458176,0.03880127958475676,0.047391999051228595,0.03862101022337557
2025-06-25,3327.10009765625,64.91999816894531,3.4059998989105225,6092.16015625,16.760000228881836,0.0029197688926843124,0.008507985708414682,-0.037740340945733086,-3.286108349665331e-06,-0.04206223532916502,66,Greed,678023426.0,112029950.75805,-0.2713056229869188,-0.26456448777116126,4.8156666666666666e-05,1.4106666666666665e-05,0.16459,-0.006781739585725881,0.04439139418982707,0.03870650964514895,0.047289634647295825,0.03880127958475676
2025-06-26,3333.5,65.23999786376953,3.260999917984009,6141.02001953125,16.59000015258789,0.0019217200310753606,0.004917030567025608,-0.0435046809040558,0.007988131032516797,-0.010194995310435646,74,Greed,764621210.0,123832331.85516,0.12019872190641342,0.10016223512208178,3.83e-06,-4.4326666666666664e-05,0.16001,-0.028221219775193238,0.045064958131438966,0.038782882140804345,0.0468008510262631,0.03870650964514895
2025-06-27,3273.699951171875,65.5199966430664,3.739000082015991,6173.06982421875,16.31999969482422,-0.018101974273062114,0.004282643300932393,0.1367843462736337,0.005205399256150098,-0.01640878256347104,65,Greed,436840031.0,70141716.92711,-0.5598134945786118,-0.5684107651646503,3.4886666666666666e-05,3.1056666666666664e-05,0.16104,0.006416468050752611,0.04120280799226505,0.03885988076383924,0.046814351196336236,0.038782882140804345
2025-06-28,3273.699951171875,65.5199966430664,3.739000082015991,6173.06982421875,16.31999969482422,0.0,0.0,0.0,0.0,0.0,65,Greed,289205475.0,47034141.95458,-0.41242964465304255,-0.399643960428461,6.903333333333334e-05,3.414666666666667e-05,0.16363,0.015955000109268095,0.03538792202150933,0.03900825540674895,0.048809711148917675,0.03885988076383924
2025-06-29,3273.699951171875,65.5199966430664,3.739000082015991,6173.06982421875,16.31999969482422,0.0,0.0,0.0,0.0,0.0,68,Greed,417646869.0,69213297.78465,0.36749884282536505,0.38631924612347895,1.2993333333333331e-05,-5.6040000000000006e-05,0.16944,0.03489110041229222,0.03399755344231079,0.03539429858380138,0.04873207245530493,0.03900825540674895
2025-06-30,3294.39990234375,65.11000061035156,3.4560000896453857,6204.9501953125,16.729999542236328,0.006303198845365553,-0.006277231686631752,-0.07870634104938365,0.005151137506128882,0.0248121568004225,66,Greed,654158261.0,108362081.89976,0.4487130470131025,0.4482852211588191,5.928666666666666e-05,4.629333333333333e-05,0.16518,-0.025463093470525482,0.022852402179770234,0.03560200685999236,0.048561595104291665,0.03539429858380138
2025-07-01,3336.699951171875,65.44999694824219,3.4149999618530273,6198.009765625,16.829999923706055,0.012758252337171075,0.005208289105661505,-0.011934395028530534,-0.0011191571098791433,0.005959516032616415,64,Greed,506350958.0,81428337.38272,-0.2561192897306872,-0.285754892317417,5.063666666666667e-05,-8.649999999999993e-06,0.15778,-0.0458341307156273,0.02816960854033671,0.036297982011805716,0.04863665877806275,0.03560200685999236
2025-07-02,3348.0,67.44999694824219,3.48799991607666,6227.419921875,16.639999389648438,0.003380872641776682,0.030100091680430326,0.021151000133805536,0.0047338743064907745,-0.011353604956222913,63,Greed,848237954.0,141531663.38009,0.5159311808129808,0.5528001239993857,1.1146666666666668e-05,-3.949e-05,0.16869,0.06686105330527645,0.03967074597062426,0.03864870625713598,0.048292740183894727,0.036297982011805716
2025-07-03,3331.60009765625,67.0,3.4089999198913574,6279.35009765625,16.3799991607666,-0.004910454236063616,-0.0066939180180563464,-0.02290951232953838,0.00830437821066394,-0.01574837152360857,73,Greed,1014473641.0,174700056.05308,0.1789639741096139,0.21054707647206866,0.0001,8.885333333333333e-05,0.17201,0.019489903686079384,0.03733948524219245,0.03888677253482688,0.049309153197727475,0.03864870625713598
2025-07-04,3331.60009765625,67.0,3.4089999198913574,6279.35009765625,16.3799991607666,0.0,0.0,0.0,0.0,0.0,73,Greed,756939150.0,125718537.37578,-0.29284230955564944,-0.3290249601136399,4.6206666666666666e-05,-5.379333333333334e-05,0.16288,-0.05453888129614154,0.04477237839810756,0.03978250742050491,0.04848530320813574,0.03888677253482688
2025-07-05,3331.60009765625,67.0,3.4089999198913574,6279.35009765625,16.3799991607666,0.0,0.0,0.0,0.0,0.0,67,Greed,292791372.0,47934203.04523,-0.9498225526755308,-0.964216277227313,-1.5013333333333336e-05,-6.122e-05,0.16421,0.008132363141588099,0.04445150677766371,0.03598402107148447,0.049345872862795764,0.03978250742050491
2025-07-06,3331.60009765625,67.0,3.4089999198913574,6279.35009765625,16.3799991607666,0.0,0.0,0.0,0.0,0.0,66,Greed,879979321.0,149398052.76918,1.1004380938926381,1.136784938287929,3.109e-05,4.6103333333333336e-05,0.17196,0.04611579512433486,0.04607159232714104,0.036069258955672735,0.04998171394209024,0.03598402107148447
2025-07-07,3332.199951171875,67.93000030517578,3.4119999408721924,6229.97998046875,17.790000915527344,0.0001800334682463348,0.013785148304748359,0.0008796426434594774,-0.007893368104244017,0.08257552595110282,73,Greed,859968572.0,146923845.8867,-0.023002563938761246,-0.016699841591019216,7.010000000000001e-05,3.901000000000001e-05,0.16792,-0.023774216115703132,0.045907266633197955,0.035630826981634695,0.04983046417985441,0.036069258955672735
2025-07-08,3307.0,68.33000183105469,3.3399999141693115,6225.52001953125,16.809999465942383,-0.007591297859755788,0.0058711678942017665,-0.021327831009265562,-0.0007161432504695748,-0.05666263749048405,65,Greed,560967350.0,94974536.73373,-0.4272331402082143,-0.4363055760581481,4.2873333333333335e-05,-2.7226666666666675e-05,0.17094,0.017824942225494397,0.04079147474644241,0.03583515953861743,0.051560568635569765,0.035630826981634695
2025-07-09,3311.60009765625,68.37999725341797,3.2139999866485596,6263.259765625,15.9399995803833,0.0013900517720019155,0.0007314084547858205,-0.03845451812962765,0.00604380277677969,-0.053142268612983594,66,Greed,1188196945.0,209208452.04026,0.7505295606168245,0.7897223118056079,9.027333333333334e-05,4.740000000000001e-05,0.18053,0.054584351210694784,0.03819290052073995,0.035723805543719685,0.051097459437354185,0.03583515953861743
2025-07-10,3317.39990234375,66.56999969482422,3.3369998931884766,6280.4599609375,15.779999732971191,0.0017498283805606845,-0.026826323016373506,0.037555904599818384,0.0027424410729257912,-0.010088348541556767,71,Greed,1146142109.0,212625646.90915,-0.036035370852580885,0.016201960103326894,0.0001,9.726666666666663e-06,0.19507,0.07746149955827464,0.046131971141128436,0.03844396983790296,0.049800810956779115,0.035723805543719685
2025-07-11,3356.0,68.44999694824219,3.313999891281128,6259.75,16.399999618530273,0.011568474452741711,0.027849486122376768,-0.006916281562553922,-0.0033029717732258423,0.038538013074052885,71,Greed,2460231517.0,498563890.68926,0.7638538431499403,0.8521986538654461,0.0001,0.0,0.20103,0.03009568214634776,0.033253512233418575,0.03846751701112625,0.049947502706066994,0.03844396983790296
2025-07-12,3356.0,68.44999694824219,3.313999891281128,6259.75,16.399999618530273,0.0,0.0,0.0,0.0,0.0,79,Extreme Greed,940327860.0,186848469.34616,-0.9617821354137567,-0.9814337830532417,0.0001,0.0,0.19742,-0.01812071166344699,0.03736537782177016,0.03668998933349273,0.05085201624188957,0.03846751701112625
2025-07-13,3356.0,68.44999694824219,3.313999891281128,6259.75,16.399999618530273,0.0,0.0,0.0,0.0,0.0,74,Greed,820805906.0,163802067.0844,-0.13594193187624318,-0.13163917311003084,8.705666666666667e-05,-1.2943333333333335e-05,0.19855,0.0057075185875184505,0.0369146773933287,0.03667091019568984,0.05187633550538732,0.03668998933349273
2025-07-14,3351.5,66.9800033569336,3.4660000801086426,6268.56005859375,17.200000762939453,-0.0013417817890844313,-0.021709389666200556,0.04484532820768652,0.0014064243309367943,0.04762811660654813,74,Greed,1622802447.0,330347085.43806,0.6816231694090354,0.7014850848862261,9.813333333333334e-05,1.1076666666666668e-05,0.19749,-0.005353007429365442,0.03375002757176597,0.0365952726938036,0.05214886888677437,0.03667091019568984
2025-07-15,3329.800048828125,66.5199966430664,3.5230000019073486,6243.759765625,17.3799991607666,-0.006495750023279325,-0.006891513624805755,0.016311685494378413,-0.003964145065672561,0.010410643373586315,73,Greed,1313854511.0,253628308.24066,-0.21118936852658113,-0.2642740339003953,8.742333333333333e-05,-1.0710000000000011e-05,0.19919,0.008571192939287516,0.03417293210478991,0.03643300715191045,0.05506118348017055,0.0365952726938036
2025-07-16,3352.5,66.37999725341797,3.5510001182556152,6263.7001953125,17.15999984741211,0.006794079381100563,-0.0021068389445210046,0.007916387362510715,0.0031885685253844154,-0.012738986382189699,70,Greed,1785566132.0,368001986.87784,0.30677033402102777,0.37221849539086554,0.0001,1.2576666666666678e-05,0.2127,0.06562357911900901,0.036133839054683904,0.03788707790803652,0.05394250357351728,0.03643300715191045
2025-07-17,3340.10009765625,67.54000091552734,3.5420000553131104,6297.35986328125,16.520000457763672,-0.0037055602760010316,0.017324263597579107,-0.002537732286019085,0.005359380240011013,-0.038009289365250935,74,Greed,2133077927.0,455996121.20446,0.17783044708048287,0.21439596606871766,0.0001,0.0,0.21826,0.025804290478752392,0.027503311285585856,0.03769555541217087,0.053783179178846,0.03788707790803652
2025-07-18,3353.0,67.33999633789062,3.565000057220459,6296.7900390625,16.40999984741211,0.003854691586396078,-0.0029656691622084916,0.006472514939887504,-9.049030280841674e-05,-0.006680899998967385,73,Greed,4213195060.0,1003528632.67305,0.680655308662554,0.7887933972899227,0.0001,0.0,0.2358,0.07729697541832675,0.0359965569138254,0.039734125792280375,0.05193986675993392,0.03769555541217087
2025-07-19,3353.0,67.33999633789062,3.565000057220459,6296.7900390625,16.40999984741211,0.0,0.0,0.0,0.0,0.0,74,Greed,2332570036.0,576656743.32139,-0.5912506020333202,-0.5540305100751041,0.0001,0.0,0.24143,0.023595587900792216,0.03123264890468277,0.03976025781561282,0.05258463129245489,0.039734125792280375
2025-07-20,3353.0,67.33999633789062,3.565000057220459,6296.7900390625,16.40999984741211,0.0,0.0,0.0,0.0,0.0,72,Greed,3391965164.0,882595774.69651,0.37443876838896634,0.425620118924696,0.0001,0.0,0.27375,0.12563570512664768,0.04592422200709862,0.04309276860275034,0.04769279848118905,0.03976025781561282
2025-07-21,3401.89990234375,67.19999694824219,3.325000047683716,6305.60009765625,16.649999618530273,0.01447860287732854,-0.00208115723450823,-0.06969438146809422,0.001398157005673256,0.014519297711828362,71,Greed,3119210733.0,856718613.92868,-0.08382944820302257,-0.029757783277203846,0.0001,0.0,0.27142,-0.008547844477485916,0.04653014997487319,0.0415125377963571,0.04918389523815602,0.04309276860275034
2025-07-22,3439.199951171875,66.20999908447266,3.252000093460083,6309.6201171875,16.5,0.010904801640990577,-0.014841707006914905,-0.02219946802395787,0.0006373284966667569,-0.009049812608822908,72,Greed,2192290786.0,582380262.79653,-0.35263298149251665,-0.3859859193307678,0.0001,0.0,0.27093,-0.001806951722407527,0.04804097219531841,0.04102777664848869,0.04938611798649342,0.0415125377963571
2025-07-23,3394.10009765625,65.25,3.0769999027252197,6358.91015625,15.369999885559082,-0.013200213092493647,-0.014605448906322377,-0.05531515569843563,0.007781532145702873,-0.07094283080176363,74,Greed,2256299182.0,561110090.39725,0.028778922843611558,-0.03720648104165978,0.0001,0.0,0.24083,-0.11776919453857458,0.07607421044957527,0.046523791993540765,0.04966993405872092,0.04102777664848869
2025-07-24,3371.0,66.02999877929688,3.0940001010894775,6363.35009765625,15.390000343322754,-0.006829222657993172,0.011883119516578307,0.0055097200972293444,0.0006979799969332514,0.001300420054187293,71,Greed,2290016087.0,540995396.21605,0.014832901454481599,-0.03650635679425403,0.0001,0.0,0.23218,-0.036578357482352795,0.07858512500319327,0.047391999051228595,0.04930987614081392,0.046523791993540765
2025-07-25,3334.0,65.16000366210938,3.109999895095825,6388.64013671875,14.930000305175781,-0.011036651923321424,-0.013263325783737057,0.005157907636275897,0.003966451001680552,-0.030345338167419175,70,Greed,1957938127.0,446832437.42233,-0.15666689892542365,-0.19122710506013366,0.0001,0.0,0.23673,0.01940731829116361,0.0730289929411199,0.047289634647295825,0.049305356469321285,0.047391999051228595
2025-07-26,3334.0,65.16000366210938,3.109999895095825,6388.64013671875,14.930000305175781,0.0,0.0,0.0,0.0,0.0,72,Greed,733863730.0,174064427.82114,-0.981323865061283,-0.9427581584692764,0.0001,0.0,0.23543,-0.005506621844194552,0.07232416890483191,0.0468008510262631,0.052568553808090314,0.047289634647295825
2025-07-27,3334.0,65.16000366210938,3.109999895095825,6388.64013671875,14.930000305175781,0.0,0.0,0.0,0.0,0.0,73,Greed,1038317435.0,247866861.56982,0.3470334736120207,0.3534662479875781,9.563000000000002e-05,-4.369999999999987e-06,0.24071,0.02217926006149151,0.04799199252822209,0.046814351196336236,0.05299611296165956,0.0468008510262631
2025-07-28,3309.10009765625,66.70999908447266,2.98799991607666,6389.77001953125,15.029999732971191,-0.0074965057238816635,0.02350901306179033,-0.04001845327611953,0.00017684247126657597,0.006675554006955608,75,Greed,1620312126.0,384585889.28529,0.44501724899849354,0.43927538965435453,0.0001,4.369999999999987e-06,0.22615,-0.062394393494498254,0.05040891945499999,0.048809711148917675,0.05180943843717312,0.046814351196336236
2025-07-29,3323.39990234375,69.20999908447266,3.0810000896453857,6370.85986328125,15.979999542236328,0.0043120472958143976,0.0367904946280851,0.030650009526951665,-0.002963830197466829,0.06128972569359601,73,Greed,1192564427.0,268659829.49662,-0.30651283190076706,-0.35872113816483797,3.794333333333333e-05,-6.205666666666667e-05,0.22392,-0.009909650716653963,0.0498489150499529,0.04873207245530493,0.051989338634498394,0.048809711148917675
2025-07-30,3295.800048828125,70.0,3.0450000762939453,6362.89990234375,15.479999542236328,-0.008339380490785232,0.01134989442383949,-0.011753322493385503,-0.0012502139385094711,-0.03178907310180721,74,Greed,1217881143.0,266285612.51686,0.021006611626915715,-0.008876540979976168,6.0910000000000005e-05,2.296666666666667e-05,0.21999,-0.017706754433380337,0.029920393735110018,0.048561595104291665,0.05262865486309827,0.04873207245530493
2025-07-31,3293.199951171875,69.26000213623047,3.1059999465942383,6339.39013671875,16.719999313354492,-0.0007892237945701002,-0.010627672231444093,0.019834781314766608,-0.003701662046374567,0.07705672799895574,72,Greed,843884315.0,183965767.27791,-0.36685244209859763,-0.3698197711136187,7.824666666666666e-05,1.733666666666666e-05,0.20974,-0.04771342236755866,0.03163413547615631,0.04863665877806275,0.05190668247318366,0.048561595104291665
2025-08-01,3347.699951171875,67.33000183105469,3.0829999446868896,6238.009765625,20.3799991607666,0.01641380667687466,-0.02826164006549793,-0.0074325765694231985,-0.0161213871855698,0.19794842002607435,65,Greed,1936437804.0,397578220.30481,0.830589963035035,0.7706420024792896,7.24e-05,-5.846666666666666e-06,0.20097,-0.04271302521797313,0.029145447025232037,0.048292740183894727,0.05130086231493519,0.04863665877806275
2025-08-02,3347.699951171875,67.33000183105469,3.0829999446868896,6238.009765625,20.3799991607666,0.0,0.0,0.0,0.0,0.0,55,Greed,1340154059.0,262590864.62308,-0.3680655249613671,-0.4147945222963189,6.03e-05,-1.2099999999999996e-05,0.19098,-0.050986932666229424,0.0295594715970426,0.049309153197727475,0.05041969079789151,0.048292740183894727
2025-08-03,3347.699951171875,67.33000183105469,3.0829999446868896,6238.009765625,20.3799991607666,0.0,0.0,0.0,0.0,0.0,53,Neutral,743628957.0,145995992.51874,-0.5889976590150958,-0.5870180002504898,5.343333333333333e-05,-6.866666666666673e-06,0.19876,0.039929356212063345,0.03502659720154425,0.04848530320813574,0.05004476236786958,0.049309153197727475
2025-08-04,3374.39990234375,66.29000091552734,2.931999921798706,6329.93994140625,17.520000457763672,0.007943973509988255,-0.015566859688174842,-0.05021837360993722,0.014629564491414495,-0.15121087497900548,64,Greed,1016575695.0,207193074.34464,0.31265289987750444,0.3500719120192562,5.2879999999999995e-05,-5.533333333333337e-07,0.21039,0.05686488448280895,0.04319512811854201,0.049345872862795764,0.04918185858613081,0.04848530320813574
2025-08-05,3381.89990234375,65.16000366210938,3.009999990463257,6299.18994140625,17.850000381469727,0.0022201510582657955,-0.01719323012859795,0.026255318239681934,-0.004869703780462017,0.018660417960192417,60,Greed,844023791.0,171261936.42343,-0.18601441401457786,-0.1904569083931568,3.844e-05,-1.4439999999999997e-05,0.19981,-0.051596036204887626,0.04591706241544188,0.04998171394209024,0.04869355819886467,0.049345872862795764
2025-08-06,3380.0,64.3499984741211,3.0769999027252197,6345.06005859375,16.770000457763672,-0.0005619433653809127,-0.012508929605690623,0.022014989133959804,0.007255522219852605,-0.06241192646480223,54,Neutral,624926690.0,125769302.51841,-0.3005463357306098,-0.308744880103513,2.5673333333333334e-05,-1.2766666666666664e-05,0.20524,0.02681311106172284,0.048685402641845045,0.04983046417985441,0.048669876307597885,0.04998171394209024
2025-08-07,3400.300048828125,63.880001068115234,3.066999912261963,6340.0,16.56999969482422,0.005987967888747476,-0.0073305702624902,-0.0032552082013970144,-0.0007977981718278668,-0.011997790110594823,62,Greed,1122885382.0,238459586.04281,0.5860225385588789,0.6397505490633479,0.0001,7.432666666666667e-05,0.22228,0.0797578223379564,0.05554686306460165,0.051560568635569765,0.046424964233779294,0.04983046417985441
2025-08-08,3439.10009765625,63.880001068115234,2.990000009536743,6389.4501953125,15.149999618530273,0.01134616025997749,0.0,-0.025426465932852766,0.0077694548163894745,-0.08959330624524582,74,Greed,1206447226.0,270909957.44395,0.07177825729209092,0.12758665989879847,8.086666666666668e-05,-1.913333333333333e-05,0.23039,0.03583567669031019,0.05129633892471249,0.051097459437354185,0.04718666708514869,0.051560568635569765
2025-08-09,3439.10009765625,63.880001068115234,2.990000009536743,6389.4501953125,15.149999618530273,0.0,0.0,0.0,0.0,0.0,67,Greed,1460081482.0,348718501.41256,0.19081238002646853,0.252478505211746,5.919666666666666e-05,-2.1670000000000014e-05,0.23995,0.04065704320222395,0.0409556872067943,0.049800810956779115,0.0476747119593284,0.051097459437354185
2025-08-10,3439.10009765625,63.880001068115234,2.990000009536743,6389.4501953125,15.149999618530273,0.0,0.0,0.0,0.0,0.0,69,Greed,1100909731.0,259095647.38236,-0.2823553775652139,-0.2970677220867756,9.931000000000001e-05,4.011333333333335e-05,0.23385,-0.025750684132359338,0.04618835848216306,0.049947502706066994,0.04743137558592627,0.049800810956779115
2025-08-11,3353.10009765625,63.959999084472656,2.9539999961853027,6373.4501953125,16.25,-0.025324517441945554,0.0012515335842291375,-0.012113207774319878,-0.0025072683938851073,0.0700924019998885,70,Greed,1438550271.0,334164812.68073,0.2674989840316683,0.254437033970091,9.143999999999999e-05,-7.870000000000018e-06,0.22207,-0.05168723668572705,0.05098567352810092,0.05085201624188957,0.04647778455901032,0.049947502706066994
2025-08-12,3348.89990234375,63.16999816894531,2.808000087738037,6445.759765625,14.729999542236328,-0.0012534156557426127,-0.012428397727227305,-0.050687665408517456,0.011281559075170764,-0.09820670937817151,68,Greed,1379181817.0,314305490.77185,-0.04214541310775628,-0.06126890891508607,8.231666666666667e-05,-9.123333333333321e-06,0.23582,0.06007615466235911,0.04661689877068967,0.05187633550538732,0.04584623493580712,0.05085201624188957
2025-08-13,3358.699951171875,62.650001525878906,2.828000068664551,6466.580078125,14.489999771118164,0.002922075262479989,-0.00826577022677899,0.007097254905273564,0.0032248733840464015,-0.016427458860831908,73,Greed,2104113623.0,509995375.47661,0.42240385963364535,0.4840362444897914,0.0001,1.7683333333333334e-05,0.24482,0.03745444449883909,0.04690900814990846,0.05214886888677437,0.04722805967944123,0.05187633550538732
2025-08-14,3335.199951171875,63.959999084472656,2.8410000801086426,6468.5400390625,14.829999923706055,-0.007021346864233285,0.02069416795400631,0.004586358754812961,0.00030304487855445177,0.023193410468529695,75,Greed,3238378909.0,756542920.91445,0.4311785711213231,0.3943576098070757,0.0001,0.0,0.22382,-0.08968108925748539,0.056744642436335986,0.05506118348017055,0.044459307434089525,0.05214886888677437
2025-08-15,3336.0,62.79999923706055,2.9159998893737793,6449.7998046875,15.09000015258789,0.0002398515522892742,-0.018302812326256804,0.026056645139359305,-0.0029013399163647113,0.017380131886339894,60,Greed,1696292315.0,385423338.94535,-0.6466279898050014,-0.6744169559245315,1.680000000000002e-06,-9.832000000000001e-05,0.22886,0.022268305499687686,0.05557558810729328,0.05394250357351728,0.04525336929064504,0.05506118348017055
2025-08-16,3336.0,62.79999923706055,2.9159998893737793,6449.7998046875,15.09000015258789,0.0,0.0,0.0,0.0,0.0,56,Greed,1061437464.0,245340768.57232,-0.4688207904940726,-0.4516941755847015,7.095333333333333e-05,6.927333333333333e-05,0.23115,0.009956387544665792,0.05289126810365298,0.053783179178846,0.04588442069873299,0.05394250357351728
2025-08-17,3336.0,62.79999923706055,2.9159998893737793,6449.7998046875,15.09000015258789,0.0,0.0,0.0,0.0,0.0,64,Greed,1209978791.0,284394057.5692,0.13097874378927582,0.14771266680554337,5.3530000000000004e-05,-1.7423333333333326e-05,0.23456,0.014644568264052098,0.05249508795245293,0.05193986675993392,0.045848790646324,0.053783179178846
2025-08-18,3331.699951171875,63.41999816894531,2.890000104904175,6449.14990234375,14.989999771118164,-0.0012898149154139478,0.009824178912884366,-0.00895623778538701,-0.00010076825773579619,-0.0066489860460745625,60,Greed,1827107692.0,408916113.87339,0.41213138902095786,0.3631492313650241,-7.033333333333351e-07,-5.423333333333334e-05,0.22262,-0.052245136633206825,0.052587749179137215,0.05258463129245489,0.04513556339092897,0.05193986675993392
2025-08-19,3313.39990234375,62.349998474121094,2.7660000324249268,6411.3701171875,15.569999694824219,-0.005507846531911064,-0.017015592585072035,-0.04385429345811836,-0.005875329112207127,0.03796266940012603,56,Greed,1798094261.0,389054666.70365,-0.01600686022880624,-0.049790169336059065,4.394333333333333e-05,4.464666666666667e-05,0.20943,-0.06107672741466005,0.049502214540786314,0.04769279848118905,0.04344369989705872,0.05258463129245489
2025-08-20,3343.39990234375,63.209999084472656,2.752000093460083,6395.77978515625,15.6899995803833,0.009013401028552843,0.01369885434705882,-0.005074290933361513,-0.002434630632264957,0.007677573755064212,44,Fear,2102107149.0,450073909.23134,0.1562128857934984,0.14569194689762602,5.2463333333333336e-05,8.520000000000007e-06,0.22169,0.05689045495544192,0.05345025972609402,0.04918389523815602,0.04375844682287589,0.04769279848118905
2025-08-21,3336.89990234375,63.52000045776367,2.8259999752044678,6370.169921875,16.600000381469727,-0.0019460210593331287,0.00489232214518028,0.026534321456379444,-0.004012219728951123,0.05637917834187325,50,Neutral,983634414.0,215301640.49663,-0.759441227393747,-0.7373717880881216,7.723e-05,2.4766666666666668e-05,0.21473,-0.03189858462682092,0.043354862528128,0.04938611798649342,0.043170374144310804,0.04918389523815602
2025-08-22,3374.39990234375,63.65999984741211,2.697999954223633,6466.91015625,14.220000267028809,0.011175298783647576,0.0022015953115401775,-0.04635153466947602,0.015072285158779139,-0.1547532751891094,50,Neutral,2470614941.0,560893726.16404,0.920968065073351,0.9574914272234204,8.488333333333334e-05,7.653333333333337e-06,0.24054,0.11350497090342974,0.06265911330354591,0.04966993405872092,0.03861102975440044,0.04938611798649342
2025-08-23,3374.39990234375,63.65999984741211,2.697999954223633,6466.91015625,14.220000267028809,0.0,0.0,0.0,0.0,0.0,60,Greed,1383693143.0,326140492.77971,-0.5797109684941382,-0.5422032031722939,0.0001,1.5116666666666664e-05,0.23631,-0.017741893499127977,0.06332054599099972,0.04930987614081392,0.0411793746571106,0.04966993405872092
2025-08-24,3374.39990234375,63.65999984741211,2.697999954223633,6466.91015625,14.220000267028809,0.0,0.0,0.0,0.0,0.0,53,Neutral,1758616432.0,411239251.64081,0.23977126658833992,0.23184691793289744,9.092333333333333e-05,-9.076666666666674e-06,0.23182,-0.019183293922743642,0.06358772490307918,0.049305356469321285,0.0411490056507243,0.04930987614081392
2025-08-25,3373.800048828125,64.80000305175781,2.696000099182129,6439.31982421875,14.789999961853027,-0.00017778178523024962,0.01774923099622844,-0.0007415109801024853,-0.004275512539646319,0.03930183098997578,47,Neutral,2157373271.0,471504088.95554,0.2043640217168643,0.1367526083537718,4.1716666666666666e-05,-4.9206666666666664e-05,0.20965,-0.10052173484382727,0.07204215890021459,0.052568553808090314,0.03650379877466237,0.049305356469321285
2025-08-26,3388.60009765625,63.25,2.7170000076293945,6465.93994140625,14.619999885559082,0.004377165544111227,-0.02421052284562626,0.007759103413548819,0.00412547371011636,-0.011560827649531319,48,Neutral,1261490195.0,267962242.60181,-0.5365976868564719,-0.5650816894926128,-5.741666666666666e-05,-9.913333333333332e-05,0.21839,0.04084298165990904,0.06993121312813913,0.05299611296165956,0.03883564996080569,0.052568553808090314
2025-08-27,3404.60009765625,64.1500015258789,2.867000102996826,6481.39990234375,14.850000381469727,0.0047106015210283785,0.01412898724012466,0.053737889573948074,0.0023881304533030262,0.015609444442969123,51,Neutral,1293545133.0,285219670.68846,0.02509289761259726,0.06241357294875103,9.062333333333334e-05,0.00014804,0.21892,0.0024239109990365736,0.06625673566744202,0.05180943843717312,0.03955586949527036,0.05299611296165956
2025-08-28,3431.800048828125,64.5999984741211,2.944000005722046,6501.85986328125,14.430000305175781,0.007957432015570034,0.0069902723203849985,0.026502979984079376,0.003151747441466755,-0.028690497002423307,48,Neutral,958072860.0,213147433.77123,-0.3002180638118099,-0.2912755541252262,0.0001,9.376666666666668e-06,0.22437,0.02459010859596858,0.06541402062673594,0.051989338634498394,0.03935514360717697,0.05180943843717312
2025-08-29,3473.699951171875,64.01000213623047,2.996999979019165,6460.259765625,15.359999656677246,0.012135375150160638,-0.009175032640841454,0.017842578523654295,-0.006418740402792551,0.062457311433301986,50,Neutral,1424776798.0,307430560.88607,0.39684661809343824,0.36626513989420695,8.915333333333334e-05,-1.0846666666666666e-05,0.21391,-0.04774110905797216,0.04722049557067025,0.05262865486309827,0.03854829585663767,0.051989338634498394
2025-08-30,3473.699951171875,64.01000213623047,2.996999979019165,6460.259765625,15.359999656677246,0.0,0.0,0.0,0.0,0.0,39,Fear,538763691.0,116090587.04342,-0.972493393828001,-0.9738784343561872,7.194666666666667e-05,-1.7206666666666666e-05,0.21595,0.009491533592996454,0.04823719963724292,0.05190668247318366,0.038617942953448434,0.05262865486309827
2025-08-31,3473.699951171875,64.01000213623047,2.996999979019165,6460.259765625,15.359999656677246,0.0,0.0,0.0,0.0,0.0,48,Neutral,490963065.0,106889059.29161,-0.09290815269160244,-0.08257934160045279,0.0001,2.805333333333333e-05,0.21371,-0.01042694360461026,0.04815970144068491,0.05130086231493519,0.03859097968110481,0.05190668247318366
2025-09-01,3473.699951171875,64.01000213623047,2.996999979019165,6460.259765625,15.359999656677246,0.0,0.0,0.0,0.0,0.0,46,Fear,1522561758.0,323216732.96328,1.131780661375707,1.1065316305567339,8.596999999999999e-05,-1.4030000000000013e-05,0.21073,-0.014042262592978404,0.028723205825871036,0.05041969079789151,0.04016810895478336,0.05130086231493519
2025-09-02,3549.39990234375,65.58999633789062,3.009000062942505,6415.5400390625,17.170000076293945,0.02155825335719171,0.02438383494499543,0.00399603723207491,-0.006946350061030363,0.11139697398504478,49,Neutral,1031360496.0,218454942.67994,-0.3895154827628153,-0.39174331680929453,6.971333333333334e-05,-1.6256666666666656e-05,0.21489,0.01954857608534797,0.024598833649364743,0.05004476236786958,0.04093536563566254,0.05041969079789151
2025-09-03,3593.199951171875,63.970001220703125,3.063999891281128,6448.259765625,16.350000381469727,0.012264609179004047,-0.02500894692781603,0.018113397829694875,0.005087112302941308,-0.04893575867808498,55,Greed,824904593.0,179440183.471,-0.2233663447465413,-0.19673786860414388,0.0001,3.028666666666667e-05,0.2203,0.02486398451382781,0.02669146541087664,0.04918185858613081,0.040963352041838215,0.05004476236786958
2025-09-04,3565.800048828125,63.47999954223633,3.0739998817443848,6502.080078125,15.300000190734863,-0.007654710471889562,-0.007689354097416977,0.0032583902510987545,0.008311847102873571,-0.06637507981002318,51,Neutral,689472854.0,148219588.38683,-0.17934040889887504,-0.1911470331984388,6.152000000000001e-05,-3.848e-05,0.21241,-0.03647188456950384,0.027619766270683854,0.04869355819886467,0.04071919475641641,0.04918185858613081
2025-09-05,3613.199951171875,61.869998931884766,3.0480000972747803,6481.5,15.180000305175781,0.013205346467745164,-0.02568949616802651,-0.008493936908084981,-0.00317017266993674,-0.007874048793430576,48,Neutral,1176623712.0,255141089.22739,0.5344770293105188,0.5431218037598279,6.795e-05,6.429999999999991e-06,0.21788,0.02542608327668021,0.023539809439865937,0.048669876307597885,0.04054957199632778,0.04869355819886467
2025-09-06,3613.199951171875,61.869998931884766,3.0480000972747803,6481.5,15.180000305175781,0.0,0.0,0.0,0.0,0.0,48,Neutral,482954635.0,103997609.16899,-0.8904816293644096,-0.8974487731197369,5.549333333333333e-05,-1.2456666666666665e-05,0.21595,-0.00889755310876356,0.023671788309784916,0.046424964233779294,0.04130574733654378,0.048669876307597885
2025-09-07,3613.199951171875,61.869998931884766,3.0480000972747803,6481.5,15.180000305175781,0.0,0.0,0.0,0.0,0.0,44,Fear,882527071.0,196435261.83628,0.6028667378450311,0.6359650106053308,6.648e-05,1.0986666666666668e-05,0.22877,0.05767023262098188,0.031402747160827846,0.04718666708514869,0.04276160363327301,0.046424964233779294
2025-09-08,3638.10009765625,62.2599983215332,3.0899999141693115,6495.14990234375,15.109999656677246,0.00686780141163577,0.0062837457754367386,0.01368539339403454,0.0021037644508885675,-0.004622038508200957,51,Neutral,1683689246.0,396211227.9766,0.645953180828679,0.7016145523037113,9.251333333333333e-05,2.6033333333333334e-05,0.24164,0.05473188324284859,0.033420050357417734,0.0476747119593284,0.042080295601156024,0.04718666708514869
2025-09-09,3643.300048828125,62.630001068115234,3.117000102996826,6512.60986328125,15.039999961853027,0.0014282835584511465,0.005925275537221591,0.008699970696043642,0.0026845470300734414,-0.004643437577763262,48,Neutral,1932725888.0,466290114.3566,0.13794401811471133,0.16286053038423565,0.0001,7.486666666666671e-06,0.24063,-0.004188531223597594,0.03460387302524475,0.04743137558592627,0.04243057728162929,0.0476747119593284
2025-09-10,3643.60009765625,63.66999816894531,3.0290000438690186,6532.0400390625,15.350000381469727,8.235294082891736e-05,0.01646905167872603,-0.028638487300671506,0.0029790282293981275,0.02040218289932801,49,Neutral,1344178632.0,325747007.8931,-0.3631482396689366,-0.35868697273387923,6.606e-05,-3.3940000000000004e-05,0.24536,0.019466035759053115,0.03443737811593639,0.04647778455901032,0.06230458313078638,0.04743137558592627
2025-09-11,3636.89990234375,62.369998931884766,2.934000015258789,6587.47021484375,14.710000038146973,-0.001840587103648067,-0.020629091857851622,-0.031865861606636035,0.008450087623093565,-0.042587961678039646,54,Neutral,1760794865.0,440156880.2398,0.26998219095441456,0.30101017868761787,6.034e-05,-5.7199999999999994e-06,0.25603,0.04256810530764764,0.026683255099460252,0.04584623493580712,0.06187828128979171,0.04647778455901032
2025-09-12,3649.39990234375,62.689998626708984,2.940999984741211,6584.2900390625,14.760000228881836,0.0034311001737597525,0.005117549967248644,0.002382969462090524,-0.00048287788142832935,0.0033932974726116655,57,Greed,2082678041.0,553334736.42513,0.1678892503442069,0.22883191902289862,8.680000000000001e-05,2.6460000000000008e-05,0.2755,0.07329300347932552,0.03192604420114584,0.04722805967944123,0.06403905746586505,0.04584623493580712
2025-09-13,3649.39990234375,62.689998626708984,2.940999984741211,6584.2900390625,14.760000228881836,0.0,0.0,0.0,0.0,0.0,52,Neutral,4015592199.0,1167713347.86586,0.6565302478777559,0.7468395835323719,0.0001,1.3199999999999996e-05,0.28938,0.0491530747159663,0.026074619061253607,0.044459307434089525,0.0635608601330315,0.04722805967944123
2025-09-14,3649.39990234375,62.689998626708984,2.940999984741211,6584.2900390625,14.760000228881836,0.0,0.0,0.0,0.0,0.0,55,Greed,2428234193.0,688582622.28456,-0.5030205095069333,-0.5281673976326453,0.0001,0.0,0.27796,-0.040263484862809014,0.03914576570368674,0.04525336929064504,0.06364627694113091,0.044459307434089525
2025-09-15,3682.199951171875,63.29999923706055,3.0429999828338623,6615.27978515625,15.6899995803833,0.008947642619622902,0.009683393717559274,0.03409421089008679,0.004695577726559718,0.06110270532150231,53,Neutral,2516149434.0,672793645.18847,0.035565406903347085,-0.023196650993274066,8.550333333333333e-05,-1.4496666666666673e-05,0.26831,-0.035334189998349565,0.04339781574749519,0.04588442069873299,0.06372744752178984,0.04525336929064504
2025-09-16,3688.89990234375,64.5199966430664,3.1029999256134033,6606.759765625,16.360000610351562,0.0018178977764950366,0.019089884130283317,0.01952549622012054,-0.0012887604333313247,0.041815828481424934,52,Neutral,1849895166.0,491815282.79188,-0.30760076009861825,-0.31333545877719143,4.215666666666667e-05,-4.334666666666666e-05,0.26995,0.006093728216519015,0.042811874890253024,0.045848790646324,0.06387209911631729,0.04588442069873299
2025-09-17,3681.800048828125,64.05000305175781,3.0999999046325684,6600.35009765625,15.720000267028809,-0.0019265078645296421,-0.007311125238423738,-0.0009672807663532563,-0.0009706390782443865,-0.039905564494527264,53,Neutral,2009871469.0,541864114.6387,0.08294180379765226,0.09691205449108962,2.209333333333333e-05,-2.006333333333334e-05,0.28256,0.04565416075129897,0.04424223514347768,0.04513556339092897,0.0629488530906144,0.045848790646324
2025-09-18,3643.699951171875,63.56999969482422,2.938999891281128,6631.9599609375,15.699999809265137,-0.01040214079746196,-0.007522419841542572,-0.05333273028242333,0.004777687836708263,-0.0012731037820809259,52,Neutral,1751271695.0,493411319.02706,-0.13772856736880107,-0.09367211430191072,5.490666666666666e-05,3.281333333333333e-05,0.27857,-0.014221543131393462,0.04465463110211861,0.04344369989705872,0.06338078154063197,0.04513556339092897
2025-09-19,3671.5,62.68000030517578,2.888000011444092,6664.35986328125,15.449999809265137,0.007600662414640123,-0.014099233791081182,-0.017505125451773743,0.004873523937481177,-0.016051709207089097,53,Neutral,1436428172.0,390484196.42366,-0.1981826107877694,-0.23395564635083116,9.547666666666667e-05,4.057000000000001e-05,0.26527,-0.04892119906708466,0.040410608252508036,0.04375844682287589,0.06346356278422818,0.04344369989705872
2025-09-20,3671.5,62.68000030517578,2.888000011444092,6664.35986328125,15.449999809265137,0.0,0.0,0.0,0.0,0.0,48,Neutral,710812856.0,189155698.1073,-0.7035056923009393,-0.7248170229223483,1.9493333333333335e-05,-7.598333333333334e-05,0.26759,0.008707783130937213,0.033632698432417604,0.043170374144310804,0.0636730790648734,0.04375844682287589
2025-09-21,3671.5,62.68000030517578,2.888000011444092,6664.35986328125,15.449999809265137,0.0,0.0,0.0,0.0,0.0,49,Neutral,710044749.0,188307837.94746,-0.0010811879700279308,-0.004492415848411339,4.489333333333333e-05,2.5399999999999997e-05,0.26074,-0.02593221611342147,0.031962190635921935,0.03861102975440044,0.06370320812687283,0.043170374144310804
2025-09-22,3740.699951171875,62.63999938964844,2.805999994277954,6693.75,16.100000381469727,0.018672448725779663,-0.0006383804178616805,-0.028804245352164366,0.004400350714762291,0.041210304685733154,45,Fear,2981639624.0,724740626.96639,1.4349006427759108,1.3477357753521553,-2.5333333333333338e-06,-4.7426666666666664e-05,0.24122,-0.07781436207953601,0.04062439562687686,0.0411793746571106,0.062456038613354255,0.03861102975440044
2025-09-23,3780.60009765625,63.40999984741211,2.8529999256134033,6656.919921875,16.639999389648438,0.010610006389506373,0.01221753336682196,0.01661106651719656,-0.005517351828739721,0.03299010302909157,43,Fear,1428526604.0,342759368.19628,-0.7358297923571375,-0.7487851844202295,3.721333333333333e-05,3.974666666666666e-05,0.23709,-0.017269564270103163,0.039527853284198666,0.0411490056507243,0.06273257514470063,0.0411793746571106
2025-09-24,3732.10009765625,64.98999786376953,2.8580000400543213,6637.97021484375,16.18000030517578,-0.01291164894810577,0.024611803730545136,0.0017510473642359111,-0.0028506771652953692,-0.028033468221638266,44,Fear,1685738370.0,405814680.39375,0.16556010335592125,0.16886795264745283,5.678333333333333e-05,1.9569999999999997e-05,0.24107,0.016647531862893753,0.03258742356733991,0.03650379877466237,0.0627048554522505,0.0411490056507243
2025-09-25,3736.89990234375,64.9800033569336,2.9040000438690186,6604.72021484375,16.739999771118164,0.001285260502940439,-0.0001537971341351223,0.01596701854647731,-0.005021648742526333,0.0340251208969369,44,Fear,2241106701.0,515218699.01015,0.2847661372020856,0.23869486563050832,1.898666666666667e-05,-3.7796666666666657e-05,0.22292,-0.07827438504655164,0.03830562259893394,0.03883564996080569,0.061227505302879785,0.03650379877466237
2025-09-26,3775.300048828125,65.72000122070312,2.8350000381469727,6643.7001953125,15.289999961853027,0.010223498096000606,0.011323729841388266,-0.024047161433523312,0.005884489130413512,-0.09060203394250499,28,Fear,1426204065.0,323547021.81998,-0.4519533919650762,-0.4652470120310998,6.519e-05,4.620333333333334e-05,0.23244,0.04181916450556929,0.04611752894902511,0.03955586949527036,0.06134037452926011,0.03883564996080569
2025-09-27,3775.300048828125,65.72000122070312,2.8350000381469727,6643.7001953125,15.289999961853027,0.0,0.0,0.0,0.0,0.0,33,Fear,566664585.0,130738857.58556,-0.9230041259814868,-0.9061425766801984,8.830666666666666e-05,2.3116666666666655e-05,0.23077,-0.007210583690417096,0.04490740298110658,0.03935514360717697,0.061475992655171806,0.03955586949527036
2025-09-28,3775.300048828125,65.72000122070312,2.8350000381469727,6643.7001953125,15.289999961853027,0.0,0.0,0.0,0.0,0.0,37,Fear,630215145.0,145083386.61014,0.10629369324768695,0.10410677711256223,3.928333333333334e-05,-4.902333333333332e-05,0.23735,0.028114301480839255,0.04845379373302962,0.03854829585663767,0.06138327897797222,0.03935514360717697
2025-09-29,3820.89990234375,63.45000076293945,3.2669999599456787,6661.2099609375,16.1200008392334,0.012006108728818521,-0.035151105558710066,0.14183016972321966,0.002632077259912619,0.0528617716940319,50,Neutral,968604652.0,226412299.55434,0.4297952716780466,0.44504901431150307,5.4453333333333336e-05,1.5169999999999999e-05,0.23478,-0.010886939546951028,0.03938574628048998,0.038617942953448434,0.0613784045842168,0.03854829585663767
2025-09-30,3840.800048828125,62.369998931884766,3.302999973297119,6688.4599609375,16.280000686645508,0.005194719543134664,-0.017167832772092623,0.010959017965562767,0.004082503613507919,0.009876613611529673,50,Neutral,761018697.0,176002119.97493,-0.24119860621772538,-0.25186163122912414,-1.4243333333333331e-05,-6.869666666666666e-05,0.23293,-0.00791092620711303,0.03901198931017657,0.03859097968110481,0.06192748707682357,0.038617942953448434
2025-10-01,3867.5,61.779998779296875,3.4760000705718994,6711.2001953125,16.290000915527344,0.006927612517481628,-0.009504705681003096,0.05105108938154326,0.0033941541712235066,0.00061407606411764,49,Neutral,1175210733.0,284146170.38218,0.43454483118346265,0.4789927499231824,7.81e-05,9.234333333333333e-05,0.24906,0.0669558520497394,0.04695820733445154,0.04016810895478336,0.06054932944170209,0.03859097968110481
2025-10-02,3839.699951171875,60.47999954223633,3.441999912261963,6715.35009765625,16.6299991607666,-0.0072140776340165556,-0.021266943429129492,-0.009829555406839175,0.0006181636213842448,0.020656763924054484,64,Greed,1386592793.0,354337073.29459,0.16540203115771898,0.22075985434082734,6.726666666666667e-05,-1.083333333333333e-05,0.262,0.05065067246809444,0.031868068357855946,0.04093536563566254,0.059546169442149466,0.04016810895478336
2025-10-03,3880.800048828125,60.880001068115234,3.3239998817443848,6715.7900390625,16.649999618530273,0.010647104699776156,0.006592006795596239,-0.03488383088202106,6.55106568658717e-05,0.0012019507755499145,63,Greed,1381551315.0,356895475.20819,-0.0036425008073416227,0.00719430783589411,7.619666666666667e-05,8.929999999999998e-06,0.25819,-0.014648755765492613,0.03344091371316736,0.040963352041838215,0.059552017226018036,0.04093536563566254
2025-10-04,3880.800048828125,60.880001068115234,3.3239998817443848,6715.7900390625,16.649999618530273,0.0,0.0,0.0,0.0,0.0,71,Greed,885524209.0,223172746.5259,-0.444782491876416,-0.46949683270426656,3.850666666666667e-05,-3.769e-05,0.25084,-0.02888046232078418,0.036686200243157635,0.04071919475641641,0.06204143536658761,0.040963352041838215
2025-10-05,3880.800048828125,60.880001068115234,3.3239998817443848,6715.7900390625,16.649999618530273,0.0,0.0,0.0,0.0,0.0,74,Greed,1454155392.0,375343385.06292,0.49600072825460934,0.5198951808066485,7.067666666666667e-05,3.217e-05,0.25284,0.007941591929277816,0.0359871167150459,0.04054957199632778,0.06198909967748129,0.04071919475641641
2025-10-06,3948.5,61.689998626708984,3.3570001125335693,6740.27978515625,16.3700008392334,0.017294429424654912,0.013217089862356094,0.009878910103058452,0.003639959282762629,-0.01695975086576718,71,Greed,1517510251.0,398221535.62705,0.04264575364021344,0.059167172126296345,4.422333333333333e-05,-2.645333333333334e-05,0.26603,0.0508522067730817,0.037811201077514775,0.04130574733654378,0.06134415274072083,0.04054957199632778
2025-10-07,3976.60009765625,61.72999954223633,3.497999906539917,6714.58984375,17.239999771118164,0.007091447444070091,0.0006482080298397469,0.04114359835830016,-0.003818687706853079,0.05178180930974778,70,Greed,1838407762.0,472158118.28653,0.19182885113497986,0.17030545325027452,8.269333333333334e-05,3.847000000000001e-05,0.24682,-0.07494975835214218,0.05145298350837573,0.04276160363327301,0.06042127550339414,0.04130574733654378
2025-10-08,4043.300048828125,62.54999923706055,3.3329999446868896,6753.72021484375,16.299999237060547,0.016633994907520277,0.01319619572542084,-0.048318567148251716,0.005810748494187323,-0.05606719095272428,60,Greed,1276623512.0,321688079.17086,-0.36468113891097853,-0.38373154803065035,3.435e-05,-4.8343333333333335e-05,0.25564,0.03511087875704338,0.04657659294689793,0.042080295601156024,0.06337974713819344,0.04276160363327301
2025-10-09,3946.300048828125,61.5099983215332,3.2690000534057617,6735.10986328125,16.43000030517578,-0.024282758867578195,-0.016766488783076145,-0.019388638650903102,-0.0027593739802789824,0.007943889616864368,70,Greed,1415402413.0,349529058.8239,0.10319517013436229,0.0830043243799478,4.5050000000000004e-05,1.0700000000000003e-05,0.24849,-0.028367601503798513,0.04272438308662964,0.04243057728162929,0.06330775762318305,0.042080295601156024
2025-10-10,3975.89990234375,58.900001525878906,3.1059999465942383,6552.509765625,21.65999984741211,0.007472669571045818,-0.04335861936876658,-0.05114843654699715,-0.027485975439899807,0.2763582839046803,64,Greed,6030550997.0,1219139327.47886,1.4494245010416116,1.2493137172812667,9.902000000000001e-05,5.397000000000001e-05,0.19349,-0.25017677173044506,0.10152063264757369,0.06230458313078638,0.04462109143987287,0.04243057728162929
2025-10-11,3975.89990234375,58.900001525878906,3.1059999465942383,6552.509765625,21.65999984741211,0.0,0.0,0.0,0.0,0.0,27,Fear,4960779079.0,950618505.36174,-0.19527558173683765,-0.24878758846352286,2.283666666666666e-05,-7.618333333333335e-05,0.18527,-0.04341161098591606,0.10137496252367505,0.06187828128979171,0.04403260746247195,0.06230458313078638
2025-10-12,3975.89990234375,58.900001525878906,3.1059999465942383,6552.509765625,21.65999984741211,0.0,0.0,0.0,0.0,0.0,24,Extreme Fear,3290490159.0,656520684.11004,-0.4105262626026213,-0.3701586311357404,-8.704999999999999e-05,-0.00010988666666666665,0.20717,0.11172549169587606,0.11656674665672069,0.06403905746586505,0.039668100262556405,0.06187828128979171
2025-10-13,4108.60009765625,59.4900016784668,3.118000030517578,6654.72021484375,19.030000686645508,0.03283124863445809,0.009967142850277801,0.0038560728910242374,0.015478263036934031,-0.1294505171378362,38,Fear,2645862967.0,554840730.14391,-0.21803926256470885,-0.16827310003965706,-2.803333333333333e-05,5.901666666666666e-05,0.2138,0.031501286333147346,0.11458496842025337,0.0635608601330315,0.03902934226662607,0.06403905746586505
2025-10-14,4138.7001953125,58.70000076293945,3.0280001163482666,6644.31005859375,20.809999465942383,0.007299414410765657,-0.013368519582766103,-0.02928940642380191,-0.00156555149694257,0.08941689735171127,38,Fear,2781575747.0,561157934.54856,0.05002030697699714,0.011321289313714221,3.827333333333334e-05,6.630666666666667e-05,0.20437,-0.04510892207050017,0.11323421817110249,0.06364627694113091,0.038813871005317434,0.0635608601330315
2025-10-15,4176.89990234375,58.27000045776367,3.0160000324249268,6671.06005859375,20.639999389648438,0.009187545165353398,-0.00735235082042639,-0.003970913102651884,0.004017918503427979,-0.008202703699969066,34,Fear,1356303348.0,272550379.38898,-0.7182547101270507,-0.7221789136548784,7.496666666666668e-06,-3.077666666666667e-05,0.19621,-0.04074656228843445,0.10988402748798841,0.06372744752178984,0.03874972511741,0.06364627694113091
2025-10-16,4280.2001953125,57.459999084472656,2.937999963760376,6629.06982421875,25.309999465942383,0.02443046188439831,-0.013998351393044674,-0.026202395479788292,-0.006314280275141975,0.20396864241431095,28,Fear,1903922965.0,368375709.42337,0.33915360352792995,0.3012798913674041,-2.4929999999999997e-05,-3.2426666666666666e-05,0.1885,-0.04008750734394475,0.10980565292176178,0.06387209911631729,0.03896021579499744,0.06372744752178984
2025-10-17,4189.89990234375,57.540000915527344,3.007999897003174,6664.009765625,20.780000686645508,-0.02132293911227755,0.0013913364167031342,0.0235463064297349,0.0052568739445263,-0.1972085347417192,22,Extreme Fear,1800990961.0,328520532.36343,-0.055579428689016455,-0.11450402751360361,-1.0406666666666668e-05,1.4523333333333329e-05,0.1847,-0.02036511968287121,0.05883242999167231,0.0629488530906144,0.03910098113368859,0.06387209911631729
2025-10-18,4189.89990234375,57.540000915527344,3.007999897003174,6664.009765625,20.780000686645508,0.0,0.0,0.0,0.0,0.0,23,Extreme Fear,586500546.0,110030658.32596,-1.1219187272455722,-1.093840300347238,-5.557333333333333e-05,-4.516666666666666e-05,0.18962,0.026289182284618833,0.057454239340839784,0.06338078154063197,0.03918090040969857,0.0629488530906144
2025-10-19,4189.89990234375,57.540000915527344,3.007999897003174,6664.009765625,20.780000686645508,0.0,0.0,0.0,0.0,0.0,29,Fear,1044321198.0,201455017.39781,0.5769487830048201,0.6048070787311108,7.033333333333351e-07,5.627666666666667e-05,0.19535,0.0297707520112665,0.036040637219059056,0.06346356278422818,0.04059767072580396,0.06338078154063197
2025-10-20,4336.39990234375,57.52000045776367,3.3970000743865967,6735.1298828125,18.229999542236328,0.03436764429162454,-0.0003476526634173085,0.12161733922955234,0.010615724136144117,-0.13092245513454456,29,Fear,1140819006.0,227058568.27568,0.08837932771547193,0.11964187648284272,7.017666666666667e-05,6.947333333333334e-05,0.2,0.023524545046957196,0.03466905531913517,0.0636730790648734,0.0407919848809785,0.06346356278422818
2025-10-21,4087.699951171875,57.81999969482422,3.4739999771118164,6735.35009765625,17.8700008392334,-0.059062035540049886,0.005202009939038112,0.02241395015431072,3.269591641698797e-05,-0.019945187445519826,34,Fear,1456441398.0,288958818.2335,0.2442496310208924,0.24107618626920427,7.500666666666667e-05,4.830000000000006e-06,0.19427,-0.029068422497347427,0.032380179920672866,0.06370320812687283,0.040965029970039306,0.0636730790648734
2025-10-22,4044.39990234375,58.5,3.450000047683716,6699.39990234375,18.600000381469727,-0.01064926865576389,0.011692022927642327,-0.006932416365854406,-0.005351834774743029,0.04003822509368809,25,Extreme Fear,1335843365.0,254789363.78925,-0.08643323532380204,-0.12584700104032748,-2.3250000000000006e-05,-9.825666666666668e-05,0.18993,-0.022593360826544544,0.02987984707941944,0.062456038613354255,0.04194238173117279,0.06370320812687283
2025-10-23,4125.5,61.790000915527344,3.3440001010894775,6738.43994140625,17.299999237060547,0.019854040473195667,0.05471479965183317,-0.03120651941207353,0.0058104798620133855,-0.07245514382509456,27,Fear,940124512.0,182467433.02111,-0.351305779390248,-0.333865471557243,6.515333333333334e-05,8.840333333333335e-05,0.19493,0.025984936533908903,0.027127730494847294,0.06273257514470063,0.041435495682922256,0.062456038613354255
2025-10-24,4118.39990234375,61.5,3.303999900817871,6791.68994140625,16.3700008392334,-0.0017225098547725875,-0.004704379077171698,-0.01203389981263457,0.007871361975244856,-0.055256014753595165,30,Fear,762978840.0,150122766.36847,-0.20878202780096056,-0.1951183060878689,8.553e-05,2.0376666666666664e-05,0.19775,0.01436308688970961,0.024839248986613875,0.0627048554522505,0.04197059224713371,0.06273257514470063
2025-10-25,4118.39990234375,61.5,3.303999900817871,6791.68994140625,16.3700008392334,0.0,0.0,0.0,0.0,0.0,37,Fear,680294016.0,134628322.50121,-0.11470521707259233,-0.10893558696458654,9.29e-05,7.369999999999992e-06,0.19652,-0.006239399347315852,0.024266163930695927,0.061227505302879785,0.04320747847261124,0.0627048554522505
2025-10-26,4118.39990234375,61.5,3.303999900817871,6791.68994140625,16.3700008392334,0.0,0.0,0.0,0.0,0.0,40,Fear,909622908.0,183148344.98835,0.2905050456227971,0.3077786379646092,4.468333333333333e-05,-4.821666666666666e-05,0.20577,0.04599483287889225,0.027565145031501134,0.06134037452926011,0.04209254933616801,0.061227505302879785
2025-10-27,4001.89990234375,61.310001373291016,3.441999912261963,6875.16015625,15.789999961853027,-0.028695490766858036,-0.003094190638740023,0.04091884665899705,0.012215141327379352,-0.03607361679793433,51,Neutral,1010297382.0,206851053.0037,0.10496987730505011,0.12170253074639582,8.018333333333334e-05,3.55e-05,0.20038,-0.026543476348222756,0.02914173550049365,0.061475992655171806,0.04214189961794708,0.06134037452926011
2025-10-28,3966.199951171875,60.150001525878906,3.3450000286102295,6890.89013671875,16.420000076293945,-0.008960778782097539,-0.019101516385149182,-0.028585970165599425,0.0022853305022299255,0.03912328281902929,50,Neutral,1128616251.0,223153868.71805,0.11074760056626944,0.07586254421712867,3.3333333333333335e-05,-4.685e-05,0.19362,-0.0343180885391916,0.0300752185309607,0.06138327897797222,0.04187539101259579,0.061475992655171806
2025-10-29,3983.699951171875,60.47999954223633,3.375999927520752,6890.58984375,16.920000076293945,0.004402578266743398,0.005471256513850732,0.009224853131414327,-4.3579204733175357e-05,0.029996250016490023,51,Neutral,1276743754.0,246724528.94368,0.12332056871983024,0.10041091904509869,-7.360666666666667e-05,-0.00010694,0.19237,-0.006476874373835311,0.028684866024072705,0.0613784045842168,0.04190215046537335,0.06138327897797222
2025-10-30,4001.300048828125,60.56999969482422,3.9560000896453857,6822.33984375,16.90999984741211,0.004408297096619672,0.0014869916520238826,0.15854188115633971,-0.009954191424534511,-0.0005912048002166111,34,Fear,1657462065.0,305638364.9249,0.2609746615133642,0.2141301422686667,-1.986e-05,5.3746666666666665e-05,0.18268,-0.051684612601291834,0.03254353416763323,0.06192748707682357,0.0411028654531041,0.0613784045842168
2025-10-31,3982.199951171875,60.97999954223633,4.124000072479248,6840.2001953125,17.440000534057617,-0.0047849023856938715,0.006746218098867316,0.04159014730862217,0.0026145009178832708,0.030861295216443967,29,Fear,693564340.0,128531571.40372,-0.8711988236937466,-0.8662280230729236,-2.3939999999999994e-05,-4.079999999999995e-06,0.18644,0.020373483187741997,0.03334058401728611,0.06054932944170209,0.04080610653633097,0.06192748707682357
2025-11-01,3982.199951171875,60.97999954223633,4.124000072479248,6840.2001953125,17.440000534057617,0.0,0.0,0.0,0.0,0.0,33,Fear,381304623.0,71209659.96216,-0.5982454201249494,-0.5905460831747771,7.234666666666667e-05,9.628666666666666e-05,0.18736,0.00492242834486702,0.03372656793122097,0.059546169442149466,0.042485926348088815,0.06054932944170209
2025-11-02,3982.199951171875,60.97999954223633,4.124000072479248,6840.2001953125,17.440000534057617,0.0,0.0,0.0,0.0,0.0,37,Fear,422142934.0,78224426.82371,0.10174537174758161,0.09395347940956555,4.2176666666666665e-05,-3.0170000000000004e-05,0.18638,-0.005244299491897806,0.024708342334710295,0.059552017226018036,0.04517439582912135,0.059546169442149466
2025-11-03,4000.300048828125,61.04999923706055,4.265999794006348,6851.97021484375,17.170000076293945,0.0045349523774452045,0.0011472540064278913,0.03385298803214978,0.0017192339969181521,-0.015602769750574097,42,Fear,2233966267.0,381967727.8722,1.6661899168450272,1.5857541607773171,-5.262e-05,-9.479666666666666e-05,0.16741,-0.10734170692981597,0.04332685971943071,0.06204143536658761,0.041901225705610425,0.059552017226018036
2025-11-04,3947.699951171875,60.560001373291016,4.3429999351501465,6771.5498046875,19.0,-0.013236252040332198,-0.00805855625402388,0.01788876685879337,-0.011806250392326715,0.10127529981361154,21,Extreme Fear,3239546286.0,523039971.28713,0.3716546841011543,0.314321765051951,4.786333333333333e-05,0.00010048333333333333,0.16223,-0.0314308120053858,0.04324460076522388,0.06198909967748129,0.04183796036679631,0.06204143536658761
2025-11-05,3980.300048828125,59.599998474121094,4.23199987411499,6796.2900390625,18.010000228881836,0.008224087134207535,-0.015979083336420338,-0.02589067381063135,0.0036468976756877185,-0.05351180726997864,23,Extreme Fear,1450649552.0,237866129.35671,-0.8034218617913912,-0.7879498543549673,6.199666666666666e-05,1.4133333333333329e-05,0.16719,0.030115808827247036,0.04786023138454962,0.06134415274072083,0.04236702945722971,0.06198909967748129
2025-11-06,3979.89990234375,59.43000030517578,4.35699987411499,6720.31982421875,19.5,-0.0001005367923334668,-0.0028563939556934584,0.02910905343270321,-0.011241134514722728,0.07948729367323931,27,Fear,991019158.0,160882419.0731,-0.3810328358729382,-0.3910342518673641,-2.869999999999999e-06,-6.486666666666667e-05,0.16164,-0.033759250039281784,0.04634039612319151,0.06042127550339414,0.04205823868646755,0.06134415274072083
2025-11-07,3999.39990234375,59.75,4.315000057220459,6728.7998046875,19.079999923706055,0.004887656635851291,0.005370036298004862,-0.009686380446499832,0.0012610463474931072,-0.021773803548195154,24,Extreme Fear,1612295661.0,274447812.14544,0.4866804526485506,0.5340873413283621,7.561666666666667e-05,7.848666666666668e-05,0.17877,0.10072842321672433,0.06390438457385905,0.06337974713819344,0.03703083104937833,0.06042127550339414
2025-11-08,3999.39990234375,59.75,4.315000057220459,6728.7998046875,19.079999923706055,0.0,0.0,0.0,0.0,0.0,20,Extreme Fear,1232860279.0,220196788.27929,-0.2683221399599489,-0.22023948447457353,9.584666666666667e-05,2.023e-05,0.17605,-0.015332017825935709,0.06378577270010398,0.06330775762318305,0.037590649456220274,0.06337974713819344
2025-11-09,3999.39990234375,59.75,4.315000057220459,6728.7998046875,19.079999923706055,0.0,0.0,0.0,0.0,0.0,22,Extreme Fear,824680933.0,145583477.48335,-0.40209561516997594,-0.4137719882109984,1.764333333333333e-05,-7.820333333333334e-05,0.1793,0.01829233501002558,0.0646251055913573,0.04462109143987287,0.038177179948135645,0.06330775762318305
2025-11-10,4111.7998046875,60.130001068115234,4.3379998207092285,6832.43017578125,17.600000381469727,0.027716515886168476,0.006339712003290341,0.005316033278181961,0.015283626703501816,-0.08074173830298387,29,Fear,1123195034.0,203326142.68801,0.30893604831583227,0.33406165354424205,3.939e-05,2.174666666666667e-05,0.18179,0.013791794118883326,0.04649469569676153,0.04403260746247195,0.038255778578775615,0.04462109143987287
2025-11-11,4106.7998046875,61.040000915527344,4.565000057220459,6846.60986328125,17.280000686645508,-0.0012167524528548244,0.015020499160100932,0.05100515550713606,0.0020731999523923177,-0.018349120606183555,26,Fear,1194191122.0,212793476.02652,0.06129173785416424,0.045510795182944326,1.2653333333333336e-05,-2.6736666666666664e-05,0.17206,-0.05500892153676836,0.05080083016631724,0.039668100262556405,0.037305614909917455,0.04403260746247195
2025-11-12,4204.39990234375,58.4900016784668,4.5329999923706055,6850.919921875,17.510000228881836,0.02348748385555354,-0.04267357382343158,-0.007034556305900126,0.0006293191259445972,0.01322235625691449,24,Extreme Fear,974860769.0,168173143.30219,-0.20292969004447176,-0.23532803564908705,2.4616666666666664e-05,1.1963333333333328e-05,0.17018,-0.010986552771790786,0.05024539039879036,0.03902934226662607,0.0374409107061982,0.039668100262556405
2025-11-13,4186.89990234375,58.689998626708984,4.645999908447266,6737.490234375,20.0,-0.004170992761122764,0.003413503019600131,0.024622644366872306,-0.01669545163092778,0.13296011418473802,15,Extreme Fear,1568645541.0,265963501.79588,0.4756731534775265,0.45836502449535366,4.275333333333333e-05,1.8136666666666665e-05,0.16384,-0.0379663585702682,0.050774224750129944,0.038813871005317434,0.037198823125512696,0.03902934226662607
2025-11-14,4087.60009765625,60.09000015258789,4.565999984741211,6734.10986328125,19.829999923706055,-0.024002555332014903,0.023574109713979455,-0.01736906987673076,-0.0005018514712717733,-0.008536334869686581,16,Extreme Fear,1838238578.0,297423027.04033,0.15859528428604044,0.11179637079739066,-4.916666666666669e-06,-4.7669999999999996e-05,0.15765,-0.03851295586007314,0.027608104015067657,0.03874972511741,0.03713595914912879,0.038813871005317434
2025-11-15,4087.60009765625,60.09000015258789,4.565999984741211,6734.10986328125,19.829999923706055,0.0,0.0,0.0,0.0,0.0,10,Extreme Fear,673862028.0,109410937.29115,-1.0035377138130632,-1.000044598641354,5.4686666666666666e-05,5.960333333333333e-05,0.16316,0.034353928458287775,0.034035405114038964,0.03896021579499744,0.03667894184502473,0.03874972511741
2025-11-16,4087.60009765625,60.09000015258789,4.565999984741211,6734.10986328125,19.829999923706055,0.0,0.0,0.0,0.0,0.0,10,Extreme Fear,1032632939.0,164446278.80501,0.42684168730078753,0.40747308402533616,5.144e-05,-3.246666666666664e-06,0.15857,-0.02853517824788164,0.03188396362337857,0.03910098113368859,0.036696958812289085,0.03896021579499744
2025-11-17,4068.300048828125,59.90999984741211,4.361000061035156,6672.41015625,22.3799991607666,-0.0047327908648018505,-0.003000007336277463,-0.045936141909466974,-0.009204497894305158,0.12097172670021585,14,Extreme Fear,1608346754.0,253950192.51438,0.4430949984996602,0.4345542110717679,5.680333333333334e-05,5.363333333333337e-06,0.15214,-0.041394986632321024,0.029581780932810386,0.03918090040969857,0.03672769122564258,0.03910098113368859
2025-11-18,4061.300048828125,60.7400016784668,4.370999813079834,6617.31982421875,24.690000534057617,-0.0017221023533426794,0.013759053702352598,0.0022903702611606095,-0.008290709844169318,0.09823065960309084,11,Extreme Fear,1453866633.0,227011193.46541,-0.1009801398486566,-0.11213882864083279,3.213e-05,-2.467333333333334e-05,0.16173,0.06112712856253203,0.04070683464907161,0.04059767072580396,0.03477645641624685,0.03918090040969857
2025-11-19,4077.699951171875,59.439998626708984,4.550000190734863,6642.16015625,23.65999984741211,0.004029960569867122,-0.021635109945549888,0.040135501765139345,0.00374680773726533,-0.042612472886562745,15,Extreme Fear,1411295703.0,218131668.74551,-0.029718429972688212,-0.039900461151328545,7.992333333333333e-05,4.7793333333333335e-05,0.1546,-0.04508714197836559,0.04298267813486477,0.0407919848809785,0.037711529012429856,0.04059767072580396
2025-11-20,4056.5,59.13999938964844,4.473999977111816,6538.759765625,26.420000076293945,-0.0052125591455094164,-0.005059873201805662,-0.016844416930491615,-0.01568972611631523,0.1103354498808654,11,Extreme Fear,1600374682.0,245907244.87903,0.12572955735811883,0.11985554595793962,5.2600000000000005e-05,-2.732333333333333e-05,0.14892,-0.037431887148805416,0.04293286787939498,0.040965029970039306,0.03721907709542819,0.0407919848809785
2025-11-21,4076.699951171875,58.060001373291016,4.579999923706055,6602.990234375,23.43000030517578,0.004967292782076356,-0.018430521854432346,0.023416123515909937,0.009775103041592069,-0.12010403643720817,14,Extreme Fear,2835442265.0,397756816.83951,0.5719601486956167,0.48088639408128414,-4.542e-05,-9.802000000000001e-05,0.14029,-0.059697540273835246,0.04563971399343506,0.04194238173117279,0.035711398524603935,0.040965029970039306
2025-11-22,4076.699951171875,58.060001373291016,4.579999923706055,6602.990234375,23.43000030517578,0.0,0.0,0.0,0.0,0.0,11,Extreme Fear,978144036.0,135288111.48891,-1.0642962704941303,-1.0784341420411152,1.3119999999999998e-05,5.854e-05,0.14027,-0.00014257199910090712,0.04082044844862154,0.041435495682922256,0.03579287414526367,0.04194238173117279
2025-11-23,4076.699951171875,58.060001373291016,4.579999923706055,6602.990234375,23.43000030517578,0.0,0.0,0.0,0.0,0.0,13,Extreme Fear,846522905.0,122133108.03203,-0.14451967558118672,-0.10229516411851973,-6.310000000000002e-06,-1.9430000000000002e-05,0.145,0.03316460568899426,0.04546869809377613,0.04197059224713371,0.035406615177525205,0.041435495682922256
2025-11-24,4091.89990234375,58.84000015258789,4.548999786376953,6705.1201171875,20.520000457763672,0.0037215603622990662,0.013344916077058603,-0.006791599840602078,0.015348818899081837,-0.13261722293396586,19,Extreme Fear,1133652374.0,167653300.62482,0.29206262910802533,0.31678666089631347,2.0153333333333332e-05,2.6463333333333335e-05,0.15181,0.04589599652404947,0.04820096649738166,0.04320747847261124,0.03413855629033947,0.04197059224713371
2025-11-25,4139.2001953125,57.95000076293945,4.423999786376953,6765.8798828125,18.559999465942383,0.01149319363831883,-0.01524131537526606,-0.027863165694699425,0.009020886000832944,-0.10039134402734166,20,Extreme Fear,936141701.0,140700452.77329,-0.1914330338146654,-0.17526497819049613,2.741e-05,7.256666666666668e-06,0.15301,0.007873539789098277,0.040470755207644954,0.04209254933616801,0.03457142361874043,0.04320747847261124
2025-11-26,4165.2001953125,58.650001525878906,4.558000087738037,6812.60986328125,17.190000534057617,0.006261760929431564,0.012007018164936087,0.029839734140007165,0.006882969436149685,-0.07668084812071645,15,Extreme Fear,858785986.0,131087713.76661,-0.0862471072233745,-0.070766512243912,2.9316666666666667e-05,1.9066666666666665e-06,0.15474,0.011243010387586303,0.037326436683093836,0.04214189961794708,0.03440852220088994,0.04209254933616801
2025-11-27,4165.2001953125,58.650001525878906,4.558000087738037,6812.60986328125,17.190000534057617,0.0,0.0,0.0,0.0,0.0,22,Extreme Fear,442592040.0,68040858.20601,-0.6628713049341961,-0.6557582891709886,2.1023333333333336e-05,-8.29333333333333e-06,0.15264,-0.013664081421331969,0.034298421385052145,0.04187539101259579,0.03471415631304053,0.04214189961794708
2025-11-28,4218.2998046875,58.54999923706055,4.849999904632568,6849.08984375,16.350000381469727,0.012667816416397979,-0.0017065241030113673,0.06209473521327111,0.005340487341137372,-0.050099929787937765,25,Extreme Fear,708146301.0,107095802.04868,0.47000226935817585,0.453615399422719,-1.6203333333333335e-05,-3.722666666666667e-05,0.15017,-0.016314222007787024,0.023043247400018802,0.04190215046537335,0.03467262325458511,0.04187539101259579
2025-11-29,4218.2998046875,58.54999923706055,4.849999904632568,6849.08984375,16.350000381469727,0.0,0.0,0.0,0.0,0.0,28,Fear,301506106.0,44925679.58414,-0.8538604441420211,-0.8687142204910981,7.54e-06,2.3743333333333334e-05,0.14837,-0.012058831729487058,0.02429939912127107,0.0411028654531041,0.03465870501289742,0.04190215046537335
2025-11-30,4218.2998046875,58.54999923706055,4.849999904632568,6849.08984375,16.350000381469727,0.0,0.0,0.0,0.0,0.0,28,Fear,359178345.0,53548691.72101,0.17502877982725767,0.17558180597832107,4.445666666666667e-05,3.691666666666667e-05,0.14599,-0.016171027750813697,0.022905620475536792,0.04080610653633097,0.03465496433960902,0.0411028654531041
2025-12-01,4239.2998046875,59.31999969482422,4.921000003814697,6812.6298828125,17.239999771118164,0.004965958221290471,0.013065435111999804,0.014533077373024934,-0.005337548746055966,0.05300433128459449,24,Extreme Fear,1194651951.0,163990841.14855,1.2017911196871116,1.119219213994422,-6.745333333333334e-05,-0.00011191,0.13547,-0.07478791261924357,0.028251132238985812,0.042485926348088815,0.033164413245961144,0.04080610653633097
2025-12-02,4186.60009765625,58.63999938964844,4.840000152587891,6829.3701171875,16.59000015258789,-0.01250914319860585,-0.01152946495521809,-0.016597010404065096,0.002454221195936617,-0.03843213855940299,23,Extreme Fear,805736367.0,114537885.31766,-0.39385356663718574,-0.3589049352059073,-5.39e-05,1.3553333333333338e-05,0.14577,0.07327982349327633,0.04399561187866143,0.04517439582912135,0.03344361801736644,0.042485926348088815
2025-12-03,4199.2998046875,58.95000076293945,4.994999885559082,6849.72021484375,16.079999923706055,0.0030288262173034956,0.005272592755579819,0.031522636934458316,0.0029753605210852863,-0.03122385439376344,28,Fear,900651276.0,134838064.56002,0.11136154071080828,0.16316889225509695,7.664e-05,0.00013054,0.15166,0.039611136186868116,0.04714205472038402,0.041901225705610425,0.03892450581345081,0.04517439582912135
2025-12-04,4211.7998046875,59.66999816894531,5.063000202178955,6857.1201171875,15.779999732971191,0.0029722651693542806,0.012139710922112105,0.013521843730989231,0.001079738711974404,-0.018832960510421614,26,Fear,637362886.0,95182658.60535,-0.3457789685080514,-0.34827676896092435,8.495666666666667e-05,8.316666666666675e-06,0.14739,-0.028559038424122867,0.04803799861095682,0.04183796036679631,0.038650470934789606,0.041901225705610425
2025-12-05,4212.89990234375,60.08000183105469,5.289000034332275,6870.39990234375,15.40999984741211,0.00026116008896670296,0.006847687085184139,0.043669965654692056,0.0019347688846794776,-0.023726659065600814,28,Fear,719213185.0,102375567.22146,0.12081864274414238,0.07285031508484803,5.1716666666666666e-05,-3.324000000000001e-05,0.13956,-0.054587518530093276,0.05158737222284617,0.04236702945722971,0.038107429668768976,0.04183796036679631
2025-12-06,4212.89990234375,60.08000183105469,5.289000034332275,6870.39990234375,15.40999984741211,0.0,0.0,0.0,0.0,0.0,23,Extreme Fear,312444302.0,43631044.40816,-0.8337315961682604,-0.8528791580890313,-5.806333333333334e-05,-0.00010978,0.13975,0.0013604957166353493,0.051767410658905194,0.04205823868646755,0.038171434279796114,0.04236702945722971
2025-12-07,4212.89990234375,60.08000183105469,5.289000034332275,6870.39990234375,15.40999984741211,0.0,0.0,0.0,0.0,0.0,20,Extreme Fear,638350242.0,88448350.64566,0.7144608816777008,0.7066498484309107,5.433333333333332e-07,5.860666666666667e-05,0.13867,-0.007758102269435895,0.05165854970627484,0.03703083104937833,0.03817065455130263,0.04205823868646755
2025-12-08,4187.2001953125,58.880001068115234,4.9120001792907715,6846.509765625,16.65999984741211,-0.006118924040939417,-0.020175545371656393,-0.07394797122969814,-0.0034833153316476935,0.07799398814961006,20,Extreme Fear,637568327.0,90888154.74413,-0.0012256504715607694,0.027210908722056913,5.231666666666667e-05,5.1773333333333335e-05,0.14259,0.02787636952825487,0.043202413488417135,0.037590649456220274,0.03826018352371448,0.03703083104937833
2025-12-09,4206.7001953125,58.25,4.573999881744385,6840.509765625,16.93000030517578,0.0046462393338665645,-0.010757400115354736,-0.07129315759868891,-0.0008767431610132386,0.016076586591024407,22,Extreme Fear,993044372.0,145567168.96872,0.44311389694329123,0.4710079406375971,7.085666666666667e-05,1.8540000000000002e-05,0.14797,0.037036171220415,0.03545704420763316,0.038177179948135645,0.03806124383014276,0.037590649456220274
2025-12-10,4196.39990234375,58.459999084472656,4.59499979019165,6886.68017578125,15.770000457763672,-0.002451547168984526,0.0035986515765415294,0.0045806404007918385,0.006726880659139976,-0.07097778416833754,26,Fear,770619026.0,112877219.37327,-0.2535812261010607,-0.254336948718668,2.6416666666666667e-05,-4.444e-05,0.14332,-0.03192965807768976,0.03308751647162181,0.038255778578775615,0.0376525752953978,0.038177179948135645
2025-12-11,4285.5,57.599998474121094,4.230999946594238,6901.0,14.850000381469727,0.021010239753042382,-0.014820202811459567,-0.08253035103206917,0.00207719198371703,-0.060109539065541076,29,Fear,829996639.0,115122620.90269,0.07422752964552327,0.019697155256058873,-3.842333333333333e-05,-6.484e-05,0.14033,-0.021083100673708697,0.03243046559106762,0.037305614909917455,0.03747961840729198,0.038255778578775615
2025-12-12,4300.10009765625,57.439998626708984,4.11299991607666,6827.41015625,15.739999771118164,0.003401069596484952,-0.002781640379193324,-0.02828569027156239,-0.010720913458554537,0.05820533751093889,29,Fear,532296809.0,73478361.65309,-0.44422040596391954,-0.4490068654244412,4.082333333333334e-05,7.924666666666666e-05,0.13692,-0.02459997810105991,0.0265451328054434,0.0374409107061982,0.037264207788115435,0.037305614909917455
2025-12-13,4300.10009765625,57.439998626708984,4.11299991607666,6827.41015625,15.739999771118164,0.0,0.0,0.0,0.0,0.0,23,Extreme Fear,215402184.0,29842107.606,-0.9046943414742827,-0.9010705605278844,1.558e-05,-2.524333333333334e-05,0.13905,0.015436767017989385,0.02742507596830632,0.037198823125512696,0.03719748160668746,0.0374409107061982
2025-12-14,4300.10009765625,57.439998626708984,4.11299991607666,6827.41015625,15.739999771118164,0.0,0.0,0.0,0.0,0.0,21,Extreme Fear,446980516.0,60561975.03456,0.7300081013500259,0.7077468183841714,4.398e-05,2.8400000000000003e-05,0.13408,-0.036396943946201014,0.03060256057117684,0.03713595914912879,0.0394711655423145,0.037198823125512696
2025-12-15,4306.7001953125,56.81999969482422,4.01200008392334,6816.509765625,16.5,0.001533693992035725,-0.010852529776578733,-0.024862777826106897,-0.0015978388918367072,0.047155152458690654,16,Extreme Fear,784404436.0,103760387.9744,0.5624097442874417,0.5384170576996705,-1.096333333333333e-05,-5.494333333333333e-05,0.12975,-0.03282711468777492,0.028311985300690425,0.03667894184502473,0.03893727569928255,0.03713595914912879
2025-12-16,4304.5,55.27000045776367,3.885999917984009,6800.259765625,16.479999542236328,-0.0005110078294488002,-0.027658096927631208,-0.031909561168026186,-0.00238676400843967,-0.0012128842021314815,11,Extreme Fear,537676555.0,70278117.09634,-0.3776675690996082,-0.38962380765097065,-2.4750000000000002e-05,-1.3786666666666671e-05,0.13179,0.01560022460979986,0.022500076018642762,0.036696958812289085,0.04008760422362234,0.03667894184502473
2025-12-17,4347.5,55.939998626708984,4.02400016784668,6721.43017578125,17.6200008392334,0.009939980130428714,0.012049389096967787,0.03489614465909521,-0.01165985661137129,0.06688717143322019,16,Extreme Fear,818900138.0,106165185.1301,0.4207049643103617,0.41253575992609837,5.568e-05,8.043e-05,0.12633,-0.04231221581385178,0.023977168538093587,0.03672769122564258,0.03933008805472717,0.036696958812289085
2025-12-18,4339.5,56.150001525878906,3.9079999923706055,6774.759765625,16.8700008392334,-0.0018418331441386099,0.0037470451350424486,-0.029250742280552834,0.007902951520479156,-0.04349772183265853,17,Extreme Fear,1170003699.0,146269162.40867,0.3568000445303926,0.3204522711172706,2.2399999999999968e-06,-5.344e-05,0.12207,-0.034302880160237796,0.024765739718046596,0.03477645641624685,0.038710595747748135,0.03672769122564258
2025-12-19,4361.39990234375,56.65999984741211,3.9839999675750732,6834.5,14.90999984741211,0.005033950243312225,0.009041783349827094,0.01926059935527906,0.008779407421828872,-0.12350482776224771,16,Extreme Fear,886504087.0,113723980.36218,-0.27747645355654293,-0.2516742149490875,4.2373333333333336e-05,4.013333333333334e-05,0.13222,0.07987255122372378,0.04482625082692664,0.037711529012429856,0.03700690722316478,0.03477645641624685
2025-12-20,4361.39990234375,56.65999984741211,3.9839999675750732,6834.5,14.90999984741211,0.0,0.0,0.0,0.0,0.0,20,Extreme Fear,256897701.0,33842068.50028,-1.2386077807003233,-1.2120696288316875,5.965333333333333e-05,1.727999999999999e-05,0.13194,-0.0021199281107072464,0.043975957624034764,0.03721907709542819,0.0371662525808069,0.037711529012429856
2025-12-21,4361.39990234375,56.65999984741211,3.9839999675750732,6834.5,14.90999984741211,0.0,0.0,0.0,0.0,0.0,20,Extreme Fear,315017725.0,41161056.1624,0.20395095201541533,0.19578791179418314,3.700333333333334e-05,-2.2649999999999988e-05,0.13112,-0.006234339359150677,0.04211055025379396,0.035711398524603935,0.0380660575934321,0.03721907709542819
2025-12-22,4444.60009765625,58.0099983215332,3.9649999141693115,6878.490234375,14.079999923706055,0.018896813791643464,0.023546888834552214,-0.00478049814383798,0.006415870575561936,-0.05727677323142513,25,Extreme Fear,578553795.0,76773375.92192,0.607902625719222,0.6233653418082676,1.842e-05,-1.858333333333334e-05,0.13258,0.01107330237767143,0.04018597173628516,0.03579287414526367,0.03832639643402794,0.035711398524603935
2025-12-23,4482.7998046875,58.380001068115234,4.4079999923706055,6909.7900390625,14.0,0.008557909489307347,0.006358003178000216,0.10591523668007992,0.004540067046788208,-0.005698015696033632,24,Extreme Fear,507414870.0,66083836.7402,-0.1312025798000308,-0.14993372279094228,2.211333333333333e-05,3.6933333333333307e-06,0.12928,-0.02520564204046018,0.04101852474708281,0.035406615177525205,0.038185050054205895,0.03579287414526367
2025-12-24,4480.60009765625,58.349998474121094,4.242000102996826,6932.0498046875,13.470000267028809,-0.0004908198003828014,-0.0005140511397665496,-0.03838618969706519,0.003216304344700708,-0.038592319369021244,24,Extreme Fear,335694754.0,43001950.02828,-0.4131266761870798,-0.42967872541602975,3.167666666666667e-05,9.563333333333337e-06,0.12856,-0.005584873343528051,0.03729402405612246,0.03413855629033947,0.03818470963030471,0.035406615177525205
2025-12-25,4480.60009765625,58.349998474121094,4.242000102996826,6932.0498046875,13.470000267028809,0.0,0.0,0.0,0.0,0.0,23,Extreme Fear,418798463.0,52978871.95817,0.22118753216417,0.20864772761428937,4.735333333333333e-05,1.5676666666666665e-05,0.12365,-0.03894072746183206,0.03808952630464982,0.03457142361874043,0.0375158078905247,0.03413855629033947
2025-12-26,4529.10009765625,56.7400016784668,4.366000175476074,6929.93994140625,13.600000381469727,0.010766277995574931,-0.027979873619687227,0.028812417896506317,-0.00030440987710828846,0.00960481054501314,20,Extreme Fear,719882140.0,89239314.19039,0.5416976951861625,0.5214284927579707,2.4563333333333333e-05,-2.279e-05,0.12211,-0.012532716122494764,0.016340287503524963,0.03440852220088994,0.03813888355460994,0.03457142361874043
2025-12-27,4529.10009765625,56.7400016784668,4.366000175476074,6929.93994140625,13.600000381469727,0.0,0.0,0.0,0.0,0.0,23,Extreme Fear,242221247.0,29801690.22024,-1.0892359518742372,-1.0967565738295404,-3.1966666666666647e-06,-2.776e-05,0.12435,0.018177892404483146,0.019707973503679494,0.03471415631304053,0.038254620869995995,0.03440852220088994
2025-12-28,4529.10009765625,56.7400016784668,4.366000175476074,6929.93994140625,13.600000381469727,0.0,0.0,0.0,0.0,0.0,24,Extreme Fear,221394199.0,27434653.703,-0.0899067338060965,-0.08275816272470436,4.865333333333333e-05,5.184999999999999e-05,0.12393,-0.0033832801726308816,0.019791015196700387,0.03467262325458511,0.03867430433098136,0.03471415631304053
2025-12-29,4325.10009765625,58.08000183105469,4.686999797821045,6905.740234375,14.199999809265137,-0.04608798173882948,0.023341943080538913,0.07094537748520852,-0.003498162923937312,0.04317213038393171,24,Extreme Fear,673526124.0,84263156.10882,1.1125819650309507,1.122137764657554,2.838e-05,-2.027333333333333e-05,0.12288,-0.008508620677420753,0.017933111404168204,0.03465870501289742,0.038682556081627364,0.03467262325458511
2025-12-30,4370.10009765625,57.95000076293945,3.9719998836517334,6896.240234375,14.329999923706055,0.010350630404542907,-0.0022408190917251633,-0.16552295891364222,-0.0013766142506534472,0.009113285340826614,23,Extreme Fear,627500697.0,77819799.98121,-0.0707820017545815,-0.0795488153575189,-1.5503333333333335e-05,-4.3883333333333334e-05,0.12336,0.003898640415657323,0.01741762010860159,0.03465496433960902,0.04041477394206986,0.03465870501289742
2025-12-31,4325.60009765625,57.41999816894531,3.686000108718872,6845.5,14.949999809265137,-0.010235032825325435,-0.009187940147117662,-0.07472782814810122,-0.007384867434248815,0.0423560505625017,21,Extreme Fear,670335608.0,80135267.84825,0.06603371267313919,0.02932015762443271,-2.6286666666666667e-05,-1.0783333333333332e-05,0.11747,-0.048923927979224686,0.023572082952151893,0.033164413245961144,0.03948426578828192,0.03465496433960902
2026-01-01,4325.60009765625,57.41999816894531,3.686000108718872,6845.5,14.949999809265137,0.0,0.0,0.0,0.0,0.0,20,Extreme Fear,886565713.0,109222807.65797,0.27957675467114534,0.30967384793636193,-7.036666666666664e-06,1.9250000000000004e-05,0.12683,0.07666462524354363,0.03822183218091465,0.03344361801736644,0.041146815155328906,0.033164413245961144
2026-01-02,4314.39990234375,57.31999969482422,3.618000030517578,6858.47021484375,14.510000228881836,-0.0025926392560806856,-0.001743045168221482,-0.018620493334679293,0.0018929140261155547,-0.029873204408338686,28,Fear,2240031844.0,301880200.6481,0.9268901117128879,1.016640349239199,0.0001,0.00010703666666666666,0.14188,0.112134022826083,0.054859977929374935,0.03892450581345081,0.034561619248829084,0.03344361801736644
2026-01-03,4314.39990234375,57.31999969482422,3.618000030517578,6858.47021484375,14.510000228881836,0.0,0.0,0.0,0.0,0.0,29,Fear,1027895793.0,146034233.39091,-0.7789762886195507,-0.7261891825747233,0.0001,0.0,0.14315,0.008911401638702868,0.055063154647927666,0.038650470934789606,0.03535800365729972,0.03892450581345081
2026-01-04,4314.39990234375,57.31999969482422,3.618000030517578,6858.47021484375,14.510000228881836,0.0,0.0,0.0,0.0,0.0,25,Extreme Fear,1371022860.0,206060792.29788,0.2880432811840021,0.3443301639923349,0.0001,0.0,0.14953,0.04360401005162822,0.05458331949826433,0.038107429668768976,0.03393115985285548,0.038650470934789606
2026-01-05,4436.89990234375,58.31999969482422,3.5230000019073486,6902.0498046875,14.899999618530273,0.027997669976117596,0.017295484831722364,-0.02660849550753415,0.006334024511051582,0.026523104679246158,26,Fear,1115045910.0,167321227.9625,-0.20666149544946902,-0.2082557479426812,6.390666666666666e-05,-3.609333333333334e-05,0.15171,0.014473762164249216,0.05276462103953834,0.038171434279796114,0.03361168533760236,0.038107429668768976
2026-01-06,4482.2001953125,57.130001068115234,3.3499999046325684,6944.81982421875,14.75,0.010158128512449065,-0.020615691035027604,-0.050352582531414974,0.0061775920038938375,-0.0101181045635892,44,Fear,1272318747.0,190733595.84774,0.1319454418380249,0.13096218273636212,5.929e-05,-4.616666666666659e-06,0.15055,-0.007675548832258692,0.05389214790310161,0.03817065455130263,0.04300804588513162,0.038171434279796114
2026-01-07,4449.2998046875,55.9900016784668,3.5250000953674316,6920.93017578125,15.380000114440918,-0.007367304357957669,-0.020156258093818158,0.050920145949737525,-0.0034458535710101927,0.04182488873256102,42,Fear,797102416.0,118316149.7839,-0.46761312735586097,-0.4775173911204644,5.958e-05,2.899999999999989e-07,0.14642,-0.027816050709246167,0.049229810051883,0.03826018352371448,0.048593299297346675,0.03817065455130263
2026-01-08,4449.7001953125,57.7599983215332,3.4070000648498535,6921.4599609375,15.449999809265137,8.998553214307117e-05,0.031123332186466183,-0.034048305605694704,7.654532942294603e-05,0.004541019480065979,28,Fear,959509517.0,136352793.37517,0.18543906168961158,0.14188531871261148,5.096666666666667e-05,-8.613333333333334e-06,0.14194,-0.031074771121659607,0.04958608178231389,0.03806124383014276,0.04851096407760841,0.03826018352371448
2026-01-09,4490.2998046875,59.119998931884766,3.1689999103546143,6966.27978515625,14.489999771118164,0.009082749101682023,0.023272793047802182,-0.07241610529256935,0.006454611138321038,-0.06415025046171281,27,Fear,703610941.0,99368656.28199,-0.3101966713352969,-0.316408861100866,2.4896666666666668e-05,-2.607e-05,0.14071,-0.008703398296672622,0.025995045576043388,0.0376525752953978,0.04851186664637307,0.03806124383014276
2026-01-10,4490.2998046875,59.119998931884766,3.1689999103546143,6966.27978515625,14.489999771118164,0.0,0.0,0.0,0.0,0.0,25,Extreme Fear,219649749.0,30755979.35387,-1.164191335076858,-1.1727523088989762,2.0853333333333332e-05,-4.043333333333336e-06,0.13965,-0.007561742408978561,0.025672557752775934,0.03747961840729198,0.04852112156388615,0.0376525752953978
2026-01-11,4490.2998046875,59.119998931884766,3.1689999103546143,6966.27978515625,14.489999771118164,0.0,0.0,0.0,0.0,0.0,29,Fear,419409403.0,58090364.37931,0.6468133106464091,0.6359153787713833,3.3820000000000005e-05,1.2966666666666672e-05,0.13801,-0.011813146091237153,0.015066858578142881,0.037264207788115435,0.04870066011210178,0.03747961840729198
2026-01-12,4604.2998046875,59.5,3.4089999198913574,6977.27001953125,15.119999885559082,0.025071135876622564,0.006407053978539629,0.0730029172360459,0.0015763900591805138,0.04255962264580009,27,Fear,721042880.0,99590291.64411,0.5418510701302542,0.5390648817337824,1.016e-05,-2.3660000000000007e-05,0.13662,-0.010122796996245367,0.01004330040320131,0.03719748160668746,0.0487043375602733,0.037264207788115435
2026-01-13,4589.2001953125,61.150001525878906,3.4189999103546143,6963.740234375,15.979999542236328,-0.003284847544970745,0.027353574534645247,0.002929114780792214,-0.0019410055882070072,0.05531954850954804,26,Fear,962128224.0,137700404.73251,0.28844912229407516,0.32401565857720793,5.695666666666666e-05,4.6796666666666665e-05,0.14828,0.08189902897882821,0.038272707353382396,0.0394711655423145,0.045756067911676156,0.03719748160668746
2026-01-14,4626.2998046875,62.02000045776367,3.119999885559082,6926.60009765625,16.75,0.008051610829708839,0.014127033966977518,-0.09151511929578726,-0.005347633584135448,0.047060346578984245,48,Neutral,873212059.0,129478917.44994,-0.09696929606069551,-0.06156227669227015,9.628333333333333e-05,3.932666666666667e-05,0.14718,-0.0074460507840785626,0.03674156956897606,0.03893727569928255,0.046801750710715954,0.0394711655423145
2026-01-15,4616.2998046875,59.189998626708984,3.128000020980835,6944.47021484375,15.84000015258789,-0.002163894212595402,-0.04670433555197605,0.0025608642488838393,0.002576603920444464,-0.055859862251721834,61,Greed,785586188.0,111954090.23683,-0.10574825928480769,-0.14542918961206688,1.9553333333333335e-05,-7.673e-05,0.14004,-0.04972823141198801,0.03996831583964019,0.04008760422362234,0.05393177565783222,0.03893727569928255
2026-01-16,4588.39990234375,59.439998626708984,3.1029999256134033,6940.009765625,15.859999656677246,-0.0060621179774391735,0.004214791804453334,-0.008024467896726974,-0.0006425086684515026,0.0012617985402639538,49,Neutral,990841345.0,136644568.9314,0.2321242502312073,0.1992942885511653,-3.01e-06,-2.2563333333333335e-05,0.13813,-0.013732825374596396,0.040155240776130835,0.03933008805472717,0.05544117915692037,0.04008760422362234
2026-01-17,4588.39990234375,59.439998626708984,3.1029999256134033,6940.009765625,15.859999656677246,0.0,0.0,0.0,0.0,0.0,50,Neutral,343127679.0,47431412.01649,-1.0604518057669237,-1.0580984572293604,-2.2003333333333333e-05,-1.8993333333333333e-05,0.13788,-0.0018115290632038747,0.040096636912142505,0.038710595747748135,,0.03933008805472717
2026-01-18,4588.39990234375,59.439998626708984,3.1029999256134033,6940.009765625,15.859999656677246,0.0,0.0,0.0,0.0,0.0,49,Neutral,479039950.0,65010668.85132,0.3336813769722518,0.31526668261925095,6.646666666666668e-06,2.8650000000000002e-05,0.13164,-0.0463128175735254,0.04350479635689473,0.03700690722316478,,0.038710595747748135
2026-01-19,4588.39990234375,59.439998626708984,3.1029999256134033,6940.009765625,15.859999656677246,0.0,0.0,0.0,0.0,0.0,44,Fear,1347363841.0,171112347.27312,1.0341212551817829,0.9677689497678658,-5.4499999999999995e-06,-1.2096666666666667e-05,0.12916,-0.019018978185064848,0.04374897450818228,0.0371662525808069,,0.03700690722316478
2026-01-20,4759.60009765625,60.34000015258789,3.9070000648498535,6796.85986328125,20.09000015258789,0.036632293474919336,0.015027858954032521,0.23040047117754334,-0.020842460953261224,0.23642199186244148,32,Fear,794330118.0,99645234.24613,-0.528406111454042,-0.5407041217795738,4.3979999999999996e-05,4.942999999999999e-05,0.12336,-0.04594503607505513,0.020418229364678273,0.0380660575934321,,0.0371662525808069
2026-01-21,4831.7998046875,60.619998931884766,4.875,6875.6201171875,16.899999618530273,0.015055377008505682,0.004629617750091477,0.2213502717785015,0.01152111763356032,-0.17290858706520473,24,Extreme Fear,942674775.0,117620449.73392,0.17122219921292828,0.1658466920530372,-3.263333333333333e-06,-4.724333333333333e-05,0.12654,0.025451553903718997,0.027894403450014472,0.03832639643402794,,0.0380660575934321
2026-01-22,4908.7998046875,59.36000061035156,5.045000076293945,6913.35009765625,15.640000343322754,0.015810444337397162,-0.021004244868480324,0.03427756447844649,0.0054725007079021405,-0.07748184228810683,20,Extreme Fear,424956417.0,53357861.9913,-0.7967347243658167,-0.7904415794669228,4.323e-05,4.649333333333333e-05,0.12437,-0.017297470053088716,0.024982339847573334,0.038185050054205895,,0.03832639643402794
2026-01-23,4976.2001953125,61.06999969482422,5.275000095367432,6915.60986328125,16.09000015258789,0.013637113842028292,0.028400133096568393,0.04458102851300698,0.0003268164274822459,0.02836621341894342,24,Extreme Fear,533582852.0,66655838.82565,0.2276277422225507,0.22252131389817872,-1.394e-05,-5.7169999999999996e-05,0.12477,0.0032110487572805193,0.026140296930492576,0.03818470963030471,,0.038185050054205895
2026-01-24,4976.2001953125,61.06999969482422,5.275000095367432,6915.60986328125,16.09000015258789,0.0,0.0,0.0,0.0,0.0,25,Extreme Fear,168690655.0,20957716.10475,-1.1515477638265073,-1.1570357580257595,2.572666666666667e-05,3.966666666666667e-05,0.12423,-0.004337356197344565,0.025952200547752144,0.0375158078905247,,0.03818470963030471
2026-01-25,4976.2001953125,61.06999969482422,5.275000095367432,6915.60986328125,16.09000015258789,0.0,0.0,0.0,0.0,0.0,25,Extreme Fear,644477476.0,77738981.03316,1.3403732799200871,1.3108499289217619,1.796666666666667e-06,-2.3930000000000003e-05,0.11945,-0.039236812453767034,0.024628438105774225,0.03813888355460994,,0.0375158078905247
2026-01-26,5079.7001953125,60.630001068115234,6.800000190734863,6950.22998046875,16.149999618530273,0.02058565637353524,-0.007230904537314283,0.25394394279004123,0.00499359426016032,0.003722055560557878,20,Extreme Fear,708086997.0,86361407.30227,0.09412708951676567,0.10518408330937533,-1.6270000000000002e-05,-1.8066666666666668e-05,0.12236,0.024069645510884228,0.02824905354452103,0.038254620869995995,,0.03813888355460994
2026-01-27,5079.89990234375,62.38999938964844,6.953999996185303,6978.60009765625,16.350000381469727,3.931395514705028e-05,0.02861515863927036,0.022394392805802858,0.004073587840441241,0.012307894626495038,29,Fear,704522307.0,87039828.82422,-0.0050469688349356655,0.00782491519331151,1.2233333333333334e-06,1.7493333333333334e-05,0.12619,0.03082118838211653,0.02572752627234411,0.03867430433098136,,0.038254620869995995
2026-01-28,5301.60009765625,63.209999084472656,7.460000038146973,6978.02978515625,16.350000381469727,0.04271712307880896,0.01305750566045477,0.07023838629209651,-8.172639170147053e-05,0.0,29,Fear,651222550.0,81771631.94224,-0.07866855196149292,-0.06243543078387657,7.657333333333333e-05,7.535e-05,0.125,-0.009474970362518074,0.02403297359850835,0.038682556081627364,,0.03867430433098136
2026-01-29,5318.39990234375,65.41999816894531,3.9179999828338623,6969.009765625,16.8799991607666,0.0031638076649501356,0.03436549212071179,-0.6439741041882078,-0.0012934674424623016,0.0319015187754475,26,Fear,1189313828.0,140656491.76514,0.6022803622059295,0.5423903036402182,-2.8566666666666646e-06,-7.943e-05,0.11728,-0.0637494991639598,0.03356469157744755,0.04041477394206986,,0.038682556081627364
2026-01-30,4713.89990234375,65.20999908447266,4.354000091552734,6939.02978515625,17.440000534057617,-0.1206569177115754,-0.0032151767555849923,0.10551366869862883,-0.0043111794144580756,0.03263700965321155,16,Extreme Fear,1164836231.0,134166968.39185,-0.020796022803701835,-0.047235632257204875,-0.00010693999999999999,-0.00010408333333333332,0.11581,-0.012613320942055087,0.03318423467149959,0.03948426578828192,,0.04041477394206986
2026-01-31,4713.89990234375,65.20999908447266,4.354000091552734,6939.02978515625,17.440000534057617,0.0,0.0,0.0,0.0,0.0,20,Extreme Fear,2462959641.0,258114346.50166,0.7487832300024015,0.6543176331594308,-5.704666666666667e-05,4.989333333333332e-05,0.10426,-0.10506313785632632,0.04836079575266523,0.041146815155328906,,0.03948426578828192
2026-02-01,4713.89990234375,65.20999908447266,4.354000091552734,6939.02978515625,17.440000534057617,0.0,0.0,0.0,0.0,0.0,14,Extreme Fear,1128141338.0,117912128.72529,-0.7807922880177401,-0.7834630149904614,-0.00010976666666666667,-5.2720000000000003e-05,0.10426,0.0,0.04871301678729099,0.034561619248829084,,0.041146815155328906
2026-02-02,4622.5,62.13999938964844,3.236999988555908,6976.43994140625,16.34000015258789,-0.0195798858862585,-0.04822292322273334,-0.296448012430919,0.005376785277364613,-0.0651503503332419,14,Extreme Fear,1604582722.0,167945160.16619,0.35229229161493686,0.3536978232916733,-2.7573333333333332e-05,8.219333333333334e-05,0.10792,0.03450243255954052,0.05039624229427169,0.03535800365729972,,0.034561619248829084
2026-02-03,4903.7001953125,63.209999084472656,3.311000108718872,6917.81005859375,18.0,0.05905437776175919,0.017072607857606444,0.022603319992062554,-0.008439495590663714,0.09675565912600367,17,Extreme Fear,1614342566.0,172598524.73871,0.006064057432103709,0.027330732796408092,-7.350666666666667e-05,-4.593333333333333e-05,0.10602,-0.017762456339840388,0.04568717369112706,0.03393115985285548,,0.03535800365729972
2026-02-04,4920.39990234375,65.13999938964844,3.4649999141693115,6882.72021484375,18.639999389648438,0.0033997461243729043,0.030076288477937793,0.04546231647033555,-0.005085300155013826,0.03493801861709743,14,Extreme Fear,1322881491.0,139066982.2845,-0.19911548876201937,-0.21601252732906764,-1.2906666666666665e-05,6.06e-05,0.10383,-0.020872809244297484,0.045247629592579025,0.03361168533760236,,0.03393115985285548
2026-02-05,4861.39990234375,63.290000915527344,3.509000062942505,6798.39990234375,21.770000457763672,-0.012063365980342067,-0.028811437225438243,0.012618506667421,-0.01232667785383289,0.15522311976046393,12,Extreme Fear,3166815594.0,300880029.8884,0.8729142333598015,0.771755909499372,-8.183333333333332e-06,4.723333333333333e-06,0.08849,-0.1598653950361039,0.06752965348953727,0.04300804588513162,,0.03361168533760236
2026-02-06,4951.2001953125,63.54999923706055,3.421999931335449,6932.2998046875,20.3700008392334,0.018303568705588632,0.00409963237731521,-0.025105959134144054,0.019504344282200718,-0.06646962483553287,9,Extreme Fear,2894496776.0,264062397.69446,-0.08991526781701971,-0.13052618337653468,-9.764000000000001e-05,-8.945666666666667e-05,0.09848,0.10696393059693927,0.08777284385631356,0.048593299297346675,,0.04300804588513162
2026-02-07,4951.2001953125,63.54999923706055,3.421999931335449,6932.2998046875,20.3700008392334,0.0,0.0,0.0,0.0,0.0,6,Extreme Fear,1448690461.0,140960623.39996,-0.6921512526799807,-0.6277048454131331,2.2866666666666666e-05,0.00012050666666666667,0.09823,-0.0025418141894198894,0.08004086450682138,0.04851096407760841,,0.048593299297346675
2026-02-08,4951.2001953125,63.54999923706055,3.421999931335449,6932.2998046875,20.3700008392334,0.0,0.0,0.0,0.0,0.0,7,Extreme Fear,616525440.0,60038530.16109,-0.8543157100420453,-0.8534940592379278,-1.999333333333333e-05,-4.285999999999999e-05,0.09663,-0.016422415675561082,0.07999048852711793,0.04851186664637307,,0.04851096407760841
2026-02-09,5050.89990234375,64.36000061035156,3.138000011444092,6964.81982421875,17.360000610351562,0.01993641500519393,0.012665345977459917,-0.08663949744660283,0.004680117860123293,-0.15989452704748955,14,Extreme Fear,682487562.0,65036532.79777,0.10164471575740189,0.07996262958012536,-3.7166666666666664e-05,-1.7173333333333334e-05,0.09611,-0.005395883176024073,0.07760563745858255,0.04852112156388615,,0.04851186664637307
2026-02-10,5003.7998046875,63.959999084472656,3.115000009536743,6941.81005859375,17.790000915527344,-0.009368841148208894,-0.006234457955889157,-0.0073565026568077315,-0.0033091822845107053,0.024467808750071016,9,Extreme Fear,497491627.0,46577224.48477,-0.3161655764109632,-0.33383747835638433,-3.4706666666666664e-05,2.46e-06,0.09277,-0.03537005717001275,0.07793588067556972,0.04870066011210178,,0.04852112156388615
2026-02-11,5071.60009765625,64.62999725341797,3.1589999198913574,6941.47021484375,17.649999618530273,0.013458784179660236,0.010420783126096593,0.014026341160115453,-4.89572699497733e-05,-0.007900791374484802,11,Extreme Fear,788143970.0,71416512.93377,0.4601020499091305,0.42741743949330535,-5.098333333333334e-05,-1.6276666666666673e-05,0.09112,-0.01794599252625338,0.07793246069437758,0.0487043375602733,,0.04870066011210178
2026-02-12,4923.7001953125,62.84000015258789,3.2170000076293945,6832.759765625,20.81999969482422,-0.02959604886955879,-0.028086840962171712,0.018193754167389473,-0.01578494138611745,0.16517828676271432,5,Extreme Fear,647408732.0,59886781.13044,-0.19670294701686794,-0.17607331771715093,-2.6366666666666663e-06,4.834666666666667e-05,0.093,0.020422174014329098,0.04722941907098028,0.045756067911676156,,0.0487043375602733
2026-02-13,5022.0,62.88999938964844,3.243000030517578,6836.169921875,20.600000381469727,0.01976794067778529,0.0007953430347292803,0.008049586106997212,0.0004989646444475858,-0.010622954215521119,9,Extreme Fear,727434615.0,69152340.90265,0.1165462895193444,0.14385611159969414,3.433333333333334e-05,3.697000000000001e-05,0.09667,0.0387036233232582,0.024980819029770823,0.046801750710715954,,0.045756067911676156
2026-02-14,5022.0,62.88999938964844,3.243000030517578,6836.169921875,20.600000381469727,0.0,0.0,0.0,0.0,0.0,9,Extreme Fear,1350008258.0,142481721.99147,0.618341869732931,0.7229018146846163,4.127333333333333e-05,6.939999999999991e-06,0.11104,0.1385873802819802,0.05894474616374138,0.05393177565783222,,0.046801750710715954
2026-02-15,5022.0,62.88999938964844,3.243000030517578,6836.169921875,20.600000381469727,0.0,0.0,0.0,0.0,0.0,8,Extreme Fear,2260569216.0,251358678.60656,0.5155059375894672,0.5676671927623825,7.85e-05,3.722666666666667e-05,0.10269,-0.07817575554829065,0.0686860335400813,0.05544117915692037,,0.05393177565783222
