date,gold,crude_oil,natgas,sp500,vix,gold_lg_ret,crude_oil_lg_ret,natgas_lg_ret,sp500_lg_ret,vix_lg_ret,fear_greed,sentiment,volume_in_ETH,volume_in_USDT,delta_volume_in_ETH,delta_volume_in_USDT,funding_rate,funding_change,close_price,log_returns,7d_vol,30d_vol,30d_vol_target,benchmark
2023-06-04,1952.4000244140625,71.73999786376953,2.171999931335449,4282.3701171875,14.600000381469727,0.0,0.0,0.0,0.0,0.0,52,Neutral,172683.0119,328166899.062354,,,5.235e-05,,1890.01,-0.0010840625375848512,0.01256918364435388,0.016712721078033458,0.025592111538724236,0.020172338586457485
2023-06-05,1958.0,72.1500015258789,2.244999885559082,4273.7900390625,14.729999542236328,0.0028641465728216076,0.00569886404184349,0.03305709976013099,-0.002005591490657713,0.008864644555221157,53,Neutral,555361.2683,1017689609.362256,1.168161223230167,1.1317679306492243,3.369e-05,-1.866e-05,1810.5,-0.042979069839285816,0.02023469825464139,0.016063530345205836,0.024389366007978024,0.016712721078033458
2023-06-06,1965.5,71.73999786376953,2.26200008392334,4283.85009765625,13.960000038146973,0.003823121771459306,-0.005698864041843443,0.007543944577009816,0.002351130233850576,-0.053690099330757315,44,Fear,491407.2174,907660359.425966,-0.12234568845183916,-0.11441999309343974,1.2946666666666664e-05,-2.0743333333333335e-05,1884.64,0.04013377100477853,0.026834223966384522,0.01759096944085793,0.024133070612954294,0.016063530345205836
2023-06-07,1942.699951171875,72.52999877929688,2.3289999961853027,4267.52001953125,13.9399995803833,-0.011667932951336448,0.01095181021826159,0.029189574468975667,-0.003819293926420617,-0.0014337248360685253,53,Neutral,429196.7064,796856688.866713,-0.13535781048755025,-0.13019540572449095,7.552666666666668e-05,6.258000000000001e-05,1832.13,-0.028257596795300086,0.028440912411788172,0.018214177475883952,0.023684719069759035,0.01759096944085793
2023-06-08,1963.5999755859375,71.29000091552734,2.3519999980926514,4293.93017578125,13.649999618530273,0.010700777840001093,-0.017244174573166782,0.009827039961141109,0.00616957160752325,-0.02102288154628079,50,Neutral,189270.4853,349160385.10498,-0.8187382058058942,-0.8251434765921547,6.098666666666668e-05,-1.454e-05,1845.64,0.007346876378127145,0.028658549142585716,0.018267106358639103,0.02366005797305175,0.018214177475883952
2023-06-09,1962.199951171875,70.16999816894531,2.253999948501587,4298.85986328125,13.829999923706055,-0.0007132429056668153,-0.015835234802188534,-0.04255963645541434,0.0011474010230505239,0.013100646475644259,50,Neutral,198324.3252,365037779.742887,0.046726565576912224,0.04446948155743969,5.2136666666666665e-05,-8.850000000000012e-06,1840.37,-0.0028594624490205275,0.026457505978801817,0.018265870454852284,0.023654493540855102,0.018267106358639103
2023-06-10,1962.199951171875,70.16999816894531,2.253999948501587,4298.85986328125,13.829999923706055,0.0,0.0,0.0,0.0,0.0,49,Neutral,652324.6695,1148312156.525596,1.1906387006554893,1.146047598896603,4.403333333333333e-05,-8.103333333333334e-06,1751.53,-0.049476946677575705,0.031402815977980836,0.01986894031852216,0.02173814596174249,0.018265870454852284
2023-06-11,1962.199951171875,70.16999816894531,2.253999948501587,4298.85986328125,13.829999923706055,0.0,0.0,0.0,0.0,0.0,47,Neutral,219956.2434,385656545.950238,-1.0871137644078286,-1.0911012572205776,3.4886666666666666e-05,-9.146666666666665e-06,1752.76,0.0007019967243075934,0.031504143558311756,0.01981254802404329,0.02174548655967851,0.01986894031852216
2023-06-12,1955.300048828125,67.12000274658203,2.2660000324249268,4338.93017578125,15.010000228881836,-0.003522608540493114,-0.044438740090224194,0.005309784145119211,0.00927797498175416,0.08187652073388114,47,Neutral,302132.4819,525467514.619609,0.3174369700361889,0.30934117431846436,6.686000000000001e-05,3.197333333333334e-05,1742.57,-0.005830653396786247,0.028121463823163325,0.019803076871500996,0.021719152844388613,0.01981254802404329
2023-06-13,1944.5999755859375,69.41999816894531,2.3399999141693115,4369.009765625,14.609999656677246,-0.005487371483662416,0.03369288097774668,0.03213471577469008,0.006908570725908897,-0.027010458630547705,45,Fear,284268.0018,495907901.668493,-0.06094814147418155,-0.05789814300159145,5.943e-05,-7.4300000000000085e-06,1740.12,-0.00140695864642246,0.020148429934109247,0.019793512466044497,0.024824272775923265,0.019803076871500996
2023-06-14,1955.300048828125,68.2699966430664,2.3420000076293945,4372.58984375,13.880000114440918,0.005487371483662365,-0.016704601798411153,0.0008543757433382518,0.0008190899801265841,-0.05125723893976474,46,Fear,415847.327,705586390.233981,0.3804007289995101,0.3526389889255199,4.4829999999999996e-05,-1.4600000000000003e-05,1650.95,-0.05260319656222012,0.025049043996564067,0.02179393992469522,0.02353206750582037,0.019793512466044497
2023-06-15,1957.800048828125,70.62000274658203,2.5329999923706055,4425.83984375,14.5,0.0012777594632126471,0.033843047133893404,0.07839909957437252,0.012104580493589997,0.04369968610284749,41,Fear,370774.7696,611499814.542176,-0.11472340226883918,-0.14311456444567405,-4.224666666666666e-05,-8.707666666666666e-05,1666.96,0.009650728476360676,0.02540233306928847,0.021877827138630818,0.023569254961314005,0.02179393992469522
2023-06-16,1958.4000244140625,71.77999877929688,2.631999969482422,4409.58984375,13.539999961853027,0.0003064070167053769,0.016292439320637658,0.038339633860707455,-0.0036783764677510893,-0.06850038475975376,47,Neutral,311734.5904,525393264.962201,-0.17344263423867978,-0.1517675935511269,-4.832666666666667e-05,-6.0800000000000096e-06,1717.92,0.03011264842388073,0.030480063887140786,0.022698385145508086,0.023140204695146868,0.021877827138630818
2023-06-17,1958.4000244140625,71.77999877929688,2.631999969482422,4409.58984375,13.539999961853027,0.0,0.0,0.0,0.0,0.0,47,Neutral,210914.9216,366944179.320637,-0.3906973169909379,-0.3589373217501812,5.522e-05,0.00010354666666666668,1727.76,0.0057115151433317,0.025197297755385012,0.02266018337137526,0.02320035028280591,0.022698385145508086
2023-06-18,1958.4000244140625,71.77999877929688,2.631999969482422,4409.58984375,13.539999961853027,0.0,0.0,0.0,0.0,0.0,49,Neutral,156535.0128,270948973.417484,-0.2981751280777005,-0.3032792233638976,1.2373333333333332e-05,-4.284666666666667e-05,1720.95,-0.00394930791589547,0.025176966555923653,0.02261508825789488,0.02324552819247855,0.02266018337137526
2023-06-19,1958.4000244140625,71.77999877929688,2.631999969482422,4409.58984375,13.539999961853027,0.0,0.0,0.0,0.0,0.0,47,Neutral,245162.7589,422827205.775489,0.448642603101939,0.4450330854254614,3.9983333333333334e-05,2.761e-05,1737.11,0.0093463488990178,0.025505390713303974,0.022683469745742348,0.023258127248074825,0.02261508825789488
2023-06-20,1935.5,70.5,2.492000102996826,4388.7099609375,13.880000114440918,-0.011762134766634989,-0.017993158895064698,-0.054658359612050685,-0.004746353835236048,0.024800698656906404,49,Neutral,328855.6846,577529266.789217,0.29369669387736397,0.3117955209307311,1.1806666666666665e-05,-2.817666666666667e-05,1791.99,0.031103921349883094,0.028127035069120718,0.023411400012435503,0.02263493715727192,0.022683469745742348
2023-06-21,1933.300048828125,72.52999877929688,2.5969998836517334,4365.68994140625,13.199999809265137,-0.0011372784228845022,0.028387542726777716,0.041271245623388145,-0.005259086366925201,-0.050232148180967114,59,Greed,613755.8869,1132377905.488902,0.6239782648544596,0.6733159222877522,3.5940000000000005e-05,2.4133333333333342e-05,1889.11,0.052779084512651064,0.019555216123527383,0.025315184330862404,0.02048524164075445,0.023411400012435503
2023-06-22,1912.699951171875,69.51000213623047,2.6080000400543213,4381.89013671875,12.90999984741211,-0.01071258172670636,-0.04252959469989951,0.004226771543074732,0.0037039303873345254,-0.022214622103519467,65,Greed,416714.5719,791056016.146176,-0.38719576317375926,-0.3587062596896859,0.0001,6.406e-05,1872.01,-0.00909309877120227,0.02219406977178487,0.025130524337432753,0.020566787979496747,0.025315184330862404
2023-06-23,1919.0999755859375,69.16000366210938,2.7290000915527344,4348.330078125,13.4399995803833,0.003340482534468814,-0.005047944078749438,0.04535161585163115,-0.007688288056502158,0.04023311083432769,65,Greed,401147.9324,760352485.336681,-0.038071239574744245,-0.03958665987713476,8.096e-05,-1.9040000000000007e-05,1892.63,0.01095467625486762,0.021413671391432593,0.024547475453240535,0.020583600910775327,0.025130524337432753
2023-06-24,1919.0999755859375,69.16000366210938,2.7290000915527344,4348.330078125,13.4399995803833,0.0,0.0,0.0,0.0,0.0,62,Greed,226910.2941,427721477.76198,-0.5697755088037267,-0.5753098913980007,7.804666666666667e-05,-2.9133333333333246e-06,1874.96,-0.009380070314859884,0.023064109745774164,0.024627928172440576,0.02086268791752028,0.024547475453240535
2023-06-25,1919.0999755859375,69.16000366210938,2.7290000915527344,4348.330078125,13.4399995803833,0.0,0.0,0.0,0.0,0.0,64,Greed,338757.6158,644415530.040616,0.4007300948066857,0.4098715201557168,0.0001,2.1953333333333332e-05,1898.8,0.012634781833543817,0.022019149388670813,0.02463449300924091,0.02073621654192266,0.024627928172440576
2023-06-26,1923.699951171875,69.37000274658203,2.7909998893737793,4328.81982421875,14.25,0.0023940761271535643,0.003031823224082698,0.022464639643126144,-0.004496934363132171,0.05852160284113717,55,Greed,458743.861,859537162.355614,0.3032071632552777,0.2880503100541356,8.063666666666667e-05,-1.936333333333333e-05,1858.97,-0.021199536794378554,0.025807402399874828,0.024973868099329423,0.020421260683977056,0.02463449300924091
2023-06-27,1914.0,67.69999694824219,2.763000011444092,4378.41015625,13.739999771118164,-0.00505509651683476,-0.024368402149869475,-0.010082864834228464,0.01139073352418076,-0.03644563657852305,59,Greed,366634.5707,690855987.041332,-0.22412638543044844,-0.21846267140663606,3.9659999999999996e-05,-4.097666666666668e-05,1889.58,0.01633201125366475,0.024325542128646092,0.023913223835968056,0.020217857854878632,0.024973868099329423
2023-06-28,1912.300048828125,69.55999755859375,2.6029999256134033,4376.85986328125,13.430000305175781,-0.0008885614102553915,0.02710351954766955,-0.05965245264801524,-0.0003541393883898215,-0.02282023687755186,62,Greed,337836.5792,626358502.58848,-0.08180334676121474,-0.09800849464285372,5.358333333333333e-05,1.3923333333333336e-05,1828.02,-0.033121168263168056,0.018748816999517984,0.024615942111670133,0.019290616961560817,0.023913223835968056
2023-06-29,1909.199951171875,69.86000061035156,2.7009999752044678,4396.43994140625,13.539999961853027,-0.0016224510460784893,0.004303593727232923,0.036957468195175876,0.00446356811449,0.008157231408190429,54,Neutral,241844.8281,448678322.176822,-0.3342659707735017,-0.3336166957130384,4.228333333333334e-05,-1.129999999999999e-05,1851.99,0.01302732275023142,0.01972304582355053,0.024734569246226048,0.01916006401822976,0.024615942111670133
2023-06-30,1921.0999755859375,70.63999938964844,2.7980000972747803,4450.3798828125,13.59000015258789,0.0062136453694543944,0.01110329953992615,0.035282845378766484,0.0121943502618858,0.0036859747242309056,56,Greed,716538.1035,1353630452.615445,1.086135111598362,1.1042392867935016,7.988333333333333e-05,3.7599999999999986e-05,1933.79,0.04322107124698339,0.025924370885413085,0.025861163919745505,0.017456746094918103,0.024734569246226048
2023-07-01,1921.0999755859375,70.63999938964844,2.7980000972747803,4450.3798828125,13.59000015258789,0.0,0.0,0.0,0.0,0.0,59,Greed,178373.3688,343093755.612736,-1.3905524949201589,-1.3725417363042876,0.0001,2.0116666666666677e-05,1924.5,-0.00481561414669504,0.02561447681658808,0.025847583345451883,0.017447296963691517,0.025861163919745505
2023-07-02,1921.0999755859375,70.63999938964844,2.7980000972747803,4450.3798828125,13.59000015258789,0.0,0.0,0.0,0.0,0.0,63,Greed,255852.7832,491981842.960139,0.3607232824649776,0.36043806146455915,0.0001,0.0,1937.48,0.006721965869777927,0.02536801850517087,0.02551548269781489,0.017493837608362102,0.025847583345451883
2023-07-03,1921.699951171875,69.79000091552734,2.7090001106262207,4455.58984375,13.569999694824219,0.00031225960354315117,-0.012105801508016404,-0.03232530706960484,0.0011699930926736418,-0.0014727880332322733,62,Greed,322102.4295,631158998.811416,0.23026738555640613,0.24911599863997283,0.0001,0.0,1955.54,0.00927821051935302,0.023056378262937563,0.02551487155386253,0.01764556119888117,0.02551548269781489
2023-07-04,1921.699951171875,69.79000091552734,2.7090001106262207,4455.58984375,13.569999694824219,0.0,0.0,0.0,0.0,0.0,64,Greed,205525.0984,401186997.249838,-0.44930143918535903,-0.4531301639826172,0.0001,0.0,1936.2,-0.009939080826960508,0.023463333604282585,0.025592111538724236,0.01758245472312987,0.02551487155386253
2023-07-05,1919.5999755859375,71.79000091552734,2.6570000648498535,4446.81982421875,14.180000305175781,-0.0010933672637802037,0.028254457193867853,-0.019381912754662535,-0.0019702580976127164,0.04397109126777171,61,Greed,267633.4783,512774138.218949,0.26405026637190493,0.24540782592823954,0.0001,0.0,1910.36,-0.013435583330342312,0.019123405342441367,0.024389366007978024,0.017446642778518835,0.025592111538724236
2023-07-06,1908.699951171875,71.80000305175781,2.6089999675750732,4411.58984375,15.4399995803833,-0.005694461811811971,0.00013931521652338637,-0.018230697458361197,-0.007954061175894762,0.08512897479383684,56,Greed,456362.741,868009586.22327,0.5336695517494292,0.5263672867910402,7.592666666666667e-05,-2.4073333333333332e-05,1846.17,-0.03417848312536383,0.024043622950475525,0.024133070612954294,0.01632737182355816,0.024389366007978024
2023-07-07,1926.199951171875,73.86000061035156,2.5820000171661377,4398.9501953125,14.829999923706055,0.009126768323334932,0.02828689913027681,-0.010402694653647343,-0.002869212795733482,-0.04030936641410981,55,Greed,232944.3466,432733381.054967,-0.6724884086921676,-0.6960809684245965,4.4653333333333335e-05,-3.127333333333334e-05,1870.91,0.013311720667936329,0.01644700052646411,0.023684719069759035,0.01613520201307666,0.024133070612954294
2023-07-08,1926.199951171875,73.86000061035156,2.5820000171661377,4398.9501953125,14.829999923706055,0.0,0.0,0.0,0.0,0.0,58,Greed,125819.8273,234001180.804625,-0.6159486276959508,-0.6147956286922134,1.572666666666667e-05,-2.8926666666666665e-05,1865.24,-0.0030352123725826893,0.016459080932917685,0.02366005797305175,0.016129336392859173,0.023684719069759035
2023-07-09,1926.199951171875,73.86000061035156,2.5820000171661377,4398.9501953125,14.829999923706055,0.0,0.0,0.0,0.0,0.0,55,Greed,135046.3743,252189550.05161,0.07076729123939608,0.07485482598966249,3.0946666666666666e-05,1.5219999999999997e-05,1862.8,-0.0013089990173964256,0.01581643232799701,0.023654493540855102,0.01637180353751859,0.02366005797305175
2023-07-10,1925.0,72.98999786376953,2.6689999103546143,4409.52978515625,15.069999694824219,-0.0006231570554215221,-0.011849001491944946,0.03313953776191725,0.002402138610626312,0.016053841382581882,56,Greed,247868.1494,464186441.163382,0.6072787163562803,0.6101052968649625,4.809666666666666e-05,1.7149999999999997e-05,1880.4,0.009403788041753397,0.01583619955705994,0.02173814596174249,0.016272766929944605,0.023654493540855102
2023-07-11,1931.300048828125,74.83000183105469,2.7309999465942383,4439.259765625,14.84000015258789,0.0032674088391857186,0.02489648236569345,0.02296398610142489,0.006719583998254874,-0.015379744366417212,57,Greed,177771.6117,333339876.932696,-0.3323973030382033,-0.3311236634537721,6.576333333333333e-05,1.766666666666667e-05,1878.3,-0.0011174077306010499,0.01578403278698996,0.02174548655967851,0.01627358111679733,0.02173814596174249
2023-07-12,1956.199951171875,75.75,2.631999969482422,4472.16015625,13.539999961853027,0.012810414334619996,0.012219545827684955,-0.03692382106793469,0.007383905235389679,-0.09167798335466223,64,Greed,264406.8673,498567734.559133,0.39698943468433917,0.40257683600056154,8.536666666666666e-05,1.960333333333333e-05,1871.82,-0.0034558928510683502,0.015267513915453782,0.021719152844388613,0.016266384974021778,0.02174548655967851
2023-07-13,1959.199951171875,76.88999938964844,2.5450000762939453,4510.0400390625,13.609999656677246,0.0015324108197861239,0.01493737671662713,-0.03361332188778594,0.008434482989627111,0.005156526770827636,57,Greed,548861.4207,1069502144.026194,0.7303569075474518,0.7632090763000292,7.299999999999993e-07,-8.463666666666666e-05,2004.49,0.06847844472655594,0.025858555458994285,0.024824272775923265,0.009781711075209799,0.021719152844388613
2023-07-14,1960.0999755859375,75.41999816894531,2.5390000343322754,4505.419921875,13.34000015258789,0.00045927816023401885,-0.019303353554000074,-0.0023603637359513995,-0.001024932196907484,-0.020037739511752393,60,Greed,498724.0359,982369872.0199,-0.09579307983130794,-0.0849806440295976,0.0001,9.927e-05,1937.83,-0.03382087398995878,0.03100875280492666,0.02353206750582037,0.007839590212693379,0.024824272775923265
2023-07-15,1960.0999755859375,75.41999816894531,2.5390000343322754,4505.419921875,13.34000015258789,0.0,0.0,0.0,0.0,0.0,56,Greed,135181.7663,261553961.167515,-1.3054326186342866,-1.3233272745161528,5.590333333333334e-05,-4.409666666666667e-05,1931.41,-0.0033184841941049197,0.03102120034066967,0.023569254961314005,0.00787199491978805,0.02353206750582037
2023-07-16,1960.0999755859375,75.41999816894531,2.5390000343322754,4505.419921875,13.34000015258789,0.0,0.0,0.0,0.0,0.0,57,Greed,148667.1051,286787440.456901,0.09508932258190539,0.09210070110101433,4.7846666666666664e-05,-8.056666666666674e-06,1922.11,-0.004826765168303919,0.03116820795977657,0.023140204695146868,0.007968523308943464,0.023569254961314005
2023-07-17,1952.4000244140625,74.1500015258789,2.51200008392334,4522.7900390625,13.479999542236328,-0.003936082358076451,-0.016982378389892278,-0.01069103422958422,0.0038479695744204137,0.01044001959958077,54,Neutral,277159.0349,528662412.297658,0.6228818621981737,0.6116087503627565,3.0283333333333332e-05,-1.7563333333333332e-05,1911.2,-0.005692223930894661,0.03129255442227294,0.02320035028280591,0.00814456402124071,0.023140204695146868
2023-07-18,1977.199951171875,75.75,2.628999948501587,4554.97998046875,13.300000190734863,0.012622280219577665,0.021348355227265157,0.0455242441442257,0.007092066941428338,-0.013443021956755858,56,Greed,215780.5006,409583830.876333,-0.2503297845729051,-0.2552084685914987,7.465333333333333e-05,4.437e-05,1897.21,-0.007346931096489898,0.03149456515127576,0.02324552819247855,0.015238464174668741,0.02320035028280591
2023-07-19,1977.5,75.3499984741211,2.6029999256134033,4565.72021484375,13.760000228881836,0.0001517429045972916,-0.005294539567523786,-0.009938928723978016,0.002355134827233639,0.03400179957037673,50,Neutral,218045.0005,415268112.543401,0.010439775722435552,0.01378276840234836,8.566333333333334e-05,1.1010000000000018e-05,1888.63,-0.004532687429924358,0.03152502734240517,0.023258127248074825,0.015306259122502771,0.02324552819247855
2023-07-20,1968.300048828125,75.62999725341797,2.756999969482422,4534.8701171875,13.989999771118164,-0.004663169815610156,0.0037090887299437904,0.05747852353736224,-0.006779827396257691,0.01657692317794938,56,Greed,292907.5164,556981450.455301,0.2951554497066583,0.2936075708301314,6.325333333333333e-05,-2.241000000000001e-05,1891.59,0.0015660467406395737,0.01160051639834969,0.02263493715727192,0.015361095473092638,0.023258127248074825
2023-07-21,1964.300048828125,77.06999969482422,2.7130000591278076,4536.33984375,13.600000381469727,-0.002034278228194697,0.0188611022782814,-0.016088065501487298,0.0003240420146130911,-0.028272951525750628,50,Neutral,165554.0428,313414135.895111,-0.5705592313932328,-0.575006502912239,3.215666666666667e-05,-3.109666666666666e-05,1891.73,7.400907143141417e-05,0.0031853109539142794,0.02048524164075445,0.015539563740566325,0.02263493715727192
2023-07-22,1964.300048828125,77.06999969482422,2.7130000591278076,4536.33984375,13.600000381469727,0.0,0.0,0.0,0.0,0.0,52,Neutral,131901.6487,247820592.768613,-0.22724112484580006,-0.2348203657492006,2.3343333333333334e-05,-8.813333333333336e-06,1866.52,-0.013416019757593498,0.004929946655370321,0.020566787979496747,0.015487504065133674,0.02048524164075445
2023-07-23,1964.300048828125,77.06999969482422,2.7130000591278076,4536.33984375,13.600000381469727,0.0,0.0,0.0,0.0,0.0,54,Neutral,153501.0178,288736391.861338,0.15165063835808779,0.1528090648549279,3.464333333333333e-05,1.1299999999999993e-05,1888.73,0.011828910977324096,0.008015092407480273,0.020583600910775327,0.01546373081429721,0.020566787979496747
2023-07-24,1960.300048828125,78.73999786376953,2.684999942779541,4554.64013671875,13.90999984741211,-0.002038424953129538,0.02143716255522998,-0.01037434882137731,0.004026038496874852,0.02253817417444661,55,Greed,276504.5547,512402907.457845,0.5885200958969484,0.5735971112296052,5.695666666666666e-05,2.2313333333333335e-05,1850.0,-0.020719006444616717,0.01060544886056777,0.02086268791752028,0.01620230419830677,0.020583600910775327
2023-07-25,1962.0999755859375,79.62999725341797,2.7300000190734863,4567.4599609375,13.859999656677246,0.0009177681383586431,0.011239613392143006,0.01662090953382343,0.0028107195758387046,-0.003601025974701848,50,Neutral,152251.21,282696600.921257,-0.5966954395078407,-0.5947370031997012,8.626333333333333e-05,2.930666666666667e-05,1857.66,0.0041319920912332355,0.010998980086845935,0.02073621654192266,0.0162017544407222,0.02086268791752028
2023-07-26,1968.9000244140625,78.77999877929688,2.6649999618530273,4566.75,13.1899995803833,0.0034597077644024344,-0.010731729729882442,-0.02409757287974662,-0.00015545097867591856,-0.049548034075017525,51,Neutral,272090.5333,507049348.717311,0.5806029999174858,0.5842340926001941,8.565999999999999e-05,-6.033333333333417e-07,1872.0,0.007689746873933568,0.011666754207544558,0.020421260683977056,0.016057738121005718,0.02073621654192266
2023-07-27,1945.4000244140625,80.08999633789062,2.492000102996826,4537.41015625,14.40999984741211,-0.012007399562659367,0.016491814562992667,-0.06711840104755121,-0.006445393055197076,0.08846346450642487,51,Neutral,163766.4259,306463587.40202,-0.5076936736064952,-0.5035093865822456,7.370666666666667e-05,-1.195333333333332e-05,1861.28,-0.005742954969081114,0.011698339168029858,0.020217857854878632,0.016054852364560893,0.020421260683977056
2023-07-28,1960.4000244140625,80.58000183105469,2.638000011444092,4582.22998046875,13.329999923706055,0.007680922504028945,0.006099545875976461,0.056935416377097064,0.009829375810433848,-0.07790527095526234,52,Neutral,138695.7147,259228467.502262,-0.1661587496595741,-0.16738916024630762,6.572666666666666e-05,-7.980000000000015e-06,1874.19,0.006912142997172488,0.012204907911530059,0.019290616961560817,0.016052951886069505,0.020217857854878632
2023-07-29,1960.4000244140625,80.58000183105469,2.638000011444092,4582.22998046875,13.329999923706055,0.0,0.0,0.0,0.0,0.0,52,Neutral,72867.0269,136676328.67955,-0.6436461998697325,-0.6400942205875323,7.161666666666667e-05,5.890000000000013e-06,1880.46,0.003339861679952561,0.011025808560304814,0.01916006401822976,0.01599309641096568,0.019290616961560817
2023-07-30,1960.4000244140625,80.58000183105469,2.638000011444092,4582.22998046875,13.329999923706055,0.0,0.0,0.0,0.0,0.0,52,Neutral,158657.5902,296504225.221497,0.7781121285102611,0.7744459024751726,5.211666666666667e-05,-1.95e-05,1861.79,-0.009978037223819103,0.010547304283747906,0.017456746094918103,0.018315723841420637,0.01916006401822976
2023-07-31,1970.5,81.80000305175781,2.634000062942505,4588.9599609375,13.630000114440918,0.005138771146053185,0.015026778429613846,-0.0015174314160361743,0.0014676354365687912,0.022256125637552852,50,Neutral,168204.4534,313517086.161755,0.05843186469644576,0.05579239123954702,1.4799999999999999e-05,-3.731666666666667e-05,1856.14,-0.0030393279859110174,0.006774336858923657,0.017447296963691517,0.01843843839807447,0.017456746094918103
2023-08-01,1940.699951171875,81.37000274658203,2.559999942779541,4576.72998046875,13.930000305175781,-0.015238610077067491,-0.0052705924534539855,-0.02849639107752737,-0.0026686453076827116,0.021771555594829822,53,Neutral,358476.0966,659100582.108448,0.7566817576644335,0.7430222913438809,7.012666666666668e-05,5.532666666666668e-05,1873.47,0.009293263759436142,0.0074827530918003754,0.017493837608362102,0.019220084161550213,0.017447296963691517
2023-08-02,1937.4000244140625,79.48999786376953,2.4769999980926514,4513.39013671875,16.09000015258789,-0.0017018269642495524,-0.023375487751982435,-0.03295908640253019,-0.013936200638336184,0.14415316078816753,53,Neutral,254213.0553,470466371.262786,-0.3436892658503078,-0.3371516692421566,0.0001,2.9873333333333324e-05,1839.9,-0.018081103995239624,0.009757621194993703,0.01764556119888117,0.01907842824237372,0.017493837608362102
2023-08-03,1932.0,81.55000305175781,2.565000057220459,4501.89013671875,15.920000076293945,-0.0027911448212779625,0.025585165778128107,0.034910351193704885,-0.0025512254502915274,-0.010621785279120641,52,Neutral,171148.052,315081750.38648,-0.3956437327331706,-0.4008923518116896,0.0001,0.0,1835.81,-0.0022254213134208136,0.009651020859780481,0.01758245472312987,0.019145350471232555,0.01764556119888117
2023-08-04,1939.5999755859375,82.81999969482422,2.5769999027252197,4478.02978515625,17.100000381469727,0.0039260178715701454,0.015453207943668348,0.004667392992028158,-0.0053141693739379705,0.07150230060821486,54,Neutral,187699.4552,344687096.602038,0.09231305800163944,0.08980490892632,8.276666666666667e-05,-1.7233333333333337e-05,1830.23,-0.003044158988505136,0.008822186102890796,0.017446642778518835,0.01915326012390431,0.01758245472312987
2023-08-05,1939.5999755859375,82.81999969482422,2.5769999027252197,4478.02978515625,17.100000381469727,0.0,0.0,0.0,0.0,0.0,50,Neutral,93657.3255,171683574.022643,-0.6951993931497696,-0.6969839425194526,8.693666666666666e-05,4.169999999999996e-06,1836.48,0.0034090539218758144,0.008831018393635804,0.01632737182355816,0.0191060288251083,0.017446642778518835
2023-08-06,1939.5999755859375,82.81999969482422,2.5769999027252197,4478.02978515625,17.100000381469727,0.0,0.0,0.0,0.0,0.0,49,Neutral,90403.9915,165701947.019345,-0.035354227750041316,-0.035462421967042565,7.295e-05,-1.3986666666666666e-05,1830.28,-0.003381735324192536,0.00834847431181421,0.01613520201307666,0.019141396264335763,0.01632737182355816
2023-08-07,1933.5,81.94000244140625,2.7249999046325684,4518.43994140625,15.770000457763672,-0.0031499215966817747,-0.01068227251884067,0.05584249919505223,0.008983618964856572,-0.08096905581433864,49,Neutral,224092.9059,409166592.891649,0.9077723041642148,0.903931716063902,9.777000000000001e-05,2.482000000000001e-05,1829.1,-0.0006449180139251584,0.008368781330023964,0.016129336392859173,0.0191405666570883,0.01613520201307666
2023-08-08,1924.0999755859375,82.91999816894531,2.7769999504089355,4499.3798828125,15.989999771118164,-0.004873518808943379,0.011888963571621945,0.0189027973488947,-0.004227205100058866,0.013854082529355417,54,Neutral,236336.03,436891258.634858,0.0531939238874958,0.06556193735990956,7.212333333333333e-05,-2.5646666666666673e-05,1856.3,0.01476121663329752,0.009750238730496692,0.01637180353751859,0.01897915699034572,0.016129336392859173
2023-08-09,1915.4000244140625,84.4000015258789,2.9590001106262207,4467.7099609375,15.960000038146973,-0.004531822404694159,0.01769115419565046,0.06348022033754672,-0.007063619102045116,-0.0018779181199778247,50,Neutral,191926.8343,356559464.883318,-0.2081404201886795,-0.20318330019371889,6.091333333333333e-05,-1.1210000000000003e-05,1855.35,-0.0005119017260491729,0.006401293310173987,0.016272766929944605,0.018975968168219063,0.01637180353751859
2023-08-10,1914.4000244140625,82.81999969482422,2.763000011444092,4468.830078125,15.850000381469727,-0.0005222204866973095,-0.018897845248431876,-0.06853436072123821,0.00025068252108086326,-0.006916070021043906,53,Neutral,127321.4553,236043286.656351,-0.41039919544443104,-0.4124858216192338,9.198333333333334e-05,3.1070000000000006e-05,1852.47,-0.0015534737819997478,0.006346261504495252,0.01627358111679733,0.018981649494213135,0.016272766929944605
2023-08-11,1912.9000244140625,83.19000244140625,2.7699999809265137,4464.0498046875,14.84000015258789,-0.0007838424255554935,0.004457603210535083,0.0025302632303245407,-0.0010702648992294865,-0.06584327636934278,51,Neutral,113209.3103,209237745.63836,-0.11747662374958572,-0.12054406184481309,2.8566666666666665e-05,-6.341666666666667e-05,1848.84,-0.0019614683254447346,0.006235230546625307,0.016266384974021778,0.019019074767802315,0.01627358111679733
2023-08-12,1912.9000244140625,83.19000244140625,2.7699999809265137,4464.0498046875,14.84000015258789,0.0,0.0,0.0,0.0,0.0,54,Neutral,63292.6476,117106742.569844,-0.581469238108222,-0.5803852958623589,5.852666666666666e-05,2.9959999999999998e-05,1849.93,0.0005893851369798252,0.006178036462367616,0.009781711075209799,0.02014553476148102,0.016266384974021778
2023-08-13,1912.9000244140625,83.19000244140625,2.7699999809265137,4464.0498046875,14.84000015258789,0.0,0.0,0.0,0.0,0.0,54,Neutral,120674.1364,222956657.347428,0.645324654363863,0.6438915423639225,6.063666666666667e-05,2.110000000000005e-06,1840.73,-0.0049855684653567585,0.006395374741893706,0.007839590212693379,0.0209769487289761,0.009781711075209799
2023-08-14,1910.5999755859375,82.51000213623047,2.7950000762939453,4489.72021484375,14.819999694824219,-0.0012031118637709465,-0.008207653636332482,0.00898482059013154,0.005734004879419051,-0.0013486487456545642,50,Neutral,150196.1203,277387603.677403,0.21884808366096414,0.21843842844709968,9.960666666666666e-05,3.8969999999999994e-05,1845.5,0.0025880114167464037,0.0063892465914762815,0.00787199491978805,0.021090851533253456,0.007839590212693379
2023-08-15,1902.5,80.98999786376953,2.6589999198913574,4437.85986328125,16.459999084472656,-0.0042485053218494105,-0.018593860122389717,-0.049882051770118396,-0.011618139396096483,0.1049555403517943,53,Neutral,186081.6989,341622741.956271,0.21424390990272307,0.2082912151660352,8.794e-05,-1.1666666666666661e-05,1828.98,-0.008991809076098535,0.0038269095764290758,0.007968523308943464,0.021278681257303762,0.00787199491978805
2023-08-16,1896.0999755859375,79.37999725341797,2.5920000076293945,4404.330078125,16.780000686645508,-0.0033696785716191323,-0.020079251129936113,-0.02552030070005767,-0.007584081792624527,0.0192546023319537,52,Neutral,205430.7368,373631455.899558,0.09892311124838203,0.0895628650317839,8.924333333333333e-05,1.3033333333333316e-06,1807.81,-0.011642266459590973,0.005136520198142889,0.00814456402124071,0.021355088872597086,0.007968523308943464
2023-08-17,1884.0999755859375,80.38999938964844,2.621000051498413,4370.35986328125,17.889999389648438,-0.00634889183821112,0.01264336999299781,0.011126162556185159,-0.0077428113775290805,0.06405412144418428,50,Neutral,812138.2159,1390504308.003381,1.374561612380919,1.3141518722941452,8.190666666666667e-05,-7.336666666666667e-06,1681.49,-0.07243586284279085,0.02632931535985732,0.015238464174668741,0.01689753314333245,0.00814456402124071
2023-08-18,1886.0999755859375,81.25,2.5510001182556152,4369.7099609375,17.299999237060547,0.0010609517869105895,0.010641038462359106,-0.027070458473407267,-0.00014871788395720285,-0.03353540600052895,37,Fear,538083.1018,901117750.717323,-0.41165752975641917,-0.43378583384804686,-1.9816666666666666e-05,-0.00010172333333333334,1661.59,-0.011905329843399048,0.025845791373295603,0.015306259122502771,0.016815529323597665,0.015238464174668741
2023-08-19,1886.0999755859375,81.25,2.5510001182556152,4369.7099609375,17.299999237060547,0.0,0.0,0.0,0.0,0.0,39,Fear,231919.0485,387407573.3804,-0.8416246306485148,-0.8441586379554685,-6.93e-05,-4.9483333333333334e-05,1669.67,0.004851026845808832,0.026326922067375635,0.015361095473092638,0.016874697412647924,0.015306259122502771
2023-08-20,1886.0999755859375,81.25,2.5510001182556152,4369.7099609375,17.299999237060547,0.0,0.0,0.0,0.0,0.0,37,Fear,195623.5263,327342264.94863,-0.17019635392184626,-0.16847099472638544,-7.387333333333334e-05,-4.5733333333333325e-06,1685.24,0.009281984784250725,0.027715170967508373,0.015539563740566325,0.016794093732514514,0.015361095473092638
2023-08-21,1893.300048828125,80.72000122070312,2.631999969482422,4399.77001953125,17.1299991607666,0.0038101719353384462,-0.006544430041808612,0.031258516352000824,0.006855634859799785,-0.0098751940591841,38,Fear,250835.1518,418860905.067397,0.24860392965433142,0.24653259068752056,-2.594333333333333e-05,4.793000000000001e-05,1667.55,-0.010552503530499763,0.026948807986130738,0.015487504065133674,0.01684326848169273,0.015539563740566325
2023-08-22,1896.4000244140625,80.3499984741211,2.559999942779541,4387.5498046875,16.969999313354492,0.0016360008536025392,-0.004594317974920206,-0.027736765728517174,-0.0027813310465456837,-0.009384224560183918,37,Fear,402012.045,657589420.923018,0.471686093227077,0.4510418602129981,-2.2213333333333333e-05,3.7299999999999965e-06,1634.99,-0.01971879524303507,0.026889308264500908,0.01546373081429721,0.017020795141616408,0.015487504065133674
2023-08-23,1918.5,78.88999938964844,2.496999979019165,4436.009765625,15.979999542236328,0.011586265785144559,-0.018337603822861738,-0.024917233244509836,0.010984330710791359,-0.060109127091726666,37,Fear,374761.1088,622717740.76397,-0.07019327108454142,-0.05448740467003056,-6.283333333333334e-06,1.5929999999999998e-05,1679.61,0.026924935486139112,0.031492383520352996,0.01620230419830677,0.016241665118164255,0.01546373081429721
2023-08-24,1918.199951171875,79.05000305175781,2.5190000534057617,4376.31005859375,17.200000762939453,-0.0001564098483359136,0.002026132890635851,0.00877201567642938,-0.01354935398400801,0.07357151648426023,41,Fear,231539.7805,383948287.500426,-0.4815370829953869,-0.48358547598682483,-6.5e-07,5.633333333333334e-06,1661.16,-0.011045470103193834,0.016214331497895394,0.0162017544407222,0.016150621880294792,0.01620230419830677
2023-08-25,1911.0999755859375,79.83000183105469,2.5399999618530273,4405.7099609375,15.680000305175781,-0.0037082411186100178,0.009818794333739538,0.008302047440303339,0.006695501060295156,-0.09252339379134855,39,Fear,236261.6898,390502520.582296,0.020188349007859048,0.016926548463567205,-1.241e-05,-1.176e-05,1653.8,-0.0044404831995776915,0.01567052216932244,0.016057738121005718,0.01619095189185086,0.0162017544407222
2023-08-26,1911.0999755859375,79.83000183105469,2.5399999618530273,4405.7099609375,15.680000305175781,0.0,0.0,0.0,0.0,0.0,38,Fear,79175.425,130634757.648333,-1.0932740855183347,-1.0950291043857598,-9.326666666666667e-06,3.083333333333333e-06,1647.04,-0.004095932823676615,0.015509070687608451,0.016054852364560893,0.016223442194061254,0.016057738121005718
2023-08-27,1911.0999755859375,79.83000183105469,2.5399999618530273,4405.7099609375,15.680000305175781,0.0,0.0,0.0,0.0,0.0,38,Fear,87789.9196,145109143.683836,0.10328072284953863,0.10508085470425975,1.5433333333333334e-05,2.476e-05,1658.33,0.0068313344079224,0.015238583997422886,0.016052951886069505,0.016178562730062802,0.016054852364560893
2023-08-28,1917.9000244140625,80.0999984741211,2.5789999961853027,4433.31005859375,15.079999923706055,0.0035518704503101632,0.003376438430007358,0.0152376594081176,0.006245078594196461,-0.0390166768644729,39,Fear,214351.0143,352868062.83225,0.892668241897346,0.8886080530521178,2.376666666666667e-06,-1.3056666666666666e-05,1653.08,-0.0031708573681733664,0.014822002929896298,0.01599309641096568,0.01619256055211951,0.016052951886069505
2023-08-29,1936.5,81.16000366210938,2.555999994277954,4497.6298828125,14.449999809265137,0.009651369784435556,0.013146725055070738,-0.008958191143453304,0.014404068712056505,-0.04267495616173323,39,Fear,494371.0823,842464924.522092,0.8356714889261216,0.8702378013594015,-2.8153333333333337e-05,-3.053000000000001e-05,1729.42,0.04514587765984236,0.020526110199978895,0.018315723841420637,0.015145991004414935,0.01599309641096568
2023-08-30,1944.300048828125,81.62999725341797,2.7960000038146973,4514.8701171875,13.880000114440918,0.004019820260445598,0.005774247736830996,0.08974629145928854,0.003825854181192944,-0.040245438035115294,49,Neutral,202841.4402,347291135.28552,-0.8908618228602259,-0.8861685939810376,6.460333333333334e-05,9.275666666666667e-05,1705.23,-0.014086093183490871,0.02007921020075338,0.01843843839807447,0.0150647363498206,0.018315723841420637
2023-08-31,1938.199951171875,83.62999725341797,2.7679998874664307,4507.66015625,13.569999694824219,-0.003142358107314131,0.02420546673482652,-0.010064828635673729,-0.0015982129743398576,-0.022587511965907553,52,Neutral,330518.2668,554219312.094311,0.4882373368819796,0.46739704385359426,3.9859999999999994e-05,-2.4743333333333344e-05,1645.76,-0.035497715393938846,0.024418160987088176,0.019220084161550213,0.013562980543295964,0.01843843839807447
2023-09-01,1939.800048828125,85.55000305175781,2.765000104904175,4515.77001953125,13.09000015258789,0.0008252180232353599,0.022698761459047576,-0.0010843241859066373,0.001797512765518541,-0.036012859779136375,40,Fear,302406.1686,493457144.938849,-0.08889088505422285,-0.11612446254456295,1.3923333333333334e-05,-2.593666666666666e-05,1629.12,-0.010162291872580201,0.024634428651493658,0.01907842824237372,0.014942834111740794,0.019220084161550213
2023-09-02,1939.800048828125,85.55000305175781,2.765000104904175,4515.77001953125,13.09000015258789,0.0,0.0,0.0,0.0,0.0,39,Fear,102145.9476,166937240.933972,-1.0853683935020884,-1.083818077078518,-7.033333333333334e-07,-1.4626666666666668e-05,1637.03,0.004843632695716121,0.02474806917392253,0.019145350471232555,0.016959640447283014,0.01907842824237372
2023-09-03,1939.800048828125,85.55000305175781,2.765000104904175,4515.77001953125,13.09000015258789,0.0,0.0,0.0,0.0,0.0,40,Fear,116767.2862,190979647.353311,0.13378029785443465,0.13454892501465296,-5.686666666666665e-06,-4.983333333333332e-06,1635.84,-0.0007271905406814061,0.024519844324141782,0.01915326012390431,0.016972823792686668,0.019145350471232555
2023-09-04,1939.800048828125,85.55000305175781,2.765000104904175,4515.77001953125,13.09000015258789,0.0,0.0,0.0,0.0,0.0,40,Fear,168010.9056,274049115.417922,0.3638459443229372,0.3611404796649323,-2.282333333333334e-05,-1.7136666666666675e-05,1630.51,-0.0032635845704295906,0.02452063843167229,0.0191060288251083,0.017003751233506254,0.01915326012390431
2023-09-05,1926.199951171875,86.69000244140625,2.5820000171661377,4496.830078125,14.010000228881836,-0.007035775353867591,0.013237529032623712,-0.0684763738414858,-0.004202997821381205,0.06792278510731134,40,Fear,204365.4907,333010633.963955,0.19588112030187754,0.1948670796220722,1.4643333333333334e-05,3.746666666666667e-05,1634.45,0.0024135070031771496,0.01382350008545867,0.019141396264335763,0.01745103636264137,0.0191060288251083
2023-09-06,1918.0999755859375,87.54000091552734,2.509999990463257,4465.47998046875,14.449999809265137,-0.004214024777917077,0.009757277178099374,-0.02828154972864541,-0.006996014491432261,0.030923024672847757,42,Fear,219541.0193,358419121.474319,0.07162907925406108,0.0735286087092289,1.8123333333333333e-05,3.479999999999999e-06,1633.15,-0.0007956910690343726,0.013771859013553777,0.0191405666570883,0.017861956600408794,0.019141396264335763
2023-09-07,1917.5,86.87000274658203,2.5789999961853027,4451.14013671875,14.399999618530273,-0.0003128457579778613,-0.007683062332156812,0.027118976075876395,-0.003216433115732967,-0.003466221267795236,41,Fear,228558.2782,374542954.194732,0.04025213350440932,0.044003461823752754,5.562333333333333e-05,3.7500000000000003e-05,1648.11,0.009118511581993099,0.00615395912287234,0.01897915699034572,0.017828003173389877,0.0191405666570883
2023-09-08,1918.4000244140625,87.51000213623047,2.6050000190734863,4457.490234375,13.84000015258789,0.00046926375810114266,0.007340317070030951,0.01003095710713648,0.0014256060622570594,-0.03966521887634129,46,Fear,221570.0458,362938822.785618,-0.031052451288632665,-0.03147220603857534,3.592666666666667e-05,-1.9696666666666664e-05,1636.44,-0.007106026156969444,0.005352107446206273,0.018975968168219063,0.017781677111222326,0.01897915699034572
2023-09-09,1918.4000244140625,87.51000213623047,2.6050000190734863,4457.490234375,13.84000015258789,0.0,0.0,0.0,0.0,0.0,41,Fear,58519.6229,95627623.417556,-1.331376641173472,-1.333772561588326,4.1563333333333336e-05,5.636666666666666e-06,1635.54,-0.0005501256258888519,0.005024356910618825,0.018981649494213135,0.018760243206978125,0.018975968168219063
2023-09-10,1918.4000244140625,87.51000213623047,2.6050000190734863,4457.490234375,13.84000015258789,0.0,0.0,0.0,0.0,0.0,40,Fear,207957.8428,336517904.443572,1.267973248132656,1.258189629323037,2.0830000000000002e-05,-2.0733333333333334e-05,1617.42,-0.011140737921668128,0.006542822964081964,0.019019074767802315,0.018710522430863456,0.018981649494213135
2023-09-11,1923.300048828125,87.29000091552734,2.6080000400543213,4487.4599609375,13.800000190734863,0.0025509680494884674,-0.002517177723412052,0.001150976895452474,0.006700951498135517,-0.0028943552301342276,40,Fear,417424.8189,657137141.34232,0.6967690732715032,0.6692413799013285,3.32e-05,1.2369999999999998e-05,1551.85,-0.04138451952242031,0.016471888647350927,0.02014553476148102,0.017089498831343846,0.019019074767802315
2023-09-12,1911.300048828125,88.83999633789062,2.743000030517578,4461.89990234375,14.229999542236328,-0.006258821711373876,0.01760103856922371,0.05046856365842859,-0.005712169023003997,0.03068377394831886,30,Fear,329739.9685,525392019.744392,-0.23580008398131777,-0.2237480472049859,-2.602e-05,-5.9220000000000006e-05,1592.97,0.026152430753237553,0.020659629791821975,0.0209769487289761,0.016669153139743872,0.02014553476148102
2023-09-13,1909.0999755859375,88.5199966430664,2.680000066757202,4467.43994140625,13.479999542236328,-0.001151750325271196,-0.003608480544858315,-0.023235403648918195,0.0012408621175346041,-0.0541453084074137,41,Fear,223409.2889,357304191.673901,-0.389298904154819,-0.3855571917361184,8.713333333333333e-06,3.4733333333333335e-05,1607.62,0.009154626062353411,0.02122511492312143,0.021090851533253456,0.016648154664712766,0.0209769487289761
2023-09-14,1910.0,90.16000366210938,2.7079999446868896,4505.10009765625,12.819999694824219,0.0004713280283196849,0.018357433089449215,0.01039351519204334,0.00839458553366625,-0.0502006438375704,45,Fear,275301.1505,447913522.75155,0.20886012576880178,0.2260126877243442,-3.4266666666666655e-06,-1.2139999999999999e-05,1626.47,0.011657197827190198,0.021472011431221634,0.021278681257303762,0.016482635942810485,0.021090851533253456
2023-09-15,1923.699951171875,90.7699966430664,2.6440000534057617,4450.31982421875,13.789999961853027,0.00714714748905865,0.0067428872062673595,-0.023917392435921562,-0.012234145842493929,0.07293726135107188,45,Fear,181340.024,295616593.107865,-0.4174917366512227,-0.4155368630582051,7.100000000000003e-06,1.0526666666666669e-05,1641.29,0.009070495757411094,0.021686274386943604,0.021355088872597086,0.0163751034274023,0.021278681257303762
2023-09-16,1923.699951171875,90.7699966430664,2.6440000534057617,4450.31982421875,13.789999961853027,0.0,0.0,0.0,0.0,0.0,43,Fear,99555.4671,163144495.691079,-0.5996589074321248,-0.5944270364009469,3.718e-05,3.0079999999999997e-05,1634.4,-0.004206753484545366,0.02175753810504414,0.01689753314333245,0.017150458112437983,0.021355088872597086
2023-09-17,1923.699951171875,90.7699966430664,2.6440000534057617,4450.31982421875,13.789999961853027,0.0,0.0,0.0,0.0,0.0,46,Fear,120227.4117,195464805.891003,0.188670099716388,0.18074405745101016,1.8376666666666666e-05,-1.8803333333333333e-05,1622.48,-0.007319921657535613,0.02148054798767032,0.016815529323597665,0.01753979570604938,0.01689753314333245
2023-09-18,1931.5,91.4800033569336,2.7279999256134033,4453.52978515625,14.0,0.00404651357660179,0.007791608294717611,0.031275770525110755,0.0007210276941755188,0.015113640576325997,46,Fear,279041.6978,458235380.246686,0.8419761782842042,0.8520026405648635,1.654333333333333e-05,-1.833333333333335e-06,1636.66,0.008701736946528362,0.011018545440044202,0.016874697412647924,0.017440046757550048,0.016815529323597665
2023-09-19,1932.0,91.19999694824219,2.8480000495910645,4443.9501953125,14.109999656677246,0.00025883266612720474,-0.0030655422323710565,0.043048298248920876,-0.0021533273615331264,0.00782641191758886,46,Fear,184282.4258,302910996.591828,-0.4148917214893787,-0.4139439610285552,-4.6433333333333335e-06,-2.1186666666666665e-05,1643.12,0.0039392937049882275,0.00738502261666354,0.016794093732514514,0.017422677402743673,0.016874697412647924
2023-09-20,1945.5999755859375,90.27999877929688,2.7330000400543213,4402.2001953125,15.140000343322754,0.007014664451038297,-0.010138925189995375,-0.04121708936058387,-0.009439204206291041,0.07045652915299092,47,Neutral,232844.2347,379255954.951705,0.23390020576023818,0.22477229828341835,3.3033333333333334e-05,3.7676666666666665e-05,1622.26,-0.012776634737105578,0.009417913694982351,0.01684326848169273,0.017874598896255717,0.016794093732514514
2023-09-21,1919.199951171875,89.62999725341797,2.609999895095825,4330.0,17.540000915527344,-0.013661993139932882,-0.007225883702320368,-0.04604974046030737,-0.016536918318488084,0.1471437684547391,47,Neutral,240627.544,384503484.655841,0.03288056804838934,0.013741531707133985,3.6070000000000005e-05,3.036666666666671e-06,1583.94,-0.02390482489121464,0.012104940311275677,0.017020795141616408,0.017530696957521113,0.01684326848169273
2023-09-22,1925.4000244140625,90.02999877929688,2.63700008392334,4320.06005859375,17.200000762939453,0.003225343940292486,0.00445287983582428,0.010291758055027352,-0.0022982374027607495,-0.01957461096422612,43,Fear,124886.091,198987470.055888,-0.6558482276121386,-0.6587109935297993,2.8763333333333333e-05,-7.306666666666672e-06,1593.08,0.005753835491244665,0.01157101338617129,0.016241665118164255,0.017896829985955647,0.017020795141616408
2023-09-23,1925.4000244140625,90.02999877929688,2.63700008392334,4320.06005859375,17.200000762939453,0.0,0.0,0.0,0.0,0.0,47,Neutral,64537.1341,102806906.083431,-0.6601612692238134,-0.6603893276343504,2.7003333333333333e-05,-1.76e-06,1593.86,0.0004894977725181305,0.011709862540245882,0.016150621880294792,0.02078379844506289,0.016241665118164255
2023-09-24,1925.4000244140625,90.02999877929688,2.63700008392334,4320.06005859375,17.200000762939453,0.0,0.0,0.0,0.0,0.0,44,Fear,137517.8533,218549215.974009,0.7565129702419363,0.75415870333965,2.368e-05,-3.3233333333333326e-06,1580.71,-0.00828463395836899,0.011766641989807163,0.01619095189185086,0.020707714384851986,0.016150621880294792
2023-09-25,1916.5999755859375,89.68000030517578,2.6389999389648438,4337.43994140625,16.899999618530273,-0.004580980852414224,-0.003895152394691035,0.0007580951965906554,0.0040149942038066174,-0.017595828819496954,47,Neutral,176706.9277,279294486.722661,0.2507388336963062,0.24525549922686282,4.097333333333333e-05,1.729333333333333e-05,1588.33,0.004809036607637084,0.011157635325879812,0.016223442194061254,0.020713573988536894,0.01619095189185086
2023-09-26,1900.4000244140625,90.38999938964844,2.6559998989105225,4273.52978515625,18.940000534057617,-0.008488367011878772,0.00788585289105018,0.006421159160340801,-0.014844165482264943,0.1139625165984174,46,Fear,125583.0161,199551097.289548,-0.3415255617989805,-0.33619640283131863,4.5673333333333335e-05,4.700000000000006e-06,1594.01,0.003569704074099457,0.011113032768500734,0.016178562730062802,0.020734352538245536,0.016223442194061254
2023-09-27,1871.5999755859375,93.68000030517578,2.7639999389648438,4274.509765625,18.219999313354492,-0.015270736211994373,0.035751087489206496,0.03985769026984988,0.00022928777229479233,-0.03875626180982169,44,Fear,274404.4328,440883556.960054,0.7816360274831946,0.792710467107119,5.2163333333333336e-05,6.4900000000000005e-06,1598.64,0.002900413916830404,0.010700254132503972,0.01619256055211951,0.02097899428312234,0.016178562730062802
2023-09-28,1860.4000244140625,91.70999908447266,2.944999933242798,4299.7001953125,17.34000015258789,-0.006002135474614082,-0.02125330795910164,0.06342991061233007,0.005875877143000698,-0.04950387399329117,46,Fear,331409.7015,541873730.296698,0.1887523286146683,0.20625220695881566,2.4523333333333333e-05,-2.7640000000000003e-05,1652.99,0.03343250142291594,0.012935011292190117,0.015145991004414935,0.020222189800862843,0.01619256055211951
2023-09-29,1848.0999755859375,90.79000091552734,2.928999900817871,4288.0498046875,17.520000457763672,-0.006633460391607215,-0.010082257120324335,-0.005447760452086495,-0.002713259648289315,0.01032713148414973,48,Neutral,251975.6728,420335662.096628,-0.2740228325113279,-0.2539794168067164,1.3493333333333333e-05,-1.103e-05,1667.45,0.008709744136773601,0.012970189372941181,0.0150647363498206,0.02024556471133735,0.015145991004414935
2023-09-30,1848.0999755859375,90.79000091552734,2.928999900817871,4288.0498046875,17.520000457763672,0.0,0.0,0.0,0.0,0.0,47,Neutral,136924.9141,229630339.535437,-0.6098998430246896,-0.6045827910095628,-1.1266666666666672e-06,-1.462e-05,1670.89,0.0020609052508540116,0.012861602090396964,0.013562980543295964,0.020268015807693014,0.0150647363498206
2023-10-01,1848.0999755859375,90.79000091552734,2.928999900817871,4288.0498046875,17.520000457763672,0.0,0.0,0.0,0.0,0.0,48,Neutral,225611.5868,383793846.183488,0.499382174915257,0.5136347529808593,1.0483333333333333e-05,1.161e-05,1733.79,0.036953345156396686,0.015204437442655734,0.014942834111740794,0.019206814874018843,0.013562980543295964
2023-10-02,1830.0,88.81999969482422,2.8399999141693115,4288.39013671875,17.610000610351562,-0.009842104245885983,-0.02193731103961071,-0.03085701203244205,7.936440615299324e-05,0.005123845531178813,50,Neutral,378575.6898,643680600.092603,0.5176011477029714,0.517097090954878,7.560000000000001e-05,6.511666666666667e-05,1662.4,-0.042047422395011,0.025999196702124243,0.016959640447283014,0.017559300517163322,0.014942834111740794
2023-10-03,1824.5999755859375,89.2300033569336,2.9489998817443848,4229.4501953125,19.780000686645508,-0.002955195304593962,0.0046054971051253885,0.03766206778185505,-0.013839395863449198,0.11620440374120897,50,Neutral,198287.1164,328606758.398617,-0.6466999627690851,-0.672340867842625,2.9513333333333334e-05,-4.6086666666666674e-05,1656.88,-0.0033260255770674258,0.026258574887585148,0.016972823792686668,0.018298483526662142,0.016959640447283014
2023-10-04,1818.5,84.22000122070312,2.9619998931884766,4263.75,18.579999923706055,-0.0033487861038289848,-0.05778490630519061,0.004398590052101778,0.008077047607828946,-0.06258563162924412,49,Neutral,222861.7167,365919693.07999,0.11683541146351625,0.10755211886904366,2.6586666666666664e-05,-2.9266666666666703e-06,1646.58,-0.006235906218074599,0.026635203715208708,0.017003751233506254,0.0184098802633857,0.016972823792686668
2023-10-05,1816.5999755859375,82.30999755859375,3.1659998893737793,4258.18994140625,18.489999771118164,-0.0010453767983573286,-0.022939859904561943,0.06660424673187004,-0.0013048811469951228,-0.0048556962591010805,48,Neutral,237378.7449,386770321.772352,0.06310547067981466,0.05541714154467224,2.274e-05,-3.846666666666665e-06,1611.79,-0.021355046922359133,0.024592066006182925,0.01745103636264137,0.017856922506437587,0.017003751233506254
2023-10-06,1830.199951171875,82.79000091552734,3.3380000591278076,4308.5,17.450000762939453,0.007458615173471331,0.00581471488570491,0.05290291643631898,0.011745642093961117,-0.057890340650457284,50,Neutral,220507.9286,360565723.578844,-0.0737232937012583,-0.07015678066277287,8.126e-05,5.852e-05,1645.03,0.020413258487783748,0.02593033196579473,0.017861956600408794,0.017824411018279696,0.01745103636264137
2023-10-07,1830.199951171875,82.79000091552734,3.3380000591278076,4308.5,17.450000762939453,0.0,0.0,0.0,0.0,0.0,49,Neutral,101241.5732,165907550.809013,-0.7784241767413504,-0.7762435420132745,5.273e-05,-2.8530000000000006e-05,1633.57,-0.00699081722214893,0.025923614977973707,0.017828003173389877,0.01768815381024114,0.017861956600408794
2023-10-08,1830.199951171875,82.79000091552734,3.3380000591278076,4308.5,17.450000762939453,0.0,0.0,0.0,0.0,0.0,50,Neutral,149424.6635,243516204.388717,0.38928286787319893,0.3837527777258979,9.361666666666667e-05,4.0886666666666676e-05,1632.84,-0.000446973902329224,0.019259842246622333,0.017781677111222326,0.017829456061409153,0.017828003173389877
2023-10-09,1849.5,86.37999725341797,3.375999927520752,4335.66015625,17.700000762939453,0.010490108470351069,0.042448843526906935,0.011319712311552328,0.006284068119387409,0.014224990313812625,50,Neutral,340141.0988,540588837.459589,0.8225681852516634,0.7974754970946886,6.835666666666668e-05,-2.526e-05,1580.13,-0.03281370787343065,0.016735619082557614,0.018760243206978125,0.016375048895058284,0.017781677111222326
2023-10-10,1861.0,85.97000122070312,3.381999969482422,4358.240234375,17.030000686645508,0.006198645369741984,-0.004757723350522214,0.00177568618811972,0.005194476099985354,-0.03858814768935068,50,Neutral,240659.3287,378967575.340083,-0.34597816839989937,-0.35520833697058224,6.878666666666667e-05,4.299999999999942e-07,1567.63,-0.007942197439895009,0.01664590142676968,0.018710522430863456,0.025785989047459112,0.018760243206978125
2023-10-11,1872.800048828125,83.48999786376953,3.377000093460083,4376.9501953125,16.09000015258789,0.0063206856067081355,-0.029271573766282092,-0.001479472373952138,0.004283819500095073,-0.056778564506664936,47,Neutral,260253.9671,406667649.144022,0.07827559120501018,0.07054561675404702,4.1246666666666666e-05,-2.7540000000000004e-05,1566.87,-0.0004849258349932817,0.016882549190035172,0.017089498831343846,0.026332706101643406,0.018710522430863456
2023-10-12,1869.300048828125,82.91000366210938,3.3440001010894775,4349.60986328125,16.690000534057617,-0.0018706079095983437,-0.006971112321425114,-0.009820043626344725,-0.006266024940654918,0.03661179918471129,45,Fear,237221.4977,366335747.013667,-0.09266365666888314,-0.10444601051606815,4.6093333333333335e-05,4.846666666666669e-06,1539.61,-0.01755086126039427,0.016401133247214546,0.016669153139743872,0.026152432755171706,0.017089498831343846
2023-10-13,1927.4000244140625,87.69000244140625,3.2360000610351562,4327.77978515625,19.31999969482422,0.03060790174466398,0.05605216933477332,-0.03282970739501989,-0.005031495660219892,0.14633104331612187,44,Fear,192205.8736,297929349.186925,-0.21042723822704748,-0.20669387933675704,3.2863333333333334e-05,-1.323e-05,1552.16,0.008118371630919484,0.013420448343528048,0.016648154664712766,0.026271857982872262,0.016669153139743872
2023-10-14,1927.4000244140625,87.69000244140625,3.2360000610351562,4327.77978515625,19.31999969482422,0.0,0.0,0.0,0.0,0.0,47,Neutral,100314.6754,155648012.907844,-0.650255056583035,-0.6492592447380696,3.608666666666667e-05,3.2233333333333335e-06,1554.94,0.0017894504469295222,0.013962737488429378,0.016482635942810485,0.02625097252528091,0.016648154664712766
2023-10-15,1927.4000244140625,87.69000244140625,3.2360000610351562,4327.77978515625,19.31999969482422,0.0,0.0,0.0,0.0,0.0,45,Fear,120311.2738,187266232.062386,0.18177033331823728,0.18493417482846272,4.799333333333333e-05,1.1906666666666659e-05,1557.77,0.0018183517126618392,0.014165982958938663,0.0163751034274023,0.027545820903665214,0.016482635942810485
2023-10-16,1921.0999755859375,86.66000366210938,3.1089999675750732,4373.6298828125,17.209999084472656,-0.003274031158004244,-0.01181543706247282,-0.04003689741030011,0.010538642302589985,-0.11565025596248249,47,Neutral,418510.8644,665124956.25364,1.2466205172891356,1.2674436219231293,5.995e-05,1.1956666666666674e-05,1599.42,0.026385752136300226,0.013656119353066957,0.017150458112437983,0.027936775763418048,0.0163751034274023
2023-10-17,1922.699951171875,86.66000366210938,3.0789999961853027,4373.2001953125,17.8799991607666,0.0008324968566677746,0.0,-0.009696252943818777,-9.824987944376507e-05,0.03819216578233453,52,Neutral,234817.0699,370032208.156754,-0.577896064871188,-0.5863848762228667,3.752e-05,-2.243e-05,1565.01,-0.02174884977866825,0.016070184874928842,0.01753979570604938,0.029300153200686744,0.017150458112437983
2023-10-18,1955.300048828125,88.31999969482422,3.055999994277954,4314.60009765625,19.219999313354492,0.016813236521731816,0.018974120503322253,-0.0074979982715461775,-0.013490408251151898,0.07226864500819706,50,Neutral,177750.2253,279357949.45458,-0.278427448862811,-0.28109611845172416,4.609000000000001e-05,8.570000000000008e-06,1563.44,-0.0010036920083754475,0.016072704207253926,0.017440046757550048,0.029295089472020742,0.01753979570604938
2023-10-19,1968.4000244140625,89.37000274658203,2.9570000171661377,4278.0,21.399999618530273,0.006677383090401854,0.01181850705256384,-0.03293162275628217,-0.008519032328057976,0.10743953638554433,52,Neutral,216217.6675,336684246.044496,0.19590628398962648,0.18665160330743596,4.3603333333333337e-05,-2.486666666666671e-06,1566.57,0.0019999942769046096,0.0141633007807588,0.017422677402743673,0.029302904424825915,0.017440046757550048
2023-10-20,1982.5,88.75,2.8989999294281006,4224.16015625,21.709999084472656,0.007137632114181281,-0.006961657770482004,-0.01980942107960855,-0.012665149196155915,0.014382037517315394,53,Neutral,315995.792,506065182.982314,0.37944327685982926,0.4075199453362767,5.617333333333334e-05,1.2570000000000003e-05,1603.89,0.023543412522501424,0.01623516305428313,0.017874598896255717,0.029323377342639314,0.017422677402743673
2023-10-21,1982.5,88.75,2.8989999294281006,4224.16015625,21.709999084472656,0.0,0.0,0.0,0.0,0.0,63,Greed,176419.4092,285546594.56213,-0.5828647300442013,-0.57226026196419,3.4693333333333335e-05,-2.1480000000000004e-05,1628.94,0.015497567989964853,0.016649361024623516,0.017530696957521113,0.0292880519273939,0.017874598896255717
2023-10-22,1982.5,88.75,2.8989999294281006,4224.16015625,21.709999084472656,0.0,0.0,0.0,0.0,0.0,53,Neutral,228650.9225,374841495.304391,0.25933231764819864,0.2720980382782663,3.602e-05,1.3266666666666619e-06,1663.7,0.021114541154504913,0.017302265842728457,0.017896829985955647,0.030643725321605798,0.017530696957521113
2023-10-23,1976.300048828125,85.48999786376953,2.9260001182556152,4217.0400390625,20.3700008392334,-0.0031322401557761035,-0.037424043305457406,0.009270517417398491,-0.0016869920654349177,-0.06370967028123974,53,Neutral,610931.9663,1044121568.099054,0.9827891202075452,1.0244279487746761,4.2460000000000003e-05,6.440000000000006e-06,1765.46,0.059367241974827685,0.025328275361999327,0.02078379844506289,0.031015765022573413,0.017896829985955647
2023-10-24,1975.0,83.73999786376953,2.9709999561309814,4247.68017578125,18.969999313354492,-0.0006580360180047346,-0.020682649969346264,0.015262238701344093,0.0072395235196288195,-0.07120452368766046,66,Greed,674055.1375,1216867823.899225,0.09832630909207564,0.1531042727510735,0.0001,5.754e-05,1784.98,0.010995931028651353,0.020082301957572175,0.020707714384851986,0.031012578757083548,0.02078379844506289
2023-10-25,1984.0999755859375,85.38999938964844,3.009999990463257,4186.77001953125,20.190000534057617,0.004597000160347399,0.01951225569098259,0.013041493877702266,-0.014443434657238052,0.0623287110258037,72,Greed,354410.8294,634289515.565779,-0.6428551386843565,-0.6515299795917321,0.0001,0.0,1787.15,0.0012149615310383514,0.019732338738088953,0.020713573988536894,0.03101400403853437,0.020707714384851986
2023-10-26,1987.199951171875,83.20999908447266,3.2139999866485596,4137.22998046875,20.68000030517578,0.0015611896722705911,-0.025861468861977484,0.06557618756873906,-0.011903081205584871,0.023979605620941095,71,Greed,431169.0453,781481904.959697,0.19604345441847792,0.20868649598912722,0.0001,0.0,1803.38,0.009040509641070294,0.01887602247686833,0.020734352538245536,0.031012927643748203,0.020713573988536894
2023-10-27,1988.5999755859375,85.54000091552734,3.1640000343322754,4117.3701171875,21.270000457763672,0.0007042731011225338,0.02761659159195094,-0.01567920240485395,-0.00481183857862075,0.028130586336432287,70,Greed,274532.6921,488398895.217537,-0.45142987891871794,-0.4700595151616012,0.0001,0.0,1779.4,-0.013386453030617656,0.022558304593611637,0.02097899428312234,0.030950791283384786,0.020734352538245536
2023-10-28,1988.5999755859375,85.54000091552734,3.1640000343322754,4117.3701171875,21.270000457763672,0.0,0.0,0.0,0.0,0.0,65,Greed,122919.7382,219588597.64105,-0.8035387433421037,-0.7993766952126593,0.0001,0.0,1776.2,-0.001799977986263272,0.02340512440241543,0.020222189800862843,0.031188851730467284,0.02097899428312234
2023-10-29,1988.5999755859375,85.54000091552734,3.1640000343322754,4117.3701171875,21.270000457763672,0.0,0.0,0.0,0.0,0.0,72,Greed,144110.6508,258015412.931554,0.1590498054153302,0.16126353820505807,0.0001,0.0,1795.14,0.010606762485537609,0.02308512478654119,0.02024556471133735,0.031185697967116916,0.020222189800862843
2023-10-30,1996.199951171875,82.30999755859375,3.3519999980926514,4166.81982421875,19.75,0.003814487522985263,-0.03849153617823873,0.05772012129450242,0.011938474300285915,-0.07414415938657903,68,Greed,277686.192,501228029.317605,0.6559102575193766,0.6640418226927766,0.0001,0.0,1809.04,0.007713304504797227,0.008884497850452882,0.020268015807693014,0.03128049144895943,0.02024556471133735
2023-10-31,1985.199951171875,81.0199966430664,3.575000047683716,4193.7998046875,18.139999389648438,-0.0055257086747362814,-0.015796580982289202,0.06440800743325462,0.006454084821688244,-0.08503408030686435,66,Greed,258074.5796,464695558.995254,-0.07324305898767157,-0.07567866654300705,0.0001,0.0,1814.67,0.0031073151714650442,0.00825047355424341,0.019206814874018843,0.03131015399966221,0.020268015807693014
2023-11-01,1978.800048828125,80.44000244140625,3.49399995803833,4237.85986328125,16.8700008392334,-0.0032290150880346837,-0.007184401086049107,-0.022917989781844953,0.010451194990191868,-0.07258246473530151,66,Greed,471921.6184,858744655.311508,0.6035642977172476,0.614089140385105,0.0001,0.0,1846.99,0.017653654013214524,0.010020919694995457,0.017559300517163322,0.031301293347921484,0.019206814874018843
2023-11-02,1985.5999755859375,82.45999908447266,3.4719998836517334,4317.77978515625,15.65999984741211,0.003430498125606122,0.024801720920969248,-0.006316436414570557,0.018682938934086474,-0.07442726548610695,72,Greed,368738.2193,674522153.765589,-0.24672594960107694,-0.2414670998855854,0.00019114,9.113999999999998e-05,1800.8,-0.02532627640689565,0.014814800565295824,0.018298483526662142,0.031332571575924936,0.017559300517163322
2023-11-03,1991.5,80.51000213623047,3.515000104904175,4358.33984375,14.90999984741211,0.0029670004669155115,-0.02393188933045226,0.012308791819685487,0.00934988354455146,-0.04907756227614069,65,Greed,315000.2678,568244477.517703,-0.15751347049867354,-0.17145277554852972,0.0001,-9.113999999999998e-05,1832.71,0.017564735146825508,0.01484362668933706,0.0184098802633857,0.031285799645556424,0.018298483526662142
2023-11-04,1991.5,80.51000213623047,3.515000104904175,4358.33984375,14.90999984741211,0.0,0.0,0.0,0.0,0.0,68,Greed,171538.0364,315560482.702516,-0.6077684603800955,-0.5882013763875482,0.0001,0.0,1855.54,0.012380013060606685,0.014853190405308424,0.017856922506437587,0.031415613564034515,0.0184098802633857
2023-11-05,1991.5,80.51000213623047,3.515000104904175,4358.33984375,14.90999984741211,0.0,0.0,0.0,0.0,0.0,70,Greed,383106.7628,721508408.943992,0.8035086757790463,0.8269936650587904,0.0001,0.0,1891.71,0.019305423108153284,0.015623071858687049,0.017824411018279696,0.03145826301871475,0.017856922506437587
2023-11-06,1981.5999755859375,80.81999969482422,3.2639999389648438,4365.97998046875,14.890000343322754,-0.004983536766927965,0.0038430290287168557,-0.0740861367049792,0.0017514577241005862,-0.0013422487895297923,74,Greed,328746.2394,622198937.156692,-0.15302756004385765,-0.14808415669399672,0.0001,0.0,1900.95,0.004872579288074975,0.01565303282369948,0.01768815381024114,0.03203779567382615,0.017824411018279696
2023-11-07,1966.800048828125,77.37000274658203,3.140000104904175,4378.3798828125,14.8100004196167,-0.0074967054908099675,-0.043625311813656455,-0.03873058507322973,0.0028360934017119537,-0.005387213140145018,68,Greed,332419.4406,625566317.427045,0.011111402491551039,0.005397471091698248,0.0001,0.0,1885.27,-0.00828271449710818,0.0166922827366908,0.017829456061409153,0.033105309266569204,0.01768815381024114
2023-11-08,1951.5,75.33000183105469,3.1059999465942383,4382.77978515625,14.449999809265137,-0.007809573743291399,-0.026720657915963647,-0.01088712579702475,0.0010044110324198868,-0.024608255254246005,66,Greed,247881.0997,468144576.741454,-0.2934483523257315,-0.2898801744802629,0.0001,0.0,1888.12,0.0015105783085971145,0.01581789911165495,0.016375048895058284,0.03310683068810909,0.017829456061409153
2023-11-09,1964.199951171875,75.73999786376953,3.0409998893737793,4347.35009765625,15.289999961853027,0.006486705243964605,0.005427908124148504,-0.021149335215120295,-0.008116690699068705,0.05650461608727744,69,Greed,1100330.3237,2200484378.92985,1.490416513474974,1.5476556144814224,0.00030377000000000003,0.00020377000000000004,2121.32,0.11645691140702073,0.04214667096110774,0.025785989047459112,0.026005514484888154,0.016375048895058284
2023-11-10,1932.5999755859375,77.16999816894531,3.0329999923706055,4415.240234375,14.170000076293945,-0.01621877893218127,0.018704362473103198,-0.0026341461260066257,0.015495759270772258,-0.07607195835929698,70,Greed,555573.6495,1167220520.828261,-0.6833645253302321,-0.6340522090546434,0.00027204333333333334,-3.172666666666668e-05,2077.72,-0.02076739778150022,0.045396282675938995,0.026332706101643406,0.02560652442464976,0.025785989047459112
2023-11-11,1932.5999755859375,77.16999816894531,3.0329999923706055,4415.240234375,14.170000076293945,0.0,0.0,0.0,0.0,0.0,70,Greed,370966.0372,763796737.409375,-0.4038906681679332,-0.42407887504073855,0.00018141333333333333,-9.063000000000002e-05,2053.17,-0.011886198392189226,0.04679525793259989,0.026152432755171706,0.02770895085892624,0.026332706101643406
2023-11-12,1932.5999755859375,77.16999816894531,3.0329999923706055,4415.240234375,14.170000076293945,0.0,0.0,0.0,0.0,0.0,73,Greed,281907.559,577153459.51571,-0.27453130224794065,-0.28019351107835516,0.00016874666666666667,-1.2666666666666658e-05,2044.68,-0.004143642225854702,0.04722776487322427,0.026271857982872262,0.02777587766748556,0.026152432755171706
2023-11-13,1945.5,78.26000213623047,3.197000026702881,4411.5498046875,14.760000228881836,0.006652779492155402,0.014025887336881721,0.05266065223920243,-0.0008361884413700847,0.04079377559244869,72,Greed,529143.5815,1093862454.321374,0.6296806034015229,0.6393620555870669,0.0002620333333333333,9.328666666666666e-05,2053.65,0.004377399732726625,0.047239031727662216,0.02625097252528091,0.02808867334386813,0.026271857982872262
2023-11-14,1961.800048828125,78.26000213623047,3.1059999465942383,4495.7001953125,14.15999984741211,0.008343430595057662,0.0,-0.02887717089807556,0.01889537047457725,-0.04149975718963313,69,Greed,481909.733,972032428.326573,-0.09350299505664257,-0.11808108138640497,0.00014150333333333334,-0.00012052999999999999,1979.39,-0.03682998133401603,0.05031696325179842,0.027545820903665214,0.027286540544738006,0.02625097252528091
2023-11-15,1960.0999755859375,76.66000366210938,3.190000057220459,4502.8798828125,14.180000305175781,-0.0008669641439555301,-0.020656536355641606,0.026685227202091384,0.0015957382078471765,0.0014114651359527655,60,Greed,421870.8032,847945999.664,-0.13305770697172042,-0.13657221225706306,0.0001,-4.150333333333333e-05,2058.48,0.03917912993641699,0.05163409586695277,0.027936775763418048,0.027813051306633068,0.027545820903665214
2023-11-16,1983.9000244140625,72.9000015258789,3.062000036239624,4508.240234375,14.319999694824219,0.01206913677911117,-0.050291447777470084,-0.0409526256634301,0.0011897193967137305,0.009824597595795924,70,Greed,545286.1297,1101174547.308609,0.256611551911345,0.2613157052830457,0.0001,0.0,1961.77,-0.04812071941568879,0.02870116001953635,0.029300153200686744,0.02611653859919824,0.027936775763418048
2023-11-17,1981.5999755859375,75.88999938964844,2.9600000381469727,4514.02001953125,13.800000190734863,-0.0011600298000505828,0.04019625542750343,-0.03387902784731113,0.0012812279371779871,-0.03698853423681555,63,Greed,401100.5069,783561858.011889,-0.30709862896845913,-0.34028264984949286,0.0001,0.0,1960.82,-0.0004843738543024243,0.02859443031125799,0.029295089472020742,0.0263326318197002,0.029300153200686744
2023-11-18,1981.5999755859375,75.88999938964844,2.9600000381469727,4514.02001953125,13.800000190734863,0.0,0.0,0.0,0.0,0.0,69,Greed,279368.2208,543924395.733028,-0.36168133706925043,-0.3650397507907003,0.0001,0.0,1962.6,0.0009073716921085151,0.02873349070643621,0.029302904424825915,0.026353704992064294,0.029295089472020742
2023-11-19,1981.5999755859375,75.88999938964844,2.9600000381469727,4514.02001953125,13.800000190734863,0.0,0.0,0.0,0.0,0.0,66,Greed,251132.6192,494600634.891146,-0.10654953653694567,-0.09505962003345454,0.0001,0.0,2011.47,0.024595673263129086,0.031074946916097232,0.029323377342639314,0.026383226125548245,0.029302904424825915
2023-11-20,1977.699951171875,77.5999984741211,2.881999969482422,4547.3798828125,13.40999984741211,-0.001970058216140758,0.02228249215254567,-0.02670479423515718,0.007363103793795633,-0.028667920069603205,69,Greed,421717.679,854002757.451172,0.5183549200982596,0.5461837839167409,0.0001,0.0,2021.4,0.004924542605039942,0.031095338892867055,0.0292880519273939,0.026425400458633414,0.029323377342639314
2023-11-21,1999.300048828125,77.7699966430664,2.8459999561309814,4538.18994140625,13.350000381469727,0.010862615061766792,0.0021883020161747205,-0.012570002734914161,-0.002022975931757968,-0.004484272494153086,71,Greed,490163.9863,974304142.397174,0.1504039179930006,0.1317890934383227,0.0001,0.0,1933.01,-0.04471196713987043,0.032659129886289925,0.030643725321605798,0.024953652006431078,0.0292880519273939
2023-11-22,1991.4000244140625,77.0999984741211,2.8970000743865967,4556.6201171875,12.850000381469727,-0.00395922248666503,-0.008652448763582765,0.017761260210937758,0.004052905094313324,-0.03817257239318107,62,Greed,466120.5109,943776525.65738,-0.050295793260748886,-0.03183410926214455,0.0001,0.0,2063.21,0.06518464889455769,0.039143551514645825,0.031015765022573413,0.023076020253433704,0.030643725321605798
2023-11-23,1991.4000244140625,77.0999984741211,2.8970000743865967,4556.6201171875,12.850000381469727,0.0,0.0,0.0,0.0,0.0,66,Greed,250960.6958,517482313.452256,-0.6191478713421693,-0.600914059173449,0.0001,0.0,2062.2,-0.0004896483114064268,0.03297121066169678,0.031012578757083548,0.023150821605643686,0.031015765022573413
2023-11-24,2002.199951171875,75.54000091552734,2.8550000190734863,4559.33984375,12.460000038146973,0.005408630384414501,-0.020440931374297266,-0.014603894675621842,0.0005966956096450322,-0.030820324606726488,66,Greed,426932.5402,894370772.518114,0.5313296788355363,0.5471450759036698,0.0001,0.0,2080.84,0.008998284241456845,0.03280047343071804,0.03101400403853437,0.023504109726735875,0.031012578757083548
2023-11-25,2002.199951171875,75.54000091552734,2.8550000190734863,4559.33984375,12.460000038146973,0.0,0.0,0.0,0.0,0.0,73,Greed,138847.393,288887833.978004,-1.1232505773481505,-1.1300819285032118,0.0001,0.0,2083.09,0.0010807099153864956,0.032793862290562324,0.031012927643748203,0.023501918220982833,0.03101400403853437
2023-11-26,2002.199951171875,75.54000091552734,2.8550000190734863,4559.33984375,12.460000038146973,0.0,0.0,0.0,0.0,0.0,73,Greed,241262.9136,499314260.833915,0.5525118287428177,0.5471971837007478,0.0001,0.0,2062.33,-0.010015956671339116,0.032573173623122474,0.030950791283384786,0.023696774618962475,0.031012927643748203
2023-11-27,2011.800048828125,74.86000061035156,2.7939999103546143,4550.43017578125,12.6899995803833,0.004783316372955456,-0.009042618774556595,-0.02159762103889736,-0.0019560693168983586,0.018290732238712026,66,Greed,326073.2298,660673302.74006,0.30123472076704344,0.2800237919292308,0.0001,0.0,2027.5,-0.017032904579779306,0.0334656975316451,0.031188851730467284,0.02589664939818312,0.030950791283384786
2023-11-28,2039.699951171875,76.41000366210938,2.7060000896453857,4554.89013671875,12.6899995803833,0.013772846290545529,0.02049391495704665,-0.032002665872835075,0.0009796385280502918,0.0,68,Greed,283775.9279,578404413.958468,-0.13893704694909711,-0.13298616854147535,0.0001,0.0,2048.14,0.010128557208434865,0.02691434631476299,0.031185697967116916,0.026127901848126227,0.031188851730467284
2023-11-29,2047.0999755859375,77.86000061035156,2.803999900817871,4550.580078125,12.979999542236328,0.0036214312587581126,0.018798724434829987,0.0355753709237132,-0.0009466966151019382,0.022595427349522586,72,Greed,254843.7319,521225853.33225,-0.1075343992486503,-0.10408985464303817,0.0001,0.0,2028.81,-0.009482649945161606,0.01020570927402132,0.03128049144895943,0.02637132318871172,0.031185697967116916
2023-11-30,2038.0999755859375,75.95999908447266,2.802000045776367,4567.7998046875,12.920000076293945,-0.004406156206906349,-0.024705476130070746,-0.0007134695488366595,0.003776931264994605,-0.004633171749536602,74,Greed,243680.0921,496360388.666385,-0.0447942741299986,-0.04888119455818608,0.0001,0.0,2051.96,0.011346019670436606,0.011476619559722354,0.03131015399966221,0.026369252729454118,0.03128049144895943
2023-12-01,2071.0,74.06999969482422,2.813999891281128,4594.6298828125,12.630000114440918,0.016013593082084946,-0.0251962859862309,0.004273455805354645,0.005856558953846637,-0.0227015588361216,71,Greed,372645.586,778670941.03376,0.42477152926140327,0.4502862916668785,0.0001,0.0,2087.24,0.017047185146421714,0.012923537364984307,0.031301293347921484,0.02628397746770113,0.03131015399966221
2023-12-02,2071.0,74.06999969482422,2.813999891281128,4594.6298828125,12.630000114440918,0.0,0.0,0.0,0.0,0.0,74,Greed,320979.9768,684434398.684245,-0.14924905274851735,-0.12899574276965334,0.0001,0.0,2164.74,0.03645764277647056,0.018798354230444788,0.031332571575924936,0.02603589492241663,0.031301293347921484
2023-12-03,2071.0,74.06999969482422,2.813999891281128,4594.6298828125,12.630000114440918,0.0,0.0,0.0,0.0,0.0,73,Greed,257879.1136,560343820.028509,-0.21888782043548802,-0.2000422421697651,0.0001,0.0,2192.95,0.012947407494196705,0.017606810685484267,0.031285799645556424,0.02596544465036852,0.031332571575924936
2023-12-04,2024.0999755859375,73.04000091552734,2.694000005722046,4569.77978515625,13.079999923706055,-0.022906437155782732,-0.014003339083783048,-0.04357983994503447,-0.005423188063826943,0.0350093947727438,74,Greed,565307.7134,1263069834.208612,0.7848792851996597,0.8127498534817943,0.0001,0.0,2243.37,0.022731530221834852,0.0139224305774215,0.031415613564034515,0.028327274267666108,0.031285799645556424
2023-12-05,2018.5,72.31999969482422,2.7100000381469727,4567.18017578125,12.850000381469727,-0.0027704839468059126,-0.009906536957191996,0.005921568855814618,-0.0005690315939348026,-0.017740499168593812,75,Greed,529829.7214,1190597719.193227,-0.06481453383132094,-0.05908966810962266,0.0001,0.0,2293.33,0.022025710207649485,0.014032185035631004,0.03145826301871475,0.028433884403398283,0.031415613564034515
2023-12-06,2030.5,69.37999725341797,2.569000005722046,4549.33984375,12.970000267028809,0.005927406833356961,-0.04150210991003878,-0.05343192861289295,-0.003913851944943747,0.009295177888952625,72,Greed,408338.9056,925926168.109342,-0.26045819396225794,-0.2514162456349323,0.0001,0.0,2232.7,-0.02679329436545996,0.01968845573997191,0.03203779567382615,0.027992973761346594,0.03145826301871475
2023-12-07,2029.9000244140625,69.33999633789062,2.5850000381469727,4585.58984375,13.0600004196167,-0.00029552536040616107,-0.0005767145110153752,0.006208802362351621,0.007936610684821922,0.006915137061659103,72,Greed,485190.0609,1115389522.523053,0.17244321173267346,0.18616447103681416,0.0001,0.0,2355.73,0.05363904278121185,0.024703354127368436,0.033105309266569204,0.026213184390798203,0.03203779567382615
2023-12-08,1998.300048828125,71.2300033569336,2.5810000896453857,4604.3701171875,12.350000381469727,-0.01568969924387106,0.02689223767527876,-0.0015485672481542563,0.0040871341465037936,-0.05589806201597754,72,Greed,378569.8126,893841920.83732,-0.24814019100555676,-0.2214300332318948,0.00015169666666666666,5.1696666666666656e-05,2358.72,0.0012684408153208265,0.025688363106815933,0.03310683068810909,0.026237654190825067,0.033105309266569204
2023-12-09,1998.300048828125,71.2300033569336,2.5810000896453857,4604.3701171875,12.350000381469727,0.0,0.0,0.0,0.0,0.0,73,Greed,287771.0664,679437458.931254,-0.2742352456166157,-0.2742637476899812,0.00029101999999999996,0.0001393233333333333,2340.49,-0.0077587898612528645,0.025676978871432686,0.026005514484888154,0.027741731551789103,0.03310683068810909
2023-12-10,1998.300048828125,71.2300033569336,2.5810000896453857,4604.3701171875,12.350000381469727,0.0,0.0,0.0,0.0,0.0,74,Greed,200037.2102,469860963.947153,-0.363661855452759,-0.3688283599677122,0.00018481333333333333,-0.00010620666666666663,2352.39,0.00507152345936957,0.025757594064330275,0.02560652442464976,0.027747704604884408,0.026005514484888154
2023-12-11,1978.0,71.31999969482422,2.430999994277954,4622.43994140625,12.630000114440918,-0.01021061033941788,0.0012626635976269154,-0.05987426248908394,0.003916813547781492,0.022418851461215666,74,Greed,640414.9166,1426910964.96622,1.1636128732382012,1.1108303928228949,0.00014704,-3.7773333333333326e-05,2225.12,-0.05562098586873983,0.034765523900466055,0.02770895085892624,0.03106995112950113,0.02560652442464976
2023-12-12,1977.800048828125,68.61000061035156,2.311000108718872,4643.7001953125,12.069999694824219,-0.00010109265866683018,-0.03873848311721898,-0.050622314643879535,0.0045888127956924,-0.04535193559782461,67,Greed,361588.9087,799015127.414974,-0.5716083182762172,-0.5798873438522497,0.0001,-4.704e-05,2203.46,-0.009781994551532417,0.033275714991906076,0.02777587766748556,0.03097416778016784,0.02770895085892624
2023-12-13,1982.300048828125,69.47000122070312,2.3350000381469727,4707.08984375,12.1899995803833,0.0022726708042306704,0.012456716677692235,0.010331529121569918,0.01355834517501981,0.009892899244538936,65,Greed,418916.6154,922420273.947253,0.14716393632073496,0.14362106975256955,0.00012817333333333333,2.8173333333333323e-05,2260.16,0.02540675504178913,0.03361104268708445,0.02808867334386813,0.03170201923555737,0.02777587766748556
2023-12-14,2030.199951171875,71.58000183105469,2.3919999599456787,4719.5498046875,12.479999542236328,0.0238764749712153,0.029920708641966384,0.024117911885373888,0.002643565185154432,0.02351141719134706,72,Greed,409508.0931,934716057.650864,-0.022715225057620216,0.01324185323674071,0.0001,-2.8173333333333323e-05,2315.32,0.024112299688721868,0.027267338466646775,0.027286540544738006,0.031653777708249294,0.02808867334386813
2023-12-15,2021.0999755859375,71.43000030517578,2.490999937057495,4719.18994140625,12.279999732971191,-0.0044923807443041424,-0.0020977774791577537,0.04055439166880894,-7.625240044859478e-05,-0.016155425287520307,70,Greed,333552.6328,754022987.247722,-0.20515599407404692,-0.21481994690206582,0.00010139666666666667,1.3966666666666663e-06,2220.5,-0.04181551117712235,0.03090255532532909,0.027813051306633068,0.03164847512062835,0.027286540544738006
2023-12-16,2021.0999755859375,71.43000030517578,2.490999937057495,4719.18994140625,12.279999732971191,0.0,0.0,0.0,0.0,0.0,67,Greed,199285.923,446980227.082835,-0.5150600798823154,-0.5229084956880099,0.0001,-1.3966666666666663e-06,2228.96,0.003802713225757799,0.03126352632591764,0.02611653859919824,0.0317245881823653,0.027813051306633068
2023-12-17,2021.0999755859375,71.43000030517578,2.490999937057495,4719.18994140625,12.279999732971191,0.0,0.0,0.0,0.0,0.0,73,Greed,225925.7675,501306718.242808,0.12546589041588704,0.11470376689983561,0.00010467333333333334,4.673333333333335e-06,2196.52,-0.01466081918858795,0.030883590059103495,0.0263326318197002,0.031858232306035,0.02611653859919824
2023-12-18,2026.300048828125,72.47000122070312,2.503000020980835,4740.56005859375,12.5600004196167,0.0025695884133355284,0.014454746526187893,0.004805809819835922,0.004518122263400515,0.0225452934750457,65,Greed,364103.1181,789100505.031711,0.47723063607348226,0.45367556971555145,0.00011694333333333333,1.226999999999999e-05,2219.43,0.01037611637258206,0.02383015623714185,0.026353704992064294,0.032242310816740706,0.0263326318197002
2023-12-19,2038.4000244140625,73.44000244140625,2.492000102996826,4768.3701171875,12.529999732971191,0.005953704386447858,0.013296079590339167,-0.0044043785757169,0.005849267450818904,-0.002391446852206076,73,Greed,383551.4049,847060839.708398,0.05203653428399004,0.07087882617979008,0.0001,-1.6943333333333324e-05,2177.91,-0.018884704816843227,0.02466342285097842,0.026383226125548245,0.03237521730784854,0.026353704992064294
2023-12-20,2034.5,74.22000122070312,2.447000026702881,4698.35009765625,13.670000076293945,-0.0019151099131709602,0.010564892523759216,-0.018222846883163696,-0.014793147965305628,0.0870779087201619,74,Greed,416841.6272,922794580.703402,0.08323270548789469,0.08563413189956035,0.00014384666666666666,4.3846666666666655e-05,2202.17,0.011077536520739216,0.022545632055015183,0.026425400458633414,0.032359954673355715,0.026383226125548245
2023-12-21,2039.0999755859375,73.88999938964844,2.572000026702881,4746.75,13.649999618530273,0.0022584336059977327,-0.0044561795392595365,0.0498210213844876,0.010248769307271876,-0.00146416263251253,70,Greed,453069.7252,1010354340.135799,0.0833396736298668,0.0906497265099291,0.00031595666666666664,0.00017210999999999998,2239.61,0.016858505702015424,0.021178814355368693,0.024953652006431078,0.03234147173890947,0.026425400458633414
2023-12-22,2057.10009765625,73.55999755859375,2.609999895095825,4754.6298828125,13.029999732971191,0.008788749383462259,-0.004476125993481734,0.014666364383911437,0.0016586821527610754,-0.04648512304109983,74,Greed,591357.488,1358322906.958078,0.26637468876619147,0.29594968099247415,0.0004621133333333333,0.00014615666666666668,2324.54,0.03722042643648378,0.019089474531249286,0.023076020253433704,0.03173549544250755,0.024953652006431078
2023-12-23,2057.10009765625,73.55999755859375,2.609999895095825,4754.6298828125,13.029999732971191,0.0,0.0,0.0,0.0,0.0,70,Greed,255626.9352,586078143.242079,-0.8387016239357867,-0.8405529301891951,0.00016357,-0.00029854333333333334,2308.2,-0.0070541699979998745,0.019777716505229526,0.023150821605643686,0.03365508108617934,0.023076020253433704
2023-12-24,2057.10009765625,73.55999755859375,2.609999895095825,4754.6298828125,13.029999732971191,0.0,0.0,0.0,0.0,0.0,71,Greed,307951.076,705420988.78504,0.18622182896770326,0.18534164087452554,0.00018314666666666667,1.9576666666666658e-05,2264.05,-0.019312755101442716,0.02060877633896524,0.023504109726735875,0.0339671342496304,0.023150821605643686
2023-12-25,2057.10009765625,73.55999755859375,2.609999895095825,4754.6298828125,13.029999732971191,0.0,0.0,0.0,0.0,0.0,73,Greed,286277.1616,652158658.258351,-0.07298048814817401,-0.07850689859253761,0.0002639533333333333,8.080666666666664e-05,2271.35,0.0032191234748903032,0.020435392489735207,0.023501918220982833,0.03396482701678628,0.023504109726735875
2023-12-26,2058.199951171875,75.56999969482422,2.549999952316284,4774.75,12.989999771118164,0.0005345192470838028,0.026958008447507856,-0.02325684067059258,0.004222761046978559,-0.003074557580709151,71,Greed,410413.1591,916097827.49845,0.36020391937385143,0.33983528433955906,0.0003881333333333333,0.00012418,2230.88,-0.01797824191304084,0.02027358897783784,0.023696774618962475,0.03383184708429565,0.023501918220982833
2023-12-27,2081.89990234375,74.11000061035156,2.61899995803833,4781.580078125,12.430000305175781,0.011449100696166307,-0.019508890795290112,0.026699209032716793,0.0014294356164229985,-0.044066882988488563,73,Greed,541537.3574,1250873719.550661,0.2772476953700886,0.3114744042165132,0.00040519,1.705666666666669e-05,2378.35,0.06401084348004162,0.030760036059132134,0.02589664939818312,0.031893760093661114,0.023696774618962475
2023-12-28,2073.89990234375,71.7699966430664,2.556999921798706,4783.35009765625,12.470000267028809,-0.0038500458433421737,-0.03208396953053284,-0.023957883777725918,0.0003701061103271183,0.0032128510314717836,73,Greed,580459.982,1385456486.286191,0.06940880884207654,0.10218739553684665,0.00044753333333333333,4.2343333333333345e-05,2344.15,-0.014484107103263628,0.03201961560678494,0.026127901848126227,0.03180145344382567,0.02589664939818312
2023-12-29,2062.39990234375,71.6500015258789,2.5139999389648438,4769.830078125,12.449999809265137,-0.0055605396969713086,-0.0016733390980195589,-0.01695957983587868,-0.0028304770367338357,-0.0016051735149952427,65,Greed,450201.2069,1049566350.122209,-0.25412625236093567,-0.27765259934400405,0.0004704333333333333,2.289999999999996e-05,2299.2,-0.019361626498728475,0.030058860679497677,0.02637132318871172,0.03162413884105601,0.026127901848126227
2023-12-30,2062.39990234375,71.6500015258789,2.5139999389648438,4769.830078125,12.449999809265137,0.0,0.0,0.0,0.0,0.0,68,Greed,210539.1327,483369913.478846,-0.7600230698701127,-0.775350131017644,0.00028403666666666663,-0.00018639666666666666,2291.68,-0.0032760632932055125,0.029977699021696138,0.026369252729454118,0.03200399410357444,0.02637132318871172
2023-12-31,2062.39990234375,71.6500015258789,2.5139999389648438,4769.830078125,12.449999809265137,0.0,0.0,0.0,0.0,0.0,67,Greed,222175.8779,510046689.187396,0.05379777159894701,0.05372004201205465,0.00027053,-1.350666666666663e-05,2281.87,-0.00428989080455275,0.02897120648356841,0.02628397746770113,0.032047822706994314,0.026369252729454118
2024-01-01,2062.39990234375,71.6500015258789,2.5139999389648438,4769.830078125,12.449999809265137,0.0,0.0,0.0,0.0,0.0,65,Greed,216702.6914,500451219.612806,-0.024942982605821295,-0.018992138260086965,0.00033988333333333335,6.935333333333335e-05,2352.04,0.030287754449622444,0.031031336723742562,0.02603589492241663,0.031911156996124415,0.02628397746770113
2024-01-02,2064.39990234375,70.37999725341797,2.568000078201294,4742.830078125,13.199999809265137,0.0009692741355228508,-0.017884082702064517,0.021252330389981228,-0.005676660799723162,0.05849620755206713,71,Greed,458041.6642,1090922198.049091,0.7484338214450917,0.779268540083581,0.0005618200000000001,0.00022193666666666675,2355.34,0.0014020540260539925,0.029465963241043103,0.02596544465036852,0.03196321663022235,0.02603589492241663
2024-01-03,2034.199951171875,72.69999694824219,2.6679999828338623,4704.81005859375,14.039999961853027,-0.014736982781769346,0.032432249693658995,0.03820170533936121,-0.008048618327197648,0.06169358073792997,70,Greed,798729.4869,1797597895.179904,0.5560621740139488,0.49942787918680626,0.00020974,-0.00035208000000000006,2209.72,-0.06381928005018102,0.02838249882561302,0.028327274267666108,0.029659397213150224,0.02596544465036852
2024-01-04,2042.300048828125,72.19000244140625,2.821000099182129,4688.68017578125,14.130000114440918,0.0039740504436172235,-0.0070397765918172265,0.05576234555906608,-0.003434271663317429,0.006389808914936812,68,Greed,448844.055,1009072619.206773,-0.57634681270398,-0.5774195607373405,0.0001,-0.00010974,2267.11,0.025640081953999767,0.03134248652264434,0.028433884403398283,0.02932695079542076,0.028327274267666108
2024-01-05,2042.4000244140625,73.80999755859375,2.8929998874664307,4697.240234375,13.350000381469727,4.895124937695209e-05,0.022192624734812802,0.025202519917066235,0.0018240216394339805,-0.05678379137481154,72,Greed,405568.0006,910367621.181662,-0.10138695597518313,-0.10293849197366062,0.0001,0.0,2268.78,0.0007363494597344715,0.030697350234301157,0.027992973761346594,0.029333233931622234,0.028433884403398283
2024-01-06,2042.4000244140625,73.80999755859375,2.8929998874664307,4697.240234375,13.350000381469727,0.0,0.0,0.0,0.0,0.0,70,Greed,194067.8656,434867515.959157,-0.7370806346104056,-0.7388070735665999,0.0001,0.0,2240.78,-0.012418222543956053,0.03095888090652737,0.026213184390798203,0.029246136054387722,0.027992973761346594
2024-01-07,2042.4000244140625,73.80999755859375,2.8929998874664307,4697.240234375,13.350000381469727,0.0,0.0,0.0,0.0,0.0,71,Greed,207138.6927,463525159.257429,0.06518066138026513,0.06381924087567221,0.0001,0.0,2221.42,-0.00867738849855344,0.031028753023131933,0.026237654190825067,0.02966885828582756,0.026213184390798203
2024-01-08,2026.5999755859375,70.7699966430664,2.9800000190734863,4763.5400390625,13.079999923706055,-0.007766098913480239,-0.0420590560517803,0.0296293198223867,0.014015945436353141,-0.020432073224587316,71,Greed,539407.5547,1221527410.440822,0.9570828344043584,0.9689966658675222,0.0001,0.0,2330.44,0.04791045990948524,0.03475050129330137,0.027741731551789103,0.028648634354804657,0.026237654190825067
2024-01-09,2026.4000244140625,72.23999786376953,3.190000057220459,4756.5,12.760000228881836,-9.866823194536253e-05,0.020558744884156332,0.06809762781638924,-0.0014789938523175842,-0.024769044342090624,76,Extreme Greed,551454.9931,1267764132.836077,0.02208881084918887,0.037152772150388313,0.0001,0.0,2344.29,0.0059254932475093485,0.0348514236902996,0.027747704604884408,0.028642433586544887,0.027741731551789103
2024-01-10,2021.699951171875,71.37000274658203,3.0390000343322754,4783.4501953125,12.6899995803833,-0.0023221142671955622,-0.01211622807075257,-0.0484924095023172,0.005649980650495912,-0.005501047194517584,73,Greed,1038388.666,2536320982.388543,0.6328652038173634,0.6934597753095418,0.0001,0.0,2584.38,0.09750304973321598,0.039201575142473064,0.03106995112950113,0.022753855882991524,0.027747704604884408
2024-01-11,2014.300048828125,72.0199966430664,3.0969998836517334,4780.240234375,12.4399995803833,-0.0036669527431482853,0.009066160142917532,0.018905338191126064,-0.0006712808369611647,-0.019897195079787117,76,Extreme Greed,838712.2577,2194916359.191646,-0.2135577420190267,-0.14457065825886967,0.0001,0.0,2618.01,0.012928853258319134,0.03931931013832654,0.03097416778016784,0.022633783473874132,0.03106995112950113
2024-01-12,2046.699951171875,72.68000030517578,3.312999963760376,4783.830078125,12.699999809265137,0.015956951403282443,0.009122436117268835,0.06742024895613598,0.0007506937530339595,0.02068492486626542,71,Greed,887457.7627,2318179618.086912,0.056493239890922246,0.05463828965576657,0.0001,0.0,2522.54,-0.03714815678577363,0.04473653614158556,0.03170201923555737,0.02161855895688092,0.03097416778016784
2024-01-13,2046.699951171875,72.68000030517578,3.312999963760376,4783.830078125,12.699999809265137,0.0,0.0,0.0,0.0,0.0,64,Greed,422061.232,1075466481.72042,-0.743210525856964,-0.7680277263644824,0.0001,0.0,2578.19,0.02182127193995902,0.043060850139340454,0.031653777708249294,0.023885491446583435,0.03170201923555737
2024-01-14,2046.699951171875,72.68000030517578,3.312999963760376,4783.830078125,12.699999809265137,0.0,0.0,0.0,0.0,0.0,60,Greed,306207.7463,774962904.807117,-0.32088662196144013,-0.3276946194798843,0.0001,0.0,2472.87,-0.04170818291825345,0.04823130679909198,0.03164847512062835,0.0225544090160699,0.031653777708249294
2024-01-15,2046.699951171875,72.68000030517578,3.312999963760376,4783.830078125,12.699999809265137,0.0,0.0,0.0,0.0,0.0,52,Neutral,315247.8819,793871974.871601,0.02909547495313025,0.024107044087803984,0.0001,0.0,2511.78,0.015612245726752063,0.04609123120874428,0.0317245881823653,0.024069792871077772,0.03164847512062835
2024-01-16,2026.0,72.4000015258789,2.9000000953674316,4765.97998046875,13.84000015258789,-0.010165310319773104,-0.0038599272595207343,-0.133143342501397,-0.0037383190523568345,0.08596098276860784,64,Greed,381077.6247,972060398.7746,0.1896438377168827,0.20249573365632234,0.0001,0.0,2587.4,0.02966184534886525,0.04655184024555299,0.031858232306035,0.023701625170755396,0.0317245881823653
2024-01-17,2002.5999755859375,72.55999755859375,2.869999885559082,4739.2099609375,14.789999961853027,-0.011617081726109013,0.002207451692811289,-0.010398779981104425,-0.005632731271107821,0.06638831292880744,60,Greed,366281.3477,933809190.348208,-0.03960134608639454,-0.04014581681779192,0.0001,0.0,2530.19,-0.02235911176778112,0.029783176907303463,0.032242310816740706,0.023305834747701083,0.031858232306035
2024-01-18,2018.5999755859375,74.08000183105469,2.697000026702881,4780.93994140625,14.130000114440918,0.007957865627687473,0.020731842895027334,-0.06217193583809484,0.008766720726243148,-0.04565106934788655,63,Greed,452090.1074,1129803152.914788,0.21047976496065995,0.19052657120215533,0.0001,0.0,2470.81,-0.023748366630328005,0.029734419038498203,0.03237521730784854,0.022808249844275662,0.032242310816740706
2024-01-19,2026.5,73.41000366210938,2.5190000534057617,4839.81005859375,13.300000190734863,0.0039059773581561485,-0.009085399046793905,-0.06827803548690115,0.012238308232548512,-0.06053615522690582,51,Neutral,424209.0029,1047352971.89337,-0.06365524746987317,-0.07577741458748402,0.0001,0.0,2492.0,0.008539568821651248,0.027248703367321037,0.032359954673355715,0.023431687937589943,0.03237521730784854
2024-01-20,2026.5,73.41000366210938,2.5190000534057617,4839.81005859375,13.300000190734863,0.0,0.0,0.0,0.0,0.0,52,Neutral,136620.9577,337794603.1476,-1.133015905915373,-1.1315832532101824,0.0001,0.0,2472.01,-0.008054016030501146,0.025206392566610534,0.03234147173890947,0.023499961643925916,0.032359954673355715
2024-01-21,2026.5,73.41000366210938,2.5190000534057617,4839.81005859375,13.300000190734863,0.0,0.0,0.0,0.0,0.0,56,Greed,122572.1687,303022758.728082,-0.10851037047434578,-0.1086301137711479,0.0001,0.0,2457.05,-0.006070141542372212,0.019816810060063618,0.03173549544250755,0.023603268892349476,0.03234147173890947
2024-01-22,2019.800048828125,75.19000244140625,2.4189999103546143,4850.43017578125,13.1899995803833,-0.003311646301174295,0.02395805985137076,-0.04050782400262055,0.0021919211872316853,-0.008305114652697272,55,Greed,526337.6492,1252505758.322904,1.4572429366678448,1.4190935164093903,0.0001,0.0,2314.2,-0.059897387892233325,0.028128274016786314,0.03365508108617934,0.020465580344369728,0.03173549544250755
2024-01-23,2023.699951171875,74.37000274658203,2.450000047683716,4864.60009765625,12.550000190734863,0.0019289741822805175,-0.010965604213236486,0.012733849450348387,0.002917115340764486,-0.0497382541401881,50,Neutral,700105.3314,1568448812.43809,0.2852878717247342,0.22494096196407193,0.0001,0.0,2242.6,-0.031428148415456714,0.02195439754164721,0.0339671342496304,0.01910385711909363,0.03365508108617934
2024-01-24,2013.9000244140625,75.08999633789062,2.6410000324249268,4868.5498046875,13.140000343322754,-0.004854342213876016,0.009634673695664826,0.07506960157313708,0.0008115989762168653,0.04594035840873762,48,Neutral,359851.1496,802477123.108515,-0.6655403245388314,-0.67013904480797,0.0001,0.0,2235.02,-0.0033857304732878464,0.02283043754077694,0.03396482701678628,0.019559080887980935,0.0339671342496304
2024-01-25,2016.9000244140625,77.36000061035156,2.571000099182129,4894.16015625,13.449999809265137,0.0014885385122534204,0.029782513692605563,-0.026862678731504594,0.00524657813497798,0.023318052682289685,52,Neutral,330426.6061,731016014.382289,-0.08530590727140468,-0.09326798055842589,0.0001,0.0,2218.64,-0.007355781023558437,0.02294951253010631,0.03383184708429565,0.019491162500739363,0.03396482701678628
2024-01-26,2016.800048828125,78.01000213623047,2.7119998931884766,4890.97021484375,13.260000228881836,-4.9570163444326434e-05,0.0083671919494853,0.05339136383235922,-0.0006519977554263648,-0.014227089848027405,49,Neutral,363566.4255,815753832.163171,0.09557745358914575,0.10967726617051922,0.0001,0.0,2267.68,0.02186288688866119,0.025656633581026482,0.031893760093661114,0.020108404815688218,0.03383184708429565
2024-01-27,2016.800048828125,78.01000213623047,2.7119998931884766,4890.97021484375,13.260000228881836,0.0,0.0,0.0,0.0,0.0,55,Greed,145109.3836,329102144.459815,-0.91847419124892,-0.9077444611176277,8.959e-05,-1.0410000000000004e-05,2267.94,0.00011464805265211808,0.026125797765528504,0.03180145344382567,0.020082314870123272,0.031893760093661114
2024-01-28,2016.800048828125,78.01000213623047,2.7119998931884766,4890.97021484375,13.260000228881836,0.0,0.0,0.0,0.0,0.0,54,Neutral,209326.9087,476534769.158892,0.3664093587235713,0.3701725161744205,6.986e-05,-1.9730000000000003e-05,2256.9,-0.004879740236961713,0.026176996341354133,0.03162413884105601,0.01991730950421855,0.03180145344382567
2024-01-29,2025.199951171875,76.77999877929688,2.490000009536743,4927.93017578125,13.600000381469727,0.004156315901078261,-0.01589287731034141,-0.08540361638673473,0.007528365505246204,0.0253178187724606,55,Greed,305528.0776,696374288.619473,0.37814449502055414,0.3793465985555662,0.0001,3.0140000000000006e-05,2317.6,0.026539977220855035,0.019404348797454805,0.03200399410357444,0.020520494352491866,0.03162413884105601
2024-01-30,2031.5,77.81999969482422,2.0769999027252197,4924.97021484375,13.3100004196167,0.003105999442300761,0.013454289960908507,-0.1813582162469301,-0.0006008303969786162,-0.021554156857807073,61,Greed,372879.5791,871148737.166658,0.19921384185637078,0.2239254414590439,8.731666666666667e-05,-1.2683333333333334e-05,2343.01,0.010904260075984275,0.013641758349112205,0.032047822706994314,0.021038007397146324,0.03200399410357444
2024-01-31,2048.39990234375,75.8499984741211,2.0999999046325684,4845.64990234375,14.350000381469727,0.008284516486208303,-0.02564077795736542,0.011012801256610156,-0.016236851740733683,0.07523430485544245,60,Greed,397116.1859,920131584.290104,0.06297337428595656,0.05470395796662592,0.0001,1.2683333333333334e-05,2283.14,-0.025884739060646825,0.018186026150549827,0.031911156996124415,0.019971028760195544,0.032047822706994314
2024-02-01,2053.0,73.81999969482422,2.049999952316284,4906.18994140625,13.880000114440918,0.0022431851049437793,-0.027127992209682653,-0.024097529426346284,0.012416286114049784,-0.0333010054652046,63,Greed,310997.4538,708868445.046755,-0.2444441725609719,-0.2608467269070535,7.799333333333333e-05,-2.2006666666666674e-05,2304.28,0.009216574739179674,0.01767828482668235,0.03196321663022235,0.020201196014021035,0.031911156996124415
2024-02-02,2036.0999755859375,72.27999877929688,2.0789999961853027,4958.60986328125,13.850000381469727,-0.008265936631712222,-0.02108224463230448,0.01404723715103721,0.01062777072263312,-0.0021637031473936137,63,Greed,238230.511,549302201.697642,-0.26654598644858896,-0.255021210782525,7.892666666666668e-05,9.33333333333347e-07,2309.06,0.0020722520822371486,0.01612266894655719,0.029659397213150224,0.020118648742751502,0.03196321663022235
2024-02-03,2036.0999755859375,72.27999877929688,2.0789999961853027,4958.60986328125,13.850000381469727,0.0,0.0,0.0,0.0,0.0,60,Greed,133232.845,307866239.186442,-0.5811404267653524,-0.5789833482411271,7.541999999999999e-05,-3.506666666666685e-06,2296.49,-0.005458644987954984,0.016400122973815937,0.02932695079542076,0.02030566676989462,0.029659397213150224
2024-02-04,2036.0999755859375,72.27999877929688,2.0789999961853027,4958.60986328125,13.850000381469727,0.0,0.0,0.0,0.0,0.0,60,Greed,171232.0444,393039532.452068,0.25092130963267384,0.24424479800399973,7.424666666666666e-05,-1.1733333333333311e-06,2289.79,-0.0029217600174053704,0.01628374957630262,0.029333233931622234,0.02109452644766477,0.02932695079542076
2024-02-05,2025.699951171875,72.77999877929688,2.0820000171661377,4942.81005859375,13.670000076293945,-0.005120905671782916,0.006893726576010502,0.001441971396795338,-0.0031914247092839714,-0.013081603859306986,60,Greed,236610.412,545576620.002565,0.32339533591229735,0.3279330554182598,0.0001,2.5753333333333343e-05,2301.83,0.005244348441227879,0.012498927299759028,0.029246136054387722,0.023449125047563156,0.029333233931622234
2024-02-06,2034.5,73.30999755859375,2.009000062942505,4954.22998046875,13.0600004196167,0.004334792726306237,0.007255816521489378,-0.035691861274736926,0.0023077459317481074,-0.045649500338780576,64,Greed,368942.7498,864113645.787681,0.4442265250716025,0.45986104092101115,8.563666666666667e-05,-1.4363333333333332e-05,2372.64,0.030298800498996734,0.01693395224857053,0.02966885828582756,0.023319663878813894,0.029246136054387722
2024-02-07,2035.199951171875,73.86000061035156,1.9670000076293945,4995.06005859375,12.829999923706055,0.0003439817122514089,0.007474425755050153,-0.021127573877445384,0.008207682594008628,-0.017767983297182415,62,Greed,342791.7013,820475884.303521,-0.07351850455592494,-0.05181977599675483,5.617e-05,-2.9466666666666674e-05,2425.1,0.021869501408000494,0.013112106518481017,0.028648634354804657,0.023404576336690474,0.02966885828582756
2024-02-08,2032.199951171875,76.22000122070312,1.9170000553131104,4997.91015625,12.789999961853027,-0.0014751441294395143,0.031452493773191474,-0.025748050368114776,0.000570420540090595,-0.003122560072828745,66,Greed,338040.0539,821961943.652096,-0.013958586729308237,0.0018095780903223196,9.108333333333333e-05,3.491333333333333e-05,2419.55,-0.0022911881881718175,0.013731238985219685,0.028642433586544887,0.023239064858688374,0.028648634354804657
2024-02-09,2023.300048828125,76.83999633789062,1.847000002861023,5026.60986328125,12.930000305175781,-0.004389060106493958,0.008101378780224825,-0.03719879015138931,0.0057259171287955156,0.010886603777725476,72,Greed,492384.385,1222635531.628793,0.37609529065986114,0.39706998279785893,9.250666666666667e-05,1.4233333333333372e-06,2486.56,0.027318656720714377,0.015438797899620235,0.022753855882991524,0.023499576883213833,0.028642433586544887
2024-02-10,2023.300048828125,76.83999633789062,1.847000002861023,5026.60986328125,12.930000305175781,0.0,0.0,0.0,0.0,0.0,74,Greed,185099.59,461966177.394756,-0.978365677226626,-0.9732724002225018,9.149333333333333e-05,-1.0133333333333327e-06,2500.24,0.005486498081285188,0.014034075615775273,0.022633783473874132,0.024141209614717746,0.022753855882991524
2024-02-11,2023.300048828125,76.83999633789062,1.847000002861023,5026.60986328125,12.930000305175781,0.0,0.0,0.0,0.0,0.0,71,Greed,219975.1471,553430378.325069,0.17262056768566464,0.1806442805203866,8.264e-05,-8.853333333333339e-06,2507.21,0.0027838538582977777,0.013151181374614383,0.02161855895688092,0.024977825691948057,0.022633783473874132
2024-02-12,2018.199951171875,76.91999816894531,1.7680000066757202,5021.83984375,13.930000305175781,-0.002523865081532603,0.0010406066744543267,-0.043713734774802185,-0.0009494041426524416,0.07449459331360889,70,Greed,449501.776,1152087242.126358,0.7146252327168447,0.733194609580903,8.349000000000002e-05,8.500000000000207e-07,2659.99,0.05915178226329729,0.02120091656754178,0.023885491446583435,0.023613182571171773,0.02161855895688092
2024-02-13,1992.9000244140625,77.87000274658203,1.6890000104904175,4953.169921875,15.850000381469727,-0.012615124246704407,0.012274907944354303,-0.045712323954625725,-0.013768609419845444,0.1291247146912568,79,Extreme Greed,502447.745,1328138932.929169,0.11135183951554009,0.14220337333298327,0.0001,1.650999999999999e-05,2639.99,-0.00754723411578204,0.023075869890516507,0.0225544090160699,0.024715274812319495,0.023885491446583435
2024-02-14,1990.300048828125,76.63999938964844,1.6089999675750732,5000.6201171875,14.380000114440918,-0.0013054709316034623,-0.01592167916154222,-0.0485237961786628,0.009534168304216807,-0.09733116413954013,74,Greed,461670.6944,1258639954.547665,-0.08463979022873717,-0.05374692691392778,0.00011027333333333334,1.0273333333333335e-05,2774.81,0.04980714711359402,0.026563373760648178,0.024069792871077772,0.025288195366975897,0.0225544090160699
2024-02-15,2002.0999755859375,78.02999877929688,1.5809999704360962,5029.72998046875,14.010000228881836,0.005911211825204104,0.017974226785918826,-0.017555308330184576,0.00580437267404004,-0.02606698356529103,72,Greed,481689.1874,1353587492.514775,0.04244721238575075,0.07272673282592645,0.00012516,1.488666666666666e-05,2822.59,0.017072626772787942,0.024903325634749958,0.023701625170755396,0.028307131478801973,0.024069792871077772
2024-02-16,2011.5,79.19000244140625,1.6089999675750732,5005.56982421875,14.239999771118164,0.004684094906416618,0.014756706567403265,0.017555308330184618,-0.0048150435759610425,0.016283513224718212,72,Greed,378070.8037,1062271564.48786,-0.2422175771784895,-0.24234886909174577,0.00010907333333333334,-1.6086666666666663e-05,2801.8,-0.00739283537876803,0.027034869084750175,0.023305834747701083,0.02856746591836261,0.023701625170755396
2024-02-17,2011.5,79.19000244140625,1.6089999675750732,5005.56982421875,14.239999771118164,0.0,0.0,0.0,0.0,0.0,76,Extreme Greed,243302.8759,673711593.251713,-0.44077441934869255,-0.45536276340584414,0.00011173,2.6566666666666644e-06,2785.93,-0.005680318366057286,0.028137997667147804,0.022808249844275662,0.029547292881062177,0.023305834747701083
2024-02-18,2011.5,79.19000244140625,1.6089999675750732,5005.56982421875,14.239999771118164,0.0,0.0,0.0,0.0,0.0,72,Greed,367987.8833,1037802342.593287,0.4137429417056759,0.43205850805138407,0.00010379999999999999,-7.930000000000014e-06,2881.2,0.0336251246192515,0.02823740197367458,0.023431687937589943,0.03595621457538805,0.022808249844275662
2024-02-19,2011.5,79.19000244140625,1.6089999675750732,5005.56982421875,14.239999771118164,0.0,0.0,0.0,0.0,0.0,75,Greed,446451.0401,1302430726.129661,0.19327972986103853,0.2271269627003851,0.0001,-3.799999999999984e-06,2944.8,0.021834029049603604,0.022529190765349268,0.023499961643925916,0.04058563537470547,0.023431687937589943
2024-02-20,2027.5,78.18000030517578,1.5759999752044678,4975.509765625,15.420000076293945,0.007922794599725029,-0.012836194783739074,-0.020722872155541413,-0.0060234264658172495,0.0796104831722431,72,Greed,634681.7471,1868745481.647549,0.3517939459151978,0.3610350323885952,0.00020643666666666667,0.00010643666666666666,3014.81,0.02349590686861879,0.020414970040151983,0.023603268892349476,0.04050949804763521,0.023499961643925916
2024-02-21,2022.300048828125,77.91000366210938,1.7730000019073486,4981.7998046875,15.34000015258789,-0.002568005317217988,-0.0034595029211889807,0.117783052465364,0.0012634014951035982,-0.005201567196740616,78,Extreme Greed,595955.0033,1746960179.79394,-0.06295852119142924,-0.06739010289232336,0.00014040333333333334,-6.603333333333333e-05,2967.9,-0.01568217793614364,0.01887346821692346,0.020465580344369728,0.04140239677149208,0.023603268892349476
2024-02-22,2019.699951171875,78.61000061035156,1.7319999933242798,5087.02978515625,14.539999961853027,-0.0012865403339371805,0.008944564222842582,-0.023396221881944092,0.02090288866640342,-0.05356033640438439,74,Greed,563525.9936,1676206889.451405,-0.055951705142903076,-0.04134380057920192,0.0001,-4.040333333333333e-05,2971.4,0.0011785902059659025,0.018781936166207686,0.01910385711909363,0.04141389291351854,0.020465580344369728
2024-02-23,2038.5999755859375,76.48999786376953,1.6030000448226929,5088.7998046875,13.75,0.009314324420003009,-0.02733894016442214,-0.07739990469673122,0.000347887026502183,-0.055864645369204845,76,Extreme Greed,428826.5787,1261137725.511952,-0.27316086950929974,-0.28451916653625614,0.0001,0.0,2922.24,-0.01668277674193129,0.020266025172848024,0.019559080887980935,0.04165732664164246,0.01910385711909363
2024-02-24,2038.5999755859375,76.48999786376953,1.6030000448226929,5088.7998046875,13.75,0.0,0.0,0.0,0.0,0.0,72,Greed,243854.0783,721993808.566193,-0.5644825851022502,-0.5577529858178539,0.0001,0.0,2992.62,0.02379881241743993,0.020492879170918146,0.019491162500739363,0.041963082294523585,0.019559080887980935
2024-02-25,2038.5999755859375,76.48999786376953,1.6030000448226929,5088.7998046875,13.75,0.0,0.0,0.0,0.0,0.0,74,Greed,412306.2237,1257766106.546299,0.5251963280333243,0.5550759316672871,0.00018988666666666667,8.988666666666667e-05,3112.59,0.039305919138802874,0.021653654663202467,0.020108404815688218,0.04150438047305299,0.019491162500739363
2024-02-26,2028.5,77.58000183105469,1.659000039100647,5069.52978515625,13.739999771118164,-0.004966682111913958,0.014149700208427214,0.03433813318794164,-0.003793939244668484,-0.0007275539764438033,72,Greed,546722.7747,1703165045.241492,0.2821755288543701,0.30315109524727135,0.00032642,0.00013653333333333334,3175.94,0.020148474483354707,0.021522533426107982,0.020082314870123272,0.04172793595387288,0.020108404815688218
2024-02-27,2034.0,78.87000274658203,1.6150000095367432,5078.18017578125,13.430000305175781,0.0027076939620032797,0.016491276620096248,-0.026880072197387854,0.001704895538720964,-0.02282023687755186,79,Extreme Greed,625939.1221,2025805516.974933,0.13531125379987483,0.1734790962276291,0.00041659333333333325,9.017333333333324e-05,3242.36,0.020697808196250323,0.02127184745883509,0.01991730950421855,0.04167772036616038,0.020082314870123272
2024-02-28,2033.0,78.54000091552734,1.8849999904632568,5069.759765625,13.84000015258789,-0.0004917629801586159,-0.0041929014273732485,0.15459285326096994,-0.001659531321112244,0.03007192795607551,82,Extreme Greed,947538.766,3153201034.914763,0.4146147327742256,0.44245073079148756,0.00036382666666666673,-5.276666666666652e-05,3383.1,0.04249098920918258,0.020743042054022432,0.020520494352491866,0.04111445319251872,0.01991730950421855
2024-02-29,2045.699951171875,78.26000213623047,1.8600000143051147,5096.27001953125,13.399999618530273,0.006227470697706523,-0.0035714167278449132,-0.013351320424662099,0.0052154704557999644,-0.03230828272568483,80,Extreme Greed,759698.1123,2608623102.49017,-0.2209467163943374,-0.18959560322038632,0.0007056066666666668,0.00034178,3340.09,-0.012794696190860875,0.023233655833659227,0.021038007397146324,0.041032461207084925,0.020520494352491866
2024-03-01,2086.89990234375,79.97000122070312,1.8350000381469727,5137.080078125,13.109999656677246,0.019939659139843434,0.02161493552946405,-0.013531993120957394,0.007975936433387976,-0.021879406901220193,80,Extreme Greed,412788.5773,1405295834.572694,-0.6099855911943421,-0.6185746961579983,0.00048194,-0.00022366666666666677,3433.43,0.027562008777578344,0.01808275875854874,0.019971028760195544,0.04133586727949815,0.021038007397146324
2024-03-02,2086.89990234375,79.97000122070312,1.8350000381469727,5137.080078125,13.109999656677246,0.0,0.0,0.0,0.0,0.0,80,Extreme Greed,283984.9448,971756920.451209,-0.37401431702666305,-0.3688974266738221,0.00053896,5.702000000000002e-05,3421.4,-0.0035099374748775738,0.0206524841031971,0.020201196014021035,0.042020712029278096,0.019971028760195544
2024-03-03,2086.89990234375,79.97000122070312,1.8350000381469727,5137.080078125,13.109999656677246,0.0,0.0,0.0,0.0,0.0,83,Extreme Greed,341631.531,1172272660.98449,0.18481153603039047,0.18759389762586087,0.0003826466666666667,-0.0001563133333333333,3487.81,0.019224208049935323,0.01868344588298659,0.020118648742751502,0.04359977185977782,0.020201196014021035
2024-03-04,2117.699951171875,78.73999786376953,1.9160000085830688,5130.9501953125,13.489999771118164,0.014650906546489963,-0.015500321222901771,0.04319518173327539,-0.0011939745749630112,0.028573381665131348,82,Extreme Greed,715360.6361,2526905041.93919,0.7390540401690705,0.7680509403233163,0.00040321333333333335,2.056666666666666e-05,3627.76,0.0393413458288056,0.0206536425832072,0.02030566676989462,0.04296012912580987,0.020118648742751502
2024-03-05,2133.5,78.1500015258789,1.9570000171661377,5078.64990234375,14.460000038146973,0.007433252615668022,-0.0075211819929224405,0.021173013157248764,-0.010245406275917994,0.06943756611583544,90,Extreme Greed,1392904.864,5043847679.68348,0.6663598739950924,0.6911739690171087,0.00074303,0.00033981666666666664,3553.65,-0.020640133617123094,0.025442470830556275,0.02109452644766477,0.042852928331848054,0.02030566676989462
2024-03-06,2150.300048828125,79.12999725341797,1.9290000200271606,5104.759765625,14.5,0.00784356635087546,0.012461958518870208,-0.014410952879860179,0.005127932853001643,0.0027624300578069465,75,Greed,969494.71,3652250924.277737,-0.3623716574360222,-0.32282555022736104,0.00033151,-0.00041152,3818.59,0.0719060002353233,0.03254444536807904,0.023449125047563156,0.040504686732470256,0.02109452644766477
2024-03-07,2158.0,78.93000030517578,1.8179999589920044,5157.35986328125,14.4399995803833,0.0035744768391498196,-0.0025306473246359336,-0.05926477110710492,0.010251402284983627,-0.004146545021177181,82,Extreme Greed,540780.675,2067607917.443709,-0.5837612282543415,-0.5689513254770218,0.00039695333333333334,6.544333333333336e-05,3868.76,0.013052797728649309,0.029921660019047898,0.023319663878813894,0.04046389005977817,0.023449125047563156
2024-03-08,2178.60009765625,78.01000213623047,1.8049999475479126,5123.68994140625,14.739999771118164,0.009500646655496024,-0.01172433660244081,-0.007176410473117975,-0.006549922992050337,0.020562766827898746,81,Extreme Greed,646399.2589,2534209920.005565,0.17840357070987228,0.2034895762033177,0.00049913,0.00010217666666666663,3883.36,0.003766716011167122,0.030398572905419884,0.023404576336690474,0.040940202877776485,0.023319663878813894
2024-03-09,2178.60009765625,78.01000213623047,1.8049999475479126,5123.68994140625,14.739999771118164,0.0,0.0,0.0,0.0,0.0,84,Extreme Greed,254839.1386,995823688.313553,-0.9307848436200413,-0.9340669766604209,0.00035076333333333335,-0.00014836666666666662,3905.21,0.005610800781601544,0.029526317703990376,0.023239064858688374,0.042934310185730754,0.023404576336690474
2024-03-10,2178.60009765625,78.01000213623047,1.8049999475479126,5123.68994140625,14.739999771118164,0.0,0.0,0.0,0.0,0.0,79,Extreme Greed,356664.68,1393415653.98342,0.3361635515963968,0.3359430947624722,0.0003796033333333334,2.884000000000003e-05,3878.47,-0.006870813084617783,0.031083989545549764,0.023499576883213833,0.04390723412530875,0.023239064858688374
2024-03-11,2182.5,77.93000030517578,1.7589999437332153,5117.93994140625,15.220000267028809,0.001788495240181465,-0.0010260592127867838,-0.02581512895803399,-0.0011228682680281005,0.03204549874488908,82,Extreme Greed,721554.5139,2874119154.303359,0.7046118630217743,0.7239882082635807,0.00053633,0.00015672666666666663,4064.8,0.04692379532758898,0.032179634034056145,0.024141209614717746,0.042970008973101916,0.023499576883213833
2024-03-12,2160.39990234375,77.55999755859375,1.7139999866485596,5175.27001953125,13.84000015258789,-0.010177664197878154,-0.004759192874689783,-0.025915621381532188,0.011139512586668012,-0.0950474087634793,81,Extreme Greed,632787.3941,2522475873.08181,-0.13127343627368923,-0.1305053376783819,0.00051318,-2.3149999999999993e-05,3979.96,-0.021092772302799184,0.032266454167712906,0.024977825691948057,0.04288280366142307,0.024141209614717746
2024-03-13,2175.39990234375,79.72000122070312,1.6579999923706055,5165.31005859375,13.75,0.006919166252700285,0.02746871176017195,-0.033217760274411076,-0.0019263840021219723,-0.006524137102079705,81,Extreme Greed,482305.7766,1933909390.302124,-0.2715561912311373,-0.26569736351082685,0.0005044866666666667,-8.693333333333313e-06,4004.79,0.0062193756940735045,0.02091596848174744,0.023613182571171773,0.044921659065319385,0.024977825691948057
2024-03-14,2163.0,81.26000213623047,1.7410000562667847,5150.47998046875,14.399999618530273,-0.0057163638155206895,0.01913340619143594,0.04884764099317167,-0.002875221051495188,0.04618935597842095,88,Extreme Greed,648237.5245,2520007951.6912,0.29567887514768093,0.2647185119474211,0.00042192333333333337,-8.256333333333334e-05,3881.7,-0.031217942680779823,0.025004241782043947,0.024715274812319495,0.046361654334332536,0.023613182571171773
2024-03-15,2157.300048828125,81.04000091552734,1.6549999713897705,5117.08984375,14.40999984741211,-0.0026386845425951824,-0.0027110456107564012,-0.05065870156283177,-0.0065040228597376655,0.0006942193314014823,83,Extreme Greed,947537.4071,3513477459.320449,0.37960923662269336,0.33234421922931223,0.00032333,-9.859333333333338e-05,3742.19,-0.03660220045834964,0.028526339585006548,0.025288195366975897,0.047163234911880535,0.024715274812319495
2024-03-16,2157.300048828125,81.04000091552734,1.6549999713897705,5117.08984375,14.40999984741211,0.0,0.0,0.0,0.0,0.0,81,Extreme Greed,548288.1569,1999176881.312615,-0.5470654334611794,-0.5638707396782194,0.0002508666666666667,-7.246333333333331e-05,3523.09,-0.06033255610742313,0.034573965070172324,0.028307131478801973,0.046082981582785634,0.025288195366975897
2024-03-17,2157.300048828125,81.04000091552734,1.6549999713897705,5117.08984375,14.40999984741211,0.0,0.0,0.0,0.0,0.0,79,Extreme Greed,517790.9936,1843487764.621314,-0.057229308927104865,-0.08107623486995483,0.00018532,-6.554666666666668e-05,3644.71,0.033938355810842834,0.03924174590536088,0.02856746591836261,0.04551526086401819,0.028307131478801973
2024-03-18,2160.699951171875,82.72000122070312,1.7029999494552612,5149.419921875,14.329999923706055,0.0015747582428707817,0.020518554279512564,0.02859038045884932,0.006298184238480456,-0.00556716290639392,77,Extreme Greed,570901.2851,2029690613.721462,0.0976446403969526,0.09622407277229403,0.00024435,5.903000000000001e-05,3520.46,-0.03468513836288729,0.03119777287373962,0.029547292881062177,0.045470044363100724,0.02856746591836261
2024-03-19,2156.300048828125,83.47000122070312,1.74399995803833,5178.509765625,13.819999694824219,-0.0020384080923120792,0.009025874969930351,0.023789929425469362,0.00563325304434312,-0.036238440258669194,79,Extreme Greed,1049629.6936,3474307712.276456,0.6089763942111388,0.5375118652763262,0.00021642666666666667,-2.792333333333333e-05,3158.64,-0.10845010767802181,0.0456027760960208,0.03595621457538805,0.041420506961683076,0.029547292881062177
2024-03-20,2157.89990234375,81.68000030517578,1.6990000009536743,5224.6201171875,13.039999961853027,0.0007416687251718953,-0.021678122894452184,-0.026141458175087,0.008864765516360184,-0.05809524268421421,74,Greed,1207322.8201,3957251428.899041,0.1399679337379724,0.1301544609863619,0.00012032,-9.610666666666667e-05,3516.53,0.10733315272751459,0.06973294825924911,0.04058563537470547,0.0360151490387025,0.03595621457538805
2024-03-21,2182.39990234375,81.06999969482422,1.6829999685287476,5241.52978515625,12.920000076293945,0.01128966261576579,-0.007496202357379792,-0.009461946741937635,0.003231309094528888,-0.009245049313565606,78,Extreme Greed,602755.2072,2114084858.156535,-0.6946494858290843,-0.6269276729860312,0.00017007,4.975e-05,3492.85,-0.00675668606585365,0.06960650606980406,0.04050949804763521,0.03662715021990147,0.04058563537470547
2024-03-22,2158.10009765625,80.62999725341797,1.659000039100647,5234.18017578125,13.0600004196167,-0.011196893703511956,-0.00544222060235778,-0.01436286173206055,-0.0014031718343267125,0.010777651718640221,75,Greed,558848.888,1891771641.019007,-0.07563204506573089,-0.1111082614720883,0.00020728,3.7210000000000005e-05,3336.35,-0.0458406268133607,0.0701679238793187,0.04140239677149208,0.035738741643613514,0.04050949804763521
2024-03-23,2158.10009765625,80.62999725341797,1.659000039100647,5234.18017578125,13.0600004196167,0.0,0.0,0.0,0.0,0.0,73,Greed,323675.9448,1089778379.601229,-0.5461362661113377,-0.5515394121076914,0.00012305666666666666,-8.422333333333334e-05,3329.53,-0.0020462421704777038,0.06749290318734866,0.04141389291351854,0.035897776759462874,0.04140239677149208
2024-03-24,2158.10009765625,80.62999725341797,1.659000039100647,5234.18017578125,13.0600004196167,0.0,0.0,0.0,0.0,0.0,74,Greed,260824.1408,879033073.031454,-0.2158964547319656,-0.21490711035965002,0.00015948333333333332,3.642666666666666e-05,3454.98,0.036985515601003736,0.06781806299773731,0.04165732664164246,0.035196539861242666,0.04141389291351854
2024-03-25,2174.800048828125,81.94999694824219,1.6150000095367432,5218.18994140625,13.1899995803833,0.00770847852509448,0.016238513317663482,-0.026880072197387854,-0.0030596403820319297,0.009904778937777805,75,Greed,548577.6942,1945377748.66027,0.7434825279941275,0.7943889297205373,0.0001806966666666667,2.1213333333333363e-05,3590.42,0.038452518809786,0.06858600936278289,0.041963082294523585,0.03455523346667688,0.04165732664164246
2024-03-26,2175.60009765625,81.62000274658203,1.5750000476837158,5203.580078125,13.239999771118164,0.0003678047123048936,-0.004034904322067613,-0.025079660026752947,-0.002803721982805726,0.003783598305736472,81,Extreme Greed,499013.8384,1800812035.846224,-0.09469509054846638,-0.07721847926377363,0.0002775666666666667,9.686999999999999e-05,3587.33,-0.0008609940972833262,0.04865704191746502,0.04150438047305299,0.03459068088483637,0.041963082294523585
2024-03-27,2190.60009765625,81.3499984741211,1.718000054359436,5248.490234375,12.779999732971191,0.006870990033479146,-0.0033135487204207707,0.08690555265020734,0.008593595582706042,-0.03536110516659866,83,Extreme Greed,443195.3297,1576098628.307976,-0.11862322993446871,-0.13328512330754938,0.00027211333333333336,-5.4533333333333105e-06,3501.19,-0.024305282494903636,0.030513617840596873,0.04172793595387288,0.03439172441487828,0.04150438047305299
2024-03-28,2217.39990234375,83.16999816894531,1.7630000114440918,5254.35009765625,13.010000228881836,0.012159770828042574,0.022125868956704677,0.025856054703814992,0.0011158627007616052,0.017836882062060327,80,Extreme Greed,404654.0311,1436630524.623043,-0.09097813986253636,-0.09265211263504752,0.0003716766666666666,9.956333333333326e-05,3560.49,0.016795265133333685,0.03101905246751345,0.04167772036616038,0.03507708596535192,0.04172793595387288
2024-03-29,2217.39990234375,83.16999816894531,1.7630000114440918,5254.35009765625,13.010000228881836,0.0,0.0,0.0,0.0,0.0,79,Extreme Greed,323086.179,1138548291.158387,-0.22511336214925615,-0.23254643615768636,0.0003392533333333333,-3.242333333333333e-05,3509.74,-0.014356215181719081,0.024371027346109613,0.04111445319251872,0.03502323015242601,0.04167772036616038
2024-03-30,2217.39990234375,83.16999816894531,1.7630000114440918,5254.35009765625,13.010000228881836,0.0,0.0,0.0,0.0,0.0,75,Greed,216025.2634,759625521.451892,-0.4025237346552133,-0.40468372416573806,0.00031415333333333333,-2.509999999999996e-05,3505.64,-0.0011688605511880762,0.02431751900529389,0.041032461207084925,0.035090329986966595,0.04111445319251872
2024-03-31,2217.39990234375,83.16999816894531,1.7630000114440918,5254.35009765625,13.010000228881836,0.0,0.0,0.0,0.0,0.0,75,Greed,243464.9877,878141654.345982,0.11957778347449252,0.14498234123060758,0.0005003966666666666,0.00018624333333333327,3645.29,0.039062823229440984,0.024748126950513958,0.04133586727949815,0.03594033297625001,0.041032461207084925
2024-04-01,2236.5,83.70999908447266,1.8370000123977661,5243.77001953125,13.649999618530273,0.008576849575533693,0.006471749870282901,0.041116903074915175,-0.0020156145269577246,0.04802118356729221,79,Extreme Greed,408854.1225,1437691729.032314,0.5183852792127011,0.49298622235023787,0.00038689666666666666,-0.00011349999999999994,3503.8,-0.039587829518748986,0.02610535707810905,0.042020712029278096,0.03542310144017335,0.04133586727949815
2024-04-02,2261.0,85.1500015258789,1.8619999885559082,5205.81005859375,14.609999656677246,0.010895049405066982,0.01705599129351878,0.013517359726837996,-0.007265388203672426,0.0679667085789778,79,Extreme Greed,623264.6476,2068004456.062823,0.4216128003757691,0.3635452498995017,0.00012558666666666668,-0.00026130999999999995,3278.96,-0.06632179487259003,0.03516121886433418,0.04359977185977782,0.03353932937252099,0.042020712029278096
2024-04-03,2294.39990234375,85.43000030517578,1.840999960899353,5211.490234375,14.329999923706055,0.014664135564459967,0.003282905707169063,-0.011342291696614739,0.001090527523337898,-0.01935096574743714,71,Greed,410484.1933,1358993604.798615,-0.41763380191022614,-0.4198396820693008,0.0001,-2.5586666666666677e-05,3310.83,0.009672614295133657,0.03565651682187751,0.04296012912580987,0.034311857653601244,0.04359977185977782
2024-04-04,2288.800048828125,86.58999633789062,1.7740000486373901,5147.2099609375,16.350000381469727,-0.002443644773025144,0.013486962431428861,-0.03707196970795173,-0.01241103561926225,0.13187268415873488,70,Greed,356338.5716,1187792289.214371,-0.14145609946616614,-0.13464806441843,0.0001,0.0,3327.4,0.004992305001377068,0.03455126699223463,0.042852928331848054,0.03430980406800056,0.04296012912580987
2024-04-05,2325.699951171875,86.91000366210938,1.784999966621399,5204.33984375,16.030000686645508,0.015993363911782323,0.0036888494189806584,0.006181485227925788,0.011038050135699558,-0.019765911218254613,79,Extreme Greed,344556.7983,1132252495.889124,-0.033622374154629826,-0.04788735711141033,0.0001,0.0,3317.85,-0.002874235453763564,0.03456439411710952,0.040504686732470256,0.03434287619430856,0.042852928331848054
2024-04-06,2325.699951171875,86.91000366210938,1.784999966621399,5204.33984375,16.030000686645508,0.0,0.0,0.0,0.0,0.0,75,Greed,183312.2125,612681489.148954,-0.6310681701855829,-0.6141190794533998,0.00012244,2.2439999999999995e-05,3351.59,0.010117877313201287,0.0351954161905613,0.04046389005977817,0.03449274024200556,0.040504686732470256
2024-04-07,2325.699951171875,86.91000366210938,1.784999966621399,5204.33984375,16.030000686645508,0.0,0.0,0.0,0.0,0.0,78,Extreme Greed,210459.0752,715174110.573835,0.13810043874244465,0.15468081699930833,0.0001,-2.2439999999999995e-05,3454.2,0.030156021824738675,0.03339184918385276,0.040940202877776485,0.03402401895820049,0.04046389005977817
2024-04-08,2331.699951171875,86.43000030517578,1.843999981880188,5202.39013671875,15.1899995803833,0.002576546332762105,-0.005538301290720926,0.03251871877593392,-0.0003747011900415767,-0.05382472047334399,76,Extreme Greed,496841.3532,1787240600.808657,0.858979549166676,0.9159021212667191,0.0001729866666666667,7.298666666666669e-05,3694.61,0.06728411886400808,0.040130081734016256,0.042934310185730754,0.031201102656304908,0.040940202877776485
2024-04-09,2343.5,85.2300033569336,1.871999979019165,5209.91015625,14.979999542236328,0.005047944048811655,-0.013981317374481906,0.015070251539649507,0.0014444494736345207,-0.013921341452394936,80,Extreme Greed,457592.252,1643610851.75092,-0.08229225818145816,-0.08377730619312479,0.00016743,-5.556666666666708e-06,3506.39,-0.05228798260119764,0.035956543434683706,0.04390723412530875,0.030400134357476644,0.042934310185730754
2024-04-10,2329.60009765625,86.20999908447266,1.8849999904632568,5160.64013671875,15.800000190734863,-0.005948917440644637,0.011432645681132773,0.006920448993004578,-0.009501981832212592,0.053294004573997446,78,Extreme Greed,389404.9055,1361401195.431785,-0.16135881765928123,-0.18838110031210759,0.00015783,-9.59999999999999e-06,3545.64,0.01113166146509165,0.035961397715086364,0.042970008973101916,0.0310006701626853,0.04390723412530875
2024-04-11,2354.800048828125,85.0199966430664,1.7640000581741333,5199.06005859375,14.90999984741211,0.010759197967561912,-0.013899686155501469,-0.06634382527756119,0.007417221983342437,-0.0579778335620304,76,Extreme Greed,338139.5534,1197654094.446207,-0.14116100029154913,-0.12814973797492185,0.00011827666666666666,-3.955333333333334e-05,3502.52,-0.012235970235867036,0.03692110043474588,0.04288280366142307,0.031010448387711526,0.042970008973101916
2024-04-12,2356.199951171875,85.66000366210938,1.7699999809265137,5123.41015625,17.309999465942383,0.0005943121990892287,0.007499531492312272,0.00339554524662417,-0.014657587802248536,0.14925221979285147,79,Extreme Greed,697327.1174,2328197177.420495,0.7237959324614113,0.6647295023407308,0.0001,-1.8276666666666654e-05,3237.43,-0.07870290424943296,0.049421170262213585,0.044921659065319385,0.027871593212750668,0.04288280366142307
2024-04-13,2356.199951171875,85.66000366210938,1.7699999809265137,5123.41015625,17.309999465942383,0.0,0.0,0.0,0.0,0.0,72,Greed,994971.2354,3066250202.835826,0.3554592049803443,0.2753611582544839,0.0001,0.0,3007.01,-0.07383357559576002,0.0553900573815561,0.046361654334332536,0.024531963004736642,0.044921659065319385
2024-04-14,2356.199951171875,85.66000366210938,1.7699999809265137,5123.41015625,17.309999465942383,0.0,0.0,0.0,0.0,0.0,72,Greed,737580.4666,2244354713.135616,-0.29933863807853806,-0.31203733576593135,0.0001,0.0,3155.11,0.0480771311040579,0.05819506123943597,0.047163234911880535,0.023074432268874463,0.046361654334332536
2024-04-15,2365.800048828125,85.41000366210938,1.690999984741211,5061.81982421875,19.229999542236328,0.00406612066202905,-0.002922782104032367,-0.04565947491684348,-0.012094195787459195,0.10518719746045613,74,Greed,605430.8863,1911310147.230663,-0.1974347762255795,-0.16062909910870546,8.097666666666667e-05,-1.902333333333333e-05,3101.99,-0.016979519656058945,0.046343576620168844,0.046082981582785634,0.02491620968102107,0.047163234911880535
2024-04-16,2390.800048828125,85.36000061035156,1.7319999933242798,5051.41015625,18.399999618530273,0.010511806622644015,-0.0005856186910562605,0.023956745392988282,-0.0020586245275039964,-0.04412089191313562,65,Greed,526113.855,1610290812.173095,-0.14042276960340355,-0.1713741565031112,7.407e-05,-6.906666666666673e-06,3084.22,-0.00574505193835904,0.04509392581991151,0.04551526086401819,0.025448077323155294,0.046082981582785634
2024-04-17,2371.699951171875,82.69000244140625,1.7120000123977661,5022.2099609375,18.209999084472656,-0.00802108139040866,-0.031778908884939415,-0.011614521324665379,-0.005797375076004185,-0.010379800419449975,67,Greed,491897.5661,1483253378.358158,-0.06724714785531452,-0.0821768875371104,3.6026666666666665e-05,-3.8043333333333336e-05,2985.41,-0.032561698237881825,0.04332602459420097,0.045470044363100724,0.026348800245528964,0.04551526086401819
2024-04-18,2382.300048828125,82.7300033569336,1.7569999694824219,5011.1201171875,18.0,0.004459451082454631,0.0004836285201896646,0.025945506874584426,-0.0022106017004853043,-0.01159908556727462,57,Greed,389060.7133,1177977125.358139,-0.2345350890708539,-0.23043923698786653,4.036e-05,4.333333333333335e-06,3064.4,0.02611470081424689,0.04738050639566568,0.041420506961683076,0.025983886026272777,0.045470044363100724
2024-04-19,2398.39990234375,83.13999938964844,1.7519999742507935,4967.22998046875,18.709999084472656,0.006735379565596977,0.004943592704169771,-0.0028498140186565615,-0.008797129654056974,0.03868633345731804,66,Greed,607850.4019,1843119282.769549,0.4461933954231448,0.44766073182140054,5.964333333333333e-05,1.9283333333333332e-05,3056.46,-0.0025944081235797613,0.03949767929563704,0.0360151490387025,0.026171423153398432,0.041420506961683076
2024-04-20,2398.39990234375,83.13999938964844,1.7519999742507935,4967.22998046875,18.709999084472656,0.0,0.0,0.0,0.0,0.0,66,Greed,242577.6371,749727918.396258,-0.9186069900552462,-0.8995043124027176,5.833333333333333e-05,-1.3099999999999993e-06,3155.79,0.03198147730884544,0.029072723644169976,0.03662715021990147,0.04112194903330766,0.0360151490387025
2024-04-21,2398.39990234375,83.13999938964844,1.7519999742507935,4967.22998046875,18.709999084472656,0.0,0.0,0.0,0.0,0.0,72,Greed,219970.5072,694988777.191024,-0.09782833294525377,-0.07581466773193118,3.109e-05,-2.724333333333333e-05,3147.67,-0.0025763642480408425,0.0227264117914855,0.035738741643613514,0.04143918707312436,0.03662715021990147
2024-04-22,2332.199951171875,82.8499984741211,1.7910000085830688,5010.60009765625,16.940000534057617,-0.02798980048135961,-0.003494201028036716,0.022016150053744146,0.00869335115683908,-0.09938037060315114,73,Greed,290879.9569,928957385.38023,0.27941718363409374,0.29016716875789567,2.117e-05,-9.920000000000003e-06,3200.2,0.016550811254883464,0.02216066129392123,0.035897776759462874,0.041547496368544046,0.035738741643613514
2024-04-23,2327.699951171875,83.36000061035156,1.812000036239624,5070.5498046875,15.6899995803833,-0.001931372558694458,0.006136859871728367,0.011657099749672016,0.01189356656772209,-0.07665418074960349,71,Greed,253914.2263,813798516.320386,-0.13591414456247533,-0.13235005384997353,2.9333333333333333e-05,8.163333333333334e-06,3219.46,0.006000335776795954,0.02169969604394028,0.035196539861242666,0.04156715488644785,0.035897776759462874
2024-04-24,2324.5,82.80999755859375,1.652999997138977,5071.6298828125,15.970000267028809,-0.0013756724603899396,-0.006619787763346306,-0.09183941051249919,0.00021298737793290078,0.01768843894684457,72,Greed,393314.3414,1261617674.785295,0.4376126247940313,0.4384372329520743,3.818e-05,8.846666666666664e-06,3140.8,-0.024736099089373503,0.01946008729397107,0.03455523346667688,0.04135679034613495,0.035196539861242666
2024-04-25,2329.800048828125,83.56999969482422,1.6380000114440918,5048.419921875,15.369999885559082,0.0022774857931127522,0.009135802798020112,-0.009115824690578039,-0.0045869342701194095,-0.03829442884280131,72,Greed,352288.5502,1104939534.274997,-0.11015855837246548,-0.13260415302629683,4.057333333333333e-05,2.3933333333333364e-06,3155.8,0.004764485079372048,0.017594003635224228,0.03459068088483637,0.041356407729558974,0.03455523346667688
2024-04-26,2334.800048828125,83.8499984741211,1.6139999628067017,5099.9599609375,15.029999732971191,0.0021438073190774686,0.003344869709890436,-0.014760445613920785,0.010157381332325343,-0.022369364106276213,70,Greed,252522.655,792255507.862558,-0.33294961721428185,-0.33266194161724816,3.353333333333333e-05,-7.04e-06,3131.3,-0.007793775832009595,0.01803285908566508,0.03439172441487828,0.04135832736143213,0.03459068088483637
2024-04-27,2334.800048828125,83.8499984741211,1.6139999628067017,5099.9599609375,15.029999732971191,0.0,0.0,0.0,0.0,0.0,67,Greed,323811.1919,1027413859.249457,0.24865963742054403,0.2599161568514023,6.460333333333333e-05,3.106999999999999e-05,3255.56,0.03891605008616172,0.019949723550842267,0.03507708596535192,0.04096624081274847,0.03439172441487828
2024-04-28,2334.800048828125,83.8499984741211,1.6139999628067017,5099.9599609375,15.029999732971191,0.0,0.0,0.0,0.0,0.0,65,Greed,304766.009,1006628332.290045,-0.06061630631847797,-0.020438367106535387,8.631333333333333e-05,2.1710000000000007e-05,3263.45,0.0024206141277699957,0.019744895449714767,0.03502323015242601,0.041105747291434805,0.03507708596535192
2024-04-29,2345.39990234375,82.62999725341797,2.0299999713897705,5116.169921875,14.670000076293945,0.004529666146779777,-0.014656692597930232,0.22932023215640493,0.0031734080766393944,-0.0242435886429269,67,Greed,421831.2912,1345237182.553429,0.3250611516499621,0.2899638799259288,8.265666666666667e-05,-3.6566666666666616e-06,3216.73,-0.014419602393225955,0.020231053952655773,0.035090329986966595,0.04121769589143437,0.03502323015242601
2024-04-30,2291.39990234375,81.93000030517578,1.9910000562667847,5035.68994140625,15.649999618530273,-0.02329297954868033,-0.008507549595007585,-0.019398725617362993,-0.015855551118928123,0.0646662952555313,67,Greed,561717.4866,1710124473.495703,0.28639358040382923,0.23999581797041084,6.264666666666666e-05,-2.0010000000000007e-05,3014.05,-0.06508062629125812,0.031723026127135436,0.03594033297625001,0.0390883611301473,0.035090329986966595
2024-05-01,2299.89990234375,79.0,1.9320000410079956,5018.39013671875,15.390000343322754,0.0037026594091494527,-0.03641737541153739,-0.03008129632662707,-0.0034413534856316866,-0.01675292245214082,54,Neutral,624963.7773,1827523436.860293,0.10669466111816683,0.06639557772356906,4.7006666666666665e-05,-1.564e-05,2972.46,-0.013894796510902776,0.031109265686966186,0.03542310144017335,0.03889097781864234,0.03594033297625001
2024-05-02,2299.199951171875,78.94999694824219,2.0350000858306885,5064.2001953125,14.680000305175781,-0.0003043861623244103,-0.0006331504196816675,0.05194010405580334,0.009087024725084856,-0.047231926184048506,43,Fear,365939.7191,1084862887.847943,-0.5352250738129206,-0.5215081287469959,5.750000000000001e-05,1.0493333333333344e-05,2986.19,0.0046084345613266195,0.03109875724004083,0.03353932937252099,0.03890241151209563,0.03542310144017335
2024-05-03,2299.0,78.11000061035156,2.1419999599456787,5127.7900390625,13.489999771118164,-8.696932457233537e-05,-0.010696604611133635,0.05124409225426044,0.012478557659508005,-0.08453739072202397,48,Neutral,355825.8391,1081409861.154123,-0.02802722278834958,-0.0031879915582371495,3.2193333333333336e-05,-2.5306666666666673e-05,3102.61,0.038245365378809904,0.03565725445189526,0.034311857653601244,0.03860077606350804,0.03353932937252099
2024-05-04,2299.0,78.11000061035156,2.1419999599456787,5127.7900390625,13.489999771118164,0.0,0.0,0.0,0.0,0.0,67,Greed,196263.9488,613297368.100618,-0.594980964311011,-0.5671709745346162,6.585333333333333e-05,3.365999999999999e-05,3117.23,0.004701094216412664,0.03130245320327528,0.03430980406800056,0.03864513633300554,0.034311857653601244
2024-05-05,2299.0,78.11000061035156,2.1419999599456787,5127.7900390625,13.489999771118164,0.0,0.0,0.0,0.0,0.0,69,Greed,218760.2662,684143592.814579,0.10851602451190177,0.1093179053563782,7.939999999999999e-05,1.3546666666666663e-05,3136.41,0.006134046775861456,0.0315037721232592,0.03434287619430856,0.03865623626371999,0.03430980406800056
2024-05-06,2321.60009765625,78.4800033569336,2.194999933242798,5180.740234375,13.489999771118164,0.00978239943094232,0.004725760595283706,0.02444206278776975,0.010273173691247842,0.0,71,Greed,355135.3027,1111315631.576414,0.4845223958918706,0.4851320195146385,8.198e-05,2.580000000000006e-06,3062.6,-0.023814605339407262,0.032132394075207654,0.03449274024200556,0.038251572007405,0.03434287619430856
2024-05-07,2315.199951171875,78.37999725341797,2.2070000171661377,5187.7001953125,13.229999542236328,-0.002760589407145369,-0.0012751003018784941,0.005452118938810627,0.0013425282288256131,-0.019461709726451316,68,Greed,298796.6829,917252045.688203,-0.17273549943694141,-0.19191755264670504,6.116e-05,-2.0819999999999994e-05,3005.69,-0.018757069465325283,0.021034094603722457,0.03402401895820049,0.03814127349324935,0.03449274024200556
2024-05-08,2313.60009765625,78.98999786376953,2.187000036239624,5187.669921875,13.0,-0.0006912606128823438,0.0077524774024004825,-0.009103376787537407,-5.835635193424912e-06,-0.01753758606489831,64,Greed,266934.8125,800460076.635667,-0.11275887114020443,-0.1361956353152196,8.333333333333333e-05,2.2173333333333327e-05,2974.21,-0.010528701418179225,0.020710060388532257,0.031201102656304908,0.0388465720786182,0.03402401895820049
2024-05-09,2332.10009765625,79.26000213623047,2.3010001182556152,5214.080078125,12.6899995803833,0.007964395898361993,0.0034123795824652194,0.05081310418126414,0.005078032639106711,-0.02413510880196279,55,Greed,238561.7462,715090822.076205,-0.11237630990973092,-0.11277709964833706,0.0001,1.6666666666666674e-05,3036.23,0.0206381567242151,0.022131171246615233,0.030400134357476644,0.03877623671698719,0.031201102656304908
2024-05-10,2367.300048828125,78.26000213623047,2.252000093460083,5222.68017578125,12.550000190734863,0.01498089474872309,-0.012696970635629665,-0.021525110667999448,0.001648040080166728,-0.011093567883784123,66,Greed,327855.8758,972264869.49205,0.3179459380280716,0.3072187083066562,8.059e-05,-1.9410000000000006e-05,2909.99,-0.0424669694883011,0.021338762099549286,0.0310006701626853,0.03766156067479641,0.030400134357476644
2024-05-11,2367.300048828125,78.26000213623047,2.252000093460083,5222.68017578125,12.550000190734863,0.0,0.0,0.0,0.0,0.0,53,Neutral,138163.1087,402989065.566229,-0.8641391744604706,-0.8807188378280327,7.594999999999999e-05,-4.64000000000001e-06,2912.45,0.0008450066111037531,0.020967956595495465,0.031010448387711526,0.03779253368536352,0.0310006701626853
2024-05-12,2367.300048828125,78.26000213623047,2.252000093460083,5222.68017578125,12.550000190734863,0.0,0.0,0.0,0.0,0.0,56,Greed,107670.6323,315212004.622529,-0.24935806792509768,-0.24566398599873038,7.180999999999999e-05,-4.139999999999998e-06,2929.29,0.0057654214829464265,0.020921953201699546,0.027871593212750668,0.039119027882797905,0.031010448387711526
2024-05-13,2336.10009765625,79.12000274658203,2.38100004196167,5221.419921875,13.600000381469727,-0.013267171767020015,0.010929077949739378,0.055701833349906416,-0.00024133317386520824,0.08034914001546065,57,Greed,368664.7648,1083553488.623212,1.2308108682465337,1.2347557432869578,8.609666666666667e-05,1.4286666666666673e-05,2950.99,0.007380634427828049,0.02075093050770059,0.024531963004736642,0.039178704548872526,0.027871593212750668
2024-05-14,2353.39990234375,78.0199966430664,2.3440001010894775,5246.68017578125,13.420000076293945,0.007378135479851928,-0.014000560976655058,-0.015661670286598987,0.004826148527454041,-0.013323683562621993,66,Greed,269675.3037,783471918.254666,-0.3126690781992715,-0.3242659665338202,9.088e-05,4.783333333333332e-06,2881.93,-0.023680498679313364,0.02135751525955378,0.023074432268874463,0.03923677051016211,0.024531963004736642
2024-05-15,2388.699951171875,78.62999725341797,2.4159998893737793,5308.14990234375,12.449999809265137,0.014888214910604233,0.007788110021032777,0.030254319441893322,0.01164782778729962,-0.07502552963798141,64,Greed,350254.3188,1036063008.59966,0.261440859330831,0.27944802033866994,9.111e-05,2.3000000000000288e-07,3032.55,0.05094364115236379,0.030055279446818895,0.02491620968102107,0.038315752023215785,0.023074432268874463
2024-05-16,2380.0,79.2300033569336,2.494999885559082,5297.10009765625,12.420000076293945,-0.0036487767790969396,0.00760178627366133,0.03217544905180873,-0.0020838374740880464,-0.0024125249424847843,70,Greed,293874.1513,876706595.658027,-0.17550789686858556,-0.1670108582371888,7.284666666666667e-05,-1.8263333333333332e-05,2944.7,-0.029396905403768096,0.03103283140974274,0.025448077323155294,0.037930794401901745,0.02491620968102107
2024-05-17,2412.199951171875,80.05999755859375,2.625999927520752,5303.27001953125,11.989999771118164,0.013438686241467436,0.010421265723094177,0.05117306494459885,0.0011640956878937513,-0.03523513269813392,74,Greed,357724.7731,1088374622.991193,0.19661228161298955,0.21626830890819077,6.062666666666666e-05,-1.2220000000000008e-05,3092.01,0.048814420530057585,0.031532017594642414,0.026348800245528964,0.0371253555563024,0.025448077323155294
2024-05-18,2412.199951171875,80.05999755859375,2.625999927520752,5303.27001953125,11.989999771118164,0.0,0.0,0.0,0.0,0.0,73,Greed,199976.5456,622730956.337748,-0.5815638128353458,-0.5583261170253643,6.253e-05,1.9033333333333394e-06,3122.94,0.009953500947915903,0.03134278527068582,0.025983886026272777,0.037717984632457645,0.026348800245528964
2024-05-19,2412.199951171875,80.05999755859375,2.625999927520752,5303.27001953125,11.989999771118164,0.0,0.0,0.0,0.0,0.0,72,Greed,166145.0102,513790068.69183,-0.18533912522038787,-0.19229981837061566,6.554666666666667e-05,3.0166666666666677e-06,3071.19,-0.016709757177628334,0.03295483602651425,0.026171423153398432,0.03758729509053784,0.025983886026272777
2024-05-20,2433.89990234375,79.80000305175781,2.750999927520752,5308.1298828125,12.149999618530273,0.008955695038778591,-0.0032527803713785952,0.04650270731595106,0.0009159703084911664,0.013256188439843044,70,Greed,847107.8828,2853349713.672701,1.6289670945744341,1.7144341658676585,5.410333333333333e-05,-1.144333333333334e-05,3661.78,0.1758842593438205,0.07195284036749058,0.04112194903330766,0.019491607659717615,0.026171423153398432
2024-05-21,2421.699951171875,79.26000213623047,2.6710000038146973,5321.41015625,11.859999656677246,-0.005025116242057949,-0.006789927983864295,-0.029511520039913013,0.0024987497668926086,-0.024157773768248323,76,Extreme Greed,952437.2694,3557244460.363258,0.11719618890924141,0.22049257491955335,0.00013134666666666668,7.724333333333335e-05,3789.6,0.034311104640699,0.06785226714704917,0.04143918707312436,0.018434615193998263,0.04112194903330766
2024-05-22,2389.199951171875,77.56999969482422,2.8420000076293945,5307.009765625,12.289999961853027,-0.01351119128257647,-0.02155286414589558,0.06205509680341045,-0.0027097912093521476,0.03561455585241666,76,Extreme Greed,574938.3099,2151256432.12026,-0.504761498023186,-0.5029341586771154,0.00012547,-5.876666666666678e-06,3737.73,-0.013781997342475151,0.07033631356910784,0.041547496368544046,0.018323928262721542,0.04143918707312436
2024-05-23,2335.0,76.87000274658203,2.6570000648498535,5267.83984375,12.770000457763672,-0.02294667031813439,-0.00906503147732145,-0.0673103411745777,-0.007408162283471933,0.038312785417210074,76,Extreme Greed,1127866.076,4283549690.441181,0.6738199501478074,0.6887299742998646,0.0001,-2.547e-05,3783.61,0.012200105053972433,0.06612593609666864,0.04156715488644785,0.01814075217898293,0.041547496368544046
2024-05-24,2332.5,77.72000122070312,2.5199999809265137,5304.72021484375,11.930000305175781,-0.0010712373814988035,0.010996921124401168,-0.05293879723035906,0.0069766490766732595,-0.06804244420089076,74,Greed,479418.4318,1782983862.212967,-0.8555089291549679,-0.8764937448625987,0.0001,0.0,3728.28,-0.014731579039831756,0.06836706313403657,0.04135679034613495,0.01834234329975063,0.04156715488644785
2024-05-25,2332.5,77.72000122070312,2.5199999809265137,5304.72021484375,11.930000305175781,0.0,0.0,0.0,0.0,0.0,76,Extreme Greed,158711.8992,594438275.805137,-1.105483164976467,-1.0984266815542936,0.0001,0.0,3749.26,0.0056114858771316835,0.06856408042439406,0.041356407729558974,0.018533144940074953,0.04135679034613495
2024-05-26,2332.5,77.72000122070312,2.5199999809265137,5304.72021484375,11.930000305175781,0.0,0.0,0.0,0.0,0.0,75,Greed,292208.2937,1115661431.007397,0.6103762786275202,0.6295858343298054,0.0001,0.0,3826.47,0.02038421999818265,0.06609178109815496,0.04135832736143213,0.01823300256485701,0.041356407729558974
2024-05-27,2332.5,77.72000122070312,2.5199999809265137,5304.72021484375,11.930000305175781,0.0,0.0,0.0,0.0,0.0,74,Greed,363717.6473,1424169372.465946,0.21891098984439963,0.24414130655784755,0.0001,0.0,3894.22,0.017550695354859168,0.0180138557203163,0.04096624081274847,0.01777792293296881,0.04135832736143213
2024-05-28,2355.199951171875,79.83000183105469,2.5899999141693115,5306.0400390625,12.920000076293945,0.0096849750810076,0.026786756378970412,0.027398948617695804,0.00024877090688591537,0.07972024256920057,72,Greed,416249.8344,1605074794.248354,0.13490777105720436,0.11958160901871816,0.0001073,7.300000000000001e-06,3844.69,-0.012800427009197146,0.01551843923946463,0.041105747291434805,0.018421029996192488,0.04096624081274847
2024-05-29,2340.300048828125,79.2300033569336,2.493000030517578,5266.9501953125,14.279999732971191,-0.0063464816760843545,-0.00754433924800599,-0.03817102578945623,-0.007394317215742535,0.10008343395238188,72,Greed,334759.6348,1274087642.072243,-0.21787287722347448,-0.23094000865477876,0.00015061666666666668,4.331666666666667e-05,3767.43,-0.020299904134328608,0.016772410081900384,0.04121769589143437,0.018429904655537746,0.041105747291434805
2024-05-30,2342.89990234375,77.91000366210938,2.572000026702881,5235.47998046875,14.470000267028809,0.001110289464388048,-0.016800695999504067,0.03119699997479177,-0.005992957535754186,0.013217620885411141,73,Greed,277034.2894,1042146006.39132,-0.1892714792594278,-0.20094829280725318,0.00019421666666666665,4.3599999999999976e-05,3747.91,-0.005194720104684686,0.01613554272704437,0.0390883611301473,0.018436531543366958,0.04121769589143437
2024-05-31,2322.89990234375,76.98999786376953,2.5869998931884766,5277.509765625,12.920000076293945,-0.00857307357068379,-0.011878845804020198,0.005815045158577769,0.007995824231928897,-0.1133010548377929,73,Greed,273406.766,1032174005.216676,-0.013180615367671386,-0.009614792259521946,0.00011037333333333334,-8.384333333333331e-05,3762.29,0.0038294632828156368,0.015060095642266312,0.03889097781864234,0.01878523388601785,0.0390883611301473
2024-06-01,2322.89990234375,76.98999786376953,2.5869998931884766,5277.509765625,12.920000076293945,0.0,0.0,0.0,0.0,0.0,72,Greed,132687.2006,503500622.837856,-0.7229661885748145,-0.7178375923601229,0.00013899,2.8616666666666653e-05,3815.82,0.014127768098339709,0.015792863816054128,0.03890241151209563,0.01852496753149977,0.03889097781864234
2024-06-02,2322.89990234375,76.98999786376953,2.5869998931884766,5277.509765625,12.920000076293945,0.0,0.0,0.0,0.0,0.0,73,Greed,210295.4407,798100737.663757,0.46051891946131196,0.4606498779819373,0.00011898333333333333,-2.0006666666666666e-05,3780.91,-0.00919086126335398,0.014078255068604719,0.03860077606350804,0.018500304233118176,0.03890241151209563
2024-06-03,2346.60009765625,74.22000122070312,2.75600004196167,5283.39990234375,13.109999656677246,0.010151150585457774,-0.036641843463558636,0.06328150646088464,0.0011154602235352391,0.014598767328195046,73,Greed,248848.702,946239636.296371,0.1683316868047291,0.1702610251404432,0.0001377333333333333,1.874999999999998e-05,3767.06,-0.003669865021776319,0.01123737476980334,0.03864513633300554,0.019523404003612153,0.03860077606350804
2024-06-04,2325.5,73.25,2.5859999656677246,5291.33984375,13.15999984741211,-0.009032443941432378,-0.013155424182366147,-0.06366810130352463,0.0015016810037827531,0.0038066427145914943,73,Greed,232063.7468,878533930.59989,-0.06983298468397664,-0.07424132208043288,0.00010266666666666666,-3.506666666666665e-05,3810.23,0.011394698393577755,0.012038331905271574,0.03865623626371999,0.023064243207884246,0.03864513633300554
2024-06-05,2354.10009765625,74.06999969482422,2.756999969482422,5354.02978515625,12.630000114440918,0.012223460620860391,0.011132340007921552,0.06403085389907728,0.011778015849957281,-0.04110696887890819,75,Greed,273738.6035,1046373693.422429,0.16516154460047344,0.1748313100925678,0.00012542666666666666,2.2759999999999992e-05,3865.99,0.014528239359286061,0.009872678714612558,0.038251572007405,0.02292210320538482,0.03865623626371999
2024-06-06,2370.300048828125,75.55000305175781,2.821000099182129,5352.9599609375,12.579999923706055,0.00685801971176186,0.019784141207531986,0.02294834620582441,-0.00019983660163685183,-0.003966700215845465,78,Extreme Greed,237504.1905,910751773.181592,-0.1419883816843212,-0.1388154574756117,0.00018259333333333334,5.716666666666668e-05,3813.46,-0.013680880614828677,0.011527700774936058,0.03814127349324935,0.023857750331567062,0.038251572007405
2024-06-07,2305.199951171875,75.52999877929688,2.9179999828338623,5346.990234375,12.220000267028809,-0.027849130615993235,-0.0002648169491050799,0.033806977039391596,-0.0011158420502790662,-0.029034269612359193,77,Extreme Greed,362223.3594,1352307567.238349,0.42207576893789367,0.3952973384584129,0.00015454,-2.8053333333333345e-05,3678.32,-0.03608078731115959,0.018505176090057522,0.0388465720786182,0.02429711845166601,0.03814127349324935
2024-06-08,2305.199951171875,75.52999877929688,2.9179999828338623,5346.990234375,12.220000267028809,0.0,0.0,0.0,0.0,0.0,72,Greed,140550.8394,518118534.039922,-0.946691766880884,-0.9593636750170169,0.0001,-5.453999999999999e-05,3681.57,0.000883165430799822,0.01705559692372145,0.03877623671698719,0.025190154637463637,0.0388465720786182
2024-06-09,2305.199951171875,75.52999877929688,2.9179999828338623,5346.990234375,12.220000267028809,0.0,0.0,0.0,0.0,0.0,75,Greed,103451.102,381854484.95566,-0.3064702129626349,-0.30516443967566526,0.0001,0.0,3706.4,0.0067217634855674885,0.017477294260880526,0.03766156067479641,0.02540516628240389,0.03877623671698719
2024-06-10,2307.699951171875,77.73999786376953,2.9059998989105225,5360.7900390625,12.739999771118164,0.0010839169709689002,0.02883998578138424,-0.004120913856128262,0.002577529978240972,0.041672656583176315,72,Greed,156363.1846,575211243.30527,0.4130823511949682,0.4096977463922231,0.0001,0.0,3667.85,-0.010455395782558196,0.017717302984039084,0.03779253368536352,0.02558945050706559,0.03766156067479641
2024-06-11,2307.5,77.9000015258789,3.128999948501587,5375.31982421875,12.850000381469727,-8.664897474244984e-05,0.0020560745194554914,0.07393591786669747,0.0027067148552095224,0.008597208849178589,74,Greed,439568.5978,1552225947.171155,1.0336123785830806,0.9927079216729581,0.0001,0.0,3497.33,-0.0476058391088094,0.022629962567765026,0.039119027882797905,0.024337475886450865,0.03779253368536352
2024-06-12,2336.0,78.5,3.0450000762939453,5421.02978515625,12.039999961853027,0.012275377571110555,0.007672652323997818,-0.02721252201097664,0.008467720241887338,-0.06510940431526659,72,Greed,387043.774,1384558593.85822,-0.12725598865767523,-0.11430861163549993,0.0001,0.0,3560.12,0.017794431932076193,0.023297728001752616,0.039178704548872526,0.024158569373810723,0.039119027882797905
2024-06-13,2300.199951171875,78.62000274658203,2.9590001106262207,5433.740234375,11.9399995803833,-0.015444010517410593,0.0015275301402533966,-0.028649515412917312,0.00234191143711672,-0.008340363891643488,70,Greed,300230.8299,1048214494.75108,-0.253986185949929,-0.2782931485259307,0.0001,0.0,3469.4,-0.02581258381583872,0.02390643481085498,0.03923677051016211,0.024010423182350433,0.039178704548872526
2024-06-14,2331.39990234375,78.44999694824219,2.88100004196167,5431.60009765625,12.65999984741211,0.013472849167638714,-0.0021647146502484236,-0.02671394013706729,-0.00039393828099749413,0.058553331842595924,74,Greed,322316.4214,1116570671.848945,0.07098212639614675,0.06317385244451605,0.0001,0.0,3481.8,0.003567733097309177,0.022310591535398865,0.038315752023215785,0.024399589084269004,0.03923677051016211
2024-06-15,2331.39990234375,78.44999694824219,2.88100004196167,5431.60009765625,12.65999984741211,0.0,0.0,0.0,0.0,0.0,74,Greed,246649.5894,873576137.27908,-0.2675650752192446,-0.24542207771544858,0.0001,0.0,3568.74,0.024663190874200495,0.025450396577377188,0.037930794401901745,0.027432856207174765,0.038315752023215785
2024-06-16,2331.39990234375,78.44999694824219,2.88100004196167,5431.60009765625,12.65999984741211,0.0,0.0,0.0,0.0,0.0,71,Greed,149839.982,537492821.643428,-0.49840072496359766,-0.48567988440125665,0.0001,0.0,3624.41,0.015478924122645602,0.02629219188494954,0.0371253555563024,0.027320528104128453,0.037930794401901745
2024-06-17,2312.39990234375,80.33000183105469,2.7880001068115234,5473.22998046875,12.75,-0.008182999621581656,0.023681732701511034,-0.032812939457918244,0.007635164372320518,0.007083866941161012,71,Greed,337805.6402,1196162530.919053,0.812902763088668,0.7999584158642563,9.712333333333333e-05,-2.8766666666666724e-06,3511.46,-0.031659611030654206,0.028404630235250708,0.037717984632457645,0.02688819801168053,0.0371253555563024
2024-06-18,2330.39990234375,81.56999969482422,2.9089999198913574,5487.02978515625,12.300000190734863,0.007753980763100305,0.01531837059133567,0.042484820765417666,0.0025181541815171163,-0.035931993719163995,74,Greed,449913.3014,1541798882.411695,0.2865841995504457,0.2538312984705462,6.898666666666667e-05,-2.8136666666666658e-05,3483.42,-0.008017335592698611,0.022014653599005878,0.03758729509053784,0.02695489577071166,0.037717984632457645
2024-06-19,2330.39990234375,81.56999969482422,2.9089999198913574,5487.02978515625,12.300000190734863,0.0,0.0,0.0,0.0,0.0,64,Greed,321500.0027,1138419054.652927,-0.33605734857099506,-0.3033093344299829,8.707333333333333e-05,1.8086666666666657e-05,3560.51,0.02188922321442301,0.022629749218571343,0.019491607659717615,0.02696479722877391,0.03758729509053784
2024-06-20,2353.800048828125,82.16999816894531,2.740999937057495,5473.169921875,13.279999732971191,0.009991179448078678,0.007328706088144798,-0.059486557617545614,-0.0025291273954115403,0.07665984605542543,60,Greed,329117.8453,1170597741.257869,0.02341832695519641,0.027874002560483765,6.519e-05,-2.1883333333333328e-05,3513.08,-0.013410647446931425,0.020671351175456012,0.018434615193998263,0.026865258950087362,0.019491607659717615
2024-06-21,2316.39990234375,80.7300033569336,2.7049999237060547,5464.6201171875,13.199999809265137,-0.016016849994939065,-0.017679954670203727,-0.013220910263653346,-0.0015633517188252497,-0.006042308797982368,63,Greed,342155.102,1197095546.233963,0.038848269844810386,0.02238373649164073,4.283e-05,-2.2360000000000003e-05,3518.5,0.0015416168410010394,0.020656446707630016,0.018323928262721542,0.02688074873341557,0.018434615193998263
2024-06-22,2316.39990234375,80.7300033569336,2.7049999237060547,5464.6201171875,13.199999809265137,0.0,0.0,0.0,0.0,0.0,53,Neutral,115774.6157,405045499.421582,-1.0836188158839748,-1.0836541187403712,4.771666666666666e-05,4.886666666666662e-06,3495.75,-0.006486817485643583,0.018021472025925887,0.01814075217898293,0.027334096041078948,0.018323928262721542
2024-06-23,2316.39990234375,80.7300033569336,2.7049999237060547,5464.6201171875,13.199999809265137,0.0,0.0,0.0,0.0,0.0,55,Greed,133411.4304,463204539.05644,0.1417924819763414,0.13416932050820196,4.965000000000001e-05,1.933333333333344e-06,3420.91,-0.021641347386467055,0.01713369809735782,0.01834234329975063,0.027133717428096622,0.01814075217898293
2024-06-24,2330.0,81.62999725341797,2.811000108718872,5447.8701171875,13.329999923706055,0.005854053366742159,0.011086512827385236,0.03843844650696162,-0.0030698791558664423,0.009800313324426333,51,Neutral,543370.4229,1807046957.965219,1.404353450840839,1.3612805513982316,8.360666666666667e-05,3.395666666666666e-05,3352.73,-0.020131658213640387,0.014920208750091713,0.018533144940074953,0.028044084478536305,0.01834234329975063
2024-06-25,2316.60009765625,80.83000183105469,2.75600004196167,5469.2998046875,12.84000015258789,-0.0057676319065113404,-0.009848601417630847,-0.01975996222363866,0.003925873679181344,-0.03745181832153341,30,Fear,240036.2236,812730026.8442,-0.8170014221894003,-0.7990502928557279,0.0001,1.6393333333333338e-05,3394.91,0.012502311747657655,0.01652648571374715,0.01823300256485701,0.029319639529115905,0.018533144940074953
2024-06-26,2299.199951171875,80.9000015258789,2.628000020980835,5477.89990234375,12.550000190734863,-0.0075394205654809275,0.0008656365268328098,-0.04755725977104267,0.0015711962247204525,-0.022844629369817324,46,Fear,206949.3418,699375819.276128,-0.14831580590831267,-0.15021073359202075,0.0001,0.0,3371.44,-0.006937298285359013,0.012090287009430375,0.01777792293296881,0.029911901211045044,0.01823300256485701
2024-06-27,2324.5,81.73999786376953,2.684999942779541,5482.8701171875,12.239999771118164,0.010943747042885628,0.010329609075931839,0.021457598043730836,0.0009069098567990731,-0.025011422391106403,40,Fear,201041.6609,687897292.145414,-0.028961882970104862,-0.01654870838898665,0.0001,0.0,3450.44,0.02316180634208464,0.01639486055493658,0.018421029996192488,0.029583174652191395,0.01777792293296881
2024-06-28,2327.699951171875,81.54000091552734,2.6010000705718994,5460.47998046875,12.4399995803833,0.0013756724603899051,-0.0024497433826135406,-0.03178469305055309,-0.0040920134623695995,0.016207795195103535,47,Neutral,221634.3435,760116781.029508,0.0975167678169551,0.09983253860844164,0.0001,0.0,3380.15,-0.020581671934651647,0.01756101220657115,0.018429904655537746,0.029409350230652775,0.018421029996192488
2024-06-29,2327.699951171875,81.54000091552734,2.6010000705718994,5460.47998046875,12.4399995803833,0.0,0.0,0.0,0.0,0.0,30,Fear,88329.7651,299468173.245718,-0.9199517811502883,-0.9314639351079401,0.0001,0.0,3378.8,-0.000399470337242364,0.01766772536945864,0.018436531543366958,0.0295457272405093,0.018429904655537746
2024-06-30,2327.699951171875,81.54000091552734,2.6010000705718994,5460.47998046875,12.4399995803833,0.0,0.0,0.0,0.0,0.0,47,Neutral,141221.6185,480491273.121482,0.46925327745589734,0.47280092054991757,0.0001,0.0,3438.16,0.017415827691843896,0.017652424280822917,0.01878523388601785,0.029410624808829597,0.018436531543366958
2024-07-01,2327.60009765625,83.37999725341797,2.4779999256134033,5475.08984375,12.220000267028809,-4.2898852745440194e-05,0.02231473089305164,-0.04844426041097068,0.0026719909814295235,-0.017843077984553226,53,Neutral,224273.2122,780112100.208223,0.46253458708620354,0.4846285614055011,0.0001,0.0,3442.2,0.0011743572906945748,0.015112222552840162,0.01852496753149977,0.029495871987753372,0.01878523388601785
2024-07-02,2323.0,82.80999755859375,2.434999942779541,5509.009765625,12.029999732971191,-0.0019782819678747557,-0.006859641948526388,-0.017505020152755044,0.0061762057711850496,-0.015670467805554818,51,Neutral,137932.7014,473853655.522322,-0.4860991107574413,-0.4985390971726763,0.0001,0.0,3421.35,-0.006075591825215269,0.014951951781205917,0.018500304233118176,0.029515256780469394,0.01852496753149977
2024-07-03,2359.800048828125,83.87999725341797,2.4179999828338623,5537.02001953125,12.09000015258789,0.01571743658704651,0.01283837572594993,-0.007005987942102696,0.0050715622695336636,0.0049751694580224505,50,Neutral,310408.451,1031040642.948245,0.8111231189057035,0.7774253737401531,0.0001,0.0,3295.48,-0.03748337741811465,0.020946977301058003,0.019523404003612153,0.031325395590994815,0.018500304233118176
2024-07-04,2359.800048828125,83.87999725341797,2.4179999828338623,5537.02001953125,12.09000015258789,0.0,0.0,0.0,0.0,0.0,44,Fear,450402.5692,1425360058.279399,0.37225276697385656,0.3238558291228966,0.0001,0.0,3059.7,-0.07423496066796823,0.030598785431450174,0.023064243207884246,0.02878132413683419,0.019523404003612153
2024-07-05,2388.5,83.16000366210938,2.319000005722046,5567.18994140625,12.479999542236328,0.012088663472560882,-0.008620666262815612,-0.041804684352431114,0.00543397436096954,0.03174864901379818,29,Fear,886994.3753,2602693094.463384,0.6776968599547014,0.6021222602327723,8.157666666666667e-05,-1.842333333333333e-05,2981.78,-0.025796434310749378,0.03075877294795476,0.02292210320538482,0.03161971155099268,0.023064243207884246
2024-07-06,2388.5,83.16000366210938,2.319000005722046,5567.18994140625,12.479999542236328,0.0,0.0,0.0,0.0,0.0,26,Fear,214487.9713,646245038.475145,-1.4195849820866182,-1.393123245110712,7.150333333333333e-05,-1.0073333333333344e-05,3066.83,0.02812401720644482,0.035055050404342945,0.023857750331567062,0.03611554814528726,0.02292210320538482
2024-07-07,2388.5,83.16000366210938,2.319000005722046,5567.18994140625,12.479999542236328,0.0,0.0,0.0,0.0,0.0,29,Fear,179892.7612,538755029.459879,-0.17589275670320098,-0.18191777158651584,6.0893333333333335e-05,-1.0609999999999995e-05,2931.0,-0.04530079310938496,0.033724749116309516,0.02429711845166601,0.03568173580647494,0.023857750331567062
2024-07-08,2355.199951171875,82.33000183105469,2.365999937057495,5572.85009765625,12.369999885559082,-0.01403992502750996,-0.010030923475955026,0.020064678212418956,0.0010161824764044329,-0.00885314910859194,28,Fear,500445.0105,1484924133.828654,1.0231368213513798,1.0138579848021219,7.593333333333334e-05,1.5040000000000005e-05,3019.01,0.029585301345544966,0.038466938066251385,0.025190154637463637,0.03589074823898564,0.02429711845166601
2024-07-09,2360.10009765625,81.41000366210938,2.3440001010894775,5576.97998046875,12.510000228881836,0.002078403578812869,-0.011237422981347668,-0.009341824111600837,0.0007407974780654752,0.011254165621822165,27,Fear,280358.1424,859567747.663927,-0.5794298577450487,-0.5466893177040224,4.837666666666666e-05,-2.755666666666668e-05,3066.65,0.015656797515207238,0.040483586887594854,0.02540516628240389,0.04433076802531865,0.025190154637463637
2024-07-10,2372.199951171875,82.0999984741211,2.3289999961853027,5633.91015625,12.850000381469727,0.00511374163037859,0.008439837303350642,-0.0064199255773836,0.010156314878105886,0.026815498252858585,28,Fear,270827.0844,839730659.372952,-0.03458731355832037,-0.023348447080272467,5.1529999999999996e-05,3.153333333333336e-06,3101.05,0.011155003229838744,0.040282302448057146,0.02558945050706559,0.04450049413083127,0.02540516628240389
2024-07-11,2415.0,82.62000274658203,2.2679998874664307,5584.5400390625,12.920000076293945,0.017881513074975274,0.006313817339398577,-0.02654065301676331,-0.008801649969266724,0.0054326632319714845,29,Fear,289229.32,907129989.222096,0.06573931598657025,0.07720456080473473,6.180333333333334e-05,1.0273333333333342e-05,3099.57,-0.00047737162674238903,0.028076446064057996,0.024337475886450865,0.044528894967813475,0.02558945050706559
2024-07-12,2414.0,82.20999908447266,2.3289999961853027,5615.35009765625,12.460000038146973,-0.0004141644291962591,-0.004974877184572584,0.026540653016763362,0.00550186402496512,-0.03625298783869797,25,Extreme Fear,185745.1825,575599522.850663,-0.442844120407051,-0.454873611568377,7.294666666666666e-05,1.1143333333333319e-05,3133.88,0.011008461282564313,0.025350198165600125,0.024158569373810723,0.044498735775149866,0.024337475886450865
2024-07-13,2414.0,82.20999908447266,2.3289999961853027,5615.35009765625,12.460000038146973,0.0,0.0,0.0,0.0,0.0,25,Extreme Fear,119302.4769,376336968.783293,-0.4427136570314797,-0.4249272104321456,9.194666666666667e-05,1.9000000000000015e-05,3175.93,0.013328649364562585,0.02388000404423085,0.024010423182350433,0.04618051980800484,0.024158569373810723
2024-07-14,2414.0,82.20999908447266,2.3289999961853027,5615.35009765625,12.460000038146973,0.0,0.0,0.0,0.0,0.0,33,Fear,165430.7716,530204017.169411,0.3268907179834524,0.342776934911223,6.515333333333334e-05,-2.6793333333333333e-05,3245.08,0.021539500325223178,0.009376567297493123,0.024399589084269004,0.045905419471394183,0.024010423182350433
2024-07-15,2422.89990234375,81.91000366210938,2.1579999923706055,5631.22021484375,13.119999885559082,0.0036800068503831792,-0.0036558097911436604,-0.07625712596374949,0.0028222164233526843,0.05161425837245012,52,Neutral,314296.8452,1058747637.288266,0.6417850973929237,0.6915801438268163,6.128666666666666e-05,-3.866666666666675e-06,3483.39,0.0708659543880182,0.023202505729839864,0.027432856207174765,0.043559392178315545,0.024399589084269004
2024-07-16,2462.39990234375,80.76000213623047,2.187999963760376,5667.2001953125,13.1899995803833,0.016171314917783012,-0.014139308340223741,0.013806004696292772,0.0063690499714532745,0.005321160122665793,65,Greed,376128.7869,1291412549.937766,0.17959369688554172,0.19864988387348168,6.279e-05,1.5033333333333364e-06,3444.13,-0.011334624893841374,0.026181372252814184,0.027320528104128453,0.04381735142497943,0.027432856207174765
2024-07-17,2454.800048828125,82.8499984741211,2.0350000858306885,5588.27001953125,14.479999542236328,-0.00309113301982428,0.025549905558976974,-0.07249200692503521,-0.014025441523645543,0.09330942042807858,69,Greed,297812.5162,1029558208.636794,-0.2334674548497771,-0.2266068326762915,6.667e-05,3.879999999999997e-06,3387.05,-0.016711996605915814,0.029100335179683308,0.02688819801168053,0.043925886837152185,0.027320528104128453
2024-07-18,2451.800048828125,82.81999969482422,2.125,5544.58984375,15.930000305175781,-0.0012228428297097356,-0.00036215102259073414,0.04327594130458014,-0.007847112145350072,0.09543578773519995,61,Greed,241950.3457,829503482.767012,-0.2077316261992503,-0.2160577573002045,6.654666666666666e-05,-1.2333333333333272e-07,3426.5,0.011579995990526091,0.02854869301327616,0.02695489577071166,0.04387807798126625,0.02688819801168053
2024-07-19,2395.5,80.12999725341797,2.128000020980835,5505.0,16.520000457763672,-0.02323049125293214,-0.03301929291921077,0.001410778962432597,-0.007165879226406085,0.03636765272324057,60,Greed,299511.6422,1034724329.319296,0.21342076687429143,0.221063013482824,7.513333333333333e-05,8.58666666666667e-06,3503.53,0.02223169961375485,0.028646367578764875,0.02696479722877391,0.043511739727597455,0.02695489577071166
2024-07-20,2395.5,80.12999725341797,2.128000020980835,5505.0,16.520000457763672,0.0,0.0,0.0,0.0,0.0,74,Greed,147510.8165,516504071.765199,-0.7082517836256134,-0.6948071498311263,5.437333333333333e-05,-2.0760000000000005e-05,3517.5,0.003979478348910874,0.029003501438343758,0.026865258950087362,0.04357946065250167,0.02696479722877391
2024-07-21,2395.5,80.12999725341797,2.128000020980835,5505.0,16.520000457763672,0.0,0.0,0.0,0.0,0.0,74,Greed,218890.9656,764360242.601174,0.3946722265689093,0.3919560278568538,6.081666666666667e-05,6.44333333333334e-06,3535.92,0.005223010078664497,0.029007827217984686,0.02688074873341557,0.043567305202534094,0.026865258950087362
2024-07-22,2392.0,79.77999877929688,2.250999927520752,5564.41015625,14.90999984741211,-0.0014621412526544951,-0.0043774503370086724,0.05619194838709325,0.010734217246220293,-0.10253967725977965,70,Greed,207859.5043,724117324.169122,-0.051711340484283025,-0.05408577054997658,6.812e-05,7.303333333333335e-06,3439.6,-0.027618334530467182,0.01741232639968241,0.027334096041078948,0.04384603717481224,0.02688074873341557
2024-07-23,2404.60009765625,76.95999908447266,2.187000036239624,5555.740234375,14.720000267028809,0.005253774082549602,-0.035987036715088364,-0.028843771460802588,-0.0015593176939461904,-0.012824987101443355,71,Greed,500568.7811,1737977523.022786,0.8788826227093647,0.8755239438591862,8.935000000000002e-05,2.1230000000000012e-05,3482.51,0.012398112613455527,0.017557965933361647,0.027133717428096622,0.04367757588590273,0.027334096041078948
2024-07-24,2413.300048828125,77.58999633789062,2.117000102996826,5427.1298828125,18.040000915527344,0.0036115155414233003,0.008152711246337686,-0.032530717460120394,-0.02342124222289286,0.20338443394305505,69,Greed,275479.0506,940244066.497797,-0.5972334297662141,-0.6143378863010894,7.655666666666667e-05,-1.2793333333333345e-05,3335.81,-0.043037769729975965,0.02382925317179531,0.028044084478536305,0.04458783511022533,0.027133717428096622
2024-07-25,2351.89990234375,78.27999877929688,2.0409998893737793,5399.22021484375,18.459999084472656,-0.025771655108934748,0.00885362122617054,-0.03656021117924674,-0.005155889019717259,0.023014614095178493,68,Greed,494282.6398,1570457188.18384,0.5845959145969419,0.5129825718434655,4.4613333333333335e-05,-3.1943333333333336e-05,3175.48,-0.049256726417778035,0.028593217242746907,0.029319639529115905,0.043860574009074775,0.028044084478536305
2024-07-26,2380.0,77.16000366210938,2.00600004196167,5459.10009765625,16.389999389648438,0.011877017079959726,-0.014410891435045557,-0.01729711916791206,0.011029420409570924,-0.11893482396303547,68,Greed,260237.4641,844064770.724818,-0.6415129612683362,-0.620892824399606,4.033333333333333e-05,-4.2800000000000065e-06,3274.61,0.03073997600638479,0.030360982254099684,0.029911901211045044,0.043352128957611806,0.029319639529115905
2024-07-27,2380.0,77.16000366210938,2.00600004196167,5459.10009765625,16.389999389648438,0.0,0.0,0.0,0.0,0.0,72,Greed,231991.9037,757931406.545815,-0.11489206443843393,-0.10763634535230696,4.0839999999999995e-05,5.066666666666663e-07,3249.01,-0.007848443474350228,0.029799769311232144,0.029583174652191395,0.04348040471926365,0.029911901211045044
2024-07-28,2380.0,77.16000366210938,2.00600004196167,5459.10009765625,16.389999389648438,0.0,0.0,0.0,0.0,0.0,71,Greed,103529.8329,336422802.722383,-0.8068426614607396,-0.8122241785132206,0.0001,5.916000000000001e-05,3270.16,0.006488578823412966,0.02992061973538875,0.029409350230652775,0.0458072451247944,0.029583174652191395
2024-07-29,2377.300048828125,75.80999755859375,1.906999945640564,5463.5400390625,16.600000381469727,-0.0011350772219737724,-0.017651057634833576,-0.05061141234475294,0.0008129795718284517,0.0127313628261293,74,Greed,318471.5055,1061016180.078098,1.1236731945800373,1.1486136779848668,9.391333333333333e-05,-6.086666666666677e-06,3317.66,0.014420801773655689,0.03028384372716797,0.0295457272405093,0.046131551456245666,0.029409350230652775
2024-07-30,2405.0,74.7300033569336,2.125999927520752,5436.43994140625,17.690000534057617,0.011584493096314897,-0.014348515000907594,0.10871094771484612,-0.0049725143613676215,0.06359682001889519,67,Greed,197277.1641,652703227.796507,-0.4789233420191233,-0.4858598374079733,0.0001,6.086666666666677e-06,3279.21,-0.01165717542179405,0.029308975976541217,0.029410624808829597,0.04615616424346404,0.0295457272405093
2024-07-31,2426.5,77.91000366210938,2.0360000133514404,5522.2998046875,16.360000610351562,0.008899986305409351,0.041672698484094266,-0.04325514058195915,0.015669980701917767,-0.07816016987934357,61,Greed,233711.3352,769347274.945988,0.1694770792650994,0.16441990954819832,0.0001,0.0,3232.74,-0.014272464880157914,0.02543522001092348,0.029495871987753372,0.04616630447596277,0.029410624808829597
2024-08-01,2435.0,76.30999755859375,1.968000054359436,5446.68017578125,18.59000015258789,0.0034968666714193194,-0.020750402038847978,-0.03396927899423228,-0.013788123791990166,0.1277844414592625,52,Neutral,323285.6105,1020921619.452479,0.32444943196633474,0.28291858633101613,8.657666666666667e-05,-1.342333333333333e-05,3203.4,-0.009117329095398752,0.016675214589515184,0.029515256780469394,0.04616932406544725,0.029495871987753372
2024-08-02,2425.699951171875,73.5199966430664,1.9670000076293945,5346.56005859375,23.389999389648438,-0.003826634135013617,-0.03724652692098453,-0.0005082829661082405,-0.01855290660855327,0.22968474456012009,57,Greed,385704.0395,1185594927.514843,0.17653416278086484,0.14953892931383486,6.399e-05,-2.2586666666666672e-05,2989.61,-0.06906980163942816,0.026834565078502216,0.031325395590994815,0.04503006323419346,0.029515256780469394
2024-08-03,2425.699951171875,73.5199966430664,1.9670000076293945,5346.56005859375,23.389999389648438,0.0,0.0,0.0,0.0,0.0,37,Fear,344595.3157,1013020792.752083,-0.1126996077652457,-0.15730794616754767,5.411e-05,-9.88e-06,2903.64,-0.02917782177676601,0.02735694504818208,0.02878132413683419,0.045807825524434714,0.031325395590994815
2024-08-04,2425.699951171875,73.5199966430664,1.9670000076293945,5346.56005859375,23.389999389648438,0.0,0.0,0.0,0.0,0.0,34,Fear,512064.2612,1426784556.442743,0.39607939676025106,0.34248659956121186,4.2103333333333334e-05,-1.2006666666666668e-05,2688.92,-0.07682549632844399,0.03337575183555757,0.03161971155099268,0.044436256270768665,0.02878132413683419
2024-08-05,2401.699951171875,72.94000244140625,1.9420000314712524,5186.330078125,38.56999969482422,-0.00994332279261066,-0.00792021353532362,-0.012791157210896409,-0.0304270413923931,0.500166209806343,26,Fear,2670604.1003,6243689817.192618,1.6516098532765298,1.476147973947913,-2.6413333333333337e-05,-6.851666666666667e-05,2419.59,-0.10554152167987006,0.038408470512158614,0.03611554814528726,0.04007838570518672,0.03161971155099268
2024-08-06,2389.10009765625,73.19999694824219,2.009999990463257,5240.02978515625,27.709999084472656,-0.005260032745343863,0.0035581604246189076,0.03441633125161479,0.010300849493599515,-0.33068143847259307,17,Extreme Fear,642283.8038,1601879002.769123,-1.4250297125934333,-1.3603940075447087,-4.684333333333334e-05,-2.0430000000000003e-05,2461.33,0.017103749924450695,0.04374864198611256,0.03568173580647494,0.040429304177500194,0.03611554814528726
2024-08-07,2390.5,75.2300033569336,2.111999988555908,5199.5,27.850000381469727,0.0005857822224360302,0.02735475291781767,0.04950064309907494,-0.007764715388769489,0.0050396542353046,29,Fear,630115.4228,1537271441.495759,-0.019127254604932482,-0.04116826322506525,-3.1146666666666664e-05,1.5696666666666675e-05,2342.8,-0.049355059018510734,0.042158977897892275,0.03589074823898564,0.04103642601075191,0.03568173580647494
2024-08-08,2422.199951171875,76.19000244140625,2.127000093460083,5319.31005859375,23.790000915527344,0.013173648862206806,0.012680120334172904,0.007077219732548592,0.02278113959089888,-0.15756761727201954,20,Extreme Fear,586502.8754,1474101815.469424,-0.07172544267387275,-0.041960188061892445,-2.9656666666666667e-05,1.4899999999999976e-06,2682.5,0.13540240028922618,0.08085622843478223,0.04433076802531865,0.032238566538390113,0.03589074823898564
2024-08-09,2432.10009765625,76.83999633789062,2.1429998874664307,5344.16015625,20.3700008392334,0.0040789238864625725,0.008495037712886217,0.007494083821314175,0.004660798434381699,-0.1552020913603775,48,Neutral,406739.9611,1069628608.098305,-0.3660035056918752,-0.3207373726614444,8.66e-06,3.8316666666666665e-05,2598.78,-0.0317070913877183,0.07869359321340998,0.04450049413083127,0.03197402993633398,0.04433076802531865
2024-08-10,2432.10009765625,76.83999633789062,2.1429998874664307,5344.16015625,20.3700008392334,0.0,0.0,0.0,0.0,0.0,40,Fear,171012.3619,446695039.692734,-0.8664382193298351,-0.8731906480096491,2.8966666666666676e-06,-5.763333333333333e-06,2609.92,0.004277465388845785,0.07905938984511672,0.044528894967813475,0.03243608719713633,0.04450049413083127
2024-08-11,2432.10009765625,76.83999633789062,2.1429998874664307,5344.16015625,20.3700008392334,0.0,0.0,0.0,0.0,0.0,39,Fear,297098.9145,780682452.75452,0.5523292831073203,0.5582923526165413,1.4566666666666666e-06,-1.440000000000001e-06,2555.38,-0.021118628942741847,0.07449858749546807,0.044498735775149866,0.03237788100319872,0.044528894967813475
2024-08-12,2462.39990234375,80.05999755859375,2.188999891281128,5344.39013671875,20.709999084472656,0.012381322610815695,0.04105103282825877,0.02123810489545183,4.30330517200971e-05,0.016553359762280576,25,Extreme Fear,483414.2506,1275788778.660518,0.4868088189587419,0.4911514396612432,4.745666666666667e-05,4.6e-05,2722.3,0.06327617065377597,0.06396706311187533,0.04618051980800484,0.030057566533077923,0.044498735775149866
2024-08-13,2466.699951171875,78.3499984741211,2.1480000019073486,5434.43017578125,18.1200008392334,0.0017447607257966857,-0.021590373742851835,-0.018907591340142384,0.016707233419049988,-0.1336002842703326,31,Fear,325668.6964,872886595.988518,-0.39499335186479123,-0.37951427033796387,-8.920000000000001e-06,-5.637666666666667e-05,2702.44,-0.007322042615237078,0.06461321775666433,0.045905419471394183,0.03016263298736227,0.04618051980800484
2024-08-14,2439.39990234375,76.9800033569336,2.2190001010894775,5455.2099609375,16.190000534057617,-0.011129137775200023,-0.01764025786340206,0.032519511972194146,0.00381643656119841,-0.11262254625371607,30,Fear,338808.7141,914805683.898244,0.039555087027325554,0.04690602949866361,8.633333333333336e-07,9.783333333333335e-06,2661.45,-0.015283981564079844,0.06023747807746351,0.043559392178315545,0.030817890467001587,0.045905419471394183
2024-08-15,2453.10009765625,78.16000366210938,2.197000026702881,5543.22021484375,15.229999542236328,0.005600503269123787,0.015212363125069652,-0.009963883950057224,0.01600448993130413,-0.06112666382606371,29,Fear,356546.8059,927491377.061398,0.0510298411521291,0.013771822071465545,4.4936666666666666e-05,4.407333333333333e-05,2569.89,-0.035007990620865556,0.03347519745235064,0.04381735142497943,0.030242720917737487,0.043559392178315545
2024-08-16,2498.60009765625,76.6500015258789,2.122999906539917,5554.25,14.800000190734863,0.01837804343675201,-0.019508429363616648,-0.03426266685825073,0.0019878023683961516,-0.028639943192801342,27,Fear,270684.1373,702631292.534931,-0.2755129279979257,-0.27765122043584617,1.4286666666666667e-05,-3.065e-05,2592.73,0.008848278205884167,0.031776445058554086,0.043925886837152185,0.03106824647557602,0.04381735142497943
2024-08-17,2498.60009765625,76.6500015258789,2.122999906539917,5554.25,14.800000190734863,0.0,0.0,0.0,0.0,0.0,25,Extreme Fear,89348.676,232787181.525924,-1.1084061727206962,-1.1047076248662442,-1.1693333333333332e-05,-2.598e-05,2614.51,0.008365324821256171,0.031912567229830324,0.04387807798126625,0.03099547704210793,0.043925886837152185
2024-08-18,2498.60009765625,76.6500015258789,2.122999906539917,5554.25,14.800000190734863,0.0,0.0,0.0,0.0,0.0,31,Fear,174074.0585,459975824.154323,0.6669344088610301,0.681049279748322,-1.3553333333333331e-05,-1.8599999999999991e-06,2612.15,-0.0009030624377273868,0.03054166675075431,0.043511739727597455,0.03130581188587707,0.04387807798126625
2024-08-19,2501.800048828125,74.37000274658203,2.234999895095825,5608.25,14.649999618530273,0.0012798782157230325,-0.030196953578393984,0.0514110424300707,0.009675327436177775,-0.010186884233373265,28,Fear,224867.1336,585578272.443482,0.25602887822132414,0.2414259269751801,-1.4436666666666668e-05,-8.833333333333373e-07,2636.36,0.00922554085269927,0.016329775997048296,0.04357946065250167,0.0313849837573701,0.043511739727597455
2024-08-20,2511.300048828125,74.04000091552734,2.197999954223633,5597.1201171875,15.880000114440918,0.0037900744796478744,-0.004447171575921042,-0.016693345973483393,-0.001986527237609709,0.08062015360140978,30,Fear,281315.8751,738361057.602134,0.22396843822352613,0.23183308401493863,7.333333333333331e-07,1.5170000000000002e-05,2572.82,-0.024396604272670947,0.01799727923809059,0.043567305202534094,0.03198660172437541,0.04357946065250167
2024-08-21,2508.39990234375,71.93000030517578,2.177000045776367,5620.85009765625,16.270000457763672,-0.0011555060403106994,-0.028912071948661716,-0.009600031875376332,0.004230714721006796,0.0242624863407933,26,Fear,245286.6218,638338169.862144,-0.13705073700998766,-0.14556475318041112,2.5916666666666665e-05,2.5183333333333333e-05,2630.71,0.022251198129545374,0.020537713480387812,0.04384603717481224,0.03252491697271997,0.043567305202534094
2024-08-22,2478.89990234375,73.01000213623047,2.052999973297119,5570.64013671875,17.549999237060547,-0.011830186756921601,0.014903019205474667,-0.05864567824964521,-0.00897294225665722,0.07573095707315049,39,Fear,199063.1196,521285357.086423,-0.20880545330868922,-0.20257058757203988,1.536e-05,-1.0556666666666667e-05,2622.88,-0.002980821037672695,0.014570994852512054,0.04367757588590273,0.0327378694321932,0.04384603717481224
2024-08-23,2508.39990234375,74.83000183105469,2.0220000743865967,5634.60986328125,15.859999656677246,0.011830186756921704,0.024622451234376702,-0.015214967643132661,0.01141793740166443,-0.10125371187992283,34,Fear,401786.4447,1082989033.023547,0.7022987570238046,0.7311825183175689,4.1666666666666665e-05,2.6306666666666667e-05,2762.48,0.05185587630264984,0.0236980768098479,0.04458783511022533,0.03128571798136302,0.04367757588590273
2024-08-24,2508.39990234375,74.83000183105469,2.0220000743865967,5634.60986328125,15.859999656677246,0.0,0.0,0.0,0.0,0.0,56,Greed,263542.9441,730370481.138122,-0.42170438496181634,-0.39392820665901185,1.5666666666666685e-07,-4.151e-05,2768.0,0.001996210756764014,0.02385095346804355,0.043860574009074775,0.031680178788496105,0.04458783511022533
2024-08-25,2508.39990234375,74.83000183105469,2.0220000743865967,5634.60986328125,15.859999656677246,0.0,0.0,0.0,0.0,0.0,54,Neutral,154527.2352,426733399.326636,-0.533845969999868,-0.5373924531245655,8.336666666666666e-06,8.18e-06,2746.13,-0.007932389942457324,0.024436417834694128,0.043352128957611806,0.03166370032568237,0.043860574009074775
2024-08-26,2517.699951171875,77.41999816894531,1.9559999704360962,5616.83984375,16.149999618530273,0.003700706198852698,0.03402622293678218,-0.03318560088874722,-0.0031587101696058145,0.018119831488631097,55,Greed,211708.1247,575695656.477179,0.314838195355975,0.29941968619808373,4.720333333333333e-05,3.8866666666666665e-05,2680.49,-0.02419303418173669,0.027083420847698884,0.04348040471926365,0.03176660253077884,0.043352128957611806
2024-08-27,2516.0,75.52999877929688,1.9040000438690186,5625.7998046875,15.430000305175781,-0.0006754281156969496,-0.024715209335050777,-0.02694459708853098,0.0015939251127232035,-0.04560633989509903,48,Neutral,412660.7197,1058769621.892103,0.667417197636355,0.6092836319830294,7.32e-05,2.5996666666666675e-05,2457.33,-0.0869242189766755,0.043011111043934444,0.0458072451247944,0.02754468179232575,0.04348040471926365
2024-08-28,2501.0,74.5199966430664,1.9299999475479126,5592.18017578125,17.110000610351562,-0.005979686942712076,-0.013462411477556464,0.013563016329922153,-0.005993900794735212,0.10334943742316474,30,Fear,451266.634,1124304892.423795,0.08943261761120803,0.06005747140648094,-1.8003333333333334e-05,-9.120333333333333e-05,2528.33,0.028483611085400803,0.04376484008736011,0.046131551456245666,0.02739171707370521,0.0458072451247944
2024-08-29,2525.699951171875,75.91000366210938,2.13700008392334,5591.9599609375,15.649999618530273,0.009827580801596993,0.018480975585486233,0.10188303986903097,-3.937984343658622e-05,-0.08919223096521478,29,Fear,237002.9632,603867504.225949,-0.6439857270070071,-0.6215654402682946,3.21e-06,2.1213333333333336e-05,2527.61,-0.0002848135084145817,0.04380430199104409,0.04615616424346404,0.027441240886653118,0.046131551456245666
2024-08-30,2493.800048828125,73.55000305175781,2.127000093460083,5648.39990234375,15.0,-0.012710561536922458,-0.03158298773172092,-0.004690435450617835,0.010042457079144168,-0.04242069150888951,34,Fear,338379.1941,845015735.149411,0.3560944986753168,0.33600043865566864,3.335e-05,3.0139999999999996e-05,2526.0,-0.0006371683032404386,0.036230102095000064,0.04616630447596277,0.02748172280375686,0.04615616424346404
2024-08-31,2493.800048828125,73.55000305175781,2.127000093460083,5648.39990234375,15.0,0.0,0.0,0.0,0.0,0.0,29,Fear,97946.1147,246514334.07653,-1.2397496652382483,-1.2319351064584276,7.674666666666667e-05,4.339666666666667e-05,2513.01,-0.005155786067161088,0.035842576496151975,0.04616932406544725,0.027770346324842727,0.04616630447596277
2024-09-01,2493.800048828125,73.55000305175781,2.127000093460083,5648.39990234375,15.0,0.0,0.0,0.0,0.0,0.0,26,Fear,223127.776,550299930.153449,0.8233271164654671,0.8030433149372461,4.6513333333333334e-05,-3.0233333333333334e-05,2425.72,-0.035352850323422016,0.03658433963231384,0.04503006323419346,0.029299857543613392,0.04616932406544725
2024-09-02,2493.800048828125,73.55000305175781,2.127000093460083,5648.39990234375,15.0,0.0,0.0,0.0,0.0,0.0,26,Fear,262632.8385,654854126.195111,0.16301241154631527,0.17394904559184576,2.8539999999999998e-05,-1.7973333333333336e-05,2538.01,0.04525192185704056,0.04333125207003553,0.045807825524434714,0.028703736810247776,0.04503006323419346
2024-09-03,2489.89990234375,70.33999633789062,2.203000068664551,5528.93017578125,20.719999313354492,-0.0015651613535240963,-0.04462491355686993,0.03510751883090268,-0.021377963372397696,0.32304918314980974,26,Fear,224793.1299,556674703.352341,-0.15557644884992683,-0.16243144893468298,5.256333333333333e-05,2.4023333333333334e-05,2425.29,-0.04542920452647489,0.032081021654813344,0.044436256270768665,0.027543602967210635,0.045807825524434714
2024-09-04,2493.39990234375,69.19999694824219,2.1449999809265137,5520.06982421875,21.31999969482422,0.0014046919562063706,-0.016339756459787656,-0.026680555500950325,-0.0016038290273809634,0.02854620073156293,27,Fear,384179.3854,921640300.674654,0.5359290363770651,0.5041739642178278,4.259333333333333e-05,-9.970000000000001e-06,2450.71,0.01042667362399451,0.02988383697713793,0.04007838570518672,0.027949334574519258,0.044436256270768665
2024-09-05,2511.39990234375,69.1500015258789,2.253999948501587,5503.41015625,19.899999618530273,0.0071931259247034075,-0.0007227383460925007,0.04956684928210662,-0.003022581014674196,-0.0689258724224691,29,Fear,278549.0969,667044058.826434,-0.3215152586718086,-0.3232989190700789,3.371666666666666e-05,-8.87666666666667e-06,2368.81,-0.033990059149168084,0.03175672088909622,0.040429304177500194,0.027224261999918703,0.04007838570518672
2024-09-06,2493.5,67.66999816894531,2.2750000953674316,5408.419921875,22.3799991607666,-0.007152981683501989,-0.021635156991438764,0.009273701552644432,-0.017410944507424406,0.11744795282340682,22,Extreme Fear,643027.111,1467265008.063493,0.8365925523310809,0.7882993091423413,4.1800000000000006e-05,8.083333333333345e-06,2225.23,-0.06252743828077964,0.037116093679844406,0.04103642601075191,0.0245106658761478,0.040429304177500194
2024-09-07,2493.5,67.66999816894531,2.2750000953674316,5408.419921875,22.3799991607666,0.0,0.0,0.0,0.0,0.0,23,Extreme Fear,219453.2076,498662894.230975,-1.075047854077042,-1.079225103295599,7.853333333333333e-06,-3.394666666666667e-05,2273.58,0.021495400637582665,0.03992698442676923,0.032238566538390113,0.024325109254639116,0.04103642601075191
2024-09-08,2493.5,67.66999816894531,2.2750000953674316,5408.419921875,22.3799991607666,0.0,0.0,0.0,0.0,0.0,29,Fear,192775.6493,440447734.826373,-0.12961195868008982,-0.12413851611241558,3.4263333333333334e-05,2.641e-05,2297.3,0.010378838616076844,0.03964923576033665,0.03197402993633398,0.024296871610419043,0.032238566538390113
2024-09-09,2501.800048828125,68.70999908447266,2.1700000762939453,5471.0498046875,19.450000762939453,0.0033231463116611603,0.01525181253292539,-0.04725289161179527,0.011513534435818254,-0.14032055609438693,26,Fear,321698.99,747001776.046536,0.5120892207803374,0.5282757740218823,8.986666666666666e-06,-2.5276666666666668e-05,2359.5,0.026715211868316886,0.035965653635790955,0.03243608719713633,0.02448426835127762,0.03197402993633398
2024-09-10,2512.300048828125,65.75,2.2320001125335693,5495.52001953125,19.079999923706055,0.004188195346663044,-0.04403506466059675,0.028170892226461287,0.004462699977793541,-0.019206447268627396,33,Fear,224382.1729,528411566.919702,-0.36026556758091094,-0.3461920998325431,-7.143333333333334e-06,-1.613e-05,2388.52,0.012224195084661072,0.03309905455729754,0.03237788100319872,0.0244113671449548,0.03243608719713633
2024-09-11,2512.10009765625,67.30999755859375,2.2699999809265137,5554.1298828125,17.690000534057617,-7.959205722123827e-05,0.023449106693669394,0.01688172815356528,0.01060855564984334,-0.07564112366000948,37,Fear,282898.3125,659291892.326731,0.23173678619631627,0.2212909057777246,8.306666666666666e-06,1.545e-05,2340.55,-0.020287982782529586,0.03318467149958768,0.030057566533077923,0.02442120095078075,0.03237788100319872
2024-09-12,2551.199951171875,68.97000122070312,2.3570001125335693,5595.759765625,17.06999969482422,0.015444721969289848,0.024362867390701433,0.037609848607506366,0.00746735215680267,-0.035677019433049094,31,Fear,202611.1308,476749201.764419,-0.3337989831961568,-0.3241757984957682,2.0739999999999998e-05,1.2433333333333332e-05,2361.76,0.0090211593201128,0.031183064250579123,0.03016263298736227,0.02451018283754079,0.030057566533077923
2024-09-13,2581.300048828125,68.6500015258789,2.305000066757202,5626.02001953125,16.559999465942383,0.011729349341314652,-0.00465049070133241,-0.022308966287879536,0.0053931422343560355,-0.030332402221190383,32,Fear,253888.616,607650210.702862,0.2256071210673501,0.2426088349153772,4.789e-05,2.715e-05,2439.19,0.03225891317213316,0.017139064501758516,0.030817890467001587,0.023824256090896716,0.03016263298736227
2024-09-14,2581.300048828125,68.6500015258789,2.305000066757202,5626.02001953125,16.559999465942383,0.0,0.0,0.0,0.0,0.0,50,Neutral,122931.2302,296990460.130078,-0.7252705562052054,-0.7158993875544502,1.8833333333333334e-06,-4.600666666666666e-05,2417.79,-0.008812117192878863,0.018447394182459467,0.030242720917737487,0.026351119354921893,0.030817890467001587
2024-09-15,2581.300048828125,68.6500015258789,2.305000066757202,5626.02001953125,16.559999465942383,0.0,0.0,0.0,0.0,0.0,51,Neutral,174364.1946,413278017.276324,0.34952108925360065,0.3304205142921981,1.073e-05,8.846666666666668e-06,2316.1,-0.042969163114274886,0.026805681880066493,0.03106824647557602,0.02500439983390713,0.030242720917737487
2024-09-16,2580.39990234375,70.08999633789062,2.372999906539917,5633.08984375,17.139999389648438,-0.0003487790851909712,0.02075892382264858,0.02907423265832455,0.0012558408673102855,0.034424760852599955,39,Fear,330555.232,756718235.682234,0.6396275776154852,0.6048704405641797,-1.621e-05,-2.694e-05,2295.68,-0.008855640749803263,0.024420154602180503,0.03099547704210793,0.02489310197497389,0.03106824647557602
2024-09-17,2564.300048828125,71.19000244140625,2.3239998817443848,5634.580078125,17.610000610351562,-0.00625883189495714,0.015572315146450825,-0.0208651499636982,0.00026451509389645083,0.02705207960763049,33,Fear,274206.2588,640307796.594042,-0.18689316927709998,-0.16704197944795224,5.298333333333333e-05,6.919333333333333e-05,2341.8,0.019890768510761287,0.02541634097210264,0.03130581188587707,0.024740691890842742,0.03099547704210793
2024-09-18,2570.699951171875,70.91000366210938,2.2839999198913574,5618.259765625,18.229999542236328,0.00249266043134922,-0.00394087444963749,-0.017361531385220792,-0.0029006587083132912,0.034601606412624705,45,Fear,292917.6008,679856751.171053,0.06601075098466871,0.059933123014545946,3.398333333333333e-05,-1.9e-05,2374.75,0.013972304355667368,0.024783226890112708,0.0313849837573701,0.02473908240869846,0.03130581188587707
2024-09-19,2588.0,71.94999694824219,2.3480000495910645,5713.64013671875,16.329999923706055,0.006707160271705417,0.014559871958021912,0.027635666366478774,0.016834356892725128,-0.11006466126974973,49,Neutral,326746.032,794820680.995054,0.10929186506266632,0.15623441477976105,6.128e-05,2.7296666666666666e-05,2465.21,0.037384827775575745,0.028192814492534572,0.03198660172437541,0.02389984168584819,0.0313849837573701
2024-09-20,2619.89990234375,71.91999816894531,2.434000015258789,5702.5498046875,16.149999618530273,0.01225073519220459,-0.0004170262146349265,0.03597207774794766,-0.0019429136300157343,-0.011083876262113658,54,Neutral,340754.5912,864016608.115563,0.0419793357039107,0.08347546025988335,9.911333333333333e-05,3.7833333333333336e-05,2561.4,0.03827698744610405,0.02919649666905045,0.03252491697271997,0.023814638313114048,0.03198660172437541
2024-09-21,2619.89990234375,71.91999816894531,2.434000015258789,5702.5498046875,16.149999618530273,0.0,0.0,0.0,0.0,0.0,54,Neutral,154757.8773,396953470.517631,-0.7893007306319078,-0.7777729198832404,5.956333333333334e-05,-3.954999999999999e-05,2612.4,0.019715355036530664,0.02860921568698584,0.0327378694321932,0.02427242624358658,0.03252491697271997
2024-09-22,2619.89990234375,71.91999816894531,2.434000015258789,5702.5498046875,16.149999618530273,0.0,0.0,0.0,0.0,0.0,52,Neutral,214266.3257,553059849.553399,0.3253579402130129,0.3316471516146717,6.698e-05,7.4166666666666595e-06,2581.0,-0.012092418309888196,0.019965183774724674,0.03128571798136302,0.024367908055875947,0.0327378694321932
2024-09-23,2626.5,70.37000274658203,2.61299991607666,5718.56982421875,15.890000343322754,0.002516049581020544,-0.02178728969472246,0.07096295358650237,0.0028053344257131223,-0.01623002389340957,50,Neutral,333282.0149,883518257.199407,0.4417692692869405,0.46844573346816903,5.2816666666666665e-05,-1.4163333333333334e-05,2646.97,0.025238668859070917,0.016976748405860498,0.031680178788496105,0.024895064444680055,0.03128571798136302
2024-09-24,2651.199951171875,71.55999755859375,2.5510001182556152,5732.93017578125,15.390000343322754,0.009360187860914403,0.016769149514567056,-0.024013468904610112,0.002508031103345345,-0.03197203199588042,54,Neutral,288600.0402,760159619.981534,-0.14394723752879365,-0.15038351865544963,4.46e-05,-8.216666666666665e-06,2653.2,0.002350869073716024,0.018297312001832957,0.03166370032568237,0.024909271701100126,0.031680178788496105
2024-09-25,2659.199951171875,69.69000244140625,2.63700008392334,5722.259765625,15.40999984741211,0.003012958044237874,-0.026479354040803024,0.03315645368021288,-0.001862983206212128,0.0012986692711907113,59,Greed,220343.4293,576100924.711546,-0.26985441416777245,-0.2772455756590635,3.901666666666667e-05,-5.583333333333331e-06,2579.95,-0.027996439768490675,0.025307259367355634,0.03176660253077884,0.025352410951223977,0.03166370032568237
2024-09-26,2669.89990234375,67.66999816894531,2.5850000381469727,5745.3701171875,15.369999885559082,0.004015674633472966,-0.029413947297257197,-0.019916416479016423,0.004030542158199222,-0.0025990893253781478,50,Neutral,278686.3573,731881168.916695,0.23489961062261625,0.239335301377276,8.537333333333333e-05,4.635666666666666e-05,2632.26,0.020072773877989385,0.023148645208865008,0.02754468179232575,0.02526731410780581,0.03176660253077884
2024-09-27,2644.300048828125,68.18000030517578,2.9019999504089355,5738.169921875,16.959999084472656,-0.00963458348443632,0.0075083480002425705,0.11567461465597245,-0.0012540029000721238,0.09844002627741914,61,Greed,281826.9792,753233859.358672,0.011206351616026875,0.02875758654274505,7.865e-05,-6.7233333333333305e-06,2694.43,0.023343886429398778,0.020586622575206947,0.02739171707370521,0.024924079705104896,0.02754468179232575
2024-09-28,2644.300048828125,68.18000030517578,2.9019999504089355,5738.169921875,16.959999084472656,0.0,0.0,0.0,0.0,0.0,64,Greed,137230.0342,367299958.062676,-0.7196347342056165,-0.7181969111320818,7.797666666666667e-05,-6.733333333333325e-07,2675.21,-0.0071587972686246865,0.020375669876061767,0.027441240886653118,0.025347523750409523,0.02739171707370521
2024-09-29,2644.300048828125,68.18000030517578,2.9019999504089355,5738.169921875,16.959999084472656,0.0,0.0,0.0,0.0,0.0,63,Greed,160554.3146,426486288.276277,0.1569736945473409,0.1494013783557806,6.317999999999999e-05,-1.479666666666668e-05,2657.62,-0.006596896503964429,0.019776590334602585,0.02748172280375686,0.025860535367385983,0.027441240886653118
2024-09-30,2636.10009765625,68.16999816894531,2.9230000972747803,5762.47998046875,16.729999542236328,-0.0031058092325682647,-0.00014671267121886113,0.0072103820347843685,0.004227603658441509,-0.013654088745303506,61,Greed,282475.7961,738997897.579085,0.5649605753483479,0.5497148589861869,8.260333333333333e-05,1.942333333333334e-05,2602.23,-0.021062215708309424,0.019296162934752073,0.027770346324842727,0.025593599845300342,0.02748172280375686
2024-10-01,2667.300048828125,69.83000183105469,2.8959999084472656,5708.75,19.260000228881836,0.01176615388576509,0.024059184564979595,-0.009280076498242213,-0.009367848694454447,0.14082693061688453,50,Neutral,502828.6804,1275068045.816548,0.5766566470637896,0.5454597494460406,9.465666666666668e-05,1.2053333333333349e-05,2447.79,-0.06118319307059319,0.02911417229438726,0.029299857543613392,0.02504555958899016,0.027770346324842727
2024-10-02,2647.10009765625,70.0999984741211,2.885999917984009,5709.5400390625,18.899999618530273,-0.007602005078805537,0.0038590291938212363,-0.0034590109768468306,0.00013838132698647728,-0.018868516371758504,42,Fear,317484.735,772815459.366551,-0.45981977802086355,-0.5007145383817918,8.953e-05,-5.126666666666673e-06,2364.1,-0.0347881768230544,0.0298587513789699,0.028703736810247776,0.024136188210828885,0.029299857543613392
2024-10-03,2657.10009765625,73.70999908447266,2.9700000286102295,5699.93994140625,20.489999771118164,0.003770601213994833,0.05021569050716062,0.028690530514572807,-0.0016828286544586894,0.08077504919837869,37,Fear,314635.9263,739732809.481887,-0.009013557574757474,-0.04375123432487385,3.721e-05,-5.232000000000001e-05,2349.8,-0.006067181682279811,0.026561260048476577,0.027543602967210635,0.024146233566592856,0.028703736810247776
2024-10-04,2645.800048828125,74.37999725341797,2.8540000915527344,5751.06982421875,19.209999084472656,-0.004261843753354774,0.00904858879004115,-0.03984041131429432,0.008930255699186382,-0.06450602195882109,41,Fear,239383.017,572627417.105369,-0.2733513301041132,-0.2560537794351807,4.2590000000000004e-05,5.380000000000006e-06,2414.41,0.02712473268730683,0.027520889685286206,0.027949334574519258,0.023851416462869347,0.027543602967210635
2024-10-05,2645.800048828125,74.37999725341797,2.8540000915527344,5751.06982421875,19.209999084472656,0.0,0.0,0.0,0.0,0.0,49,Neutral,103740.2316,250133597.688322,-0.8361748493327986,-0.8282401074148276,7.789e-05,3.53e-05,2414.66,0.00010353960502683366,0.02802770139614914,0.027224261999918703,0.024288351414439177,0.027949334574519258
2024-10-06,2645.800048828125,74.37999725341797,2.8540000915527344,5751.06982421875,19.209999084472656,0.0,0.0,0.0,0.0,0.0,50,Neutral,105752.7096,257213775.45288,0.01921343886806737,0.02791238435314817,5.866333333333333e-05,-1.922666666666667e-05,2440.03,0.010451843867824944,0.029542756926157415,0.0245106658761478,0.02428307284689947,0.027224261999918703
2024-10-07,2644.800048828125,77.13999938964844,2.746000051498413,5695.93994140625,22.639999389648438,-0.00037802895454220627,0.036434893297252344,-0.038576225033634504,-0.009632263829388773,0.16428729725441985,50,Neutral,300459.5407,742163736.966911,1.0442096646838814,1.059662338357322,5.076666666666667e-05,-7.896666666666662e-06,2422.71,-0.007123585979335531,0.029314971198656958,0.024325109254639116,0.03225509409171398,0.0245106658761478
2024-10-08,2615.0,73.56999969482422,2.7330000400543213,5751.1298828125,21.420000076293945,-0.011331369029670978,-0.04738461507175182,-0.004745404498015166,0.009642706804694385,-0.05539315779457903,49,Neutral,201358.3312,490043095.024962,-0.40022704182835156,-0.4150765523221973,8.323e-05,3.246333333333333e-05,2440.89,0.007475978564708481,0.019137782014437204,0.024296871610419043,0.03394611682517167,0.024325109254639116
2024-10-09,2606.0,73.23999786376953,2.6600000858306885,5792.0400390625,20.860000610351562,-0.0034476188142327953,-0.004495639157300412,-0.027073766540954846,0.007088231016994585,-0.02649158974936262,49,Neutral,242082.2725,586469983.393527,0.18419157423988497,0.17962815130623935,7.88e-05,-4.4299999999999965e-06,2370.47,-0.029274479174812445,0.017532874174605865,0.02448426835127762,0.03342117169497893,0.024296871610419043
2024-10-10,2620.60009765625,75.8499984741211,2.674999952316284,5780.0498046875,20.93000030517578,0.0055868577505378105,0.035015995038710473,0.005623207461498323,-0.0020722685059824846,0.003350072206641976,39,Fear,257862.9619,614182044.949536,0.06315065099366457,0.046169886774291964,8.887666666666668e-05,1.0076666666666671e-05,2386.49,0.006735419496232244,0.017415066274491502,0.0244113671449548,0.03448659929250837,0.02448426835127762
2024-10-11,2657.60009765625,75.55999755859375,2.631999969482422,5815.02978515625,20.459999084472656,0.014020160169731887,-0.0038306753550031453,-0.01620536065403536,0.00603360870729872,-0.022711835262393478,32,Fear,235441.2197,572065403.741898,-0.0909670039573661,-0.07103804729910775,8.483666666666667e-05,-4.040000000000009e-06,2439.5,0.02196943305546825,0.016256466910037865,0.02442120095078075,0.03444334077371773,0.0244113671449548
2024-10-12,2657.60009765625,75.55999755859375,2.631999969482422,5815.02978515625,20.459999084472656,0.0,0.0,0.0,0.0,0.0,49,Neutral,139637.5062,343538957.820228,-0.5224114611272342,-0.5099528074940478,7.265e-05,-1.2186666666666663e-05,2476.4,0.015012792389185134,0.017005960165062006,0.02451018283754079,0.03555976569910357,0.02442120095078075
2024-10-13,2657.60009765625,75.55999755859375,2.631999969482422,5815.02978515625,20.459999084472656,0.0,0.0,0.0,0.0,0.0,50,Neutral,120022.8179,295322793.084125,-0.15136794942499487,-0.15123154758660695,4.549666666666666e-05,-2.7153333333333343e-05,2468.91,-0.003029134969148349,0.016864330868007187,0.023824256090896716,0.036598708316745304,0.02451018283754079
2024-10-14,2647.800048828125,73.83000183105469,2.49399995803833,5859.85009765625,19.700000762939453,-0.0036943716604866234,-0.023161832450447797,-0.05385617143544974,0.007678114574594323,-0.037853041304464326,48,Neutral,435900.1619,1119084230.807938,1.289731356787089,1.3321970067971547,8.853000000000001e-05,4.303333333333335e-05,2629.79,0.06312723739912225,0.027986721281773347,0.026351119354921893,0.03543901025118231,0.023824256090896716
2024-10-15,2661.39990234375,70.58000183105469,2.497999906539917,5815.259765625,20.639999389648438,0.0051231384715043505,-0.04501833368193956,0.0016025438566243464,-0.0076385660375134215,0.0466122365702319,65,Greed,416285.6663,1083630113.139707,-0.046041508231015084,-0.032194079037280325,0.0001,1.1469999999999997e-05,2607.41,-0.008546603615558845,0.02902724012868404,0.02500439983390713,0.036398129150658154,0.026351119354921893
2024-10-16,2674.0,70.38999938964844,2.367000102996826,5842.47021484375,19.579999923706055,0.004723215245810717,-0.0026956452410497786,-0.05386700024391796,0.004668232782779766,-0.05272227783622492,73,Greed,260322.4242,681342662.41857,-0.46945076661660023,-0.46400654477165426,0.0001,0.0,2611.1,0.0014141970083359115,0.024108410529036117,0.02489310197497389,0.03640070762458378,0.02500439983390713
2024-10-17,2691.0,70.66999816894531,2.3469998836517334,5841.47021484375,19.110000610351562,0.006337393065017404,0.003969929843791636,-0.00848550674980333,-0.00017117512853816633,-0.024296843014801575,71,Greed,221624.5434,579597649.929403,-0.16093625165676193,-0.16173119916076162,0.0001,0.0,2605.8,-0.002031858698996803,0.024756346751171096,0.024740691890842742,0.036400629613604546,0.02489310197497389
2024-10-18,2713.699951171875,69.22000122070312,2.257999897003174,5864.669921875,18.030000686645508,0.00840012761358353,-0.020731272950513795,-0.03865844718241387,0.003963686942774387,-0.05817471489231307,73,Greed,292444.1153,771232214.935164,0.27728888545907115,0.28565535910591394,0.0001,0.0,2642.17,0.01386081943641187,0.024430216957068745,0.02473908240869846,0.036638648161286314,0.024740691890842742
2024-10-19,2713.699951171875,69.22000122070312,2.257999897003174,5864.669921875,18.030000686645508,0.0,0.0,0.0,0.0,0.0,72,Greed,105413.7646,278723129.157894,-1.0203803681059231,-1.0177705944141238,0.0001,0.0,2648.2,0.0022796147004131985,0.024589995556465325,0.02389984168584819,0.03724558694496766,0.02473908240869846
2024-10-20,2713.699951171875,69.22000122070312,2.257999897003174,5864.669921875,18.030000686645508,0.0,0.0,0.0,0.0,0.0,73,Greed,256910.7448,692550694.441629,0.890835506567259,0.9101625198640666,0.0001,0.0,2746.91,0.03659647963870094,0.025737239041165157,0.023814638313114048,0.03742528808637597,0.02389984168584819
2024-10-21,2723.10009765625,70.55999755859375,2.312000036239624,5853.97998046875,18.3700008392334,0.0034579737223619676,0.019173521255786898,0.023633546371422946,-0.001824432756419033,0.018681869613305074,72,Greed,310674.7232,839718870.967621,0.19001773065266642,0.19268571804887216,0.0001,0.0,2666.7,-0.02963489062861841,0.020274241764104136,0.02427242624358658,0.03701525393339002,0.023814638313114048
2024-10-22,2744.199951171875,72.08999633789062,2.311000108718872,5851.2001953125,18.200000762939453,0.007718602631013913,0.021451910519248066,-0.00043258814838486014,-0.0004749666671957937,-0.009297308909531486,70,Greed,265747.713,699818031.28854,-0.15619904737595863,-0.18224681245379143,0.0001,0.0,2622.81,-0.016595490814311574,0.021179520877278726,0.024367908055875947,0.03983603457199287,0.02427242624358658
2024-10-23,2714.39990234375,70.7699966430664,2.3420000076293945,5797.419921875,19.239999771118164,-0.01091867720094922,-0.018480152964077994,0.013324890096842276,-0.009233824267679564,0.05556979733891606,71,Greed,352647.7086,897683017.740168,0.2829221546200309,0.24899667311425094,0.0001,0.0,2524.61,-0.03815966676698236,0.025782584529090945,0.024895064444680055,0.039003042438058244,0.024367908055875947
2024-10-24,2734.89990234375,70.19000244140625,2.5220000743865967,5809.85986328125,19.079999923706055,0.007523937915991553,-0.008229249128125489,0.07404699860464296,0.0021434731305568283,-0.008350771319909049,69,Greed,290851.7842,737665762.666147,-0.19265576120099664,-0.196326193165615,0.0001,0.0,2535.82,0.004430460785638904,0.02601339328243601,0.024909271701100126,0.03903797221717829,0.024895064444680055
2024-10-25,2740.89990234375,71.77999877929688,2.559999942779541,5808.1201171875,20.329999923706055,0.002191461563702766,0.022399983188136557,0.01495496910191978,-0.00029949201318627087,0.06345696186597276,72,Greed,514799.8822,1282541014.469803,0.5709644421237048,0.5531077307312674,0.0001,0.0,2440.62,-0.03826495074970141,0.027503569407905885,0.025352410951223977,0.03816567604983894,0.024909271701100126
2024-10-27,2740.89990234375,71.77999877929688,2.559999942779541,5808.1201171875,20.329999923706055,0.0,0.0,0.0,0.0,0.0,74,Greed,137580.8836,342704461.298222,-0.5921352016937048,-0.5813478266812133,0.0001,0.0,2507.8,0.010135729647841258,0.023456124475407278,0.024924079705104896,0.038761226637567175,0.02526731410780581
2024-10-28,2742.89990234375,67.37999725341797,2.309000015258789,5823.52001953125,19.799999237060547,0.00072942126259476,-0.06325767149745264,-0.10319269915897362,0.002647934626732945,-0.026415724719285577,72,Greed,360605.327,910015100.830837,0.9635720947389561,0.9765927468105469,0.0001,0.0,2567.48,0.023518998337260344,0.025675901941199755,0.025347523750409523,0.04168928052536737,0.024924079705104896
2024-10-29,2768.39990234375,67.20999908447266,2.3459999561309814,5832.919921875,19.34000015258789,0.009253781457162933,-0.002526164855852338,0.015897194551031776,0.0016128259449012198,-0.023506401253288445,72,Greed,451915.7025,1187541746.021715,0.22571158028402136,0.2661794961426792,0.0001,0.0,2638.8,0.027399395255018,0.027781693583339182,0.025860535367385983,0.04198825331928132,0.025347523750409523
2024-10-30,2788.5,68.61000061035156,2.8450000286102295,5813.669921875,20.350000381469727,0.007234316137240295,0.02061627323877297,0.19285134610282678,-0.0033056916724881185,0.05090543271914016,77,Extreme Greed,460627.126,1230352880.142655,0.019093214855719135,0.03541561180955801,0.0001,0.0,2659.19,0.007697296775859888,0.02180970921462833,0.025593599845300342,0.042002445088877995,0.025860535367385983
2024-10-31,2738.300048828125,69.26000213623047,2.7070000171661377,5705.4501953125,23.15999984741211,-0.01816650912342701,0.009429264219159237,-0.04972206066106166,-0.018790134928745348,0.12934571548232596,77,Extreme Greed,403427.2017,1042550364.390791,-0.13259282406855488,-0.16563103797281378,0.0001,0.0,2518.61,-0.054314403100932634,0.03204970385149511,0.02504555958899016,0.04034471940456112,0.025593599845300342
2024-11-01,2738.60009765625,69.48999786376953,2.6630001068115234,5728.7998046875,21.8799991607666,0.0001095688511384859,0.003315256766768306,-0.01638767003228602,0.004084158004525459,-0.056853706918779355,75,Greed,430249.1073,1084316033.711915,0.0643683059167783,0.03927941985133934,0.0001,0.0,2511.49,-0.002830959525723158,0.027678166814825624,0.024136188210828885,0.04029856206941963,0.02504555958899016
2024-11-02,2738.60009765625,69.48999786376953,2.6630001068115234,5728.7998046875,21.8799991607666,0.0,0.0,0.0,0.0,0.0,72,Greed,145961.13,364240307.892377,-1.0810240068639267,-1.0908908471965686,0.0001,0.0,2494.23,-0.006896138178868885,0.02728952157172948,0.024146233566592856,0.040523905655176974,0.024136188210828885
2024-11-03,2738.60009765625,69.48999786376953,2.6630001068115234,5728.7998046875,21.8799991607666,0.0,0.0,0.0,0.0,0.0,74,Greed,276009.1197,675516839.246158,0.6370935541772061,0.6176642493282762,0.0001,0.0,2457.73,-0.014741904629285514,0.02747108317068783,0.023851416462869347,0.0403847300160923,0.024146233566592856
2024-11-04,2736.10009765625,71.47000122070312,2.7809998989105225,5712.68994140625,21.979999542236328,-0.0009132920834320161,0.028094971727141534,0.04335719196051501,-0.0028160448131902913,0.004559988951510874,70,Greed,306316.9645,745000696.549594,0.10418648998568267,0.0979070676897375,0.0001,0.0,2398.21,-0.024515533959114086,0.025721032845663242,0.024288351414439177,0.04063268148463834,0.023851416462869347
2024-11-05,2740.300048828125,71.98999786376953,2.6700000762939453,5782.759765625,20.489999771118164,0.0015338367843668287,0.007249392495397435,-0.04073203791511217,0.012191031029563081,-0.07019597706871061,70,Greed,331619.2545,807964220.382607,0.07936708946744768,0.08113262249091702,0.0001,0.0,2422.55,0.010098078656152792,0.022138848481593636,0.02428307284689947,0.04097853976339744,0.024288351414439177
2024-11-06,2667.60009765625,71.69000244140625,2.746999979019165,5929.0400390625,16.270000457763672,-0.02688819289182318,-0.004175888887395827,0.028430898488741013,0.024981280957186654,-0.2306140017140018,70,Greed,1002141.3618,2613263657.61569,1.105906864319035,1.1738373868583296,9.837000000000001e-05,-1.6299999999999963e-06,2721.87,0.11649843968337495,0.053883019339146576,0.03225509409171398,0.0370681554979962,0.02428307284689947
2024-11-07,2698.39990234375,72.36000061035156,2.693000078201294,5973.10009765625,15.199999809265137,0.011479740190580862,0.009302367042198464,-0.019853556607221007,0.007403754173995657,-0.06802753406250556,77,Extreme Greed,730845.9524,2069602523.372077,-0.3156916492237011,-0.23324331256725908,0.00011628333333333333,1.7913333333333323e-05,2895.47,0.06182830263713826,0.05097850317765477,0.03394611682517167,0.03595859009682165,0.03225509409171398
2024-11-08,2687.5,70.37999725341797,2.6689999103546143,5995.5400390625,14.9399995803833,-0.004047575121093911,-0.02774457609362235,-0.0089520060334332,0.0037497940357180464,-0.017253263686007284,75,Greed,568864.435,1664276186.367457,-0.250560547689156,-0.21796626513428738,0.0001,-1.6283333333333327e-05,2961.75,0.022632863127550862,0.04998327828205629,0.03342117169497893,0.035920711713466516,0.03394611682517167
2024-11-09,2687.5,70.37999725341797,2.6689999103546143,5995.5400390625,14.9399995803833,0.0,0.0,0.0,0.0,0.0,75,Greed,526719.4212,1602480049.885514,-0.07697415524989172,-0.037837845644803816,0.0001,0.0,3126.21,0.054041098393057894,0.04909393757616347,0.03448659929250837,0.03818542833764415,0.03342117169497893
2024-11-10,2687.5,70.37999725341797,2.6689999103546143,5995.5400390625,14.9399995803833,0.0,0.0,0.0,0.0,0.0,78,Extreme Greed,865536.7322,2751696491.353273,0.49668181498276326,0.5406651670510941,0.00015569333333333334,5.569333333333333e-05,3183.21,0.018068713372695295,0.04527602525906679,0.03444334077371773,0.03845840576200459,0.03448659929250837
2024-11-11,2611.199951171875,68.04000091552734,2.9200000762939453,6001.35009765625,14.970000267028809,-0.0288015263656269,-0.03381331188501914,0.08987980557349741,0.0009685941909569238,0.0020060646512555826,76,Extreme Greed,1000093.9664,3248336095.357834,0.14449942681282504,0.1659252671639173,0.00021694666666666665,6.125333333333331e-05,3371.59,0.05749432156742296,0.03647537925253306,0.03555976569910357,0.03832332020748475,0.03444334077371773
2024-11-12,2600.0,68.12000274658203,2.9070000648498535,5983.990234375,14.710000038146973,-0.00429842206071789,0.001175115130863235,-0.004461998523343721,-0.0028968514769364996,-0.017520679062518398,80,Extreme Greed,973215.7285,3215515065.96685,-0.02724346855707139,-0.010155342579347994,0.00040436000000000004,0.0001874133333333334,3243.8,-0.038638961114455625,0.04792017746708558,0.036598708316745304,0.037479680534274196,0.03555976569910357
2024-11-13,2580.800048828125,68.43000030517578,2.9830000400543213,5985.3798828125,14.020000457763672,-0.00741199771886598,0.004540433309838222,0.025807875075231364,0.00023220076414018386,-0.04804262294940944,84,Extreme Greed,919686.3747,2958494366.71914,-0.05657305755124469,-0.08330707296898593,0.00020018999999999997,-0.00020417000000000007,3187.16,-0.01761524394286781,0.0390149636016205,0.03543901025118231,0.037213766501733164,0.036598708316745304
2024-11-14,2568.199951171875,68.69999694824219,2.7850000858306885,5949.169921875,14.3100004196167,-0.004894201906120731,0.003937825382707094,-0.0686816147619756,-0.006068108582244,0.020473708634473634,88,Extreme Greed,605780.6662,1909266330.683718,-0.41751473126862887,-0.43796143082780786,0.00010193333333333334,-9.825666666666663e-05,3058.82,-0.041101017450192553,0.04108331976787688,0.036398129150658154,0.03624438086970157,0.03543901025118231
2024-11-15,2565.699951171875,67.0199966430664,2.822999954223633,5870.6201171875,16.139999389648438,-0.0009739185590534588,-0.024758122586163202,0.013552228857682867,-0.013291430866793769,0.12034200213404177,80,Extreme Greed,519623.6317,1593247701.289049,-0.15341321926642065,-0.18094453577450126,0.00012080333333333334,1.887e-05,3090.01,0.01014510647198041,0.04060223372513027,0.03640070762458378,0.036344011223512954,0.036398129150658154
2024-11-16,2565.699951171875,67.0199966430664,2.822999954223633,5870.6201171875,16.139999389648438,0.0,0.0,0.0,0.0,0.0,86,Extreme Greed,423639.1573,1332892680.485038,-0.20422271553964974,-0.1784229842383243,0.00013188666666666667,1.1083333333333336e-05,3132.87,0.013775190182858242,0.03515837325026548,0.036400629613604546,0.03632978992960595,0.03640070762458378
2024-11-17,2565.699951171875,67.0199966430664,2.822999954223633,5870.6201171875,16.139999389648438,0.0,0.0,0.0,0.0,0.0,90,Extreme Greed,449818.9575,1393762559.896065,0.05996313636207998,0.04465543957848422,0.00013228333333333334,3.966666666666691e-07,3076.0,-0.018319465689832976,0.03478208289393848,0.036638648161286314,0.03647631790436713,0.036400629613604546
2024-11-18,2610.60009765625,69.16000366210938,2.9730000495910645,5893.6201171875,15.579999923706055,0.017348790536743833,0.031431681545723344,0.05177142764059131,0.003910159746206537,-0.03531258948003348,83,Extreme Greed,640658.4357,2006111259.657586,0.3536512681303609,0.3641911836698734,0.00023759333333333332,0.00010530999999999998,3207.8,0.04195529227774299,0.030350204780401905,0.03724558694496766,0.03859121236466707,0.036638648161286314
2024-11-19,2627.10009765625,69.38999938964844,2.997999906539917,5916.97998046875,16.350000381469727,0.006300496006653572,0.003320042349147119,0.008373807809822099,0.003955750520596487,0.04823988512905733,90,Extreme Greed,500112.0194,1561642778.418154,-0.2476643411477493,-0.2504598211721554,0.0002568166666666667,1.9223333333333363e-05,3107.44,-0.03178610783031856,0.029254608370243226,0.03742528808637597,0.03979729583351237,0.03724558694496766
2024-11-20,2648.199951171875,68.87000274658203,3.193000078201294,5917.10986328125,17.15999984741211,0.007999532098494133,-0.007522046678218695,0.06301556971786235,2.19506213354446e-05,0.04835316449300409,83,Extreme Greed,503607.8336,1559041767.185464,0.006965745122505458,-0.0016669495406991214,0.00016831,-8.850666666666669e-05,3069.97,-0.012131446526433241,0.02896797076848817,0.03701525393339002,0.03975609596116431,0.03742528808637597
2024-11-21,2672.10009765625,70.0999984741211,3.3389999866485596,5948.7099609375,16.8700008392334,0.008984571185138249,0.017702062836089758,0.044710418738758806,0.005326251844288491,-0.0170441388627829,82,Extreme Greed,974923.3035,3167224819.418769,0.6605609475750691,0.708784372443129,0.00013382000000000002,-3.4489999999999976e-05,3355.81,0.08902538242000183,0.04132174067938941,0.03983603457199287,0.03711448118814056,0.03701525393339002
2024-11-22,2709.89990234375,71.23999786376953,3.128999948501587,5969.33984375,15.239999771118164,0.014046981134497769,0.01613165616169969,-0.06495790873456347,0.0034619595915364653,-0.10161341106495818,94,Extreme Greed,603273.7093,2008464564.861674,-0.4799877984831504,-0.4554852210970521,0.00028501333333333335,0.00015119333333333333,3327.78,-0.008387756979741928,0.04213855583058941,0.039003042438058244,0.03721722734741356,0.03983603457199287
2024-11-23,2709.89990234375,71.23999786376953,3.128999948501587,5969.33984375,15.239999771118164,0.0,0.0,0.0,0.0,0.0,93,Extreme Greed,721024.0009,2449223191.454517,0.1783014187367473,0.19840037749514602,0.0002822233333333334,-2.789999999999965e-06,3393.91,0.01967723407217556,0.04227174307167833,0.03903797221717829,0.037850733306992866,0.039003042438058244
2024-11-24,2709.89990234375,71.23999786376953,3.128999948501587,5969.33984375,15.239999771118164,0.0,0.0,0.0,0.0,0.0,80,Extreme Greed,479098.0921,1608242778.282872,-0.4087670634576728,-0.42062876868913907,0.00025998666666666667,-2.2236666666666717e-05,3361.2,-0.009684596004898337,0.04137529132483631,0.03816567604983894,0.03797651778487233,0.03903797221717829
2024-11-25,2616.800048828125,68.94000244140625,3.36899995803833,5987.3701171875,14.600000381469727,-0.03495948190340738,-0.032817831932857484,0.07390250374086611,0.0030159278201245415,-0.04290198039765308,82,Extreme Greed,949330.37,3272920810.057311,0.6838515007473748,0.7105406594362405,0.00024330333333333332,-1.668333333333335e-05,3414.49,0.01573008765630806,0.039422514147019125,0.03815901076092957,0.03787841770097928,0.03816567604983894
2024-11-26,2620.300048828125,68.7699966430664,3.430999994277954,6021.6298828125,14.100000381469727,0.001336617767776714,-0.0024690419843932956,0.01823581023937819,0.005705697155263866,-0.03484673040364113,79,Extreme Greed,672367.1503,2252619301.964274,-0.34495231643121704,-0.3735891269717813,0.00018313333333333333,-6.016999999999999e-05,3324.73,-0.02663967292507817,0.03857573299545253,0.038761226637567175,0.038580824084951115,0.03815901076092957
2024-11-27,2639.89990234375,68.72000122070312,3.2039999961853027,5998.740234375,14.100000381469727,0.007452166991228204,-0.0007272590783860844,-0.06845173419305577,-0.003808481083577712,0.0,75,Greed,754573.6485,2640023089.760935,0.11534833983127056,0.15869398989767358,0.00019223000000000002,9.09666666666669e-06,3653.28,0.09423692640189818,0.04828997272155737,0.04168928052536737,0.03424363619795825,0.038761226637567175
2024-11-28,2639.89990234375,68.72000122070312,3.2039999961853027,5998.740234375,14.100000381469727,0.0,0.0,0.0,0.0,0.0,77,Extreme Greed,560976.425,2014252549.702022,-0.2964740043033816,-0.2705394797352184,0.00014139333333333334,-5.083666666666668e-05,3578.79,-0.020600639750357863,0.04127592136772882,0.04198825331928132,0.0343490011362743,0.04168928052536737
2024-11-29,2657.0,68.0,3.36299991607666,6032.3798828125,13.510000228881836,0.006456666117155565,-0.010532590263326157,0.04843337978772082,0.005592120396801623,-0.04274465552494473,78,Extreme Greed,425493.2449,1525999121.819639,-0.2764298092550594,-0.2775988261228372,0.00011784666666666666,-2.3546666666666676e-05,3592.21,0.003742857528017959,0.04066504796838822,0.042002445088877995,0.034405996173517105,0.04198825331928132
2024-11-30,2657.0,68.0,3.36299991607666,6032.3798828125,13.510000228881836,0.0,0.0,0.0,0.0,0.0,84,Extreme Greed,503684.7485,1849683070.29735,0.16870150114558086,0.19236495367815282,0.0001808733333333333,6.302666666666664e-05,3703.6,0.030537707609040697,0.04125757142670245,0.04034471940456112,0.03385593980324628,0.042002445088877995
2024-12-01,2657.0,68.0,3.36299991607666,6032.3798828125,13.510000228881836,0.0,0.0,0.0,0.0,0.0,81,Extreme Greed,429089.2633,1589850114.025915,-0.16028560311310022,-0.151374567181229,0.00013554666666666667,-4.5326666666666634e-05,3707.61,0.0010821445867332416,0.04048728079984873,0.04029856206941963,0.033853289961945296,0.04034471940456112
2024-12-02,2634.89990234375,68.0999984741211,3.2130000591278076,6047.14990234375,13.34000015258789,-0.008352473231234763,0.0014694855729147065,-0.04562830926682871,0.0024454638805813736,-0.012663116987917826,80,Extreme Greed,737130.569,2685285591.845365,0.5411000690758957,0.5241473441019642,0.00031274666666666667,0.0001772,3643.42,-0.017464663200909804,0.042161961907523235,0.040523905655176974,0.03379752813499688,0.04029856206941963
2024-12-03,2644.699951171875,69.94000244140625,3.0420000553131104,6049.8798828125,13.300000190734863,0.003712425318383127,0.026660575793360352,-0.05468988651615979,0.0004513472420221813,-0.0030030023571751023,76,Extreme Greed,678400.2032,2439869839.029021,-0.08302765531415918,-0.09584239476038002,0.0002515,-6.124666666666668e-05,3614.51,-0.007966500888801449,0.04004901414142234,0.0403847300160923,0.03423801632596778,0.040523905655176974
2024-12-04,2653.800048828125,68.54000091552734,3.0429999828338623,6086.490234375,13.449999809265137,0.003434974654697664,-0.020220236738356396,0.0003286532534048113,0.00603318162813612,0.011215042298142144,78,Extreme Greed,968744.0399,3638907449.551761,0.3562630442813902,0.3997387921502158,0.00018157666666666667,-6.992333333333332e-05,3837.8,0.059942985664728034,0.028829712372026157,0.04063268148463834,0.033336467786262966,0.0403847300160923
2024-12-05,2626.60009765625,68.30000305175781,3.0789999961853027,6075.10986328125,13.539999961853027,-0.010302322170881693,-0.0035077185456156065,0.011761002429777765,-0.0018715258393823342,0.006669172799957789,84,Extreme Greed,946493.276,3653558567.753712,-0.02323656173081456,0.004018157336559197,0.00034770333333333336,0.0001661266666666667,3785.2,-0.013800560101564462,0.027840749125503342,0.04097853976339744,0.03337237255267002,0.04063268148463834
2024-12-06,2638.60009765625,67.19999694824219,3.0759999752044678,6090.27001953125,12.770000457763672,0.004558239129528256,-0.01623660914236962,-0.0009748241209917851,0.0024923453675383123,-0.058549558775524854,72,Greed,803855.1146,3174080080.146193,-0.16334481933795458,-0.1406837908830677,0.00022061333333333333,-0.00012709000000000003,3998.87,0.05491309555730834,0.03280808208360401,0.0370681554979962,0.03165171622087274,0.04097853976339744
2024-12-07,2638.60009765625,67.19999694824219,3.0759999752044678,6090.27001953125,12.770000457763672,0.0,0.0,0.0,0.0,0.0,75,Greed,283920.02,1134418058.866173,-1.0407264684379547,-1.0288980558458871,0.00025996,3.934666666666667e-05,3996.22,-0.0006629068833607846,0.032514267062384215,0.03595859009682165,0.03180559760261498,0.0370681554979962
2024-12-08,2638.60009765625,67.19999694824219,3.0759999752044678,6090.27001953125,12.770000457763672,0.0,0.0,0.0,0.0,0.0,79,Extreme Greed,251362.1685,1000371580.638359,-0.12179777724177261,-0.125748284360446,0.00021126333333333332,-4.869666666666668e-05,4004.15,0.001982408962845158,0.03247088103333701,0.035920711713466516,0.035285597126367745,0.03595859009682165
2024-12-09,2664.89990234375,68.37000274658203,3.181999921798706,6052.85009765625,14.1899995803833,0.00991798633808684,0.017260969981989026,0.03387986175701848,-0.006163167285227462,0.1054387557094042,78,Extreme Greed,939642.2001,3566495804.128105,1.3186043630726114,1.2712120346482374,0.00014564333333333334,-6.561999999999998e-05,3712.0,-0.07576050836477918,0.045747269247886004,0.03818542833764415,0.03279014193590998,0.035920711713466516
2024-12-10,2697.60009765625,68.58999633789062,3.1630001068115234,6034.91015625,14.180000305175781,0.012196028210303023,0.0032125260218978198,-0.005988927246882665,-0.002968284314279252,-0.0007049189751086937,78,Extreme Greed,942206.0337,3443114495.273664,0.0027248054760523103,-0.0352071079553791,0.0001,-4.564333333333333e-05,3628.25,-0.022820376555618988,0.046657979238941494,0.03845840576200459,0.033047823502551046,0.03818542833764415
2024-12-11,2733.800048828125,70.29000091552734,3.378000020980835,6084.18994140625,13.579999923706055,0.013330075570755336,0.02448285609288817,0.06576284650406404,0.008132626411368235,-0.043234426113106225,74,Greed,461818.7801,1722223536.878177,-0.7130514068220642,-0.6927602283749197,0.0001,0.0,3831.81,0.05458683804756234,0.045552298628765975,0.03832332020748475,0.03137092986013615,0.03845840576200459
2024-12-12,2687.5,70.0199966430664,3.4549999237060547,6051.25,13.920000076293945,-0.017081207143532985,-0.0038486866287931534,0.022538610540818103,-0.005428731461463251,0.02472854387472121,83,Extreme Greed,572098.6343,2239803483.576607,0.2141388508361149,0.2627719215349325,0.0001,0.0,3881.61,0.012912739605591311,0.04534374960766009,0.037479680534274196,0.031243336303444422,0.03832332020748475
2024-12-13,2656.0,71.29000091552734,3.2799999713897705,6051.08984375,13.8100004196167,-0.011790161839593786,0.017975210387811715,-0.05197902146402772,-2.646698937187397e-05,-0.007933662580971048,76,Extreme Greed,387765.6873,1516942852.285181,-0.3889101556098981,-0.3896911033479472,0.0001,0.0,3906.8,0.006468608569695954,0.03952970993196129,0.037213766501733164,0.031161134257193208,0.037479680534274196
2024-12-14,2656.0,71.29000091552734,3.2799999713897705,6051.08984375,13.8100004196167,0.0,0.0,0.0,0.0,0.0,83,Extreme Greed,265538.9479,1031595277.387337,-0.3786397321466891,-0.38559061105918063,0.0001,0.0,3870.29,-0.00938918495649458,0.03956924681169296,0.03624438086970157,0.03179181550314969,0.037213766501733164
2024-12-15,2656.0,71.29000091552734,3.2799999713897705,6051.08984375,13.8100004196167,0.0,0.0,0.0,0.0,0.0,80,Extreme Greed,253833.2141,987865003.127543,-0.04508411240876928,-0.04331564414558541,9.801333333333335e-05,-1.986666666666659e-06,3959.09,0.022684761244299443,0.04089251618224693,0.036344011223512954,0.03196593869144956,0.03624438086970157
2024-12-16,2651.39990234375,70.70999908447266,3.2139999866485596,6074.080078125,14.6899995803833,-0.0017334660635325901,-0.008169085303320521,-0.02032715051225124,0.0037921550087844295,0.06177396381481069,83,Extreme Greed,673351.0723,2686550997.110245,0.9755894324439153,1.0004674408193117,9.554000000000001e-05,-2.4733333333333356e-06,3986.24,0.006834229836600995,0.024606064962355016,0.03632978992960595,0.034678480574300174,0.036344011223512954
2024-12-17,2644.39990234375,70.08000183105469,3.308000087738037,6050.60986328125,15.869999885559082,-0.00264360600282425,-0.00894951991231415,0.028827540523260184,-0.0038714794806554956,0.07726356570616974,87,Extreme Greed,450825.9861,1788532842.700757,-0.4011854214659334,-0.40686257092477796,0.0001,4.4599999999999946e-06,3893.01,-0.023665793377496414,0.0247963896059947,0.03647631790436713,0.03519675980106318,0.03632978992960595
2024-12-18,2636.5,70.58000183105469,3.374000072479248,5872.16015625,27.6200008392334,-0.0029918795594432402,0.007109371433892709,0.019755201921043596,-0.02993650530451818,0.554109651038965,81,Extreme Greed,722505.0618,2735374632.738641,0.4716430009994189,0.4248727609146924,9.348666666666667e-05,-6.513333333333331e-06,3626.8,-0.0708319205483303,0.031631584144503004,0.03859121236466707,0.03429864110272598,0.03647631790436713
2024-12-19,2592.199951171875,69.91000366210938,3.5840001106262207,5867.080078125,24.09000015258789,-0.01694536281780769,-0.009538091283001255,0.06038052037390054,-0.0008654867505367934,-0.13674335540527865,75,Greed,1078153.4851,3807975330.681162,0.4002806949194131,0.3308292348918702,6.971666666666668e-05,-2.3769999999999998e-05,3417.01,-0.05958481711713975,0.03534860466573586,0.03979729583351237,0.033726850229980135,0.03859121236466707
2024-12-20,2628.699951171875,69.45999908447266,3.747999906539917,5930.85009765625,18.360000610351562,0.01398249166131256,-0.006457718771803879,0.04474281346081278,0.010810479402397299,-0.271622404524963,74,Greed,1332783.731,4421584295.580899,0.2120199438724076,0.14940043115968976,0.0001,3.028333333333333e-05,3472.21,0.016025379167371515,0.036622310395619175,0.03975609596116431,0.03392422867671715,0.03979729583351237
2024-12-21,2628.699951171875,69.45999908447266,3.747999906539917,5930.85009765625,18.360000610351562,0.0,0.0,0.0,0.0,0.0,73,Greed,475275.82,1627460721.692153,-1.0311297555122998,-0.9994771091078861,8.784e-05,-1.2160000000000006e-05,3338.92,-0.039143877434748564,0.037332358896176344,0.03711448118814056,0.033466362142174896,0.03975609596116431
2024-12-22,2628.699951171875,69.45999908447266,3.747999906539917,5930.85009765625,18.360000610351562,0.0,0.0,0.0,0.0,0.0,73,Greed,361920.2495,1201895225.016952,-0.27247142688673764,-0.3031212955658889,8.456666666666666e-05,-3.2733333333333415e-06,3281.83,-0.017246207763233396,0.03222938168121185,0.03721722734741356,0.03340388273636668,0.03711448118814056
2024-12-23,2612.300048828125,69.23999786376953,3.6559998989105225,5974.06982421875,16.780000686645508,-0.006258330803749558,-0.003172334679827193,-0.024852713498578975,0.007260849585616372,-0.08998667647636249,70,Greed,488253.41,1627069583.878682,0.2994106715529973,0.3028809304264494,6.586e-05,-1.870666666666666e-05,3422.53,0.04197885002231501,0.040115143597577695,0.037850733306992866,0.032786838166860226,0.03721722734741356
2024-12-24,2620.0,70.0999984741211,3.946000099182129,6040.0400390625,14.270000457763672,0.00294323974486273,0.012344072817910593,0.07633280679366752,0.010982233165126825,-0.1620282783920423,73,Greed,315723.6763,1087476459.253163,-0.43596716490858883,-0.40292075845033715,6.959333333333334e-05,3.7333333333333473e-06,3493.18,0.02043245246735483,0.04311995125292827,0.03797651778487233,0.0330255176772191,0.037850733306992866
2024-12-25,2620.0,70.0999984741211,3.946000099182129,6040.0400390625,14.270000457763672,0.0,0.0,0.0,0.0,0.0,73,Greed,219846.0452,766349902.713217,-0.36193988211438327,-0.34997625856811904,4.0860000000000005e-05,-2.873333333333334e-05,3497.0,0.0010929619495551213,0.035655739549287975,0.03787841770097928,0.03304557290720162,0.03797651778487233
2024-12-26,2638.800048828125,69.62000274658203,3.7149999141693115,6037.58984375,14.729999542236328,0.007149969097485895,-0.006870850439029008,-0.06032377766937305,-0.0004057410882578191,0.031726735830086665,79,Extreme Greed,310170.1719,1047464157.032189,0.3441935816423528,0.3124885760838183,8.768333333333334e-05,4.6823333333333336e-05,3335.05,-0.047417786322290045,0.03274047690381427,0.038580824084951115,0.031908531791835434,0.03787841770097928
2024-12-27,2617.199951171875,70.5999984741211,3.5139999389648438,5970.83984375,15.949999809265137,-0.008219261513672152,0.013978201051839344,-0.05562368267013716,-0.01111730496491221,0.07957261787497986,74,Greed,342529.6038,1152635224.265439,0.09923699994082855,0.0956786656573816,7.925666666666667e-05,-8.426666666666672e-06,3333.51,-0.0004618688374630609,0.03168026383994079,0.03424363619795825,0.03226372605119677,0.038580824084951115
2024-12-28,2617.199951171875,70.5999984741211,3.5139999389648438,5970.83984375,15.949999809265137,0.0,0.0,0.0,0.0,0.0,72,Greed,175963.613,592591876.178986,-0.6660808590741751,-0.6653001729689723,9.778666666666667e-05,1.853e-05,3404.0,0.02092540778964204,0.029187993593079414,0.0343490011362743,0.032096181714949885,0.03424363619795825
2024-12-29,2617.199951171875,70.5999984741211,3.5139999389648438,5970.83984375,15.949999809265137,0.0,0.0,0.0,0.0,0.0,73,Greed,156256.8819,527250656.145704,-0.11877589753882203,-0.11682986244288064,6.857333333333333e-05,-2.921333333333334e-05,3356.48,-0.014058404920025682,0.028846742261804642,0.034405996173517105,0.032534894649599744,0.0343490011362743
2024-12-30,2606.10009765625,70.98999786376953,3.936000108718872,5906.93994140625,17.399999618530273,-0.004250136932791706,0.00550886907312227,0.1134100344159054,-0.010759673941729728,0.08701136702438074,65,Greed,420794.6476,1420731724.372564,0.9906436099542613,0.9912512529023457,0.0001,3.1426666666666675e-05,3361.84,0.0015956373430380765,0.023308321299623336,0.03385593980324628,0.03263488442920187,0.034405996173517105
2024-12-31,2629.199951171875,71.72000122070312,3.632999897003174,5881.6298828125,17.350000381469727,0.008824710411780469,0.010230673798029735,-0.08010628192295799,-0.0042940064589823065,-0.002877655917339942,64,Greed,303053.1685,1024862944.046191,-0.3282366780478186,-0.3266131472219181,9.504666666666668e-05,-4.9533333333333254e-06,3337.78,-0.0071825277956856,0.020990732065915754,0.033853289961945296,0.03361389521375416,0.03385593980324628
2025-01-01,2629.199951171875,71.72000122070312,3.632999897003174,5881.6298828125,17.350000381469727,0.0,0.0,0.0,0.0,0.0,66,Greed,190238.5861,636613395.695965,-0.46562926298910207,-0.47615161231627917,0.0001,4.9533333333333254e-06,3360.38,0.006748147479969488,0.021435823744301533,0.03379752813499688,0.03373523524080652,0.033853289961945296
2025-01-02,2658.89990234375,73.12999725341797,3.6600000858306885,5868.5498046875,17.93000030517578,0.011232867866452192,0.019468975967998597,0.00740444597556923,-0.002226363149448992,0.032882776257846205,70,Greed,338632.8874,1166286232.162882,0.5766375918426907,0.6054172617238662,0.0001,0.0,3455.67,0.027962297453185226,0.0149273813559303,0.03423801632596778,0.03481405262183691,0.03379752813499688
2025-01-03,2645.0,73.95999908447266,3.3540000915527344,5942.47021484375,16.1299991607666,-0.005241401391997348,0.011285752414910675,-0.08730948016668419,0.01251735670782609,-0.10579446452967473,74,Greed,334041.0604,1179953901.101814,-0.013652671816513239,0.01165083091967989,0.0001,0.0,3609.01,0.04341713623585484,0.020417819407840033,0.033336467786262966,0.03654397977008665,0.03423801632596778
2025-01-04,2645.0,73.95999908447266,3.3540000915527344,5942.47021484375,16.1299991607666,0.0,0.0,0.0,0.0,0.0,73,Greed,229266.3133,829864804.859837,-0.37637965271231805,-0.3519678480214255,0.0001,0.0,3656.88,0.013176828339608015,0.020017917350990854,0.03337237255267002,0.03639689872782389,0.033336467786262966
2025-01-05,2645.0,73.95999908447266,3.3540000915527344,5942.47021484375,16.1299991607666,0.0,0.0,0.0,0.0,0.0,72,Greed,155444.1741,564147572.800669,-0.3885976098808822,-0.38594693063774366,0.0001,0.0,3635.99,-0.00572889881064915,0.018524908991354855,0.03165171622087274,0.03730944122127,0.03337237255267002
2025-01-06,2638.39990234375,73.55999755859375,3.671999931335449,5975.3798828125,16.040000915527344,-0.0024984295005021796,-0.005423027593440198,0.09058276336114922,0.005522766496818171,-0.005595180591635829,76,Extreme Greed,329642.3648,1210642823.302069,0.7517216655992015,0.7635908852755109,0.0001,0.0,3687.45,0.01405373621555297,0.018014378005263718,0.03180559760261498,0.037473088406022474,0.03165171622087274
2025-01-07,2656.699951171875,74.25,3.4489998817443848,5909.02978515625,17.81999969482422,0.006912096917743294,0.009336411136007488,-0.06265215439097231,-0.011166021516637011,0.10523574540106705,78,Extreme Greed,541543.2874,1899318756.158016,0.4964146792867758,0.45034379501975946,0.0001,0.0,3381.31,-0.08667195387993966,0.042040605327922545,0.035285597126367745,0.03495332451725975,0.03180559760261498
2025-01-08,2664.5,73.31999969482422,3.6510000228881836,5918.25,17.700000762939453,0.0029316900271960217,-0.012604358873549463,0.056916809274742436,0.0015591440938312422,-0.006756722233491995,70,Greed,584749.9627,1944382187.656659,0.07676133863345219,0.02344901281641846,9.886e-05,-1.140000000000006e-06,3327.29,-0.016105049519729974,0.04248196627281828,0.03279014193590998,0.03505368694602678,0.035285597126367745
2025-01-09,2664.5,73.31999969482422,3.6510000228881836,5918.25,17.700000762939453,0.0,0.0,0.0,0.0,0.0,69,Greed,501818.4247,1638958679.714368,-0.15294599120006636,-0.17088319652867112,8.869666666666667e-05,-1.0163333333333325e-05,3219.2,-0.03302527736907786,0.041699904838385524,0.033047823502551046,0.034790213634950974,0.03279014193590998
2025-01-10,2708.5,76.56999969482422,3.989000082015991,5827.0400390625,19.540000915527344,0.016378553361116682,0.043371932330193555,0.08853948454129108,-0.015531637650233373,0.09889901078493853,50,Neutral,454142.1333,1482940591.671988,-0.09982813248805295,-0.10003408598239187,7.911666666666666e-05,-9.580000000000013e-06,3267.04,0.014751494709359207,0.03666950173626727,0.03137092986013615,0.03456760443157493,0.033047823502551046
2025-01-11,2708.5,76.56999969482422,3.989000082015991,5827.0400390625,19.540000915527344,0.0,0.0,0.0,0.0,0.0,69,Greed,151679.7487,494933295.358262,-1.0966388362603106,-1.0973592851389937,7.408000000000001e-05,-5.036666666666652e-06,3282.83,0.004821479079346203,0.03575358017628907,0.031243336303444422,0.034695495145764366,0.03137092986013615
2025-01-12,2708.5,76.56999969482422,3.989000082015991,5827.0400390625,19.540000915527344,0.0,0.0,0.0,0.0,0.0,62,Greed,164879.9709,538751712.045787,0.08344637836228075,0.08483182258793986,9.378000000000001e-05,1.9700000000000005e-05,3267.3,-0.004741899504320375,0.035800060926601845,0.031161134257193208,0.03480356043495981,0.031243336303444422
2025-01-13,2673.5,78.81999969482422,3.934000015258789,5836.22021484375,19.190000534057617,-0.013006500709167285,0.028961416755598178,-0.013883869638245575,0.0015742043780551176,-0.018074355619041128,61,Greed,845907.5669,2614824635.154439,1.6351923345633805,1.579697493899802,7.581666666666666e-05,-1.796333333333335e-05,3137.51,-0.0405344640637944,0.0342591920148252,0.03179181550314969,0.03580309331305206,0.031161134257193208
2025-01-14,2677.5,77.5,3.9679999351501465,5842.91015625,18.709999084472656,0.001495047933117684,-0.016888831535749937,0.008605449233854201,0.001145623334164268,-0.02533124649612117,63,Greed,374308.4517,1197715520.899026,-0.8153298999820858,-0.7807810243339683,6.842333333333334e-05,-7.393333333333322e-06,3225.63,0.027698788303026533,0.024853772881744587,0.03196593869144956,0.035424423278082574,0.03179181550314969
2025-01-15,2712.5,80.04000091552734,4.083000183105469,5949.91015625,16.1200008392334,0.012987195526811112,0.03224858479460386,0.02856988410383702,0.018147132504516373,-0.14899730221337662,70,Greed,464188.034,1537407357.366771,0.21520952115456438,0.24968145370409178,5.2900000000000005e-05,-1.5523333333333334e-05,3451.52,0.0676864337198248,0.03686409544842016,0.034678480574300174,0.03293749801277039,0.03196593869144956
2025-01-16,2746.39990234375,78.68000030517578,4.257999897003174,5937.33984375,16.600000381469727,0.012420208736854522,-0.017137523754351097,0.041967485099018174,-0.0021149243408667613,0.029341929202495187,75,Greed,471282.6787,1573512574.074851,0.015168365253419008,0.023212965128700355,7.862e-05,2.5719999999999998e-05,3308.05,-0.042455821806418985,0.038625684394086805,0.03519675980106318,0.03229858730217478,0.034678480574300174
2025-01-17,2744.300048828125,77.87999725341797,3.947999954223633,5996.66015625,15.970000267028809,-0.000764876477197021,-0.010219852162402603,-0.07559043230586174,0.009941478308394033,-0.03869073939502857,75,Greed,518550.1813,1773013467.309093,0.0955787235849827,0.11937019419763059,0.0001,2.1380000000000002e-05,3473.63,0.04884126475735179,0.04220649220052918,0.03429864110272598,0.030542505667649125,0.03519675980106318
2025-01-18,2744.300048828125,77.87999725341797,3.947999954223633,5996.66015625,15.970000267028809,0.0,0.0,0.0,0.0,0.0,77,Extreme Greed,634197.1281,2100633661.764419,0.20132302904732527,0.1695584200730128,0.0001,0.0,3307.71,-0.04894404962267318,0.04759122250199853,0.033726850229980135,0.030395823609399793,0.03429864110272598
2025-01-19,2744.300048828125,77.87999725341797,3.947999954223633,5996.66015625,15.970000267028809,0.0,0.0,0.0,0.0,0.0,77,Extreme Greed,1342301.5217,4408659681.01233,0.7497811394323635,0.741331673144186,0.0001,0.0,3215.12,-0.028391425023029025,0.04889487235812604,0.03392422867671715,0.030352773645591635,0.033726850229980135
2025-01-20,2744.300048828125,77.87999725341797,3.947999954223633,5996.66015625,15.970000267028809,0.0,0.0,0.0,0.0,0.0,76,Extreme Greed,1158354.7814,3830020315.131607,-0.14738498766823876,-0.14070060866503686,0.0001,0.0,3284.0,0.021197509558280835,0.04635028215873728,0.033466362142174896,0.030209569059187834,0.03392422867671715
2025-01-21,2755.0,75.88999938964844,3.75600004196167,6049.240234375,15.0600004196167,0.003891391478642485,-0.025884229863912228,-0.04985453745849059,0.00873000944059605,-0.05866972871283094,76,Extreme Greed,548706.0513,1802317579.667659,-0.747193113040951,-0.7537967264027783,0.0001,0.0,3327.54,0.013171100661510199,0.045562424526450415,0.03340388273636668,0.03011347405334952,0.033466362142174896
2025-01-22,2767.60009765625,75.44000244140625,3.9600000381469727,6086.3701171875,15.100000381469727,0.004563111323176753,-0.005947244685812746,0.05288946238154303,0.006119181086994129,0.002652518849032259,84,Extreme Greed,349240.7498,1150648371.196559,-0.4518013605469936,-0.44874779644806523,0.0001,0.0,3242.6,-0.025857815117860245,0.03679684470743855,0.032786838166860226,0.0301583138118737,0.03340388273636668
2025-01-23,2763.10009765625,74.62000274658203,3.944999933242798,6118.7099609375,15.020000457763672,-0.0016272807543716752,-0.010929066086829906,-0.0037950975236033416,0.005299419459529372,-0.005312092270843689,75,Greed,605592.7225,1965307923.080547,0.5504461731551483,0.5353233523626907,0.0001,0.0,3338.21,0.029059258050247016,0.035849626359657015,0.0330255176772191,0.030511725196344007,0.032786838166860226
2025-01-24,2777.300048828125,74.66000366210938,4.0269999504089355,6101.240234375,14.850000381469727,0.005125977145751084,0.0005359179363270571,0.020572732178815143,-0.002859215984467759,-0.01138278587602501,75,Greed,451524.2752,1519379297.690963,-0.2935785479614011,-0.2573470422266548,0.0001,0.0,3310.09,-0.008459355832431204,0.029088372130359634,0.03304557290720162,0.030889025660137914,0.0330255176772191
2025-01-25,2777.300048828125,74.66000366210938,4.0269999504089355,6101.240234375,14.850000381469727,0.0,0.0,0.0,0.0,0.0,75,Greed,208559.0415,690383485.125444,-0.7724069632667915,-0.7888099549083254,7.459666666666667e-05,-2.5403333333333335e-05,3318.77,0.0026188530036542652,0.022430558112970882,0.031908531791835434,0.036745817776569406,0.03304557290720162
2025-01-26,2777.300048828125,74.66000366210938,4.0269999504089355,6101.240234375,14.850000381469727,0.0,0.0,0.0,0.0,0.0,73,Greed,272165.469,899291017.613374,0.2661880494279163,0.2643594759230051,7.745666666666667e-05,2.8599999999999963e-06,3232.61,-0.026304371881395026,0.0219924752504458,0.03226372605119677,0.03660570696727547,0.031908531791835434
2025-01-27,2737.5,73.16999816894531,3.697000026702881,6012.27978515625,17.899999618530273,-0.014434155176814617,-0.020159046665649796,-0.08549998237732871,-0.014688059032112328,0.18680080059864573,71,Greed,753004.7529,2349770569.706611,1.0176613164893324,0.9604662777876098,2.2383333333333336e-05,-5.507333333333333e-05,3182.44,-0.015641662305110726,0.02065820518222984,0.032096181714949885,0.038062710674136205,0.03226372605119677
2025-01-28,2766.800048828125,73.7699966430664,3.4709999561309814,6067.7001953125,16.40999984741211,0.010646340249542608,0.008166623519532719,-0.06307896293642307,0.009175644177716802,-0.08690979573202155,72,Greed,350959.7173,1107001736.175005,-0.7634000883794312,-0.7526624713921691,6.65e-05,4.4116666666666664e-05,3077.72,-0.03345913505110637,0.021515314921077857,0.032534894649599744,0.03781412733439249,0.032096181714949885
2025-01-29,2769.10009765625,72.62000274658203,3.5350000858306885,6039.31005859375,16.559999465942383,0.000830957531606674,-0.015711695583328272,0.01827059938786406,-0.004689876056919602,0.00909922090372748,72,Greed,409737.2576,1278256645.74957,0.1548446678010762,0.1438419319787442,8.417666666666667e-05,1.7676666666666666e-05,3113.9,0.01168689674058888,0.0219135520524295,0.03263488442920187,0.03778618576093386,0.032534894649599744
2025-01-30,2823.0,72.7300033569336,3.046999931335449,6071.169921875,15.84000015258789,0.019277756347583747,0.001513596515076029,-0.14855584616034856,0.005261548152180238,-0.044451720687903346,70,Greed,350639.4823,1130886606.539682,-0.15575753948742133,-0.12249522142656276,6.447333333333334e-05,-1.970333333333333e-05,3247.39,0.04197563692127093,0.025574603641768095,0.03361389521375416,0.036443115544896466,0.03263488442920187
2025-01-31,2812.5,72.52999877929688,3.0439999103546143,6040.52978515625,16.43000030517578,-0.0037263817408137866,-0.0027537477775536725,-0.0009850669188635375,-0.005059603990267195,0.0365705546041249,76,Extreme Greed,648681.6561,2158479814.331743,0.6151835022122967,0.6464022516207485,9.128000000000001e-05,2.680666666666667e-05,3300.99,0.016370826701882987,0.026546853628942293,0.03373523524080652,0.04426806167876475,0.03361389521375416
2025-02-01,2812.5,72.52999877929688,3.0439999103546143,6040.52978515625,16.43000030517578,0.0,0.0,0.0,0.0,0.0,68,Greed,354065.2525,1142845926.865901,-0.6054608566353856,-0.6358826056746096,7.248999999999999e-05,-1.8790000000000015e-05,3117.54,-0.05717819419778655,0.03399277821253149,0.03481405262183691,0.051365041742873076,0.03373523524080652
2025-02-02,2812.5,72.52999877929688,3.0439999103546143,6040.52978515625,16.43000030517578,0.0,0.0,0.0,0.0,0.0,60,Greed,1050805.93,3131430738.391756,1.0878314758715377,1.0079684264449003,6.736333333333333e-05,-5.126666666666659e-06,2869.68,-0.0828437039863488,0.04403995076649578,0.03654397977008665,0.049751524062432786,0.03481405262183691
2025-02-03,2833.89990234375,73.16000366210938,3.3519999980926514,5994.56982421875,18.6200008392334,0.007580052840268373,0.008648621033832713,0.09638477150124344,-0.007637690729495203,0.12512736629705268,44,Fear,2807979.021,7325488963.974643,0.9829075928491096,0.8498699004073794,-0.00012847,-0.00019583333333333334,2879.9,0.0035550460255048323,0.044731818650362305,0.03639689872782389,0.05026658573919609,0.03654397977008665
2025-02-04,2853.300048828125,72.69999694824219,3.253000020980835,6037.8798828125,17.209999084472656,0.006822415916365941,-0.006307531016772015,-0.029979528109916203,0.007198907403029114,-0.0787457598944896,72,Greed,1259594.3919,3477670143.18934,-0.8016752570334285,-0.7449973349480392,-5.9199999999999996e-05,6.926999999999999e-05,2731.19,-0.053018159665724804,0.0466978677507575,0.03730944122127,0.0495937030100629,0.03639689872782389
2025-02-05,2871.60009765625,71.02999877929688,3.359999895095825,6061.47998046875,15.770000457763672,0.006393163440626415,-0.023239036738083033,0.032363288812729374,0.003901053915613614,-0.08738112702359498,54,Neutral,686593.0429,1897054238.490223,-0.6068032886410468,-0.6060602882255065,-1.6596666666666666e-05,4.260333333333333e-05,2788.25,0.020676747235431996,0.04773251702216158,0.037473088406022474,0.04944579600498104,0.03730944122127
2025-02-06,2856.0,70.61000061035156,3.4079999923706055,6083.56982421875,15.5,-0.005447355250461389,-0.005930519651740896,0.014184663974765447,0.003637674355266266,-0.017269406077245503,49,Neutral,719459.9571,1981674881.322119,0.046759122701869736,0.04364010452983439,-1.1143333333333334e-05,5.4533333333333325e-06,2686.64,-0.037122816649653355,0.04061265312253793,0.03495332451725975,0.04960144057174328,0.037473088406022474
2025-02-07,2867.300048828125,71.0,3.309000015258789,6025.990234375,16.540000915527344,0.00394879297438717,0.005508090869077976,-0.02947957317762293,-0.0095098456936602,0.06494172102266113,44,Fear,695467.3612,1875060380.334312,-0.03391678926963971,-0.055301525043756516,1.3823333333333334e-05,2.4966666666666666e-05,2622.1,-0.024315818803290066,0.0360081074186584,0.03505368694602678,0.0516397621662029,0.03495332451725975
2025-02-08,2867.300048828125,71.0,3.309000015258789,6025.990234375,16.540000915527344,0.0,0.0,0.0,0.0,0.0,44,Fear,379685.1509,996898803.984915,-0.6052417227019132,-0.6317468764372997,4.856e-05,3.473666666666667e-05,2632.46,0.003943246789126041,0.03654421874598162,0.034790213634950974,0.05318222207113382,0.03505368694602678
2025-02-09,2867.300048828125,71.0,3.309000015258789,6025.990234375,16.540000915527344,0.0,0.0,0.0,0.0,0.0,46,Fear,387166.7911,1016386052.050485,0.01951322591726298,0.019359264164119327,3.378333333333333e-05,-1.477666666666667e-05,2627.18,-0.0020077426491750087,0.02622485393011127,0.03456760443157493,0.05371835101176599,0.034790213634950974
2025-02-10,2914.300048828125,72.31999969482422,3.444000005722046,6066.43994140625,15.8100004196167,0.016258833046568513,0.018420834822807805,0.03998755467616356,0.006690112295455172,-0.045139067185260916,43,Fear,398173.2716,1051708232.55688,0.02803168138645052,0.03416248089423775,4.4603333333333334e-05,1.0820000000000001e-05,2661.19,0.01286236359572681,0.02739120010545243,0.034695495145764366,0.05354175958132554,0.03456760443157493
2025-02-11,2912.5,73.31999969482422,3.5190000534057617,6068.5,16.020000457763672,-0.0006178516064746903,0.013732706945136314,0.02154328528891293,0.00033952514367385523,0.013195292452123142,47,Neutral,484196.1435,1286091770.773805,0.19560281346472402,0.20119225430984972,8.173333333333334e-06,-3.643e-05,2602.59,-0.022266288133639834,0.02139076784458481,0.03480356043495981,0.05354812642861226,0.034695495145764366
2025-02-12,2909.0,71.37000274658203,3.565000057220459,6051.97021484375,15.890000343322754,-0.0012024393787544148,-0.026955767342579182,0.012987196401027887,-0.0027275831896475754,-0.008147968059884936,46,Fear,646295.8959,1705436939.533127,0.288767362313472,0.28221336274520403,5.969333333333333e-05,5.152e-05,2738.27,0.05081923108843668,0.029399621688114542,0.03580309331305206,0.05271764381693101,0.03480356043495981
2025-02-13,2925.89990234375,71.29000091552734,3.628000020980835,6115.06982421875,15.100000381469727,0.005792712774394366,-0.001121573494846507,0.017517468119041996,0.010372313214235747,-0.050995233071065085,50,Neutral,443769.2853,1185301387.824423,-0.3759526424254365,-0.36382426945888924,6.855666666666667e-05,8.863333333333334e-06,2675.87,-0.023051773014207893,0.027030047505665122,0.035424423278082574,0.05287129480130427,0.03580309331305206
2025-02-14,2883.60009765625,70.73999786376953,3.7249999046325684,6114.6298828125,14.770000457763672,-0.014562544873085503,-0.007744924392838291,0.026385288193606714,-7.19463955744955e-05,-0.022096641547685154,48,Neutral,419895.7862,1142877818.043903,-0.055298247282953496,-0.03644759471676024,5.4383333333333325e-05,-1.4173333333333342e-05,2725.95,0.01854243009741044,0.02557044390519517,0.03293749801277039,0.05264692107585258,0.035424423278082574
2025-02-15,2883.60009765625,70.73999786376953,3.7249999046325684,6114.6298828125,14.770000457763672,0.0,0.0,0.0,0.0,0.0,50,Neutral,202971.4295,548554180.222323,-0.7269413246358272,-0.7340187085023561,3.017e-05,-2.4213333333333324e-05,2693.04,-0.012146324170659471,0.026446936109735433,0.03229858730217478,0.05298811816388219,0.03293749801277039
2025-02-16,2883.60009765625,70.73999786376953,3.7249999046325684,6114.6298828125,14.770000457763672,0.0,0.0,0.0,0.0,0.0,54,Neutral,191231.5314,514482095.174283,-0.05958032755694603,-0.0641252994992389,4.526333333333333e-05,1.509333333333333e-05,2661.41,-0.011814609501231234,0.027025319178172445,0.030542505667649125,0.05304834748137727,0.03229858730217478
2025-02-17,2883.60009765625,70.73999786376953,3.7249999046325684,6114.6298828125,14.770000457763672,0.0,0.0,0.0,0.0,0.0,51,Neutral,639739.8197,1752388687.805609,1.2075766617780124,1.2255743464309095,6.419666666666666e-05,1.893333333333333e-05,2744.05,0.030578873730619873,0.028986977548140613,0.030395823609399793,0.05421072344792652,0.030542505667649125
2025-02-18,2931.60009765625,71.8499984741211,4.006999969482422,6129.580078125,15.350000381469727,0.01650883496677148,0.015569437709031842,0.07297599780841364,0.002442003655551809,0.038517371348564894,47,Neutral,604863.8737,1616153629.018717,-0.05605813141324594,-0.0809307986362598,2.862666666666667e-05,-3.5569999999999986e-05,2671.99,-0.026611418119546062,0.029690675520139424,0.030352773645591635,0.05433554909983313,0.030395823609399793
2025-02-19,2919.39990234375,72.25,4.28000020980835,6144.14990234375,15.270000457763672,-0.004170300117599673,0.005551735704514271,0.0659102345764056,0.0023741488668242434,-0.005225349676138614,44,Fear,326154.0202,882047186.131933,-0.6176337061689001,-0.6055587484329262,5.1406666666666664e-05,2.2779999999999992e-05,2715.5,0.01615258534033704,0.022570276650093746,0.030209569059187834,0.054112706053394015,0.030352773645591635
2025-02-20,2940.0,72.56999969482422,4.1519999504089355,6117.52001953125,15.65999984741211,0.0070314990870447855,0.004419282092243165,-0.030362924694657154,-0.004343604884290259,0.02521953161034285,49,Neutral,336735.2544,921476439.354937,0.031927301962078075,0.04373165548112814,3.942333333333333e-05,-1.1983333333333331e-05,2738.04,0.008266237470579285,0.0205266163751316,0.03011347405334952,0.054104425460732374,0.030209569059187834
2025-02-21,2937.60009765625,70.4000015258789,4.234000205993652,6013.1298828125,18.209999084472656,-0.0008166266630073181,-0.030358324246371943,0.019557087445238895,-0.017211396672539132,0.15086116264458116,55,Greed,890440.0604,2429306635.177234,0.9724187640552817,0.9693839512280213,4.808666666666667e-05,8.663333333333336e-06,2663.0,-0.027789029131547016,0.022187984236842075,0.0301583138118737,0.05417069813784111,0.03011347405334952
2025-02-22,2937.60009765625,70.4000015258789,4.234000205993652,6013.1298828125,18.209999084472656,0.0,0.0,0.0,0.0,0.0,49,Neutral,444989.6669,1214059511.899935,-0.6936647289665565,-0.693636168548401,1.745666666666667e-05,-3.0629999999999996e-05,2763.22,0.03694335953723281,0.02631397606947412,0.030511725196344007,0.054166675676602764,0.0301583138118737
2025-02-23,2937.60009765625,70.4000015258789,4.234000205993652,6013.1298828125,18.209999084472656,0.0,0.0,0.0,0.0,0.0,50,Neutral,611002.1222,1711849865.819046,0.31704937104078235,0.34360486590476796,4.578333333333333e-05,2.8326666666666664e-05,2819.69,0.020230283460336135,0.025955076015468714,0.030889025660137914,0.05387905439551897,0.030511725196344007
2025-02-24,2947.89990234375,70.69999694824219,3.99399995803833,5983.25,18.979999542236328,0.003500064634192458,0.004252244899222221,-0.05835399687748168,-0.004981493566252351,0.0414149256001298,49,Neutral,876876.3707,2334572148.661955,0.3612655815321652,0.3102540616787687,3.711e-05,-8.67333333333333e-06,2513.52,-0.11494278867850116,0.05114607678793652,0.036745817776569406,0.05027494688006476,0.030889025660137914
2025-02-25,2904.5,68.93000030517578,4.173999786376953,5955.25,19.43000030517578,-0.01483176087132524,-0.02535402841274555,0.04408153298810564,-0.004690715138395557,0.02343251003220151,25,Extreme Fear,1322016.8718,3207776114.782463,0.41054776863984627,0.31774925755880246,-6.833333333333319e-07,-3.7793333333333336e-05,2495.7,-0.007114910175048293,0.05078137621035252,0.03660570696727547,0.05028177072472104,0.036745817776569406
2025-02-26,2916.800048828125,68.62000274658203,3.9059998989105225,5956.06005859375,19.100000381469727,0.0042258832321174136,-0.004507423868616894,-0.066360950901628,0.00013601502958346571,-0.017129924070949657,21,Extreme Fear,863087.2133,2059160287.050773,-0.42639803839756163,-0.4432796258590161,3.798666666666667e-05,3.867e-05,2336.37,-0.06597080814131187,0.05322712312341884,0.038062710674136205,0.04987064544627025,0.03660570696727547
2025-02-27,2883.199951171875,70.3499984741211,3.934000015258789,5861.56982421875,21.1299991607666,-0.011586370186078948,0.024898684414304355,0.007142917271638818,-0.015991742678524653,0.10100543688551947,10,Extreme Fear,637583.9106,1480849324.540646,-0.3028298514210067,-0.32968248094384156,7.847333333333333e-05,4.048666666666666e-05,2307.72,-0.01233841870588364,0.0518599644492455,0.03781412733439249,0.050164078595046194,0.038062710674136205
2025-02-28,2836.800048828125,69.76000213623047,3.8340001106262207,5954.5,19.6299991607666,-0.016224097946286358,-0.008421951647283326,-0.025748050368114776,0.015729780420663385,-0.07363482637456453,16,Extreme Fear,1291539.0557,2794546441.726884,0.7059039598102066,0.6350540274553085,2.188e-05,-5.6593333333333326e-05,2237.59,-0.0308606303070003,0.05190613625499453,0.03778618576093386,0.04998002390655231,0.03781412733439249
2025-03-01,2836.800048828125,69.76000213623047,3.8340001106262207,5954.5,19.6299991607666,0.0,0.0,0.0,0.0,0.0,20,Extreme Fear,446430.7271,988941461.430361,-1.062305610844105,-1.0387899573320232,9.543333333333334e-06,-1.2336666666666667e-05,2217.39,-0.009068565261909826,0.045262765706864355,0.036443115544896466,0.05005500201038637,0.03778618576093386
2025-03-02,2836.800048828125,69.76000213623047,3.8340001106262207,5954.5,19.6299991607666,0.0,0.0,0.0,0.0,0.0,26,Fear,1266684.7748,3001215557.603687,1.0428741110313884,1.1101375312374338,5.165333333333333e-05,4.2109999999999995e-05,2518.11,0.1271777915729189,0.07432775788244887,0.04426806167876475,0.04438669931893684,0.036443115544896466
2025-03-03,2890.199951171875,68.37000274658203,4.122000217437744,5849.72021484375,22.780000686645508,0.01864901343751476,-0.020126638125264197,0.07242986174136191,-0.017753402648308866,0.14882402262573163,33,Fear,1109565.2003,2529346005.909485,-0.13243484671294767,-0.1710566188346694,9.66e-06,-4.199333333333333e-05,2149.01,-0.15850134915595218,0.08502909789919429,0.051365041742873076,0.035743845080380365,0.04426806167876475
2025-03-04,2909.60009765625,68.26000213623047,4.349999904632568,5778.14990234375,23.510000228881836,0.00668996126638687,-0.0016101973239740863,0.053837287958234635,-0.012310288231505477,0.031542884125980525,15,Extreme Fear,1257822.3372,2634485208.259771,0.12541369476993178,0.040727022386683395,-2.6220000000000003e-05,-3.588e-05,2171.51,0.010415507117134374,0.08580830344051245,0.049751524062432786,0.03577332211104813,0.051365041742873076
2025-03-05,2915.300048828125,66.30999755859375,4.449999809265137,5842.6298828125,21.93000030517578,0.001957098953760298,-0.02898329621135002,0.022728230139335913,0.011097472528735688,-0.06957029594178693,20,Extreme Fear,687130.7897,1514537132.807393,-0.6046125487727709,-0.5535779266421,5.367333333333333e-05,7.989333333333334e-05,2241.59,0.031762657397629936,0.08500594703811083,0.05026658573919609,0.03508109262805358,0.049751524062432786
2025-03-06,2916.60009765625,66.36000061035156,4.302000045776367,5738.52001953125,24.8700008392334,0.0004458405723709752,0.0007537959571209369,-0.03382401183012501,-0.017979677107455568,0.12580671521442058,25,Extreme Fear,596908.3935,1343407922.359188,-0.14076099522799418,-0.11990025830186418,9.243333333333333e-06,-4.443e-05,2202.2,-0.017728574794086408,0.08509818208063777,0.0495937030100629,0.035022742278631044,0.05026658573919609
2025-03-07,2904.699951171875,67.04000091552734,4.39900016784668,5770.2001953125,23.3700008392334,-0.004088489842890409,0.010194995310435618,0.02229723903597061,0.005505435045454467,-0.062209107098641185,34,Fear,782387.2606,1698459492.23933,0.27058617922869616,0.23451204811780943,2.0093333333333333e-05,1.085e-05,2141.6,-0.027903647473347906,0.08496541575894695,0.04944579600498104,0.041843906060648056,0.0495937030100629
2025-03-08,2904.699951171875,67.04000091552734,4.39900016784668,5770.2001953125,23.3700008392334,0.0,0.0,0.0,0.0,0.0,28,Fear,328793.0979,714743022.410347,-0.8669211649504612,-0.8655538693036371,4.5736666666666665e-05,2.5643333333333332e-05,2203.58,0.028530097293870307,0.08594137922568452,0.04960144057174328,0.04121792289301454,0.04944579600498104
2025-03-09,2904.699951171875,67.04000091552734,4.39900016784668,5770.2001953125,23.3700008392334,0.0,0.0,0.0,0.0,0.0,27,Fear,601671.5882,1249766628.544949,0.604283090725839,0.5587890468274834,3.4983333333333334e-05,-1.0753333333333331e-05,2020.41,-0.08678284940341682,0.06922282379026752,0.0516397621662029,0.03950791363493191,0.04960144057174328
2025-03-10,2891.0,66.02999877929688,4.491000175476074,5614.56005859375,27.860000610351562,-0.004727634903135915,-0.015180304110880534,0.020698152656202642,-0.027343541788428148,0.17573880579798803,20,Extreme Fear,1248745.3514,2461512870.770777,0.7301828454540199,0.6778193123146927,5.863333333333332e-06,-2.9120000000000002e-05,1865.1,-0.07998579015319479,0.04845119169039003,0.05318222207113382,0.04448707352344889,0.0516397621662029
2025-03-11,2912.89990234375,66.25,4.453000068664551,5572.06982421875,26.920000076293945,0.007546651957820141,0.0033262991469503343,-0.008497391419023143,-0.007596646918536578,-0.03432248264884245,24,Extreme Fear,1171427.9995,2203451540.611388,-0.06391581138802716,-0.1107511359842386,1.8936666666666668e-05,1.3073333333333336e-05,1923.43,0.030795379592982407,0.05113820637384241,0.05371835101176599,0.046814925795639416,0.05318222207113382
2025-03-12,2939.10009765625,67.68000030517578,4.084000110626221,5599.2998046875,24.229999542236328,0.008954330271122598,0.02135525494073462,-0.08650111436927402,0.004874967940490777,-0.10527799167462569,34,Fear,788739.6763,1494384669.01818,-0.39554247088006683,-0.38831048356536446,-2.1133333333333336e-06,-2.105e-05,1908.2,-0.00794966121863827,0.04680326242213993,0.05354175958132554,0.04729121481469388,0.05371835101176599
2025-03-13,2984.300048828125,66.55000305175781,4.111000061035156,5521.52001953125,24.65999984741211,0.015261784579635519,-0.016837129109330447,0.006589395372399955,-0.013988366806464148,0.017590975612529973,45,Fear,569537.2622,1069629049.44307,-0.3256121146631752,-0.3344026238832067,2.381333333333333e-05,2.5926666666666664e-05,1864.59,-0.02311919955008724,0.04674631658793132,0.05354812642861226,0.04821322649043546,0.05354175958132554
2025-03-14,2994.5,67.18000030517578,4.104000091552734,5638.93994140625,21.770000457763672,0.003412042879592822,0.009421998029069015,-0.0017041925858926159,0.02104290595319694,-0.12464959527480426,27,Fear,375805.7355,718122712.753679,-0.41575186145155846,-0.3984267210114942,5.3206666666666667e-05,2.9393333333333335e-05,1911.65,0.02492555369388252,0.05011181260300011,0.05271764381693101,0.04808935341100173,0.05354812642861226
2025-03-15,2994.5,67.18000030517578,4.104000091552734,5638.93994140625,21.770000457763672,0.0,0.0,0.0,0.0,0.0,46,Fear,209545.8675,404571982.738394,-0.5841296956241326,-0.5738107880522711,3.2063333333333335e-05,-2.114333333333333e-05,1937.17,0.013261401678778083,0.04813217386194895,0.05287129480130427,0.048132046017024435,0.05271764381693101
2025-03-16,2994.5,67.18000030517578,4.104000091552734,5638.93994140625,21.770000457763672,0.0,0.0,0.0,0.0,0.0,30,Fear,324766.6564,616620264.891675,0.438164290804474,0.4214237049311827,-2.7883333333333335e-05,-5.9946666666666666e-05,1887.0,-0.02623987877176881,0.03821606320565054,0.05264692107585258,0.04807390190783947,0.05287129480130427
2025-03-17,3000.0,67.58000183105469,4.01800012588501,5675.1201171875,20.510000228881836,0.0018350159457296321,0.005936519653962617,-0.021177832453630915,0.0063956349746060355,-0.059620313029912886,32,Fear,334840.4877,641484974.278307,0.030547318156594526,0.0395323805368776,3.807666666666667e-05,6.596e-05,1926.31,0.020617989385469538,0.023480015803448336,0.05298811816388219,0.04781574295159209,0.05264692107585258
2025-03-18,3035.10009765625,66.9000015258789,4.052000045776367,5614.66015625,21.700000762939453,0.011632116405335577,-0.010113118438230645,0.00842629996065624,-0.010710667074319702,0.05639971246110034,34,Fear,332896.0155,632109997.551311,-0.0058240868577684275,-0.014722335227517773,3.6276666666666664e-05,-1.800000000000003e-06,1931.54,0.002711356431177048,0.02046662974440261,0.05304834748137727,0.04782580747211608,0.05298811816388219
2025-03-19,3035.89990234375,67.16000366210938,4.247000217437744,5675.2900390625,19.899999618530273,0.00026348367390129166,0.0038788967949342436,0.047002304845430026,0.010740608172953766,-0.0865925831437999,32,Fear,691809.5034,1385193898.481618,0.7314804581664274,0.784531981965321,7.215e-05,3.587333333333334e-05,2056.06,0.06247391784342425,0.030441017394963688,0.05421072344792652,0.04606436395315192,0.05304834748137727
2025-03-20,3040.0,68.26000213623047,3.9749999046325684,5662.89013671875,19.799999237060547,0.001349626670783865,0.016246088036584214,-0.06618817841460645,-0.002187283513782985,-0.005037813392920311,49,Neutral,401518.9282,800851703.937569,-0.5440559576293292,-0.5479196164528395,-3.36e-06,-7.551e-05,1983.79,-0.03578237356016173,0.03304775658289314,0.05433554909983313,0.045970709768069724,0.05421072344792652
2025-03-21,3018.199951171875,68.27999877929688,3.9800000190734863,5667.56005859375,19.280000686645508,-0.007196904393713174,0.00029290527428279986,0.0012570999741912314,0.0008243136078323211,-0.02661357437140071,31,Fear,262641.659,516587945.858554,-0.42446408618215264,-0.43843024449099044,4.865666666666667e-05,5.201666666666667e-05,1965.75,-0.009135304596834008,0.03279332582210615,0.054112706053394015,0.046000623373880736,0.05433554909983313
2025-03-22,3018.199951171875,68.27999877929688,3.9800000190734863,5667.56005859375,19.280000686645508,0.0,0.0,0.0,0.0,0.0,32,Fear,170782.9574,339679365.319319,-0.43039709445895097,-0.41924341729561365,-4.773333333333331e-06,-5.343e-05,1980.69,0.007571416958698752,0.03259503699901969,0.054104425460732374,0.04591945665034342,0.054112706053394015
2025-03-23,3018.199951171875,68.27999877929688,3.9800000190734863,5667.56005859375,19.280000686645508,0.0,0.0,0.0,0.0,0.0,30,Fear,268707.5233,537810044.752251,0.4532300187674309,0.4595032916601049,2.423333333333333e-05,2.900666666666666e-05,2005.99,0.012692435634265985,0.029954188811471927,0.05417069813784111,0.05029195139815189,0.054104425460732374
2025-03-24,3013.10009765625,69.11000061035156,3.9140000343322754,5767.56982421875,17.479999542236328,-0.0016911295043418105,0.012082566886560389,-0.01672194634313559,0.01749211712863917,-0.09801098075725649,45,Fear,477912.8154,985984215.594533,0.5758048071818784,0.6061349248028198,3.7449999999999995e-05,1.3216666666666665e-05,2081.2,0.03680694595155828,0.03160403038163406,0.054166675676602764,0.049942096033136776,0.05417069813784111
2025-03-25,3023.699951171875,69.0,3.8399999141693115,5776.64990234375,17.149999618530273,0.0035117493782604987,-0.0015929423376389708,-0.019087533497650484,0.0015730954906538206,-0.019059192670720065,46,Fear,328765.3292,678919919.780749,-0.3740841101447405,-0.3731371638135077,2.5723333333333335e-05,-1.172666666666666e-05,2066.15,-0.007257678306284416,0.03226013042973096,0.05387905439551897,0.049969719256051544,0.054166675676602764
2025-03-26,3020.89990234375,69.6500015258789,3.8610000610351562,5712.2001953125,18.329999923706055,-0.0009264629905246514,0.00937621753636423,0.005453888842327021,-0.011219640357598032,0.06654090632055294,47,Neutral,428975.3286,872757205.466645,0.2660551970332614,0.25115421986375175,6.0500000000000005e-06,-1.9673333333333334e-05,2009.52,-0.02779108454557782,0.02478957665162684,0.05027494688006476,0.04984141174768678,0.05387905439551897
2025-03-27,3060.199951171875,69.91999816894531,3.950000047683716,5693.31005859375,18.690000534057617,0.012925489441903849,0.0038689830258029543,0.022789357894636857,-0.0033124610071321114,0.01944959235261349,40,Fear,360634.8383,726385594.534751,-0.17353349004532562,-0.18357640622177876,5.032e-05,4.427e-05,2003.66,-0.0029203794321743964,0.02031414322653442,0.05028177072472104,0.05003516130760763,0.05027494688006476
2025-03-28,3086.5,69.36000061035156,4.065000057220459,5580.93994140625,21.649999618530273,0.008557505502098309,-0.008041363887377214,0.028698166091290295,-0.019934601126853548,0.14701678678666755,44,Fear,626167.5832,1197329354.058415,0.5517521219278254,0.4997678215224377,8.486666666666666e-06,-4.183333333333333e-05,1896.9,-0.05475453339943444,0.029504778431544764,0.04987064544627025,0.049154222557552966,0.05028177072472104
2025-03-29,3086.5,69.36000061035156,4.065000057220459,5580.93994140625,21.649999618530273,0.0,0.0,0.0,0.0,0.0,26,Fear,409769.7555,758545295.871779,-0.42402261005934877,-0.45644630259986957,2.7743333333333333e-05,1.9256666666666668e-05,1828.08,-0.036954739000034896,0.031077122526740004,0.050164078595046194,0.04871682891264007,0.04987064544627025
2025-03-30,3086.5,69.36000061035156,4.065000057220459,5580.93994140625,21.649999618530273,0.0,0.0,0.0,0.0,0.0,32,Fear,327843.4476,595676639.883548,-0.2230592294658349,-0.24170454540012262,-6.266666666666666e-06,-3.401e-05,1807.74,-0.01118878943123005,0.02924113805375235,0.04998002390655231,0.048675467586273155,0.050164078595046194
2025-03-31,3122.800048828125,71.4800033569336,4.11899995803833,5611.85009765625,22.280000686645508,0.01169228804819296,0.030107395982433494,0.013196648190452097,0.005523240357645722,0.02868400904935161,34,Fear,497854.9052,904456573.010415,0.4177724790117396,0.41763632223223535,1.4486666666666666e-05,2.0753333333333333e-05,1822.43,0.00809332906461524,0.021869061025161493,0.05005500201038637,0.04865155600442924,0.04998002390655231
2025-04-01,3118.89990234375,71.19999694824219,3.9509999752044678,5633.06982421875,21.770000457763672,-0.0012497066576345498,-0.003924961698320787,-0.04164170011310713,0.0037741045552120668,-0.02315654960427546,34,Fear,452989.0974,851190042.273377,-0.09444062190871565,-0.060698871470905594,1.8463333333333333e-05,3.976666666666667e-06,1904.98,0.04430073445199792,0.032546254153495394,0.04438669931893684,0.048154282751254086,0.05005500201038637
2025-04-02,3139.89990234375,71.70999908447266,4.054999828338623,5670.97021484375,21.510000228881836,0.006710576935193882,0.007137419571240765,0.025981940080620877,0.006705661429484109,-0.01201494235336976,44,Fear,750840.7823,1411539014.562126,0.5053255640537314,0.5058004677470614,2.631e-05,7.846666666666667e-06,1795.22,-0.059343932731742675,0.03703718497157032,0.035743845080380365,0.04688568992325895,0.04438669931893684
2025-04-03,3097.0,66.94999694824219,4.138000011444092,5396.52001953125,30.020000457763672,-0.013757020186500003,-0.06868416857286343,0.020261936854847156,-0.04960591182899663,0.3333458875335828,25,Extreme Fear,508075.018,912214691.840036,-0.3905645117932582,-0.43656051771936527,1.712e-05,-9.190000000000002e-06,1817.23,0.012185786577508531,0.03835056956219335,0.03577332211104813,0.04684647409859305,0.035743845080380365
2025-04-04,3012.0,61.9900016784668,3.8369998931884766,5074.080078125,45.310001373291016,-0.02782959105341858,-0.07697291776429961,-0.0755217986613945,-0.061609061898230934,0.41166394753389157,28,Fear,572734.4702,1030518559.141754,0.11979309661395182,0.12194203992030445,2.7959999999999997e-05,1.0839999999999998e-05,1816.87,-0.00019812333242212469,0.03396981580357315,0.03508109262805358,0.04691462901061671,0.03577332211104813
2025-04-05,3012.0,61.9900016784668,3.8369998931884766,5074.080078125,45.310001373291016,0.0,0.0,0.0,0.0,0.0,30,Fear,201716.2696,362822603.997079,-1.0435601024411738,-1.043903389417936,2.4459999999999996e-05,-3.5000000000000004e-06,1806.01,-0.005995248271208042,0.031193878052637642,0.035022742278631044,0.04691523810435476,0.03508109262805358
2025-04-06,3012.0,61.9900016784668,3.8369998931884766,5074.080078125,45.310001373291016,0.0,0.0,0.0,0.0,0.0,34,Fear,979847.0958,1621420911.803542,1.580534430720633,1.4971441292532734,1.809e-05,-6.369999999999995e-06,1580.76,-0.13321424803042528,0.05903184185249952,0.041843906060648056,0.03958517093574828,0.035022742278631044
2025-04-07,2951.300048828125,60.70000076293945,3.6549999713897705,5062.25,46.97999954223633,-0.02035854214521939,-0.021029398155768406,-0.04859469805352062,-0.0023341946059635883,0.03619418049913722,23,Extreme Fear,2168796.0067,3314200223.327178,0.7945309221365224,0.7149134637353723,-2.7333333333333335e-05,-4.5423333333333336e-05,1553.04,-0.01769144361261582,0.05783972498567712,0.04121792289301454,0.03939151994616992,0.041843906060648056
2025-04-08,2968.39990234375,59.58000183105469,3.4649999141693115,4982.77001953125,52.33000183105469,0.0057772864227977104,-0.018623732616628662,-0.05338347750294086,-0.015825083277054855,0.1078478858876829,24,Extreme Fear,891846.1327,1361139288.977932,-0.8886338362065427,-0.8898942730520303,-2.3733333333333336e-06,2.496e-05,1473.41,-0.05263485816822717,0.05017964657525747,0.03950791363493191,0.05143542391549097,0.04121792289301454
2025-04-09,3056.5,62.349998474121094,3.815999984741211,5456.89990234375,33.619998931884766,0.02924741627141751,0.04544366963540521,0.09649014171630077,0.09089487983303646,-0.4424487591644147,18,Extreme Fear,1968530.9138,2995077137.626647,0.7917491937746892,0.7886479251572753,-3.275e-05,-3.037666666666667e-05,1669.51,0.12495072793418767,0.07732366981642146,0.04448707352344889,0.04783867619414771,0.03950791363493191
2025-04-10,3155.199951171875,60.06999969482422,3.556999921798706,5268.0498046875,40.720001220703125,0.03178139946409088,-0.037253103871513815,-0.07028527860627012,-0.03522060702411168,0.19159830601000538,39,Fear,911855.3934,1425649915.894919,-0.769561396868325,-0.7423421956268378,4.3213333333333335e-05,7.596333333333334e-05,1522.25,-0.09234066669439746,0.08218178968517163,0.046814925795639416,0.04613491533468127,0.04448707352344889
2025-04-11,3222.199951171875,61.5,3.5269999504089355,5363.35986328125,37.560001373291016,0.0210124709703548,0.02352663103073811,-0.008469833787630185,0.01793038083577807,-0.08077971131758639,25,Extreme Fear,578484.3183,901210974.608363,-0.45506997888709627,-0.4586436838028378,-2.4120000000000003e-05,-6.733333333333333e-05,1566.85,0.028877730971497012,0.08436787272181358,0.04729121481469388,0.04678649658038338,0.046814925795639416
2025-04-12,3222.199951171875,61.5,3.5269999504089355,5363.35986328125,37.560001373291016,0.0,0.0,0.0,0.0,0.0,43,Fear,501867.9033,813176435.313973,-0.14207449451941798,-0.10279128264694444,1.4423333333333333e-05,3.8543333333333334e-05,1644.18,0.04817454521355104,0.08837856798398998,0.04821322649043546,0.046562357757072674,0.04729121481469388
2025-04-13,3222.199951171875,61.5,3.5269999504089355,5363.35986328125,37.560001373291016,0.0,0.0,0.0,0.0,0.0,45,Fear,580136.6145,931598664.291855,0.14492667381867466,0.13595400062129773,6.0593333333333335e-05,4.617e-05,1597.76,-0.028639131361487033,0.07208959975205383,0.04808935341100173,0.04698379243155567,0.04821322649043546
2025-04-14,3204.800048828125,61.529998779296875,3.325000047683716,5405.97021484375,30.889999389648438,-0.00541463975573675,0.0004876661007729428,-0.05897794874472076,0.007913319326342991,-0.19550720373103717,31,Fear,645930.1419,1062426756.849636,0.10742774041529739,0.1314088594621531,6.228e-05,1.6866666666666584e-06,1623.77,0.016147957763760806,0.07171961995966286,0.048132046017024435,0.04765695326709321,0.04808935341100173
2025-04-15,3218.699951171875,61.33000183105469,3.3289999961853027,5396.6298828125,30.1200008392334,0.004327834993182707,-0.003255691419578087,0.0012022689982044514,-0.001729275225300909,-0.025243056376930858,38,Fear,476178.8915,774210116.710625,-0.3048977523545904,-0.31646765832554213,1.5689999999999997e-05,-4.659e-05,1588.78,-0.021784179981145808,0.06835911892185485,0.04807390190783947,0.04770950597116622,0.048132046017024435
2025-04-16,3326.60009765625,62.470001220703125,3.246999979019165,5275.7001953125,32.63999938964844,0.03297325457193712,0.018417311552440873,-0.0249404707878863,-0.022663253964902527,0.08034908060172265,29,Fear,611387.8686,965271509.893183,0.24993796115108344,0.22056611380050933,-3.933333333333334e-06,-1.9623333333333332e-05,1577.14,-0.007353345914930207,0.04623904170396179,0.04781574295159209,0.04766541107804624,0.04807390190783947
2025-04-17,3308.699951171875,64.68000030517578,3.244999885559082,5282.7001953125,29.649999618530273,-0.005395442489893157,0.0347655783810385,-0.0006161717698969011,0.0013259586237727749,-0.09607639881843334,30,Fear,449870.3628,716711483.143345,-0.30677210866400023,-0.2977360540506649,2.6240000000000003e-05,3.0173333333333338e-05,1583.62,0.0041002854241772085,0.02756186626581468,0.04782580747211608,0.04819883167154061,0.04781574295159209
2025-04-18,3308.699951171875,64.68000030517578,3.244999885559082,5282.7001953125,29.649999618530273,0.0,0.0,0.0,0.0,0.0,33,Fear,200409.0359,317931022.839473,-0.8085990010783421,-0.8128389151748953,-6.2333333333333335e-06,-3.247333333333333e-05,1588.6,0.003139759594925102,0.025592595622429003,0.04606436395315192,0.04816088981343301,0.04782580747211608
2025-04-19,3308.699951171875,64.68000030517578,3.244999885559082,5282.7001953125,29.649999618530273,0.0,0.0,0.0,0.0,0.0,32,Fear,223096.3899,358254845.712294,0.10724346225904545,0.11941014273831392,4.549000000000001e-05,5.172333333333334e-05,1613.27,0.015410049874644342,0.017427293245460454,0.045970709768069724,0.04816394906401633,0.04606436395315192
2025-04-20,3308.699951171875,64.68000030517578,3.244999885559082,5282.7001953125,29.649999618530273,0.0,0.0,0.0,0.0,0.0,37,Fear,276052.2306,438377495.975152,0.2129861693430013,0.20183580946236676,2.7103333333333332e-05,-1.8386666666666675e-05,1587.36,-0.016190916172083583,0.014773694439477784,0.046000623373880736,0.04791095278331608,0.045970709768069724
2025-04-21,3406.199951171875,63.08000183105469,3.0160000324249268,5158.2001953125,33.81999969482422,0.029041937846947277,-0.025048248304809336,-0.07318385399252582,-0.02384964833401801,0.13159022186892802,39,Fear,691486.6667,1117358203.868595,0.918253780094862,0.9356420293756169,5.964333333333333e-05,3.254e-05,1579.57,-0.004919600819362497,0.01271681186534815,0.04591945665034342,0.047767018460951154,0.046000623373880736
2025-04-22,3400.800048828125,64.30999755859375,3.006999969482422,5287.759765625,30.56999969482422,-0.0015865736672474797,0.019311311061345086,-0.0029885670391334444,0.02480695212545062,-0.10103320852701309,47,Neutral,1103036.9586,1833852783.080129,0.4669786568232693,0.49545194712743507,1.5090000000000001e-05,-4.455333333333333e-05,1756.26,0.10603388993379359,0.04165908918249817,0.05029195139815189,0.04498856393675129,0.04591945665034342
2025-04-23,3276.300048828125,62.27000045776367,3.0220000743865967,5375.85986328125,28.450000762939453,-0.03729596062718759,-0.03223532594805014,0.0049759946080229845,0.016523864366879457,-0.07187093853069917,72,Greed,887545.6316,1590311895.515477,-0.21736259012060902,-0.14248894196700923,8.765e-05,7.256e-05,1795.07,0.021857470360468853,0.04057550110009312,0.049942096033136776,0.0465941161942141,0.05029195139815189
2025-04-24,3332.0,62.790000915527344,2.930000066757202,5484.77001953125,26.469999313354492,0.016857972511505684,0.008316063471168578,-0.030916442652565854,0.020056628082583162,-0.07213619709070036,63,Greed,483465.0385,851507192.04646,-0.6074809328399536,-0.6246774902859188,5.949666666666667e-05,-2.8153333333333334e-05,1769.65,-0.014262231474765616,0.04222106223863107,0.049969719256051544,0.046382909122573486,0.049942096033136776
2025-04-25,3282.39990234375,63.02000045776367,2.937000036239624,5525.2099609375,24.84000015258789,-0.01499789191023496,0.003656303886111966,0.0023862187424727064,0.0073460847957005125,-0.063556727090384,60,Greed,595610.8894,1063192910.339053,0.20860858064342058,0.22202389275499973,4.2619999999999995e-05,-1.6876666666666674e-05,1784.6,0.008412513564324264,0.042002627826402406,0.04984141174768678,0.04638349526437355,0.049969719256051544
2025-04-26,3282.39990234375,63.02000045776367,2.937000036239624,5525.2099609375,24.84000015258789,0.0,0.0,0.0,0.0,0.0,65,Greed,355068.0442,640645562.865216,-0.5172781388074541,-0.5065554792052132,-4.803333333333334e-06,-4.742333333333333e-05,1820.88,0.020125600231878177,0.04201779683547469,0.05003516130760763,0.046373925543388934,0.04984141174768678
2025-04-27,3282.39990234375,63.02000045776367,2.937000036239624,5525.2099609375,24.84000015258789,0.0,0.0,0.0,0.0,0.0,61,Greed,340332.6435,616122293.308254,-0.042385942351032733,-0.039030888015468126,-1.6513333333333333e-05,-1.171e-05,1791.29,-0.016383870030276824,0.042043480341131305,0.049154222557552966,0.04629820943559718,0.05003516130760763
2025-04-28,3332.5,62.04999923706055,3.1700000762939453,5528.75,25.149999618530273,0.015147940676365497,-0.015511644237855738,0.07634294740120305,0.0006405015390019333,0.012402618169858071,54,Neutral,587269.743,1049690759.152374,0.5455607398262948,0.532805412753265,-4.417333333333334e-05,-2.7660000000000006e-05,1799.88,0.004783965327616204,0.04134422473812375,0.04871682891264007,0.04628266851553097,0.049154222557552966
2025-04-29,3318.800048828125,60.41999816894531,3.385999917984009,5560.830078125,24.170000076293945,-0.004119486550149282,-0.026620353701971432,0.06591764753217541,0.005785641545556399,-0.03974568350601866,60,Greed,480456.3884,871685371.749142,-0.2007477810505324,-0.18582233809420043,4.225e-05,8.642333333333334e-05,1797.81,-0.0011507385174512378,0.015118999342266525,0.048675467586273155,0.04658611533989421,0.04871682891264007
2025-04-30,3305.0,58.209999084472656,3.3259999752044678,5569.06005859375,24.700000762939453,-0.004166813216927875,-0.03726300009744934,-0.017878886173179828,0.0014788972519335208,0.021691076650220915,56,Greed,473523.9877,843558998.326332,-0.014533889591680645,-0.0327987023796304,-4.178666666666667e-05,-8.403666666666667e-05,1793.61,-0.002338908796338469,0.01276217752418947,0.04865155600442924,0.04745802839308875,0.048675467586273155
2025-05-01,3210.0,59.2400016784668,3.4790000915527344,5604.14013671875,24.600000381469727,-0.02916553616172506,0.017539872177297182,0.04497454916994852,0.006279345716451974,-0.004056816076951518,53,Neutral,537198.7291,988206595.824892,0.12616552711652404,0.15826193676769582,3.551e-05,7.729666666666667e-05,1838.11,0.02450752110385425,0.013956669847110964,0.048154282751254086,0.047447685573509445,0.04865155600442924
2025-05-02,3231.89990234375,58.290000915527344,3.630000114440918,5686.669921875,22.68000030517578,0.006799232227835648,-0.016166449969052803,0.04248775731755899,0.014619191109112719,-0.08126296612994292,67,Greed,410667.875,755324594.318921,-0.2685833010695728,-0.2687441978669287,-2.3253333333333337e-05,-5.8763333333333334e-05,1842.2,0.0022226397688022595,0.013931706715973222,0.04688568992325895,0.04743605175498556,0.048154282751254086
2025-05-03,3231.89990234375,58.290000915527344,3.630000114440918,5686.669921875,22.68000030517578,0.0,0.0,0.0,0.0,0.0,65,Greed,213751.5979,391267436.332057,-0.6529702144466732,-0.6577562765411616,2.852666666666667e-05,5.178000000000001e-05,1833.52,-0.0047228930029837345,0.012376996488693297,0.04684647409859305,0.04742864807620553,0.04688568992325895
2025-05-04,3231.89990234375,58.290000915527344,3.630000114440918,5686.669921875,22.68000030517578,0.0,0.0,0.0,0.0,0.0,64,Greed,238254.3564,435999576.565349,0.10852424401741302,0.10824996560189107,2.4423333333333337e-05,-4.103333333333332e-06,1808.86,-0.013540803974340185,0.011742291212163495,0.04691462901061671,0.04730219234394494,0.04684647409859305
2025-05-05,3311.300048828125,57.130001068115234,3.549999952316284,5650.3798828125,23.639999389648438,0.024270706904035648,-0.020101176331286184,-0.022285089747890917,-0.006402047029318447,0.04145667440402957,52,Neutral,342341.0078,619310042.705,0.362468511758273,0.3509647518642891,1.1243333333333333e-05,-1.3180000000000004e-05,1820.19,0.006244078649583546,0.01182521383421609,0.04691523810435476,0.04730548291362907,0.04691462901061671
2025-05-06,3411.39990234375,59.09000015258789,3.4630000591278076,5606.91015625,24.760000228881836,0.029781859324395553,0.03373231650728526,-0.024812307560849376,-0.007722985278391797,0.046289290341108305,59,Greed,384584.2451,687049952.313885,0.11635552881687167,0.10380097633826954,4.913333333333335e-06,-6.329999999999998e-06,1817.0,-0.0017541018302236297,0.011850802542509092,0.03958517093574828,0.049988570303763434,0.04691523810435476
2025-05-07,3381.39990234375,58.06999969482422,3.621000051498413,5631.27978515625,23.549999237060547,-0.008832939557882192,-0.017412533811229817,0.04461496251121383,0.004336938106710132,-0.05010366899456484,67,Greed,456170.0705,831394497.734043,0.17070283366725403,0.19069740835283053,3.724333333333333e-05,3.233e-05,1811.11,-0.003246872434657581,0.0119048829012288,0.03939151994616992,0.05001082943502688,0.03958517093574828
2025-05-08,3296.60009765625,59.90999984741211,3.5920000076293945,5663.93994140625,22.479999542236328,-0.025398132101867026,0.031194259420231813,-0.008041092441706782,0.005783021147465641,-0.04649978340350906,65,Greed,1473152.686,2976074419.323541,1.1722943659697402,1.2752559934098913,7.760333333333334e-05,4.036000000000001e-05,2207.39,0.1978709051504642,0.0759694499050692,0.05143542391549097,0.03543546515590851,0.03939151994616992
2025-05-09,3335.39990234375,61.02000045776367,3.7950000762939453,5659.91015625,21.899999618530273,0.011700918988177024,0.01835825324150491,0.05497527838744996,-0.0007117341348763632,-0.026139385258591493,73,Greed,1667041.0382,3881949928.351723,0.12364543287014129,0.26573246309699844,0.0001,2.2396666666666662e-05,2345.04,0.060491637192219526,0.0761025096350961,0.04783867619414771,0.03385422959719756,0.05143542391549097
2025-05-10,3335.39990234375,61.02000045776367,3.7950000762939453,5659.91015625,21.899999618530273,0.0,0.0,0.0,0.0,0.0,70,Greed,979350.1606,2393510879.665205,-0.5319162501571207,-0.48357631090363923,9.604333333333334e-05,-3.956666666666669e-06,2583.23,0.09673809457506417,0.0770483179091091,0.04613491533468127,0.031237351824799826,0.04783867619414771
2025-05-11,3335.39990234375,61.02000045776367,3.7950000762939453,5659.91015625,21.899999618530273,0.0,0.0,0.0,0.0,0.0,70,Greed,831584.3888,2087255708.689512,-0.1635564669661762,-0.1369111302273293,6.600333333333333e-05,-3.0040000000000004e-05,2514.57,-0.02693873911823869,0.07900168966216495,0.04678649658038338,0.03197420767818766,0.04613491533468127
2025-05-12,3220.0,61.95000076293945,3.6459999084472656,5844.18994140625,18.389999389648438,-0.03521122337030222,0.015125933600171835,-0.04005377980538777,0.03203997667702081,-0.1746796139768351,70,Greed,1068680.9433,2694150708.642761,0.25084762038634567,0.2552328736382458,7.601666666666667e-05,1.0013333333333335e-05,2495.47,-0.007624726562569798,0.08035809914750765,0.046562357757072674,0.0321141182500251,0.04678649658038338
2025-05-13,3240.300048828125,63.66999816894531,3.6470000743865967,5886.5498046875,18.219999313354492,0.006284573623097743,0.027385844879859716,0.0002742810771851462,0.007222059020245977,-0.009287151281460961,70,Greed,1031355.6465,2653880363.305381,-0.03555102621456574,-0.015060161742026018,8.744333333333334e-05,1.1426666666666677e-05,2679.71,0.07123149149621383,0.07796850123407287,0.04698379243155567,0.030774546285404013,0.046562357757072674
2025-05-14,3181.39990234375,63.150001525878906,3.492000102996826,5892.580078125,18.6200008392334,-0.018344612393290653,-0.008200592311148426,-0.0434302647507596,0.001023891242276054,0.02171646277508113,73,Greed,830047.1122,2183890526.340228,-0.21714691662615293,-0.19491492568931307,6.739e-05,-2.005333333333334e-05,2609.74,-0.02645798019825446,0.08130561485157109,0.04765695326709321,0.030714338614994077,0.04698379243155567
2025-05-15,3220.699951171875,61.619998931884766,3.361999988555908,5916.93017578125,17.829999923706055,0.012277391287757004,-0.024526397124652956,-0.03793863588996701,0.004123817438757677,-0.04335388932444697,70,Greed,768954.0332,1963827790.236602,-0.0764512679198777,-0.10621240841529034,8.566e-05,1.827e-05,2548.69,-0.023671097836287125,0.05351452143767414,0.04770950597116622,0.030602967567990982,0.04765695326709321
2025-05-16,3182.0,62.4900016784668,3.3340001106262207,5958.3798828125,17.239999771118164,-0.012088782158285714,0.014020094966139728,-0.008363214072638675,0.006980849368100189,-0.03365017563674573,71,Greed,605953.6919,1568128704.046345,-0.23822762580376727,-0.22501252268704938,8.001e-05,-5.650000000000002e-06,2537.12,-0.004549922218868295,0.051009216563447146,0.04766541107804624,0.03061672737119767,0.04770950597116622
2025-05-17,3182.0,62.4900016784668,3.3340001106262207,5958.3798828125,17.239999771118164,0.0,0.0,0.0,0.0,0.0,74,Greed,494333.2782,1227578098.31878,-0.20359362520372687,-0.24483979767433242,9.996666666666667e-06,-7.001333333333333e-05,2475.08,-0.024756860728527823,0.03533272512624546,0.04819883167154061,0.030256581129810427,0.04766541107804624
2025-05-18,3182.0,62.4900016784668,3.3340001106262207,5958.3798828125,17.239999771118164,0.0,0.0,0.0,0.0,0.0,74,Greed,810103.1851,2001441345.434297,0.4939516866264038,0.4888243911696307,3.4683333333333334e-05,2.468666666666667e-05,2497.78,0.009129618637998178,0.03440675672471984,0.04816088981343301,0.03032744595651288,0.04819883167154061
2025-05-19,3228.89990234375,62.689998626708984,3.11299991607666,5963.60009765625,18.139999389648438,0.014631561796196542,0.003195352579058796,-0.0685859530093522,0.0008757295660482738,0.05088715908092825,74,Greed,861747.523,2109843607.573324,0.061800702443782926,0.05274623139027474,3.595666666666667e-05,1.2733333333333336e-06,2528.14,0.012081517129454255,0.03457605123031629,0.04816394906401633,0.030265137303614072,0.04816088981343301
2025-05-20,3280.300048828125,62.560001373291016,3.427000045776367,5940.4599609375,18.09000015258789,0.015793404801633753,-0.0020758051911769233,0.09609839174955477,-0.0038877770695725784,-0.0027601031981324977,71,Greed,676989.1747,1703522806.130449,-0.2413070483282873,-0.21391547927049645,5.331333333333333e-05,1.7356666666666663e-05,2524.19,-0.0015636353147152056,0.016406520423668625,0.04791095278331608,0.030265092890424693,0.04816394906401633
2025-05-21,3309.300048828125,61.56999969482422,3.368000030517578,5844.60986328125,20.8700008392334,0.008801804902702907,-0.015951384222085634,-0.017366150808915484,-0.016266719267758897,0.14295345345940377,70,Greed,1095890.2902,2780015740.832861,0.4816670796340868,0.4897582440196224,4.549333333333334e-05,-7.81999999999999e-06,2550.99,0.010561299937301044,0.015616029413846494,0.047767018460951154,0.031351113042048434,0.04791095278331608
2025-05-22,3292.300048828125,61.20000076293945,3.253000020980835,5842.009765625,20.280000686645508,-0.005150277910234424,-0.006027531981941245,-0.03474145150021651,-0.0004449700224211693,-0.028677548720296264,72,Greed,852555.6669,2246807632.745271,-0.25108385687287615,-0.21294621102348732,7.047000000000001e-05,2.4976666666666668e-05,2664.82,0.04365499400221554,0.020812829656166213,0.04498856393675129,0.031178418291274566,0.047767018460951154
2025-05-23,3363.60009765625,61.529998779296875,3.3340001106262207,5802.81982421875,22.290000915527344,0.021425434503964738,0.005377638928633734,0.02459516356892924,-0.006730899591473139,0.0945029758899914,78,Extreme Greed,971442.4532,2537338702.615742,0.13054352662336105,0.12160539804278449,6.424666666666666e-05,-6.2233333333333455e-06,2526.5,-0.05330156737301998,0.030823430424241648,0.0465941161942141,0.030210386875413178,0.04498856393675129
2025-05-24,3363.60009765625,61.529998779296875,3.3340001106262207,5802.81982421875,22.290000915527344,0.0,0.0,0.0,0.0,0.0,66,Greed,257544.2344,656038924.220513,-1.3275905426373407,-1.3526509329722465,5.382333333333334e-05,-1.0423333333333326e-05,2530.4,0.0015424472594757481,0.028932943618807463,0.046382909122573486,0.0338413025708299,0.0465941161942141
2025-05-25,3363.60009765625,61.529998779296875,3.3340001106262207,5802.81982421875,22.290000915527344,0.0,0.0,0.0,0.0,0.0,74,Greed,359890.0299,901956598.724874,0.33460702285566224,0.3183462793061801,6.092666666666667e-05,7.10333333333333e-06,2551.22,0.008194283121783164,0.028902912033227732,0.04638349526437355,0.033934264452844094,0.046382909122573486
2025-05-26,3363.60009765625,61.529998779296875,3.3340001106262207,5802.81982421875,22.290000915527344,0.0,0.0,0.0,0.0,0.0,73,Greed,362971.1182,929347758.924527,0.00852475462819732,0.029916603415485975,4.3809999999999996e-05,-1.711666666666667e-05,2563.7,0.004879851401569555,0.028653880264337357,0.046373925543388934,0.03397021328656456,0.04638349526437355
2025-05-27,3299.10009765625,60.88999938964844,3.3980000019073486,5921.5400390625,18.959999084472656,-0.019362124406121534,-0.010455893316601546,0.019014206301223757,0.02025258080218437,-0.16180673993166564,74,Greed,798430.8862,2101748442.524873,0.7883251424571195,0.8160418633703768,8.008666666666667e-05,3.627666666666668e-05,2660.81,0.0371790601849991,0.03145649291042776,0.04629820943559718,0.03315938577234728,0.046373925543388934
2025-05-28,3293.60009765625,61.84000015258789,3.2039999961853027,5888.5498046875,19.309999465942383,-0.0016685124798728683,0.015481459149985511,-0.05878699579554718,-0.005586802576444734,0.018291620243806275,71,Greed,560095.6833,1480645502.351484,-0.3545407771997614,-0.3502914470680584,0.0001,1.991333333333333e-05,2681.6,0.007783043587972976,0.0314293879169583,0.04628266851553097,0.033116005477937076,0.04629820943559718
2025-05-29,3317.10009765625,60.939998626708984,3.5220000743865967,5912.169921875,19.18000030517578,0.007109715550713264,-0.014660655724199617,0.09462900317906153,0.0040031708706317415,-0.006754983416935554,74,Greed,811567.2545,2189640513.339573,0.3708596281224838,0.39125923826680437,9.440333333333333e-05,-5.5966666666666735e-06,2631.39,-0.018901407621664652,0.028023054262220685,0.04658611533989421,0.033018019424446245,0.04628266851553097
2025-05-30,3288.89990234375,60.790000915527344,3.447000026702881,5911.68994140625,18.56999969482422,-0.008537804000789136,-0.002464434201305977,-0.021524735913139748,-8.118845699520562e-05,-0.032320726435630054,60,Greed,763045.2564,1976177953.879442,-0.06164991700503378,-0.10257272829242157,7.725333333333333e-05,-1.7149999999999997e-05,2531.34,-0.038763416887778096,0.023789139978349323,0.04745802839308875,0.03268951152817633,0.04658611533989421
2025-05-31,3288.89990234375,60.790000915527344,3.447000026702881,5911.68994140625,18.56999969482422,0.0,0.0,0.0,0.0,0.0,50,Neutral,394537.2521,994330383.170508,-0.6596037788152552,-0.6868504030176149,4.7273333333333334e-05,-2.998e-05,2528.06,-0.0012965966160090577,0.023788099582659997,0.047447685573509445,0.032704401470184545,0.04745802839308875
2025-06-01,3288.89990234375,60.790000915527344,3.447000026702881,5911.68994140625,18.56999969482422,0.0,0.0,0.0,0.0,0.0,56,Greed,332021.7088,834842712.277541,-0.17251320974108117,-0.17482619028916513,4.945333333333333e-05,2.179999999999996e-06,2539.21,0.004400798850344821,0.02360933535108577,0.04743605175498556,0.03321437804865642,0.047447685573509445
2025-06-02,3370.60009765625,62.52000045776367,3.694000005722046,5935.93994140625,18.360000610351562,0.02453766635895122,0.02806119605402807,0.069205588044629,0.004093651490626028,-0.011372940494915069,64,Greed,468889.9737,1184963591.471666,0.34516778853876384,0.3502239900233555,5.184e-05,2.3866666666666687e-06,2607.41,0.026504382446835256,0.025772804519695054,0.04742864807620553,0.03513785721878171,0.04743605175498556
2025-06-03,3350.199951171875,63.40999984741211,3.7219998836517334,5970.3701171875,17.690000534057617,-0.006070768059979941,0.01413506243041926,0.007551243634389918,0.005783533535368979,-0.03717488007439647,64,Greed,454383.0439,1188862077.100825,-0.031427591919570126,0.0032845622874697116,4.909e-05,-2.749999999999999e-06,2593.36,-0.005403059231682269,0.020732356175358364,0.04730219234394494,0.03515885129419185,0.04742864807620553
2025-06-04,3373.5,62.849998474121094,3.7160000801086426,5970.81005859375,17.610000610351562,0.006930750112583484,-0.008870664547419721,-0.0016132844510954663,7.368474471916267e-05,-0.004532581194009188,62,Greed,502494.8214,1321537606.684948,0.10064478285869452,0.10579930032591121,6.636666666666668e-05,1.7276666666666677e-05,2607.68,0.005506604904045108,0.02053975841622434,0.04730548291362907,0.03563831578643252,0.04730219234394494
2025-06-05,3350.699951171875,63.369998931884766,3.677000045776367,5939.2998046875,18.479999542236328,-0.006781516425104247,0.00823963572205525,-0.010550627740839584,-0.005291357978698112,0.04822208427528902,57,Greed,808938.0344,2047572739.901186,0.4761369846135934,0.4378591500853282,5.7543333333333335e-05,-8.823333333333341e-06,2414.01,-0.07717167198088684,0.03459060261271658,0.049988570303763434,0.03263238003654946,0.04730548291362907
2025-06-06,3322.699951171875,64.58000183105469,3.7839999198913574,6000.35986328125,16.770000457763672,-0.008391573926159246,0.01891424720320025,0.028684415250757576,0.010228196215376713,-0.09709743831107769,45,Fear,578843.4974,1428256037.775954,-0.33469017588637173,-0.3602009163094813,1.3933333333333333e-05,-4.3610000000000004e-05,2476.1,0.025395476560089048,0.03491393531881707,0.05001082943502688,0.03253496180316653,0.049988570303763434
2025-06-07,3322.699951171875,64.58000183105469,3.7839999198913574,6000.35986328125,16.770000457763672,0.0,0.0,0.0,0.0,0.0,52,Neutral,264787.6743,662320802.305284,-0.7821038671616466,-0.7684593908041844,6.969333333333333e-05,5.576e-05,2524.63,0.01940977560768664,0.03595886146784778,0.03543546515590851,0.0324227671680844,0.05001082943502688
2025-06-08,3322.699951171875,64.58000183105469,3.7839999198913574,6000.35986328125,16.770000457763672,0.0,0.0,0.0,0.0,0.0,62,Greed,266474.7139,670516749.059655,0.006351081153880119,0.012298648178698402,8.072333333333333e-05,1.1029999999999994e-05,2509.83,-0.005879495570297428,0.035949858866024594,0.03385422959719756,0.032798778629853496,0.03543546515590851
2025-06-09,3332.10009765625,65.29000091552734,3.634999990463257,6005.8798828125,17.15999984741211,0.0028250744326858415,0.010934105537609646,-0.04017252165737706,0.0009195251863913659,0.022989482036049294,62,Greed,568726.3025,1458505754.33474,0.7581199465351047,0.7771190523141468,4.2663333333333335e-05,-3.805999999999999e-05,2680.13,0.0656502790426938,0.04334566887318775,0.031237351824799826,0.03224954573901343,0.03385422959719756
2025-06-10,3320.89990234375,64.9800033569336,3.5329999923706055,6038.81005859375,16.950000762939453,-0.003366964044300687,-0.004759317319035391,-0.02846174214435264,0.005468012541646841,-0.01231320633011249,71,Greed,1138405.4775,3115655145.472068,0.6939845548786747,0.7590269940025614,0.0001,5.733666666666667e-05,2816.4,0.04959417285383804,0.04625855999606165,0.03197420767818766,0.03308323785813015,0.031237351824799826
2025-06-11,3321.300048828125,68.1500015258789,3.506999969482422,6022.240234375,17.260000228881836,0.000120486130438958,0.04763159863056644,-0.0073864037614050125,-0.002747660318287345,0.018123820078471166,72,Greed,850210.9324,2388186204.977766,-0.29189938387820064,-0.26590528192479024,0.0001,0.0,2771.61,-0.016031094874014874,0.04744687912348715,0.0321141182500251,0.03291601269308931,0.03197420767818766
2025-06-12,3380.89990234375,68.04000091552734,3.492000102996826,6045.259765625,18.020000457763672,0.01778563010253441,-0.0016153995491640903,-0.004286294983699447,0.0038151330716763875,0.04309057866717449,71,Greed,699593.3757,1905633561.097528,-0.1949852000602986,-0.2257196364834524,7.123e-05,-2.877000000000001e-05,2642.65,-0.04764617720998437,0.039121776405821825,0.030774546285404013,0.031584864964228715,0.0321141182500251
2025-06-13,3431.199951171875,72.9800033569336,3.5810000896453857,5976.97021484375,20.81999969482422,0.014768122634469274,0.0700896960229113,0.025167448577475875,-0.01136066859010289,0.14443177094572332,61,Greed,1202176.2972,3033896895.562154,0.5413894998204838,0.46503336605287166,-1.1933333333333343e-06,-7.242333333333333e-05,2579.19,-0.024306805427401885,0.04094941429858149,0.030714338614994077,0.031156539212047175,0.030774546285404013
2025-06-14,3431.199951171875,72.9800033569336,3.5810000896453857,5976.97021484375,20.81999969482422,0.0,0.0,0.0,0.0,0.0,63,Greed,331438.9278,838399986.460107,-1.2884452114344467,-1.2861078789087232,2.324666666666667e-05,2.4440000000000003e-05,2530.76,-0.018955743264715684,0.04139356754131441,0.030602967567990982,0.030871531688089898,0.030714338614994077
2025-06-15,3431.199951171875,72.9800033569336,3.5810000896453857,5976.97021484375,20.81999969482422,0.0,0.0,0.0,0.0,0.0,60,Greed,299701.6624,758742736.767623,-0.10065604160181074,-0.09983252771836837,5.7950000000000006e-05,3.470333333333334e-05,2547.61,0.0066360118836382735,0.04135009874677603,0.03061672737119767,0.031511424893978734,0.030602967567990982
2025-06-16,3396.39990234375,71.7699966430664,3.747999906539917,6033.10986328125,19.110000610351562,-0.010194021599707037,-0.016718962337808015,0.04558022339027415,0.0093488231481891,-0.08570225833796581,61,Greed,680429.988,1774646762.471706,0.8199374124371003,0.8496939053480626,5.8643333333333335e-05,6.93333333333329e-07,2544.17,-0.0013511976257330142,0.030538362515542095,0.030256581129810427,0.03360532700284536,0.03061672737119767
2025-06-17,3386.60009765625,74.83999633789062,3.8510000705718994,5982.72021484375,21.600000381469727,-0.0028895213050230267,0.04188593780488692,0.027110533718187765,-0.008387259723643134,0.12248154215971613,68,Greed,715930.4081,1815306987.093816,0.05085803322125878,0.022653196244455304,4.884e-05,-9.803333333333335e-06,2509.95,-0.013541634518074394,0.017372301477206413,0.03032744595651288,0.03353770006419875,0.030256581129810427
2025-06-18,3389.800048828125,75.13999938964844,3.989000082015991,5980.8701171875,20.139999389648438,0.0009444399210661637,0.0040005795495912455,0.0352077203254333,-0.00030928803472058796,-0.06998547536577886,52,Neutral,504532.1818,1266177014.470926,-0.34995133959205665,-0.36025245650431714,4.9833333333333336e-05,9.933333333333362e-07,2525.0,0.005978230100768063,0.01934219475843195,0.030265137303614072,0.03356451224597112,0.03032744595651288
2025-06-19,3389.800048828125,75.13999938964844,3.989000082015991,5980.8701171875,20.139999389648438,0.0,0.0,0.0,0.0,0.0,57,Greed,252646.059,636251233.010393,-0.691642094291757,-0.6881639089902537,5.026333333333333e-05,4.299999999999942e-07,2521.12,-0.0015378154957248734,0.01225323627591516,0.030265092890424693,0.03347680529408157,0.030265137303614072
2025-06-20,3368.10009765625,74.93000030517578,3.8469998836517334,5967.83984375,20.6200008392334,-0.0064221208610746846,-0.0027986835739336347,-0.036246999957546704,-0.002181035215587759,0.02355366230380821,54,Neutral,632027.8235,1559837109.182709,0.9169438847411304,0.8967431718044824,6.566e-05,1.5396666666666675e-05,2406.49,-0.046533992891629815,0.018734475571796298,0.031351113042048434,0.032114989879150437,0.030265092890424693
2025-06-21,3368.10009765625,74.93000030517578,3.8469998836517334,5967.83984375,20.6200008392334,0.0,0.0,0.0,0.0,0.0,49,Neutral,496783.864,1167664698.578644,-0.2407783674825119,-0.2895756285610874,-4.526666666666668e-06,-7.018666666666668e-05,2295.73,-0.04711837861639429,0.023436902487145306,0.031178418291274566,0.030039958686880596,0.031351113042048434
2025-06-22,3368.10009765625,74.93000030517578,3.8469998836517334,5967.83984375,20.6200008392334,0.0,0.0,0.0,0.0,0.0,42,Fear,840155.8295,1865382440.303028,0.5254323357211769,0.46846032384022396,7.183333333333334e-06,1.1710000000000001e-05,2227.7,-0.0300812126348831,0.022141477505591253,0.030210386875413178,0.029013504972543996,0.031178418291274566
2025-06-23,3377.699951171875,68.51000213623047,3.697999954223633,6025.169921875,19.829999923706055,0.0028461738938607515,-0.08957459725292966,-0.03950147294001118,0.009560655071259439,-0.0390655806044794,47,Neutral,744583.8003,1707539521.027113,-0.12076198098480571,-0.08841263615291693,3.393333333333333e-06,-3.7900000000000006e-06,2411.66,0.07934564398281163,0.04358691980717364,0.0338413025708299,0.027905942632384793,0.030210386875413178
2025-06-24,3317.39990234375,64.37000274658203,3.5369999408721924,6092.18017578125,17.479999542236328,-0.018013675886811464,-0.06233202246291182,-0.044513227079844724,0.011060328616958607,-0.12613859464476848,65,Greed,516760.6621,1252322606.094842,-0.3652455736132836,-0.31005354565950166,1.258e-05,9.186666666666666e-06,2448.45,0.015139864214513837,0.04428236503579555,0.033934264452844094,0.027941547200125018,0.0338413025708299
2025-06-25,3327.10009765625,64.91999816894531,3.4059998989105225,6092.16015625,16.760000228881836,0.0029197688926843124,0.008507985708414682,-0.037740340945733086,-3.286108349665331e-06,-0.04206223532916502,66,Greed,414894.7387,1007574107.706431,-0.21955498497224024,-0.21745434391598983,1.1300000000000004e-06,-1.1449999999999999e-05,2418.49,-0.012311792807958116,0.04416631623098915,0.03397021328656456,0.027561081377115083,0.033934264452844094
2025-06-26,3333.5,65.23999786376953,3.260999917984009,6141.02001953125,16.59000015258789,0.0019217200310753606,0.004917030567025608,-0.0435046809040558,0.007988131032516797,-0.010194995310435646,74,Greed,463704.0261,1138310757.584065,0.11122162754163868,0.12199980370483478,3.906666666666666e-05,3.7936666666666665e-05,2415.96,-0.0010466548339375498,0.04417526655531661,0.03315938577234728,0.02747462037256614,0.03397021328656456
2025-06-27,3273.699951171875,65.5199966430664,3.739000082015991,6173.06982421875,16.31999969482422,-0.018101974273062114,0.004282643300932393,0.1367843462736337,0.005205399256150098,-0.01640878256347104,65,Greed,381474.766,927024811.54842,-0.19520176954396612,-0.2053203202246513,2.1436666666666668e-05,-1.7629999999999996e-05,2423.17,0.002979876686593695,0.040424223636499154,0.033116005477937076,0.02761624067430897,0.03315938577234728
2025-06-28,3273.699951171875,65.5199966430664,3.739000082015991,6173.06982421875,16.31999969482422,0.0,0.0,0.0,0.0,0.0,65,Greed,155814.9859,378310903.948948,-0.8953753887802142,-0.8962639758585207,4.3683333333333336e-05,2.2246666666666668e-05,2435.62,0.005124743916839685,0.034442752108262704,0.033018019424446245,0.028278318472094142,0.033116005477937076
2025-06-29,3273.699951171875,65.5199966430664,3.739000082015991,6173.06982421875,16.31999969482422,0.0,0.0,0.0,0.0,0.0,68,Greed,284291.8057,700329421.976834,0.6013318799301784,0.6158344723951249,4.998333333333334e-05,6.300000000000004e-06,2500.09,0.026125386978616508,0.03026071374734394,0.03268951152817633,0.028344734720937865,0.033018019424446245
2025-06-30,3294.39990234375,65.11000061035156,3.4560000896453857,6204.9501953125,16.729999542236328,0.006303198845365553,-0.006277231686631752,-0.07870634104938365,0.005151137506128882,0.0248121568004225,66,Greed,440455.714,1093515997.924797,0.4378087090482571,0.4456026428592361,4.871666666666667e-05,-1.2666666666666726e-06,2485.47,-0.005864954752458621,0.01293662421117701,0.032704401470184545,0.02816090173224341,0.03268951152817633
2025-07-01,3336.699951171875,65.44999694824219,3.4149999618530273,6198.009765625,16.829999923706055,0.012758252337171075,0.005208289105661505,-0.011934395028530534,-0.0011191571098791433,0.005959516032616415,64,Greed,351951.0868,858543228.334264,-0.22431769657935174,-0.24191643762753065,2.7676666666666665e-05,-2.1040000000000002e-05,2405.01,-0.032907714920473924,0.017990233930648462,0.03321437804865642,0.02798295070378713,0.032704401470184545
2025-07-02,3348.0,67.44999694824219,3.48799991607666,6227.419921875,16.639999389648438,0.003380872641776682,0.030100091680430326,0.021151000133805536,0.0047338743064907745,-0.011353604956222913,63,Greed,634967.0337,1599878809.253887,0.5900808741239675,0.6224461287424353,4.017333333333334e-05,1.2496666666666672e-05,2570.41,0.06651135770377255,0.03090209409459148,0.03513785721878171,0.029228008004953187,0.03321437804865642
2025-07-03,3331.60009765625,67.0,3.4089999198913574,6279.35009765625,16.3799991607666,-0.004910454236063616,-0.0066939180180563464,-0.02290951232953838,0.00830437821066394,-0.01574837152360857,73,Greed,504943.6592,1308429372.972785,-0.22912622500114485,-0.2011004161946619,8.072666666666667e-05,4.055333333333333e-05,2591.25,0.00807496551084155,0.03061341258989997,0.03515885129419185,0.03002257438035596,0.03513785721878171
2025-07-04,3331.60009765625,67.0,3.4089999198913574,6279.35009765625,16.3799991607666,0.0,0.0,0.0,0.0,0.0,73,Greed,452593.02,1142275937.968202,-0.10945354603649307,-0.13580475697690106,3.5543333333333336e-05,-4.518333333333333e-05,2508.04,-0.03263881316104407,0.034667648672959205,0.03563831578643252,0.029190394503167655,0.03515885129419185
2025-07-05,3331.60009765625,67.0,3.4089999198913574,6279.35009765625,16.3799991607666,0.0,0.0,0.0,0.0,0.0,67,Greed,157198.0958,394906375.017766,-1.057486544384142,-1.0621292764365369,3.635333333333333e-05,8.099999999999939e-07,2516.41,0.0033317110300457526,0.03467248897112992,0.03263238003654946,0.03059423578254381,0.03563831578643252
2025-07-06,3331.60009765625,67.0,3.4089999198913574,6279.35009765625,16.3799991607666,0.0,0.0,0.0,0.0,0.0,66,Greed,277593.6319,707971625.070802,0.5686515218378403,0.5837553037722647,6.213666666666667e-05,2.578333333333334e-05,2570.35,0.021208793768126077,0.034211967171037035,0.03253496180316653,0.031524462653591254,0.03263238003654946
2025-07-07,3332.199951171875,67.93000030517578,3.4119999408721924,6229.97998046875,17.790000915527344,0.0001800334682463348,0.013785148304748359,0.0008796426434594774,-0.007893368104244017,0.08257552595110282,73,Greed,315707.5272,805370144.473485,0.1286579496404987,0.12889796323219171,5.6630000000000005e-05,-5.506666666666666e-06,2542.29,-0.010976826745835281,0.03450988122137482,0.0324227671680844,0.03127090952061732,0.03253496180316653
2025-07-08,3307.0,68.33000183105469,3.3399999141693115,6225.52001953125,16.809999465942383,-0.007591297859755788,0.0058711678942017665,-0.021327831009265562,-0.0007161432504695748,-0.05666263749048405,65,Greed,370915.7321,957180096.783727,0.16115866144258248,0.1726895841151886,5.6139999999999994e-05,-4.900000000000106e-07,2615.25,0.028294445582588534,0.031445447202163135,0.032798778629853496,0.03233571014581355,0.0324227671680844
2025-07-09,3311.60009765625,68.37999725341797,3.2139999866485596,6263.259765625,15.9399995803833,0.0013900517720019155,0.0007314084547858205,-0.03845451812962765,0.00604380277677969,-0.053142268612983594,66,Greed,686119.3772,1844561572.906599,0.615076732217166,0.6560053357208976,5.980666666666667e-05,3.6666666666666767e-06,2768.74,0.05703264782490423,0.028798109405711564,0.03224954573901343,0.03136036906419971,0.032798778629853496
2025-07-10,3317.39990234375,66.56999969482422,3.3369998931884766,6280.4599609375,15.779999732971191,0.0017498283805606845,-0.026826323016373506,0.037555904599818384,0.0027424410729257912,-0.010088348541556767,71,Greed,951896.07,2707997922.265638,0.32740422683552567,0.38396796839872616,5.331666666666667e-05,-6.4900000000000005e-06,2951.29,0.06385001983809137,0.035020814582717524,0.03308323785813015,0.031189338698356925,0.03224954573901343
2025-07-11,3356.0,68.44999694824219,3.313999891281128,6259.75,16.399999618530273,0.011568474452741711,0.027849486122376768,-0.006916281562553922,-0.0033029717732258423,0.038538013074052885,71,Greed,906839.1689,2704484897.471723,-0.04849074632279504,-0.0012981197000478245,0.0001,4.6683333333333334e-05,2958.22,0.002345373195644777,0.02835395186764989,0.03291601269308931,0.03125260067879159,0.03308323785813015
2025-07-12,3356.0,68.44999694824219,3.313999891281128,6259.75,16.399999618530273,0.0,0.0,0.0,0.0,0.0,79,Extreme Greed,348884.8877,1027324169.831482,-0.9552230792164852,-0.9679539395985696,7.274e-05,-2.7260000000000007e-05,2943.28,-0.005063130362084512,0.029507372985083304,0.031584864964228715,0.03127995689966266,0.03291601269308931
2025-07-13,3356.0,68.44999694824219,3.313999891281128,6259.75,16.399999618530273,0.0,0.0,0.0,0.0,0.0,74,Greed,357333.5016,1063507989.977405,0.023927490733528047,0.03461534004446691,5.254333333333334e-05,-2.0196666666666656e-05,2972.03,0.009720615278929012,0.029900522398806705,0.031156539212047175,0.033876318707857775,0.031584864964228715
2025-07-14,3351.5,66.9800033569336,3.4660000801086426,6268.56005859375,17.200000762939453,-0.0013417817890844313,-0.021709389666200556,0.04484532820768652,0.0014064243309367943,0.04762811660654813,74,Greed,815552.6496,2470137078.017986,0.8251964572471817,0.8427007777355532,6.999333333333334e-05,1.7449999999999997e-05,3013.62,0.013896792937287883,0.026822161421793674,0.030871531688089898,0.034062541213118414,0.031156539212047175
2025-07-15,3329.800048828125,66.5199966430664,3.5230000019073486,6243.759765625,17.3799991607666,-0.006495750023279325,-0.006891513624805755,0.016311685494378413,-0.003964145065672561,0.010410643373586315,73,Greed,863583.7377,2610352115.953149,0.05722488653366348,0.055211476288651064,8.711333333333332e-05,1.7119999999999985e-05,3137.89,0.04040858556728951,0.027505201901076436,0.031511424893978734,0.035342564276072165,0.030871531688089898
2025-07-16,3352.5,66.37999725341797,3.5510001182556152,6263.7001953125,17.15999984741211,0.006794079381100563,-0.0021068389445210046,0.007916387362510715,0.0031885685253844154,-0.012738986382189699,70,Greed,1135950.5831,3699155067.268267,0.27413422990376185,0.34861931081235364,0.0001,1.288666666666668e-05,3371.35,0.07176265809814222,0.030655648822119488,0.03360532700284536,0.03409177856364922,0.031511424893978734
2025-07-17,3340.10009765625,67.54000091552734,3.5420000553131104,6297.35986328125,16.520000457763672,-0.0037055602760010316,0.017324263597579107,-0.002537732286019085,0.005359380240011013,-0.038009289365250935,74,Greed,974065.8264,3331779733.255004,-0.15374621261089258,-0.10459781772087072,0.0001,0.0,3476.87,0.030819206153466738,0.026502093477782415,0.03353770006419875,0.03392107885620115,0.03360532700284536
2025-07-18,3353.0,67.33999633789062,3.565000057220459,6296.7900390625,16.40999984741211,0.003854691586396078,-0.0029656691622084916,0.006472514939887504,-9.049030280841674e-05,-0.006680899998967385,73,Greed,1163823.3977,4180688128.221824,0.17798701165994393,0.22696924131075583,0.0001,0.0,3546.92,0.019947157492513926,0.024960225151441032,0.03356451224597112,0.033852935468852215,0.03353770006419875
2025-07-19,3353.0,67.33999633789062,3.565000057220459,6296.7900390625,16.40999984741211,0.0,0.0,0.0,0.0,0.0,74,Greed,381791.9213,1360031951.337076,-1.1145901450315217,-1.1229676638619455,0.0001,0.0,3592.01,0.01263231313452492,0.022021543600735126,0.03347680529408157,0.03477381539894023,0.03356451224597112
2025-07-20,3353.0,67.33999633789062,3.565000057220459,6296.7900390625,16.40999984741211,0.0,0.0,0.0,0.0,0.0,72,Greed,852356.5533,3170505338.400095,0.8031291775154333,0.8463827948266448,0.0001,0.0,3756.69,0.04482631614396699,0.021018448860738455,0.032114989879150437,0.0357950683810348,0.03347680529408157
2025-07-21,3401.89990234375,67.19999694824219,3.325000047683716,6305.60009765625,16.649999618530273,0.01447860287732854,-0.00208115723450823,-0.06969438146809422,0.001398157005673256,0.014519297711828362,71,Greed,812074.0534,3070256408.919716,-0.048413394303823395,-0.032129908996646805,0.0001,0.0,3762.33,0.0015001957855612833,0.02333690272208598,0.030039958686880596,0.03739141540402504,0.032114989879150437
2025-07-22,3439.199951171875,66.20999908447266,3.252000093460083,6309.6201171875,16.5,0.010904801640990577,-0.014841707006914905,-0.02219946802395787,0.0006373284966667569,-0.009049812608822908,72,Greed,870127.3864,3216022611.720179,0.06904808730772848,0.04638430336733031,0.0001,0.0,3746.21,-0.004293784082249591,0.026463377029008247,0.029013504972543996,0.037777312534518485,0.030039958686880596
2025-07-23,3394.10009765625,65.25,3.0769999027252197,6358.91015625,15.369999885559082,-0.013200213092493647,-0.014605448906322377,-0.05531515569843563,0.007781532145702873,-0.07094283080176363,74,Greed,800259.4025,2907900644.920295,-0.08370369384528044,-0.10071398933286721,0.0001,0.0,3628.29,-0.03198319934152158,0.025131772815617327,0.027905942632384793,0.04398889957914129,0.029013504972543996
2025-07-24,3371.0,66.02999877929688,3.0940001010894775,6363.35009765625,15.390000343322754,-0.006829222657993172,0.011883119516578307,0.0055097200972293444,0.0006979799969332514,0.001300420054187293,71,Greed,749459.495,2743326751.987169,-0.06558365484708072,-0.058260065981286406,0.0001,0.0,3706.94,0.021445275536585953,0.02409658789008891,0.027941547200125018,0.044087700564722,0.027905942632384793
2025-07-25,3334.0,65.16000366210938,3.109999895095825,6388.64013671875,14.930000305175781,-0.011036651923321424,-0.013263325783737057,0.005157907636275897,0.003966451001680552,-0.030345338167419175,70,Greed,764606.7261,2799663682.731906,0.020009344723717994,0.020327969671576122,0.0001,0.0,3724.96,0.004849375076047342,0.0236408244160028,0.027561081377115083,0.044107966314150086,0.027941547200125018
2025-07-26,3334.0,65.16000366210938,3.109999895095825,6388.64013671875,14.930000305175781,0.0,0.0,0.0,0.0,0.0,72,Greed,407259.7024,1525422085.066145,-0.6299105467259006,-0.6072281478007278,0.0001,0.0,3741.1,0.00432357231054932,0.023518977496781272,0.02747462037256614,0.04750731847752854,0.027561081377115083
2025-07-27,3334.0,65.16000366210938,3.109999895095825,6388.64013671875,14.930000305175781,0.0,0.0,0.0,0.0,0.0,73,Greed,457352.4605,1744992440.585528,0.11600327060890123,0.13447907474611415,9.400333333333334e-05,-5.99666666666667e-06,3872.1,0.03441730969773146,0.02081455487647598,0.02761624067430897,0.04792141228732112,0.02747462037256614
2025-07-28,3309.10009765625,66.70999908447266,2.98799991607666,6389.77001953125,15.029999732971191,-0.0074965057238816635,0.02350901306179033,-0.04001845327611953,0.00017684247126657597,0.006675554006955608,75,Greed,620994.7463,2387363538.135913,0.30586827983939807,0.3134394113351944,0.0001,5.99666666666667e-06,3799.0,-0.019059121321626165,0.022648887574681177,0.028278318472094142,0.04795022253533647,0.02761624067430897
2025-07-29,3323.39990234375,69.20999908447266,3.0810000896453857,6370.85986328125,15.979999542236328,0.0043120472958143976,0.0367904946280851,0.030650009526951665,-0.002963830197466829,0.06128972569359601,73,Greed,584210.4393,2218694085.767802,-0.06106136264525207,-0.07327086179418933,8.164666666666668e-05,-1.8353333333333326e-05,3793.79,-0.0013723547780699651,0.022553507196362857,0.028344734720937865,0.04794012843846734,0.028278318472094142
2025-07-30,3295.800048828125,70.0,3.0450000762939453,6362.89990234375,15.479999542236328,-0.008339380490785232,0.01134989442383949,-0.011753322493385503,-0.0012502139385094711,-0.03178907310180721,74,Greed,525424.9003,1984744001.488409,-0.10605399002572394,-0.11142883382565562,3.037e-05,-5.127666666666668e-05,3810.0,0.004263669711191031,0.016974600838142593,0.02816090173224341,0.04848898500208263,0.028344734720937865
2025-07-31,3293.199951171875,69.26000213623047,3.1059999465942383,6339.39013671875,16.719999313354492,-0.0007892237945701002,-0.010627672231444093,0.019834781314766608,-0.003701662046374567,0.07705672799895574,72,Greed,516088.4503,1961880275.402547,-0.01792910306058928,-0.011586601747648305,4.660666666666667e-05,1.623666666666667e-05,3698.39,-0.029731599322331093,0.020384959838258086,0.02798295070378713,0.048058430319740886,0.02816090173224341
2025-08-01,3347.699951171875,67.33000183105469,3.0829999446868896,6238.009765625,20.3799991607666,0.01641380667687466,-0.02826164006549793,-0.0074325765694231985,-0.0161213871855698,0.19794842002607435,65,Greed,783869.1517,2826423714.237822,0.4179639419777783,0.36510886972003126,7.409999999999999e-06,-3.919666666666667e-05,3488.2,-0.05851174596384749,0.029659359868746193,0.029228008004953187,0.046513242786869,0.02798295070378713
2025-08-02,3347.699951171875,67.33000183105469,3.0829999446868896,6238.009765625,20.3799991607666,0.0,0.0,0.0,0.0,0.0,55,Greed,494195.7094,1709705648.162931,-0.4613104964728293,-0.5026909871697558,4.805666666666666e-05,4.0646666666666665e-05,3393.94,-0.027394355452404134,0.029639454769748604,0.03002257438035596,0.04629557224149299,0.029228008004953187
2025-08-03,3347.699951171875,67.33000183105469,3.0829999446868896,6238.009765625,20.3799991607666,0.0,0.0,0.0,0.0,0.0,53,Neutral,296347.6758,1026636932.33361,-0.5113982661570721,-0.5100328742350575,5.4173333333333325e-05,6.116666666666662e-06,3496.74,0.02983961747477572,0.028420844553420206,0.029190394503167655,0.04611866111166358,0.03002257438035596
2025-08-04,3374.39990234375,66.29000091552734,2.931999921798706,6329.93994140625,17.520000457763672,0.007943973509988255,-0.015566859688174842,-0.05021837360993722,0.014629564491414495,-0.15121087497900548,64,Greed,463349.9861,1677819313.332998,0.4469493325841873,0.49120657658416944,2.1476666666666667e-05,-3.2696666666666655e-05,3720.99,0.0621586560364612,0.04035407644694484,0.03059423578254381,0.045127523957578554,0.029190394503167655
2025-08-05,3381.89990234375,65.16000366210938,3.009999990463257,6299.18994140625,17.850000381469727,0.0022201510582657955,-0.01719323012859795,0.026255318239681934,-0.004869703780462017,0.018660417960192417,60,Greed,489070.9589,1772309727.640444,0.05402491113857157,0.05478870430431282,1.5443333333333332e-05,-6.0333333333333354e-06,3612.0,-0.02972812635652487,0.041572484642525546,0.031524462653591254,0.0452801508471831,0.03059423578254381
2025-08-06,3380.0,64.3499984741211,3.0769999027252197,6345.06005859375,16.770000457763672,-0.0005619433653809127,-0.012508929605690623,0.022014989133959804,0.007255522219852605,-0.06241192646480223,54,Neutral,365309.9205,1326203496.30214,-0.2917614986087369,-0.28996328049360026,5.619666666666666e-05,4.075333333333333e-05,3683.31,0.019550168879219083,0.04265118476625662,0.03127090952061732,0.04520889402780666,0.031524462653591254
2025-08-07,3400.300048828125,63.880001068115234,3.066999912261963,6340.0,16.56999969482422,0.005987967888747476,-0.0073305702624902,-0.0032552082013970144,-0.0007977981718278668,-0.011997790110594823,62,Greed,631678.9872,2402252971.431741,0.547635242896698,0.5940866888312748,6.837333333333332e-05,1.2176666666666661e-05,3910.31,0.05980485030798321,0.04712969839387338,0.03233571014581355,0.044066224530792175,0.03127090952061732
2025-08-08,3439.10009765625,63.880001068115234,2.990000009536743,6389.4501953125,15.149999618530273,0.01134616025997749,0.0,-0.025426465932852766,0.0077694548163894745,-0.08959330624524582,74,Greed,723300.0109,2868715363.889369,0.1354427554647421,0.17745728605266387,8.086666666666668e-05,1.2493333333333352e-05,4009.5,0.025049890523005283,0.03697597816596569,0.03136036906419971,0.04387976252469862,0.03233571014581355
2025-08-09,3439.10009765625,63.880001068115234,2.990000009536743,6389.4501953125,15.149999618530273,0.0,0.0,0.0,0.0,0.0,67,Greed,691932.1048,2897074775.140159,-0.044336252571788956,0.009837208522403985,0.0001,1.913333333333333e-05,4260.62,0.06074814433253135,0.03297920341210669,0.031189338698356925,0.04247242732834626,0.03136036906419971
2025-08-10,3439.10009765625,63.880001068115234,2.990000009536743,6389.4501953125,15.149999618530273,0.0,0.0,0.0,0.0,0.0,69,Greed,494843.8105,2091948332.589114,-0.335245657919444,-0.3256056814039344,9.972000000000001e-05,-2.7999999999999054e-07,4250.57,-0.0023615980070610175,0.035555549891003714,0.03125260067879159,0.042469392936504924,0.031189338698356925
2025-08-11,3353.10009765625,63.959999084472656,2.9539999961853027,6373.4501953125,16.25,-0.025324517441945554,0.0012515335842291375,-0.012113207774319878,-0.0025072683938851073,0.0700924019998885,70,Greed,722664.04,3089081112.554874,0.378702260764654,0.3897778238248169,9.409e-05,-5.630000000000012e-06,4223.22,-0.006455221328954463,0.033955183880804464,0.03127995689966266,0.04247670712546817,0.03125260067879159
2025-08-12,3348.89990234375,63.16999816894531,2.808000087738037,6445.759765625,14.729999542236328,-0.0012534156557426127,-0.012428397727227305,-0.050687665408517456,0.011281559075170764,-0.09820670937817151,68,Greed,885288.0652,3918279210.053929,0.20296865024779798,0.23777890828933484,7.886333333333334e-05,-1.5226666666666661e-05,4590.52,0.08339543715453994,0.034323284550217555,0.033876318707857775,0.03982197892415371,0.03127995689966266
2025-08-13,3358.699951171875,62.650001525878906,2.828000068664551,6466.580078125,14.489999771118164,0.002922075262479989,-0.00826577022677899,0.007097254905273564,0.0032248733840464015,-0.016427458860831908,73,Greed,925931.4988,4334944436.910635,0.0448871670856234,0.10105621243201907,0.0001,2.1136666666666664e-05,4749.3,0.03400393134970226,0.03372124432560539,0.034062541213118414,0.04064639302874285,0.033876318707857775
2025-08-14,3335.199951171875,63.959999084472656,2.8410000801086426,6468.5400390625,14.829999923706055,-0.007021346864233285,0.02069416795400631,0.004586358754812961,0.00030304487855445177,0.023193410468529695,75,Greed,1265449.0453,5853669749.165808,0.312382058162204,0.3003599792896313,0.0001,0.0,4546.84,-0.04356475257801217,0.0430594357315805,0.035342564276072165,0.03986533223910564,0.034062541213118414
2025-08-15,3336.0,62.79999923706055,2.9159998893737793,6449.7998046875,15.09000015258789,0.0002398515522892742,-0.018302812326256804,0.026056645139359305,-0.0029013399163647113,0.017380131886339894,60,Greed,880409.2591,3978902618.058779,-0.36279544817297077,-0.38606271494670924,8.746333333333333e-05,-1.2536666666666671e-05,4439.47,-0.023897486238018403,0.0462514383353487,0.03409177856364922,0.03968593843451487,0.035342564276072165
2025-08-16,3336.0,62.79999923706055,2.9159998893737793,6449.7998046875,15.09000015258789,0.0,0.0,0.0,0.0,0.0,56,Greed,358676.5884,1587545552.644884,-0.8979657520248396,-0.9188169112191492,5.641666666666667e-05,-3.104666666666666e-05,4421.99,-0.003945178937148229,0.04172414981382923,0.03392107885620115,0.03982671915212811,0.03409177856364922
2025-08-17,3336.0,62.79999923706055,2.9159998893737793,6449.7998046875,15.09000015258789,0.0,0.0,0.0,0.0,0.0,64,Greed,442461.3829,1990037593.51367,0.20993207586093574,0.2259643838183812,3.1116666666666666e-05,-2.5300000000000005e-05,4472.33,0.011319704604323999,0.04162517551713744,0.033852935468852215,0.03978881189863455,0.03392107885620115
2025-08-18,3331.699951171875,63.41999816894531,2.890000104904175,6449.14990234375,14.989999771118164,-0.0012898149154139478,0.009824178912884366,-0.00895623778538701,-0.00010076825773579619,-0.0066489860460745625,60,Greed,823188.1269,3561988639.06488,0.6208315709536439,0.5821654656094534,6.260666666666667e-05,3.1490000000000005e-05,4312.99,-0.03627812652559123,0.04467781903233711,0.03477381539894023,0.03932726304972931,0.033852935468852215
2025-08-19,3313.39990234375,62.349998474121094,2.7660000324249268,6411.3701171875,15.569999694824219,-0.005507846531911064,-0.017015592585072035,-0.04385429345811836,-0.005875329112207127,0.03796266940012603,56,Greed,831222.7951,3499853674.637695,0.00971310242438331,-0.017597835005269406,0.0001,3.739333333333333e-05,4075.59,-0.05661587760273519,0.032321716850531625,0.0357950683810348,0.03774237731661314,0.03477381539894023
2025-08-20,3343.39990234375,63.209999084472656,2.752000093460083,6395.77978515625,15.6899995803833,0.009013401028552843,0.01369885434705882,-0.005074290933361513,-0.002434630632264957,0.007677573755064212,44,Fear,728324.8933,3077553918.18234,-0.1321506330872683,-0.12858606132781455,6.462666666666667e-05,-3.5373333333333336e-05,4336.16,0.06197364233702371,0.04039731862501923,0.03739141540402504,0.036482254562805794,0.0357950683810348
2025-08-21,3336.89990234375,63.52000045776367,2.8259999752044678,6370.169921875,16.600000381469727,-0.0019460210593331287,0.00489232214518028,0.026534321456379444,-0.004012219728951123,0.05637917834187325,50,Neutral,433836.3992,1854414176.529447,-0.5180797279836634,-0.5065662606664569,4.9183333333333334e-05,-1.5443333333333335e-05,4225.3,-0.025898899620050653,0.03868525814561037,0.037777312534518485,0.03612694468922782,0.03739141540402504
2025-08-22,3374.39990234375,63.65999984741211,2.697999954223633,6466.91015625,14.220000267028809,0.011175298783647576,0.0022015953115401775,-0.04635153466947602,0.015072285158779139,-0.1547532751891094,50,Neutral,1277976.63526,5850514269.296542,1.0803658498368656,1.1489607282806544,6.35e-05,1.4316666666666665e-05,4832.07,0.13418468307705242,0.06602567401551745,0.04398889957914129,0.02612255669927796,0.037777312534518485
2025-08-23,3374.39990234375,63.65999984741211,2.697999954223633,6466.91015625,14.220000267028809,0.0,0.0,0.0,0.0,0.0,60,Greed,512442.0888,2428561923.417837,-0.9138456453367324,-0.8792302855549603,0.0001,3.6500000000000006e-05,4778.4,-0.011169184846589514,0.06637390581983922,0.044087700564722,0.027902930747676302,0.04398889957914129
2025-08-24,3374.39990234375,63.65999984741211,2.697999954223633,6466.91015625,14.220000267028809,0.0,0.0,0.0,0.0,0.0,53,Neutral,780668.77842,3755014998.446702,0.4209632533854878,0.4357929983617575,0.0001,0.0,4780.15,0.00036616432817805254,0.06649614420883446,0.044107966314150086,0.02789785377387571,0.044087700564722
2025-08-25,3373.800048828125,64.80000305175781,2.696000099182129,6439.31982421875,14.789999961853027,-0.00017778178523024962,0.01774923099622844,-0.0007415109801024853,-0.004275512539646319,0.03930183098997578,47,Neutral,1043917.1659,4769033242.728044,0.29058446173715624,0.23905133041027973,3.743666666666667e-05,-6.256333333333334e-05,4376.18,-0.08829572903520404,0.07484781343079881,0.04750731847752854,0.02298766943583517,0.044107966314150086
2025-08-26,3388.60009765625,63.25,2.7170000076293945,6465.93994140625,14.619999885559082,0.004377165544111227,-0.02421052284562626,0.007759103413548819,0.00412547371011636,-0.011560827649531319,48,Neutral,834750.2767,3739773474.021506,-0.22360281198689924,-0.24311856872985715,4.5666666666666664e-06,-3.287e-05,4600.63,0.050017052910167316,0.07169614162205395,0.04792141228732112,0.024031137936843583,0.04750731847752854
2025-08-27,3404.60009765625,64.1500015258789,2.867000102996826,6481.39990234375,14.850000381469727,0.0047106015210283785,0.01412898724012466,0.053737889573948074,0.0023881304533030262,0.015609444442969123,51,Neutral,606669.3611,2784659238.301701,-0.3191486775337042,-0.29489953134108493,1.7553333333333334e-05,1.2986666666666667e-05,4506.71,-0.02062585335400408,0.06989494816308256,0.04795022253533647,0.025249612402423842,0.04792141228732112
2025-08-28,3431.800048828125,64.5999984741211,2.944000005722046,6501.85986328125,14.430000305175781,0.007957432015570034,0.0069902723203849985,0.026502979984079376,0.003151747441466755,-0.028690497002423307,48,Neutral,485243.4027,2202472276.64976,-0.2233333064821311,-0.2345450182777662,3.594333333333333e-05,1.839e-05,4511.21,0.0009980129283716935,0.06860788259172979,0.04794012843846734,0.02523408296809848,0.04795022253533647
2025-08-29,3473.699951171875,64.01000213623047,2.996999979019165,6460.259765625,15.359999656677246,0.012135375150160638,-0.009175032640841454,0.017842578523654295,-0.006418740402792551,0.062457311433301986,50,Neutral,679063.8777,2969120530.274377,0.3360645729908341,0.29868529968055496,2.735e-05,-8.593333333333331e-06,4360.18,-0.03405206930103277,0.04183325517416817,0.04848898500208263,0.025315456266543506,0.04794012843846734
2025-08-30,3473.699951171875,64.01000213623047,2.996999979019165,6460.259765625,15.359999656677246,0.0,0.0,0.0,0.0,0.0,39,Fear,340319.1826,1483613909.749367,-0.6908312496832307,-0.6937848489473977,2.370333333333333e-05,-3.64666666666667e-06,4373.7,0.0030959918843136355,0.042376729640151406,0.048058430319740886,0.025544004733990565,0.04848898500208263
2025-08-31,3473.699951171875,64.01000213623047,2.996999979019165,6460.259765625,15.359999656677246,0.0,0.0,0.0,0.0,0.0,48,Neutral,356586.1861,1588952837.432261,0.0466920172852869,0.06859426419177268,9.996666666666667e-06,-1.3706666666666664e-05,4391.83,0.004136663921829146,0.04259304751314068,0.046513242786869,0.025676489936328605,0.048058430319740886
2025-09-01,3473.699951171875,64.01000213623047,2.996999979019165,6460.259765625,15.359999656677246,0.0,0.0,0.0,0.0,0.0,46,Fear,513830.0395,2244610986.86617,0.36531658144566675,0.3454570199324586,-1.0973333333333334e-05,-2.097e-05,4314.5,-0.017764553752352776,0.027083706505689444,0.04629557224149299,0.027035285822486554,0.046513242786869
2025-09-02,3549.39990234375,65.58999633789062,3.009000062942505,6415.5400390625,17.170000076293945,0.02155825335719171,0.02438383494499543,0.00399603723207491,-0.006946350061030363,0.11139697398504478,49,Neutral,524605.0512,2275752549.704531,0.02075314773295974,0.013778562395334065,2.981666666666667e-05,4.079e-05,4326.5,0.0027774580984313694,0.01525771720151147,0.04611866111166358,0.027606079047270783,0.04629557224149299
2025-09-03,3593.199951171875,63.970001220703125,3.063999891281128,6448.259765625,16.350000381469727,0.012264609179004047,-0.02500894692781603,0.018113397829694875,0.005087112302941308,-0.04893575867808498,55,Greed,487091.6861,2146232316.546182,-0.07419332354753516,-0.05859689481991262,1.625e-05,-1.356666666666667e-05,4450.46,0.02824856055761766,0.019519116386379286,0.045127523957578554,0.027151759664342724,0.04611866111166358
2025-09-04,3565.800048828125,63.47999954223633,3.0739998817443848,6502.080078125,15.300000190734863,-0.007654710471889562,-0.007689354097416977,0.0032583902510987545,0.008311847102873571,-0.06637507981002318,51,Neutral,471795.7096,2061920365.306792,-0.031906299259882746,-0.040076129236414564,-7.426666666666667e-06,-2.3676666666666666e-05,4297.55,-0.034962368743768533,0.023070779894433138,0.0452801508471831,0.0263490881411317,0.045127523957578554
2025-09-05,3613.199951171875,61.869998931884766,3.0480000972747803,6481.5,15.180000305175781,0.013205346467745164,-0.02568949616802651,-0.008493936908084981,-0.00317017266993674,-0.007874048793430576,48,Neutral,624169.8754,2722930703.949958,0.2798764942893587,0.27807100022073633,-2.0433333333333333e-05,-1.3006666666666665e-05,4307.45,0.0023009888130162623,0.01980944582621509,0.04520889402780666,0.026362126626482567,0.0452801508471831
2025-09-06,3613.199951171875,61.869998931884766,3.0480000972747803,6481.5,15.180000305175781,0.0,0.0,0.0,0.0,0.0,48,Neutral,191166.0686,819243725.2123,-1.1832800481505537,-1.2010824155649507,1.970666666666667e-05,4.0140000000000005e-05,4273.14,-0.00799716170022149,0.01980198128928182,0.044066224530792175,0.027065661258883125,0.04520889402780666
2025-09-07,3613.199951171875,61.869998931884766,3.0480000972747803,6481.5,15.180000305175781,0.0,0.0,0.0,0.0,0.0,44,Fear,169620.8372,729149678.760542,-0.11957694272718424,-0.11650259677168162,6.0729999999999996e-05,4.1023333333333324e-05,4306.19,0.007704602454888019,0.020070098037708626,0.04387976252469862,0.028833980656578256,0.044066224530792175
2025-09-08,3638.10009765625,62.2599983215332,3.0899999141693115,6495.14990234375,15.109999656677246,0.00686780141163577,0.0062837457754367386,0.01368539339403454,0.0021037644508885675,-0.004622038508200957,51,Neutral,372882.4355,1611402674.924859,0.7876976069750045,0.7929812737498149,4.567000000000001e-05,-1.5059999999999988e-05,4306.37,4.1799418529761376e-05,0.018956820490495893,0.04247242732834626,0.028986039654707786,0.04387976252469862
2025-09-09,3643.300048828125,62.630001068115234,3.117000102996826,6512.60986328125,15.039999961853027,0.0014282835584511465,0.005925275537221591,0.008699970696043642,0.0026845470300734414,-0.004643437577763262,48,Neutral,405485.7821,1751903233.455334,0.08382262666695338,0.08359773258269791,7.117e-05,2.549999999999999e-05,4310.09,0.0008634637034529795,0.01891931455653729,0.042469392936504924,0.02976798750802939,0.04247242732834626
2025-09-10,3643.60009765625,63.66999816894531,3.0290000438690186,6532.0400390625,15.350000381469727,8.235294082891736e-05,0.01646905167872603,-0.028638487300671506,0.0029790282293981275,0.02040218289932801,49,Neutral,506633.9098,2207912091.685508,0.22270286106963283,0.2313445551312265,8.325333333333334e-05,1.2083333333333347e-05,4349.32,0.009060725473809083,0.015046201444211713,0.04247670712546817,0.03822951874361423,0.042469392936504924
2025-09-11,3636.89990234375,62.369998931884766,2.934000015258789,6587.47021484375,14.710000038146973,-0.001840587103648067,-0.020629091857851622,-0.031865861606636035,0.008450087623093565,-0.042587961678039646,54,Neutral,441259.6649,1949893256.335128,-0.1381551599079542,-0.12427268333765,6.614e-05,-1.7113333333333345e-05,4458.82,0.024864645993088238,0.010294261509448921,0.03982197892415371,0.037954122604472555,0.04247670712546817
2025-09-12,3649.39990234375,62.689998626708984,2.940999984741211,6584.2900390625,14.760000228881836,0.0034311001737597525,0.005117549967248644,0.002382969462090524,-0.00048287788142832935,0.0033932974726116655,57,Greed,510777.5402,2337299050.098691,0.14630064187674818,0.18122137987664963,8.285999999999999e-05,1.671999999999999e-05,4712.16,0.05526224459511558,0.02131631586429091,0.04064639302874285,0.041421501908696964,0.03982197892415371
2025-09-13,3649.39990234375,62.689998626708984,2.940999984741211,6584.2900390625,14.760000228881836,0.0,0.0,0.0,0.0,0.0,52,Neutral,394393.6869,1850836179.983483,-0.2585845375859407,-0.23335848445888377,9.938333333333334e-05,1.6523333333333352e-05,4666.53,-0.009730646826155577,0.021606673263152364,0.03986533223910564,0.04166180856165853,0.04064639302874285
2025-09-14,3649.39990234375,62.689998626708984,2.940999984741211,6584.2900390625,14.760000228881836,0.0,0.0,0.0,0.0,0.0,55,Greed,278244.3205,1287527692.946413,-0.34885003730764014,-0.3629136637451244,4.7449999999999995e-05,-5.1933333333333347e-05,4604.49,-0.013383840415569823,0.02376254367634931,0.03968593843451487,0.04186397460317145,0.03986533223910564
2025-09-15,3682.199951171875,63.29999923706055,3.0429999828338623,6615.27978515625,15.6899995803833,0.008947642619622902,0.009683393717559274,0.03409421089008679,0.004695577726559718,0.06110270532150231,53,Neutral,412291.9687,1874781946.015099,0.3932321818135709,0.3757684947918894,5.8439999999999996e-05,1.0990000000000002e-05,4523.74,-0.017692829050488672,0.025805155519063826,0.03982671915212811,0.04216656028808337,0.03968593843451487
2025-09-16,3688.89990234375,64.5199966430664,3.1029999256134033,6606.759765625,16.360000610351562,0.0018178977764950366,0.019089884130283317,0.01952549622012054,-0.0012887604333313247,0.041815828481424934,52,Neutral,293307.1099,1315498731.650004,-0.34051154352074314,-0.3542764998612854,3.701e-05,-2.1429999999999996e-05,4501.29,-0.004975062976067039,0.026130181232163208,0.03978881189863455,0.04230767575031329,0.03982671915212811
2025-09-17,3681.800048828125,64.05000305175781,3.0999999046325684,6600.35009765625,15.720000267028809,-0.0019265078645296421,-0.007311125238423738,-0.0009672807663532563,-0.0009706390782443865,-0.039905564494527264,53,Neutral,476981.4561,2149457762.913816,0.48625739729230205,0.49099974969543864,4.061e-05,3.5999999999999994e-06,4590.53,0.019631463454173458,0.026623798697902795,0.03932726304972931,0.04209943691295727,0.03978881189863455
2025-09-18,3643.699951171875,63.56999969482422,2.938999891281128,6631.9599609375,15.699999809265137,-0.01040214079746196,-0.007522419841542572,-0.05333273028242333,0.004777687836708263,-0.0012731037820809259,52,Neutral,290660.377,1336761563.704996,-0.49532211778673657,-0.47496566161422993,3.804333333333333e-05,-2.5666666666666703e-06,4587.66,-0.0006253956593931097,0.02561047988666433,0.03774237731661314,0.04226371768013636,0.03932726304972931
2025-09-19,3671.5,62.68000030517578,2.888000011444092,6664.35986328125,15.449999809265137,0.007600662414640123,-0.014099233791081182,-0.017505125451773743,0.004873523937481177,-0.016051709207089097,53,Neutral,331611.1482,1495953132.099773,0.13180754587172847,0.11251360483037325,1.7233333333333333e-06,-3.632e-05,4468.59,-0.026297167533291962,0.014643129520984828,0.036482254562805794,0.04240164486522761,0.03774237731661314
2025-09-20,3671.5,62.68000030517578,2.888000011444092,6664.35986328125,15.449999809265137,0.0,0.0,0.0,0.0,0.0,48,Neutral,130781.913,585813348.774924,-0.9304318924719597,-0.9375176078427322,-2.579999999999999e-06,-4.3033333333333325e-06,4480.42,0.0026438694092462277,0.015080902997209359,0.03612694468922782,0.04238803837674461,0.036482254562805794
2025-09-21,3671.5,62.68000030517578,2.888000011444092,6664.35986328125,15.449999809265137,0.0,0.0,0.0,0.0,0.0,49,Neutral,149349.8262,668077573.112986,0.132760231306985,0.13140307281840843,1.8316666666666664e-05,2.0896666666666663e-05,4444.97,-0.007943672245900365,0.014762612738280554,0.02612255669927796,0.04259296607331455,0.03612694468922782
2025-09-22,3740.699951171875,62.63999938964844,2.805999994277954,6693.75,16.100000381469727,0.018672448725779663,-0.0006383804178616805,-0.028804245352164366,0.004400350714762291,0.041210304685733154,45,Fear,708243.2348,2991392446.130756,1.5564962057186187,1.499089964817701,-6.87e-06,-2.5186666666666664e-05,4199.08,-0.056907666110895525,0.02455714593148674,0.027902930747676302,0.04151899877978723,0.02612255669927796
2025-09-23,3780.60009765625,63.40999984741211,2.8529999256134033,6656.919921875,16.639999389648438,0.010610006389506373,0.01221753336682196,0.01661106651719656,-0.005517351828739721,0.03299010302909157,43,Fear,315227.9057,1318382529.127912,-0.8094916992935887,-0.8193333515309943,1.0706666666666665e-05,1.7576666666666664e-05,4164.26,-0.008326864910836613,0.024460787461727453,0.02789785377387571,0.041617082493798876,0.027902930747676302
2025-09-24,3732.10009765625,64.98999786376953,2.8580000400543213,6637.97021484375,16.18000030517578,-0.01291164894810577,0.024611803730545136,0.0017510473642359111,-0.0028506771652953692,-0.028033468221638266,44,Fear,353665.5671,1472276097.667921,0.11505585351590802,0.11040394055520696,-6.413333333333333e-06,-1.712e-05,4152.81,-0.0027533752231514953,0.02098745183269519,0.02298766943583517,0.04182097760666293,0.02789785377387571
2025-09-25,3736.89990234375,64.9800033569336,2.9040000438690186,6604.72021484375,16.739999771118164,0.001285260502940439,-0.0001537971341351223,0.01596701854647731,-0.005021648742526333,0.0340251208969369,44,Fear,930327.6951,3702962412.917114,0.9671851435125903,0.9223235823701907,-2.2373333333333335e-05,-1.5960000000000003e-05,3874.36,-0.06940472566749337,0.028326690431013643,0.024031137936843583,0.0398315380927332,0.02298766943583517
2025-09-26,3775.300048828125,65.72000122070312,2.8350000381469727,6643.7001953125,15.289999961853027,0.010223498096000606,0.011323729841388266,-0.024047161433523312,0.005884489130413512,-0.09060203394250499,28,Fear,575711.0859,2275867014.046836,-0.47993093652566754,-0.48677206656264443,5.650999999999999e-05,7.888333333333333e-05,4032.24,0.03994156493275973,0.037169853365549954,0.025249612402423842,0.040233460370637505,0.024031137936843583
2025-09-27,3775.300048828125,65.72000122070312,2.8350000381469727,6643.7001953125,15.289999961853027,0.0,0.0,0.0,0.0,0.0,33,Fear,172693.2638,692281857.207582,-1.2040889686993343,-1.1901231830648058,4.2596666666666665e-05,-1.3913333333333328e-05,4018.38,-0.0034432164711230614,0.03676606110789764,0.02523408296809848,0.040269706809615356,0.025249612402423842
2025-09-28,3775.300048828125,65.72000122070312,2.8350000381469727,6643.7001953125,15.289999961853027,0.0,0.0,0.0,0.0,0.0,37,Fear,240331.8589,972239151.627579,0.33050373446600356,0.3396086341728037,6.801333333333333e-05,2.541666666666667e-05,4142.16,0.03033855457312372,0.04072032602047862,0.025315456266543506,0.040380178367217315,0.02523408296809848
2025-09-29,3820.89990234375,63.45000076293945,3.2669999599456787,6661.2099609375,16.1200008392334,0.012006108728818521,-0.035151105558710066,0.14183016972321966,0.002632077259912619,0.0528617716940319,50,Neutral,380728.6784,1580732256.801187,0.46006627761126545,0.48604165736468,1.288e-05,-5.5133333333333336e-05,4215.07,0.017448807761483453,0.03587929571981048,0.025544004733990565,0.040348548724895725,0.025315456266543506
2025-09-30,3840.800048828125,62.369998931884766,3.302999973297119,6688.4599609375,16.280000686645508,0.005194719543134664,-0.017167832772092623,0.010959017965562767,0.004082503613507919,0.009876613611529673,50,Neutral,391126.6172,1625808124.643462,0.02694434546220204,0.028116806289191054,2.6999999999999996e-07,-1.261e-05,4145.15,-0.016727222559593583,0.036362636000444995,0.025676489936328605,0.04048442912334462,0.025544004733990565
2025-10-01,3867.5,61.779998779296875,3.4760000705718994,6711.2001953125,16.290000915527344,0.006927612517481628,-0.009504705681003096,0.05105108938154326,0.0033941541712235066,0.00061407606411764,49,Neutral,507026.3822,2165739972.371045,0.25953170141476706,0.2867570920438455,8.433333333333338e-07,5.733333333333338e-07,4348.03,0.04778389284816072,0.04064218372267378,0.027035285822486554,0.03944432236862638,0.025676489936328605
2025-10-02,3839.699951171875,60.47999954223633,3.441999912261963,6715.35009765625,16.6299991607666,-0.0072140776340165556,-0.021266943429129492,-0.009829555406839175,0.0006181636213842448,0.020656763924054484,64,Greed,526411.1571,2322911121.293646,0.037519536750479976,0.07005910106158175,2.751e-05,2.6666666666666667e-05,4484.35,0.030870688512346534,0.02343123110160122,0.027606079047270783,0.03894948432718495,0.027035285822486554
2025-10-03,3880.800048828125,60.880001068115234,3.3239998817443848,6715.7900390625,16.649999618530273,0.010647104699776156,0.006592006795596239,-0.03488383088202106,6.55106568658717e-05,0.0012019507755499145,63,Greed,485684.0267,2184423024.582545,-0.08052431324752657,-0.06146946104254918,4.946e-05,2.1949999999999998e-05,4512.87,0.0063397572859535895,0.022291340201159165,0.027151759664342724,0.03897215596883073,0.027606079047270783
2025-10-04,3880.800048828125,60.880001068115234,3.3239998817443848,6715.7900390625,16.649999618530273,0.0,0.0,0.0,0.0,0.0,71,Greed,199732.7088,895195711.881079,-0.8885782449435216,-0.8920646438208998,3.6983333333333336e-05,-1.2476666666666662e-05,4487.15,-0.005715558413766914,0.022637023899052117,0.0263490881411317,0.041361367412999346,0.027151759664342724
2025-10-05,3880.800048828125,60.880001068115234,3.3239998817443848,6715.7900390625,16.649999618530273,0.0,0.0,0.0,0.0,0.0,74,Greed,506587.9614,2305062852.191549,0.9307179570694715,0.9458208559587141,8.489666666666668e-05,4.791333333333334e-05,4514.32,0.006036810101716383,0.021879894943374483,0.026362126626482567,0.044056236673569046,0.0263490881411317
2025-10-06,3948.5,61.689998626708984,3.3570001125335693,6740.27978515625,16.3700008392334,0.017294429424654912,0.013217089862356094,0.009878910103058452,0.003639959282762629,-0.01695975086576718,71,Greed,456200.6528,2107882753.614729,-0.10476523296310092,-0.08942393443399012,9.298e-05,8.083333333333317e-06,4684.01,0.03690001421518396,0.02379540754595067,0.027065661258883125,0.04421080031381549,0.026362126626482567
2025-10-07,3976.60009765625,61.72999954223633,3.497999906539917,6714.58984375,17.239999771118164,0.007091447444070091,0.0006482080298397469,0.04114359835830016,-0.003818687706853079,0.05178180930974778,70,Greed,640685.9319,2946435862.400838,0.33960663021295356,0.334912248269246,0.0001,7.020000000000011e-06,4447.7,-0.051767472030075326,0.033361889189340486,0.028833980656578256,0.043725180000143145,0.027065661258883125
2025-10-08,4043.300048828125,62.54999923706055,3.3329999446868896,6753.72021484375,16.299999237060547,0.016633994907520277,0.01319619572542084,-0.048318567148251716,0.005810748494187323,-0.05606719095272428,60,Greed,399904.3287,1791815622.635745,-0.47131403076325185,-0.4973668375690429,2.851e-05,-7.149000000000001e-05,4525.72,0.017389571885848193,0.02937401120102945,0.028986039654707786,0.04424677781553971,0.028833980656578256
2025-10-09,3946.300048828125,61.5099983215332,3.2690000534057617,6735.10986328125,16.43000030517578,-0.024282758867578195,-0.016766488783076145,-0.019388638650903102,-0.0027593739802789824,0.007943889616864368,70,Greed,515978.1829,2257574038.66859,0.25483914313583433,0.23106138241849614,3.0463333333333334e-05,1.953333333333334e-06,4368.09,-0.03545083789043667,0.030581514371239626,0.02976798750802939,0.04396899879984104,0.028986039654707786
2025-10-10,3975.89990234375,58.900001525878906,3.1059999465942383,6552.509765625,21.65999984741211,0.007472669571045818,-0.04335861936876658,-0.05114843654699715,-0.027485975439899807,0.2763582839046803,64,Greed,1493971.0244,5954598988.690315,1.0631284874732994,0.969873057745875,-2.3666666666666609e-07,-3.07e-05,3829.72,-0.13153414915544512,0.056453609062097204,0.03822951874361423,0.03869283515210334,0.02976798750802939
2025-10-11,3975.89990234375,58.900001525878906,3.1059999465942383,6552.509765625,21.65999984741211,0.0,0.0,0.0,0.0,0.0,27,Fear,789885.6582,2994511140.409299,-0.6373047723293972,-0.6873828672637392,-1.0889999999999994e-05,-1.0653333333333328e-05,3746.79,-0.021892220065384466,0.05593542610188599,0.037954122604472555,0.03851741085012582,0.03822951874361423
2025-10-12,3975.89990234375,58.900001525878906,3.1059999465942383,6552.509765625,21.65999984741211,0.0,0.0,0.0,0.0,0.0,24,Extreme Fear,811308.152,3213401552.274956,0.02675974889149571,0.07054905668431977,-3.563e-05,-2.474000000000001e-05,4152.29,0.10276051587678621,0.07409742832992773,0.041421501908696964,0.03379862132537163,0.037954122604472555
2025-10-13,4108.60009765625,59.4900016784668,3.118000030517578,6654.72021484375,19.030000686645508,0.03283124863445809,0.009967142850277801,0.0038560728910242374,0.015478263036934031,-0.1294505171378362,38,Fear,622813.9247,2590697041.479605,-0.2644001494906954,-0.21540308220266788,2.622e-05,6.185e-05,4240.85,0.02110373156831671,0.07258719199481271,0.04166180856165853,0.03341621694850994,0.041421501908696964
2025-10-14,4138.7001953125,58.70000076293945,3.0280001163482666,6644.31005859375,20.809999465942383,0.007299414410765657,-0.013368519582766103,-0.02928940642380191,-0.00156555149694257,0.08941689735171127,38,Fear,962996.7658,3894019260.946043,0.43580225539851025,0.40751488576419187,2.8823333333333336e-05,2.603333333333336e-06,4125.02,-0.02769285259047492,0.07106485736062411,0.04186397460317145,0.034361125188447736,0.04166180856165853
2025-10-15,4176.89990234375,58.27000045776367,3.0160000324249268,6671.06005859375,20.639999389648438,0.009187545165353398,-0.00735235082042639,-0.003970913102651884,0.004017918503427979,-0.008202703699969066,34,Fear,626081.6966,2543782117.973257,-0.4305691849935873,-0.4257898568922712,2.7260000000000003e-05,-1.5633333333333325e-06,3985.61,-0.0343804937045906,0.07033727265494473,0.04216656028808337,0.03444978817743783,0.04186397460317145
2025-10-16,4280.2001953125,57.459999084472656,2.937999963760376,6629.06982421875,25.309999465942383,0.02443046188439831,-0.013998351393044674,-0.026202395479788292,-0.006314280275141975,0.20396864241431095,28,Fear,643804.6163,2552218455.018819,0.027914420897770492,0.003310966956015932,2.9466666666666667e-06,-2.4313333333333337e-05,3894.51,-0.023122505456865863,0.06998549100748895,0.04230767575031329,0.034646693111489255,0.04216656028808337
2025-10-17,4189.89990234375,57.540000915527344,3.007999897003174,6664.009765625,20.780000686645508,-0.02132293911227755,0.0013913364167031342,0.0235463064297349,0.0052568739445263,-0.1972085347417192,22,Extreme Fear,830127.0885,3147006926.52111,0.25418351851034143,0.20948885575627393,3.982333333333333e-05,3.687666666666666e-05,3831.57,-0.016293228229644297,0.04870550801455605,0.04209943691295727,0.0347339100726177,0.04230767575031329
2025-10-18,4189.89990234375,57.540000915527344,3.007999897003174,6664.009765625,20.780000686645508,0.0,0.0,0.0,0.0,0.0,23,Extreme Fear,250710.6121,971616631.642943,-1.1972794735991645,-1.1752457832841223,3.0063333333333334e-05,-9.759999999999995e-06,3889.21,0.014931411304294739,0.0479204971772465,0.04226371768013636,0.03456468264210672,0.04209943691295727
2025-10-19,4189.89990234375,57.540000915527344,3.007999897003174,6664.009765625,20.780000686645508,0.0,0.0,0.0,0.0,0.0,29,Fear,408538.2545,1609546719.154199,0.48828622203763944,0.504746562670781,3.951333333333333e-05,9.45e-06,3982.58,0.02372379831186929,0.024937899682867786,0.04240164486522761,0.03478230833737111,0.04226371768013636
2025-10-20,4336.39990234375,57.52000045776367,3.3970000743865967,6735.1298828125,18.229999542236328,0.03436764429162454,-0.0003476526634173085,0.12161733922955234,0.010615724136144117,-0.13092245513454456,29,Fear,511382.3301,2049366257.294899,0.2245319540637233,0.24157800411458058,4.631e-05,6.796666666666669e-06,3979.22,-0.0008440302945235186,0.02219700487285789,0.04238803837674461,0.03502111789398787,0.04240164486522761
2025-10-21,4087.699951171875,57.81999969482422,3.4739999771118164,6735.35009765625,17.8700008392334,-0.059062035540049886,0.005202009939038112,0.02241395015431072,3.269591641698797e-05,-0.019945187445519826,34,Fear,590594.1382,2335723187.677247,0.1440115338536416,0.1307909569457914,3.7670000000000004e-05,-8.639999999999999e-06,3873.05,-0.027043509852020572,0.022107514541280744,0.04259296607331455,0.03636657437140015,0.04238803837674461
2025-10-22,4044.39990234375,58.5,3.450000047683716,6699.39990234375,18.600000381469727,-0.01064926865576389,0.011692022927642327,-0.006932416365854406,-0.005351834774743029,0.04003822509368809,25,Extreme Fear,593130.0905,2268706650.109904,0.004284707735551672,-0.029111648059750164,6.976666666666667e-06,-3.069333333333333e-05,3805.53,-0.017587038317258403,0.019671762309529904,0.04151899877978723,0.036434397931634076,0.04259296607331455
2025-10-23,4125.5,61.790000915527344,3.3440001010894775,6738.43994140625,17.299999237060547,0.019854040473195667,0.05471479965183317,-0.03120651941207353,0.0058104798620133855,-0.07245514382509456,27,Fear,477231.0181,1842438997.006866,-0.21741306351437126,-0.20811967574146784,3.295666666666667e-05,2.5980000000000002e-05,3856.8,0.013382552088275646,0.019400045276477845,0.041617082493798876,0.036228788949302426,0.04151899877978723
2025-10-24,4118.39990234375,61.5,3.303999900817871,6791.68994140625,16.3700008392334,-0.0017225098547725875,-0.004704379077171698,-0.01203389981263457,0.007871361975244856,-0.055256014753595165,30,Fear,425926.9383,1676037250.100214,-0.11373286309844623,-0.09465800830774072,4.46e-05,1.164333333333333e-05,3934.88,0.02004256174236033,0.01960785001775803,0.04182097760666293,0.03600903264516043,0.041617082493798876
2025-10-25,4118.39990234375,61.5,3.303999900817871,6791.68994140625,16.3700008392334,0.0,0.0,0.0,0.0,0.0,37,Fear,138526.3338,545722019.675975,-1.123207381928492,-1.1220777817658407,3.080333333333333e-05,-1.379666666666667e-05,3953.82,0.004801814340076848,0.019014293941467975,0.0398315380927332,0.03775930639532102,0.04182097760666293
2025-10-26,4118.39990234375,61.5,3.303999900817871,6791.68994140625,16.3700008392334,0.0,0.0,0.0,0.0,0.0,40,Fear,344698.0918,1396836816.693465,0.911608494385284,0.9398558179967689,7.359666666666667e-05,4.279333333333334e-05,4158.46,0.05046261323567923,0.025576379188671953,0.040233460370637505,0.03609589556083397,0.0398315380927332
2025-10-27,4001.89990234375,61.310001373291016,3.441999912261963,6875.16015625,15.789999961853027,-0.028695490766858036,-0.003094190638740023,0.04091884665899705,0.012215141327379352,-0.03607361679793433,51,Neutral,487131.2291,2035684992.603607,0.34586461337542057,0.37662210431696597,9.275666666666667e-05,1.916e-05,4120.15,-0.009255242961713369,0.026152124185694584,0.040269706809615356,0.03661947157191823,0.040233460370637505
2025-10-28,3966.199951171875,60.150001525878906,3.3450000286102295,6890.89013671875,16.420000076293945,-0.008960778782097539,-0.019101516385149182,-0.028585970165599425,0.0022853305022299255,0.03912328281902929,50,Neutral,472965.8377,1926589295.491682,-0.029510389906789333,-0.05508113279706636,3.449e-05,-5.8266666666666676e-05,3979.2,-0.034808776398675446,0.027846316774262036,0.040380178367217315,0.03634012439298622,0.040269706809615356
2025-10-29,3983.699951171875,60.47999954223633,3.375999927520752,6890.58984375,16.920000076293945,0.004402578266743398,0.005471256513850732,0.009224853131414327,-4.3579204733175357e-05,0.029996250016490023,51,Neutral,486452.3127,1925328091.834018,0.028115714502164876,-0.0006548446271891625,-7.5066666666666645e-06,-4.1996666666666664e-05,3902.99,-0.019337868003501114,0.028077989914954537,0.040348548724895725,0.036382142422268136,0.040380178367217315
2025-10-30,4001.300048828125,60.56999969482422,3.9560000896453857,6822.33984375,16.90999984741211,0.004408297096619672,0.0014869916520238826,0.15854188115633971,-0.009954191424534511,-0.0005912048002166111,34,Fear,531455.9923,2028708564.222212,0.0884815196446684,0.05230302481502499,-4.008666666666667e-05,-3.258e-05,3805.09,-0.025403281941540668,0.029613619195093907,0.04048442912334462,0.0362577336708898,0.040348548724895725
2025-10-31,3982.199951171875,60.97999954223633,4.124000072479248,6840.2001953125,17.440000534057617,-0.0047849023856938715,0.006746218098867316,0.04159014730862217,0.0026145009178832708,0.030861295216443967,29,Fear,478636.2995,1843471240.950858,-0.10467937752310938,-0.09574907702161446,3.2376666666666664e-05,7.246333333333333e-05,3847.99,0.011211289925523064,0.028695490016570513,0.03944432236862638,0.03611576469605122,0.04048442912334462
2025-11-01,3982.199951171875,60.97999954223633,4.124000072479248,6840.2001953125,17.440000534057617,0.0,0.0,0.0,0.0,0.0,33,Fear,152998.1626,592459458.761567,-1.1405151056015974,-1.1351231706717337,7.926666666666666e-05,4.689e-05,3873.77,0.006677259014800738,0.02879113817256331,0.03894948432718495,0.03750232374758181,0.03944432236862638
2025-11-02,3982.199951171875,60.97999954223633,4.124000072479248,6840.2001953125,17.440000534057617,0.0,0.0,0.0,0.0,0.0,37,Fear,216083.1542,837354910.688628,0.3452373945791652,0.3459655610853241,6.405e-05,-1.5216666666666666e-05,3906.58,0.00843411787205513,0.018258697290415318,0.03897215596883073,0.0400488684817638,0.03894948432718495
2025-11-03,4000.300048828125,61.04999923706055,4.265999794006348,6851.97021484375,17.170000076293945,0.0045349523774452045,0.0011472540064278913,0.03385298803214978,0.0017192339969181521,-0.015602769750574097,42,Fear,877187.3852,3238285047.509506,1.4010573289342116,1.3525511546076363,3.944666666666667e-05,-2.460333333333333e-05,3603.83,-0.08066514211210017,0.03270622790225128,0.041361367412999346,0.03970718446267289,0.03897215596883073
2025-11-04,3947.699951171875,60.560001373291016,4.3429999351501465,6771.5498046875,19.0,-0.013236252040332198,-0.00805855625402388,0.01788876685879337,-0.011806250392326715,0.10127529981361154,21,Extreme Fear,1568004.2379,5314450723.763831,0.5808382679656726,0.495385778564386,7.249666666666666e-05,3.304999999999999e-05,3287.05,-0.09200666281684843,0.04284912375488142,0.044056236673569046,0.0361917424623004,0.041361367412999346
2025-11-05,3980.300048828125,59.599998474121094,4.23199987411499,6796.2900390625,18.010000228881836,0.008224087134207535,-0.015979083336420338,-0.02589067381063135,0.0036468976756877185,-0.05351180726997864,23,Extreme Fear,809591.5132,2699190339.152632,-0.6610290878783004,-0.6774778082613,2.0556666666666666e-05,-5.1939999999999994e-05,3424.29,0.04090364494926036,0.05014316943893932,0.04421080031381549,0.03580602839749436,0.044056236673569046
2025-11-06,3979.89990234375,59.43000030517578,4.35699987411499,6720.31982421875,19.5,-0.0001005367923334668,-0.0028563939556934584,0.02910905343270321,-0.011241134514722728,0.07948729367323931,27,Fear,566363.7003,1896818057.207791,-0.35729336389837973,-0.35277407810034195,3.3253333333333336e-05,1.269666666666667e-05,3315.14,-0.0323942959310574,0.05036821861601493,0.043725180000143145,0.03544148241073381,0.04421080031381549
2025-11-07,3999.39990234375,59.75,4.315000057220459,6728.7998046875,19.079999923706055,0.004887656635851291,0.005370036298004862,-0.009686380446499832,0.0012610463474931072,-0.021773803548195154,24,Extreme Fear,683417.3854,2269770217.236427,0.18786932705211526,0.1795008249318763,6.88e-05,3.554666666666667e-05,3436.05,0.03582270079696168,0.05363775426570704,0.04424677781553971,0.03474061722154193,0.043725180000143145
2025-11-08,3999.39990234375,59.75,4.315000057220459,6728.7998046875,19.079999923706055,0.0,0.0,0.0,0.0,0.0,20,Extreme Fear,291532.2881,997076516.09053,-0.8519550139163348,-0.8226063661182178,7.541e-05,6.609999999999993e-06,3401.51,-0.010103105142434262,0.052814853121572754,0.04396899879984104,0.035006409007374305,0.04424677781553971
2025-11-09,3999.39990234375,59.75,4.315000057220459,6728.7998046875,19.079999923706055,0.0,0.0,0.0,0.0,0.0,22,Extreme Fear,464098.052,1616068059.82672,0.464945083858917,0.4829238410770751,4.1633333333333333e-05,-3.3776666666666665e-05,3583.46,0.05210936343989393,0.058780002704036535,0.03869283515210334,0.03547289620931328,0.04396899879984104
2025-11-10,4111.7998046875,60.130001068115234,4.3379998207092285,6832.43017578125,17.600000381469727,0.027716515886168476,0.006339712003290341,0.005316033278181961,0.015283626703501816,-0.08074173830298387,29,Fear,595273.0298,2130222587.624694,0.24892432504171016,0.276230400052265,6.863666666666667e-05,2.7003333333333333e-05,3567.85,-0.00436564064271813,0.05048617760501591,0.03851741085012582,0.0354801145061837,0.03869283515210334
2025-11-11,4106.7998046875,61.040000915527344,4.565000057220459,6846.60986328125,17.280000686645508,-0.0012167524528548244,0.015020499160100932,0.05100515550713606,0.0020731999523923177,-0.018349120606183555,26,Fear,660283.2747,2334219569.458803,0.10364877312087627,0.09145112826419526,1.0773333333333334e-05,-5.786333333333333e-05,3417.76,-0.042977807748070314,0.03757691068417566,0.03379862132537163,0.03495186966574827,0.03851741085012582
2025-11-12,4204.39990234375,58.4900016784668,4.5329999923706055,6850.919921875,17.510000228881836,0.02348748385555354,-0.04267357382343158,-0.007034556305900126,0.0006293191259445972,0.01322235625691449,24,Extreme Fear,553101.9368,1913040553.62282,-0.1771266283175583,-0.1989837145580349,2.2393333333333335e-05,1.162e-05,3414.92,-0.0008312990403620452,0.034195233702416214,0.03341621694850994,0.035964249221399666,0.03379862132537163
2025-11-13,4186.89990234375,58.689998626708984,4.645999908447266,6737.490234375,20.0,-0.004170992761122764,0.003413503019600131,0.024622644366872306,-0.01669545163092778,0.13296011418473802,15,Extreme Fear,951989.1347,3206643011.077227,0.5430113028838899,0.51653070977948,6.429333333333334e-05,4.19e-05,3231.54,-0.055195262890100356,0.03855924247024737,0.034361125188447736,0.03466804618753402,0.03341621694850994
2025-11-14,4087.60009765625,60.09000015258789,4.565999984741211,6734.10986328125,19.829999923706055,-0.024002555332014903,0.023574109713979455,-0.01736906987673076,-0.0005018514712717733,-0.008536334869686581,16,Extreme Fear,890446.1491,2825408309.925825,-0.0668309933506227,-0.12657171033803205,3.7176666666666666e-05,-2.711666666666667e-05,3112.4,-0.037564671036127026,0.03592539236198495,0.03444978817743783,0.03411653616893536,0.034361125188447736
2025-11-15,4087.60009765625,60.09000015258789,4.565999984741211,6734.10986328125,19.829999923706055,0.0,0.0,0.0,0.0,0.0,10,Extreme Fear,338463.4782,1076796729.102536,-0.9673064347715123,-0.9646622463466928,4.685e-05,9.673333333333334e-06,3167.88,0.017668461686243114,0.037922498543084576,0.034646693111489255,0.034429090302181865,0.03444978817743783
2025-11-16,4087.60009765625,60.09000015258789,4.565999984741211,6734.10986328125,19.829999923706055,0.0,0.0,0.0,0.0,0.0,10,Extreme Fear,570633.5809,1779987722.711093,0.5223310954841156,0.5026158246322617,9.259666666666666e-05,4.574666666666666e-05,3095.29,-0.023180993184499878,0.02617304523350886,0.0347339100726177,0.034200646470576815,0.034646693111489255
2025-11-17,4068.300048828125,59.90999984741211,4.361000061035156,6672.41015625,22.3799991607666,-0.0047327908648018505,-0.003000007336277463,-0.045936141909466974,-0.009204497894305158,0.12097172670021585,14,Extreme Fear,762500.4289,2363337280.765939,0.28985578201524825,0.28346825522942276,8.664000000000001e-05,-5.95666666666665e-06,3031.44,-0.020843847110688898,0.025157187918158415,0.03456468264210672,0.03492606384639583,0.0347339100726177
2025-11-18,4061.300048828125,60.7400016784668,4.370999813079834,6617.31982421875,24.690000534057617,-0.0017221023533426794,0.013759053702352598,0.0022903702611606095,-0.008290709844169318,0.09823065960309084,11,Extreme Fear,766640.1058,2340587460.798044,0.005414397067085511,-0.00967277267179068,8.327999999999999e-05,-3.360000000000022e-06,3123.66,0.029967637075662683,0.030231724116411868,0.03478230833737111,0.034393155813151985,0.03456468264210672
2025-11-19,4077.699951171875,59.439998626708984,4.550000190734863,6642.16015625,23.65999984741211,0.004029960569867122,-0.021635109945549888,0.040135501765139345,0.00374680773726533,-0.042612472886562745,15,Extreme Fear,737926.7146,2216678695.223021,-0.03817295108069267,-0.05439195708318985,6.643666666666667e-05,-1.6843333333333322e-05,3025.48,-0.0319356346465724,0.030455096367853745,0.03502111789398787,0.03538297337807076,0.03478230833737111
2025-11-20,4056.5,59.13999938964844,4.473999977111816,6538.759765625,26.420000076293945,-0.0052125591455094164,-0.005059873201805662,-0.016844416930491615,-0.01568972611631523,0.1103354498808654,11,Extreme Fear,912524.3718,2661800409.340738,0.2123702769622854,0.18299274705240773,7.241e-05,5.973333333333339e-06,2834.22,-0.06530298953202794,0.03270770442314107,0.03636657437140015,0.033201971133521364,0.03502111789398787
2025-11-21,4076.699951171875,58.060001373291016,4.579999923706055,6602.990234375,23.43000030517578,0.004967292782076356,-0.018430521854432346,0.023416123515909937,0.009775103041592069,-0.12010403643720817,14,Extreme Fear,1180475.4085,3236847819.47923,0.25745773095933905,0.19559722155830211,3.574e-05,-3.6670000000000006e-05,2765.85,-0.02441876521160861,0.031811950275336884,0.036434397931634076,0.03285031447279464,0.03636657437140015
2025-11-22,4076.699951171875,58.060001373291016,4.579999923706055,6602.990234375,23.43000030517578,0.0,0.0,0.0,0.0,0.0,11,Extreme Fear,264691.3089,726992504.445693,-1.4951082499612975,-1.4934390727673263,4.570333333333333e-05,9.963333333333333e-06,2770.12,0.0015426387233994602,0.029385864661877398,0.036228788949302426,0.0328495891884281,0.036434397931634076
2025-11-23,4076.699951171875,58.060001373291016,4.579999923706055,6602.990234375,23.43000030517578,0.0,0.0,0.0,0.0,0.0,13,Extreme Fear,409808.5734,1154902366.816105,0.4371258816030704,0.462854921260958,1.167333333333333e-05,-3.4030000000000005e-05,2802.16,0.01149990779395844,0.03144764712283026,0.03600903264516043,0.0329606490400148,0.036228788949302426
2025-11-24,4091.89990234375,58.84000015258789,4.548999786376953,6705.1201171875,20.520000457763672,0.0037215603622990662,0.013344916077058603,-0.006791599840602078,0.015348818899081837,-0.13261722293396586,19,Extreme Fear,715279.7551,2052356496.552595,0.5569835755205995,0.5749728339767705,4.178666666666666e-05,3.011333333333333e-05,2953.38,0.05255972882393761,0.03995545629263114,0.03775930639532102,0.0315598470396022,0.03600903264516043
2025-11-25,4139.2001953125,57.95000076293945,4.423999786376953,6765.8798828125,18.559999465942383,0.01149319363831883,-0.01524131537526606,-0.027863165694699425,0.009020886000832944,-0.10039134402734166,20,Extreme Fear,427686.4528,1246454120.370332,-0.5142833918506152,-0.49868582694102254,2.7333333333333335e-05,-1.4453333333333323e-05,2959.36,0.0020227515632153313,0.03733812761525793,0.03609589556083397,0.03167186427772882,0.03775930639532102
2025-11-26,4165.2001953125,58.650001525878906,4.558000087738037,6812.60986328125,17.190000534057617,0.006261760929431564,0.012007018164936087,0.029839734140007165,0.006882969436149685,-0.07668084812071645,15,Extreme Fear,364535.326,1079536972.459607,-0.15976687711662604,-0.14377059654000118,1.891e-05,-8.423333333333335e-06,3026.56,0.022453632291662327,0.037117265015861885,0.03661947157191823,0.03141999720637464,0.03609589556083397
2025-11-27,4165.2001953125,58.650001525878906,4.558000087738037,6812.60986328125,17.190000534057617,0.0,0.0,0.0,0.0,0.0,22,Extreme Fear,274980.3955,831942752.099709,-0.2819236570418863,-0.2605238681021621,1.7003333333333334e-05,-1.9066666666666665e-06,3015.23,-0.0037505485232770127,0.024042373677978256,0.03634012439298622,0.03145149203481443,0.03661947157191823
2025-11-28,4218.2998046875,58.54999923706055,4.849999904632568,6849.08984375,16.350000381469727,0.012667816416397979,-0.0017065241030113673,0.06209473521327111,0.005340487341137372,-0.050099929787937765,25,Extreme Fear,346616.0275,1053857760.714809,0.2315178122436821,0.236449137229606,5.3e-06,-1.1703333333333334e-05,3031.15,0.005265972958720706,0.01935936606309742,0.036382142422268136,0.031432350282525,0.03634012439298622
2025-11-29,4218.2998046875,58.54999923706055,4.849999904632568,6849.08984375,16.350000381469727,0.0,0.0,0.0,0.0,0.0,28,Fear,217904.1303,654348734.599726,-0.4641624214819855,-0.4765723254392613,9.773333333333333e-06,4.473333333333333e-06,2989.16,-0.013949673991055718,0.021648965990098443,0.0362577336708898,0.0313438856617165,0.036382142422268136
2025-11-30,4218.2998046875,58.54999923706055,4.849999904632568,6849.08984375,16.350000381469727,0.0,0.0,0.0,0.0,0.0,28,Fear,182722.4253,551904047.432645,-0.17608699710225428,-0.1702662386191008,5.214e-05,4.236666666666666e-05,2991.26,0.0007022918411458271,0.021978901580911765,0.03611576469605122,0.03142899852162815,0.0362577336708898
2025-12-01,4239.2998046875,59.31999969482422,4.921000003814697,6812.6298828125,17.239999771118164,0.004965958221290471,0.013065435111999804,0.014533077373024934,-0.005337548746055966,0.05300433128459449,24,Extreme Fear,849002.9909,2386884973.982846,1.5360945094616378,1.4643702325967451,3.532e-05,-1.6819999999999998e-05,2799.07,-0.06640748416649328,0.028117923317690738,0.03750232374758181,0.02883846023140209,0.03611576469605122
2025-12-02,4186.60009765625,58.63999938964844,4.840000152587891,6829.3701171875,16.59000015258789,-0.01250914319860585,-0.01152946495521809,-0.016597010404065096,0.002454221195936617,-0.03843213855940299,23,Extreme Fear,523707.3586,1528447401.324846,-0.4831296567944927,-0.4457367078668655,5.549333333333333e-05,2.0173333333333332e-05,2996.07,0.06801421071564936,0.040322085216730835,0.0400488684817638,0.02608332600366637,0.03750232374758181
2025-12-03,4199.2998046875,58.95000076293945,4.994999885559082,6849.72021484375,16.079999923706055,0.0030288262173034956,0.005272592755579819,0.031522636934458316,0.0029753605210852863,-0.03122385439376344,28,Fear,553669.8146,1713587615.132564,0.05563545417903821,0.11433674348788606,3.6066666666666665e-05,-1.9426666666666668e-05,3188.36,0.06220524814757158,0.04610637692827853,0.03970718446267289,0.024504171501697196,0.0400488684817638
2025-12-04,4211.7998046875,59.66999816894531,5.063000202178955,6857.1201171875,15.779999732971191,0.0029722651693542806,0.012139710922112105,0.013521843730989231,0.001079738711974404,-0.018832960510421614,26,Fear,486698.3987,1543790061.952392,-0.12892387982321898,-0.10434872116856089,8.644333333333333e-05,5.037666666666667e-05,3133.26,-0.01743268193693491,0.046942281917557206,0.0361917424623004,0.02429890810828518,0.03970718446267289
2025-12-05,4212.89990234375,60.08000183105469,5.289000034332275,6870.39990234375,15.40999984741211,0.00026116008896670296,0.006847687085184139,0.043669965654692056,0.0019347688846794776,-0.023726659065600814,28,Fear,530382.8986,1639255389.987769,0.0859545691764506,0.06000163611808415,5.686666666666667e-05,-2.9576666666666664e-05,3021.78,-0.03622793434865705,0.04952349378005423,0.03580602839749436,0.023333272417695,0.0361917424623004
2025-12-06,4212.89990234375,60.08000183105469,5.289000034332275,6870.39990234375,15.40999984741211,0.0,0.0,0.0,0.0,0.0,23,Extreme Fear,159721.2488,485368537.240031,-1.2001690950461819,-1.217088914239937,2.708e-05,-2.9786666666666667e-05,3038.06,0.005373092083985153,0.049182465302187325,0.03544148241073381,0.023729580549340015,0.03580602839749436
2025-12-07,4212.89990234375,60.08000183105469,5.289000034332275,6870.39990234375,15.40999984741211,0.0,0.0,0.0,0.0,0.0,20,Extreme Fear,391129.675,1186332501.65101,0.895609053771007,0.8937134228090322,1.3966666666666668e-05,-1.3113333333333334e-05,3059.85,0.007146741340972185,0.04920748796768327,0.03474061722154193,0.02399532375845377,0.03544148241073381
2025-12-08,4187.2001953125,58.880001068115234,4.9120001792907715,6846.509765625,16.65999984741211,-0.006118924040939417,-0.020175545371656393,-0.07394797122969814,-0.0034833153316476935,0.07799398814961006,20,Extreme Fear,452820.2207,1415589445.039095,0.1464560282966896,0.17667939647978914,4.728666666666667e-05,3.332e-05,3124.16,0.02079955190022366,0.038513219264689924,0.035006409007374305,0.024923850487713447,0.03474061722154193
2025-12-09,4206.7001953125,58.25,4.573999881744385,6840.509765625,16.93000030517578,0.0046462393338665645,-0.010757400115354736,-0.07129315759868891,-0.0008767431610132386,0.016076586591024407,22,Extreme Fear,603859.9458,1962292840.767687,0.28784711031758214,0.32656759297153487,5.123333333333333e-05,3.9466666666666605e-06,3318.04,0.06020880009551028,0.03682189780299036,0.03547289620931328,0.02247085828190478,0.035006409007374305
2025-12-10,4196.39990234375,58.459999084472656,4.59499979019165,6886.68017578125,15.770000457763672,-0.002451547168984526,0.0035986515765415294,0.0045806404007918385,0.006726880659139976,-0.07097778416833754,26,Fear,539585.4535,1810738811.735616,-0.11254112719400063,-0.08037866098526072,6.963666666666666e-05,1.8403333333333334e-05,3324.14,0.0018367468857913162,0.030301094540809103,0.0354801145061837,0.022467352421839278,0.03547289620931328
2025-12-11,4285.5,57.599998474121094,4.230999946594238,6901.0,14.850000381469727,0.021010239753042382,-0.014820202811459567,-0.08253035103206917,0.00207719198371703,-0.060109539065541076,29,Fear,504114.2391,1619734578.213871,-0.06799825877070981,-0.11147265006071583,3.2246666666666664e-05,-3.739e-05,3237.39,-0.026443544422017597,0.03162296198622382,0.03495186966574827,0.02200654961289567,0.0354801145061837
2025-12-12,4300.10009765625,57.439998626708984,4.11299991607666,6827.41015625,15.739999771118164,0.003401069596484952,-0.002781640379193324,-0.02828569027156239,-0.010720913458554537,0.05820533751093889,29,Fear,435686.4435,1371414759.857734,-0.14588008892721085,-0.16641941678153638,9.11e-06,-2.3136666666666665e-05,3084.86,-0.0482611741620481,0.03442011242206373,0.035964249221399666,0.02027883627402459,0.03495186966574827
2025-12-13,4300.10009765625,57.439998626708984,4.11299991607666,6827.41015625,15.739999771118164,0.0,0.0,0.0,0.0,0.0,23,Extreme Fear,136465.7567,423920604.038122,-1.1608491018544653,-1.1740519743422828,6.816666666666668e-06,-2.2933333333333314e-06,3114.64,0.00960730028486934,0.03450685809471879,0.03466804618753402,0.020271157055195867,0.035964249221399666
2025-12-14,4300.10009765625,57.439998626708984,4.11299991607666,6827.41015625,15.739999771118164,0.0,0.0,0.0,0.0,0.0,21,Extreme Fear,279058.3545,862072488.530014,0.7153471993792536,0.7097931774797793,7.132333333333333e-05,6.450666666666666e-05,3063.5,-0.01655552255370258,0.03525071888583077,0.03411653616893536,0.023894678710864842,0.03466804618753402
2025-12-15,4306.7001953125,56.81999969482422,4.01200008392334,6816.509765625,16.5,0.001533693992035725,-0.010852529776578733,-0.024862777826106897,-0.0015978388918367072,0.047155152458690654,16,Extreme Fear,520509.9555,1579982448.239563,0.623388098807966,0.6058296566998435,3.873333333333334e-05,-3.258999999999999e-05,2964.85,-0.03273161223283604,0.03583127221675495,0.034429090302181865,0.02295272797182508,0.03411653616893536
2025-12-16,4304.5,55.27000045776367,3.885999917984009,6800.259765625,16.479999542236328,-0.0005110078294488002,-0.027658096927631208,-0.031909561168026186,-0.00238676400843967,-0.0012128842021314815,11,Extreme Fear,378293.1159,1111582164.804332,-0.3191396806621851,-0.3516293641270105,-7.666666666666672e-07,-3.9500000000000005e-05,2962.3,-0.0008604473169493417,0.02094800127012186,0.034200646470576815,0.023099636457523463,0.034429090302181865
2025-12-17,4347.5,55.939998626708984,4.02400016784668,6721.43017578125,17.6200008392334,0.009939980130428714,0.012049389096967787,0.03489614465909521,-0.01165985661137129,0.06688717143322019,16,Extreme Fear,497630.4162,1446107029.749676,0.2741883313496461,0.2630907646638862,1.3853333333333333e-05,1.462e-05,2833.49,-0.04445682621664209,0.021601585397113675,0.03492606384639583,0.0213436492005317,0.034200646470576815
2025-12-18,4339.5,56.150001525878906,3.9079999923706055,6774.759765625,16.8700008392334,-0.0018418331441386099,0.0037470451350424486,-0.029250742280552834,0.007902951520479156,-0.04349772183265853,17,Extreme Fear,595253.7997,1712688363.64049,0.17913020335420882,0.16918913966721438,2.9033333333333345e-06,-1.0949999999999998e-05,2828.57,-0.0017378838226009337,0.02288970429068764,0.034393155813151985,0.02130590434891591,0.03492606384639583
2025-12-19,4361.39990234375,56.65999984741211,3.9839999675750732,6834.5,14.90999984741211,0.005033950243312225,0.009041783349827094,0.01926059935527906,0.008779407421828872,-0.12350482776224771,16,Extreme Fear,531702.5439,1565878519.31718,-0.11290366375115993,-0.0896172577840557,7.421333333333334e-05,7.131e-05,2979.5,0.051984217610352844,0.031484801245746895,0.03538297337807076,0.019507969717666537,0.034393155813151985
2025-12-20,4361.39990234375,56.65999984741211,3.9839999675750732,6834.5,14.90999984741211,0.0,0.0,0.0,0.0,0.0,20,Extreme Fear,91783.7734,273573678.212581,-1.7566486833098618,-1.7446313239132185,1.6029999999999997e-05,-5.818333333333334e-05,2977.93,-0.0005270729278721063,0.030931212759452688,0.033201971133521364,0.020381456306324736,0.03538297337807076
2025-12-21,4361.39990234375,56.65999984741211,3.9839999675750732,6834.5,14.90999984741211,0.0,0.0,0.0,0.0,0.0,20,Extreme Fear,162244.8067,483780019.527505,0.5696708254056959,0.570059322532428,2.1236666666666666e-05,5.206666666666669e-06,3002.02,0.008056967137236328,0.03098485740487926,0.03285031447279464,0.02543983235215947,0.033201971133521364
2025-12-22,4444.60009765625,58.0099983215332,3.9649999141693115,6878.490234375,14.079999923706055,0.018896813791643464,0.023546888834552214,-0.00478049814383798,0.006415870575561936,-0.05727677323142513,25,Extreme Fear,298443.5633,903056984.466161,0.6094745002258143,0.6241553588575948,-7.75e-06,-2.8986666666666665e-05,3009.49,0.002485233774808831,0.028053501537089073,0.0328495891884281,0.025582166470751795,0.03285031447279464
2025-12-23,4482.7998046875,58.380001068115234,4.4079999923706055,6909.7900390625,14.0,0.008557909489307347,0.006358003178000216,0.10591523668007992,0.004540067046788208,-0.005698015696033632,24,Extreme Fear,386465.747,1143899253.062532,0.25846239327012743,0.23641244540995746,4.4139999999999994e-05,5.188999999999999e-05,2965.02,-0.014886851399567445,0.02879425707292889,0.0329606490400148,0.025501107700065653,0.0328495891884281
2025-12-24,4480.60009765625,58.349998474121094,4.242000102996826,6932.0498046875,13.470000267028809,-0.0004908198003828014,-0.0005140511397665496,-0.03838618969706519,0.003216304344700708,-0.038592319369021244,24,Extreme Fear,197035.5598,578209287.858266,-0.6736590215079296,-0.682262209703071,4.799666666666666e-05,3.8566666666666664e-06,2947.47,-0.005936602528958959,0.02164646178469988,0.0315598470396022,0.02547852608606451,0.0329606490400148
2025-12-25,4480.60009765625,58.349998474121094,4.242000102996826,6932.0498046875,13.470000267028809,0.0,0.0,0.0,0.0,0.0,23,Extreme Fear,188721.2981,554690625.492779,-0.04311290552759795,-0.04152536607473045,6.0616666666666665e-05,1.2620000000000005e-05,2903.95,-0.014875296077072641,0.022923955765890684,0.03167186427772882,0.025322924823716383,0.0315598470396022
2025-12-26,4529.10009765625,56.7400016784668,4.366000175476074,6929.93994140625,13.600000381469727,0.010766277995574931,-0.027979873619687227,0.028812417896506317,-0.00030440987710828846,0.00960481054501314,20,Extreme Fear,314830.9989,928357784.217832,0.5117646699032878,0.5150066750424784,4.984e-05,-1.0776666666666668e-05,2927.99,0.008244301609216041,0.009781158083771403,0.03141999720637464,0.026730850320965924,0.03167186427772882
2025-12-27,4529.10009765625,56.7400016784668,4.366000175476074,6929.93994140625,13.600000381469727,0.0,0.0,0.0,0.0,0.0,23,Extreme Fear,95040.3956,278706096.334518,-1.197733965359723,-1.2032593933909994,3.884e-05,-1.0999999999999996e-05,2949.05,0.007166903796686185,0.010448227631967748,0.03145149203481443,0.02771661624999901,0.03141999720637464
2025-12-28,4529.10009765625,56.7400016784668,4.366000175476074,6929.93994140625,13.600000381469727,0.0,0.0,0.0,0.0,0.0,24,Extreme Fear,128834.139,379078145.432578,0.30422381483379707,0.3075845638743164,5.959e-05,2.0749999999999996e-05,2950.91,0.0006305127701269662,0.009677453190586712,0.031432350282525,0.028348615801355406,0.03145149203481443
2025-12-29,4325.10009765625,58.08000183105469,4.686999797821045,6905.740234375,14.199999809265137,-0.04608798173882948,0.023341943080538913,0.07094537748520852,-0.003498162923937312,0.04317213038393171,24,Extreme Fear,485959.1824,1447180217.933539,1.3275988006447452,1.3396298924825452,6.51e-05,5.51e-06,2937.9,-0.004418556946778186,0.009439150605315595,0.0313438856617165,0.02835469319060842,0.031432350282525
2025-12-30,4370.10009765625,57.95000076293945,3.9719998836517334,6896.240234375,14.329999923706055,0.010350630404542907,-0.0022408190917251633,-0.16552295891364222,-0.0013766142506534472,0.009113285340826614,23,Extreme Fear,286583.2879,851498558.489608,-0.5280954314323311,-0.5303744575932938,4.1280000000000005e-05,-2.3819999999999992e-05,2973.69,0.012108565473992942,0.009497116562183727,0.03142899852162815,0.03066188365712514,0.0313438856617165
2025-12-31,4325.60009765625,57.41999816894531,3.686000108718872,6845.5,14.949999809265137,-0.010235032825325435,-0.009187940147117662,-0.07472782814810122,-0.007384867434248815,0.0423560505625017,21,Extreme Fear,233729.5887,697600045.700212,-0.2038643588232245,-0.1993518690888216,3.296333333333333e-05,-8.316666666666675e-06,2971.64,-0.0006896169199165761,0.009111288353295778,0.02883846023140209,0.03151470162215747,0.03142899852162815
2026-01-01,4325.60009765625,57.41999816894531,3.686000108718872,6845.5,14.949999809265137,0.0,0.0,0.0,0.0,0.0,20,Extreme Fear,136088.5207,406547667.098154,-0.5408592817859156,-0.5399447537581246,6.0796666666666674e-05,2.7833333333333344e-05,3004.19,0.010893991936288143,0.006331185858735657,0.02608332600366637,0.03592022164463883,0.02883846023140209
2026-01-02,4314.39990234375,57.31999969482422,3.618000030517578,6858.47021484375,14.510000228881836,-0.0025926392560806856,-0.001743045168221482,-0.018620493334679293,0.0018929140261155547,-0.029873204408338686,28,Fear,369891.2449,1137619077.204739,0.9999034682282284,1.028991644255841,6.047666666666667e-05,-3.200000000000037e-07,3125.45,0.03957029191827393,0.014687960085722611,0.024504171501697196,0.03702482854858301,0.02608332600366637
2026-01-03,4314.39990234375,57.31999969482422,3.618000030517578,6858.47021484375,14.510000228881836,0.0,0.0,0.0,0.0,0.0,29,Fear,134405.2258,417746796.512137,-1.012349719955261,-1.0018173295899542,3.946333333333334e-05,-2.101333333333333e-05,3127.11,0.0005309825220397415,0.015059765055148795,0.02429890810828518,0.03784070399865756,0.024504171501697196
2026-01-04,4314.39990234375,57.31999969482422,3.618000030517578,6858.47021484375,14.510000228881836,0.0,0.0,0.0,0.0,0.0,25,Extreme Fear,181576.0686,570517585.648554,0.3008153668727084,0.31166849478945025,5.013666666666667e-05,1.0673333333333332e-05,3144.7,0.005609240751981426,0.01474736537405367,0.023333272417695,0.038411224621372204,0.02429890810828518
2026-01-05,4436.89990234375,58.31999969482422,3.5230000019073486,6902.0498046875,14.899999618530273,0.027997669976117596,0.017295484831722364,-0.02660849550753415,0.006334024511051582,0.026523104679246158,26,Fear,382446.6618,1219648843.481487,0.7449145206222141,0.7597742692808717,4.659e-05,-3.546666666666671e-06,3224.99,0.025211353372353303,0.014474801888008863,0.023729580549340015,0.03808858881617059,0.023333272417695
2026-01-06,4482.2001953125,57.130001068115234,3.3499999046325684,6944.81982421875,14.75,0.010158128512449065,-0.020615691035027604,-0.050352582531414974,0.0061775920038938375,-0.0101181045635892,44,Fear,412503.5066,1340863819.954255,0.07565550931854356,0.09475106392614285,6.387e-05,1.7279999999999997e-05,3296.84,0.02203458447856464,0.014818543264308067,0.02399532375845377,0.04614000305651076,0.023729580549340015
2026-01-07,4449.2998046875,55.9900016784668,3.5250000953674316,6920.93017578125,15.380000114440918,-0.007367304357957669,-0.020156258093818158,0.050920145949737525,-0.0034458535710101927,0.04182488873256102,42,Fear,321350.1225,1027448724.687839,-0.24971345356557162,-0.2662352848646306,6.276e-05,-1.1099999999999945e-06,3168.72,-0.039636713089381,0.02523020425427286,0.024923850487713447,0.05267908043401257,0.02399532375845377
2026-01-08,4449.7001953125,57.7599983215332,3.4070000648498535,6921.4599609375,15.449999809265137,8.998553214307117e-05,0.031123332186466183,-0.034048305605694704,7.654532942294603e-05,0.004541019480065979,28,Fear,343616.1005,1069846020.042703,0.0669937942561941,0.040435968453281845,4.917e-05,-1.3590000000000004e-05,3106.65,-0.01978274564878561,0.027448251663393687,0.02247085828190478,0.052874762322309365,0.024923850487713447
2026-01-09,4490.2998046875,59.119998931884766,3.1689999103546143,6966.27978515625,14.489999771118164,0.009082749101682023,0.023272793047802182,-0.07241610529256935,0.006454611138321038,-0.06415025046171281,27,Fear,274587.4533,851846982.925553,-0.22425524581071302,-0.22786309740373797,5.328333333333334e-05,4.11333333333334e-06,3088.4,-0.005891817755608885,0.02283894648874701,0.022467352421839278,0.052925351118680505,0.02247085828190478
2026-01-10,4490.2998046875,59.119998931884766,3.1689999103546143,6966.27978515625,14.489999771118164,0.0,0.0,0.0,0.0,0.0,25,Extreme Fear,82341.0546,254495724.002643,-1.2043999773374512,-1.2081228789064278,8.078666666666666e-05,2.7503333333333325e-05,3086.72,-0.0005441189941084002,0.02282502575018438,0.02200654961289567,0.05300823382390467,0.022467352421839278
2026-01-11,4490.2998046875,59.119998931884766,3.1689999103546143,6966.27978515625,14.489999771118164,0.0,0.0,0.0,0.0,0.0,29,Fear,149381.2965,465227647.583002,0.5956322499691004,0.6032428161961813,7.424333333333332e-05,-6.543333333333342e-06,3123.45,0.011829121681259684,0.023280648038453814,0.02027883627402459,0.05302226549307134,0.02200654961289567
2026-01-12,4604.2998046875,59.5,3.4089999198913574,6977.27001953125,15.119999885559082,0.025071135876622564,0.006407053978539629,0.0730029172360459,0.0015763900591805138,0.04255962264580009,27,Fear,297373.4681,928024542.296001,0.6884867431030515,0.6905313283918691,6.711666666666667e-05,-7.126666666666654e-06,3095.75,-0.008907957026604093,0.020261908591402103,0.020271157055195867,0.05323123857972312,0.02027883627402459
2026-01-13,4589.2001953125,61.150001525878906,3.4189999103546143,6963.740234375,15.979999542236328,-0.003284847544970745,0.027353574534645247,0.002929114780792214,-0.0019410055882070072,0.05531954850954804,26,Fear,457782.2816,1470983302.124877,0.431404886203859,0.4606281902841561,5.5133333333333336e-05,-1.1983333333333331e-05,3325.82,0.07168605713123949,0.03498729333824684,0.023894678710864842,0.050775752402702275,0.020271157055195867
2026-01-14,4626.2998046875,62.02000045776367,3.119999885559082,6926.60009765625,16.75,0.008051610829708839,0.014127033966977518,-0.09151511929578726,-0.005347633584135448,0.047060346578984245,48,Neutral,503440.0759,1682648500.339798,0.09507098657586163,0.13443795018129662,9.443666666666667e-05,3.9303333333333334e-05,3354.92,0.008711664887586325,0.02998514667818945,0.02295272797182508,0.0520848887297072,0.023894678710864842
2026-01-15,4616.2998046875,59.189998626708984,3.128000020980835,6944.47021484375,15.84000015258789,-0.002163894212595402,-0.04670433555197605,0.0025608642488838393,0.002576603920444464,-0.055859862251721834,61,Greed,389993.836,1296628250.56622,-0.2553337561108344,-0.2606017986487927,5.2459999999999996e-05,-4.1976666666666674e-05,3318.69,-0.010857798383258989,0.02876399655559541,0.023099636457523463,0.0524636829153803,0.02295272797182508
2026-01-16,4588.39990234375,59.439998626708984,3.1029999256134033,6940.009765625,15.859999656677246,-0.0060621179774391735,0.004214791804453334,-0.008024467896726974,-0.0006425086684515026,0.0012617985402639538,49,Neutral,223921.7876,737278508.749833,-0.5548341054869634,-0.5645568047049322,3.2029999999999997e-05,-2.043e-05,3296.28,-0.0067755668532725605,0.028844293304314792,0.0213436492005317,0.05303511480908182,0.023099636457523463
2026-01-17,4588.39990234375,59.439998626708984,3.1029999256134033,6940.009765625,15.859999656677246,0.0,0.0,0.0,0.0,0.0,50,Neutral,124325.0303,411508868.39151,-0.5883974800667818,-0.5831351447262917,7.489e-05,4.286e-05,3310.56,0.004322799473588365,0.028625117086737168,0.02130590434891591,,0.0213436492005317
2026-01-18,4588.39990234375,59.439998626708984,3.1029999256134033,6940.009765625,15.859999656677246,0.0,0.0,0.0,0.0,0.0,49,Neutral,173354.3026,576301516.530256,0.3324381438119143,0.33680041867202415,2.5296666666666668e-05,-4.959333333333333e-05,3284.03,-0.008046032619523117,0.029389094201833162,0.019507969717666537,,0.02130590434891591
2026-01-19,4588.39990234375,59.439998626708984,3.1029999256134033,6940.009765625,15.859999656677246,0.0,0.0,0.0,0.0,0.0,44,Fear,442540.5596,1421588263.898261,0.9371946282316934,0.9028990313144063,1.8363333333333334e-05,-6.933333333333334e-06,3189.55,-0.029191485734118488,0.03211143674561697,0.020381456306324736,,0.019507969717666537
2026-01-20,4759.60009765625,60.34000015258789,3.9070000648498535,6796.85986328125,20.09000015258789,0.036632293474919336,0.015027858954032521,0.23040047117754334,-0.020842460953261224,0.23642199186244148,32,Fear,518166.4787,1586973026.80606,0.157764457716889,0.11005370279246038,5.314666666666667e-05,3.4783333333333336e-05,2939.88,-0.08151107682426144,0.030675185271658096,0.02543983235215947,,0.020381456306324736
2026-01-21,4831.7998046875,60.619998931884766,4.875,6875.6201171875,16.899999618530273,0.015055377008505682,0.004629617750091477,0.2213502717785015,0.01152111763356032,-0.17290858706520473,24,Extreme Fear,577800.2481,1712903183.812053,0.10893163934203787,0.07636125418789706,7.316666666666666e-06,-4.583000000000001e-05,2982.27,0.014315991312259694,0.0315380140783723,0.025582166470751795,,0.02543983235215947
2026-01-22,4908.7998046875,59.36000061035156,5.045000076293945,6913.35009765625,15.640000343322754,0.015810444337397162,-0.021004244868480324,0.03427756447844649,0.0054725007079021405,-0.07748184228810683,20,Extreme Fear,291660.7349,867206892.239138,-0.683636957422393,-0.6806673998818478,2.2890000000000003e-05,1.5573333333333336e-05,2952.69,-0.00996813624058588,0.03156782622476823,0.025501107700065653,,0.025582166470751795
2026-01-23,4976.2001953125,61.06999969482422,5.275000095367432,6915.60986328125,16.09000015258789,0.013637113842028292,0.028400133096568393,0.04458102851300698,0.0003268164274822459,0.02836621341894342,24,Extreme Fear,318415.3317,939757975.669515,0.08776534513808158,0.08034479107372816,3.1956666666666665e-05,9.066666666666662e-06,2956.41,0.0012590751523696786,0.03212960987237438,0.02547852608606451,,0.025501107700065653
2026-01-24,4976.2001953125,61.06999969482422,5.275000095367432,6915.60986328125,16.09000015258789,0.0,0.0,0.0,0.0,0.0,25,Extreme Fear,92082.9039,272517275.860426,-1.2406673045114958,-1.2379203596735682,2.046e-05,-1.1496666666666664e-05,2953.22,-0.0010795939203757394,0.03163387984986821,0.025322924823716383,,0.02547852608606451
2026-01-25,4976.2001953125,61.06999969482422,5.275000095367432,6915.60986328125,16.09000015258789,0.0,0.0,0.0,0.0,0.0,25,Extreme Fear,380186.5326,1088137895.952771,1.4179727069201726,1.3845211522416805,4.961e-05,2.915e-05,2816.89,-0.0472626609961986,0.03335093095096366,0.026730850320965924,,0.025322924823716383
2026-01-26,5079.7001953125,60.630001068115234,6.800000190734863,6950.22998046875,16.149999618530273,0.02058565637353524,-0.007230904537314283,0.25394394279004123,0.00499359426016032,0.003722055560557878,20,Extreme Fear,485169.3372,1405058143.578595,0.24383597132144155,0.25561080225316807,-1.9210000000000004e-05,-6.882000000000001e-05,2930.35,0.03948843032131871,0.04024495756477864,0.02771661624999901,,0.026730850320965924
2026-01-27,5079.89990234375,62.38999938964844,6.953999996185303,6978.60009765625,16.350000381469727,3.931395514705028e-05,0.02861515863927036,0.022394392805802858,0.004073587840441241,0.012307894626495038,29,Fear,478792.3988,1416537368.433361,-0.013230880829519232,0.008136735502355611,8.479e-05,0.00010400000000000001,3026.77,0.032374174511626955,0.028945479760199046,0.028348615801355406,,0.02771661624999901
2026-01-28,5301.60009765625,63.209999084472656,7.460000038146973,6978.02978515625,16.350000381469727,0.04271712307880896,0.01305750566045477,0.07023838629209651,-8.172639170147053e-05,0.0,29,Fear,296607.6549,894057677.740365,-0.4788568598314268,-0.46020041016337704,7.586e-05,-8.930000000000011e-06,3010.78,-0.005296862928045633,0.02874723661028759,0.02835469319060842,,0.028348615801355406
2026-01-29,5318.39990234375,65.41999816894531,3.9179999828338623,6969.009765625,16.8799991607666,0.0031638076649501356,0.03436549212071179,-0.6439741041882078,-0.0012934674424623016,0.0319015187754475,26,Fear,561288.5979,1601894306.039813,0.6378249698016216,0.5831718596164582,2.5473333333333336e-05,-5.0386666666666656e-05,2822.59,-0.0645442782447754,0.038183491376301185,0.03066188365712514,,0.02835469319060842
2026-01-30,4713.89990234375,65.20999908447266,4.354000091552734,6939.02978515625,17.440000534057617,-0.1206569177115754,-0.0032151767555849923,0.10551366869862883,-0.0043111794144580756,0.03263700965321155,16,Extreme Fear,793279.6252,2161851949.088385,0.34594056837211984,0.29977836797488105,3.633333333333331e-07,-2.5110000000000002e-05,2707.38,-0.04167352557749497,0.04013915060808983,0.03151470162215747,,0.03066188365712514
2026-01-31,4713.89990234375,65.20999908447266,4.354000091552734,6939.02978515625,17.440000534057617,0.0,0.0,0.0,0.0,0.0,20,Extreme Fear,1113097.7132,2759353621.321312,0.33872636367654535,0.2440312189379275,-4.6856666666666675e-05,-4.7220000000000005e-05,2451.95,-0.09909775123222339,0.05107070495089631,0.03592022164463883,,0.03151470162215747
2026-02-01,4713.89990234375,65.20999908447266,4.354000091552734,6939.02978515625,17.440000534057617,0.0,0.0,0.0,0.0,0.0,14,Extreme Fear,1026573.9466,2412828498.627745,-0.08091986858661017,-0.13419674693199055,-7.44e-05,-2.754333333333333e-05,2270.15,-0.07703771774360114,0.05422370941610867,0.03702482854858301,,0.03592022164463883
2026-02-02,4622.5,62.13999938964844,3.236999988555908,6976.43994140625,16.34000015258789,-0.0195798858862585,-0.04822292322273334,-0.296448012430919,0.005376785277364613,-0.0651503503332419,14,Extreme Fear,1248535.2114,2842177286.24149,0.19574404081777616,0.16377069833642538,-0.00011477,-4.0369999999999995e-05,2347.02,0.033300529744083436,0.052921131393768035,0.03784070399865756,,0.03702482854858301
2026-02-03,4903.7001953125,63.209999084472656,3.311000108718872,6917.81005859375,18.0,0.05905437776175919,0.017072607857606444,0.022603319992062554,-0.008439495590663714,0.09675565912600367,17,Extreme Fear,1321099.3867,2981630480.120865,0.05649322536416249,0.04789988333833486,-6.125e-05,5.352e-05,2233.72,-0.04947808127825783,0.0448247700198768,0.038411224621372204,,0.03784070399865756
2026-02-04,4920.39990234375,65.13999938964844,3.4649999141693115,6882.72021484375,18.639999389648438,0.0033997461243729043,0.030076288477937793,0.04546231647033555,-0.005085300155013826,0.03493801861709743,14,Extreme Fear,1264743.43,2756607838.332894,-0.04359497919380786,-0.07846941211773778,-2.1716666666666665e-05,3.9533333333333337e-05,2148.26,-0.039010144919084666,0.04175393351272662,0.03808858881617059,,0.038411224621372204
2026-02-05,4861.39990234375,63.290000915527344,3.509000062942505,6798.39990234375,21.770000457763672,-0.012063365980342067,-0.028811437225438243,0.012618506667421,-0.01232667785383289,0.15522311976046393,12,Extreme Fear,1952286.6951,3895174109.785863,0.4341320702220412,0.34573749941458837,-9.326666666666667e-06,1.2389999999999998e-05,1826.83,-0.16207598779923496,0.06027451572509265,0.04614000305651076,,0.03808858881617059
2026-02-06,4951.2001953125,63.54999923706055,3.421999931335449,6932.2998046875,20.3700008392334,0.018303568705588632,0.00409963237731521,-0.025105959134144054,0.019504344282200718,-0.06646962483553287,9,Extreme Fear,2102311.5573,4099448671.011839,0.0740361312330536,0.051114115016109386,-0.00011429,-0.00010496333333333334,2063.38,0.12176319054419493,0.09254548518863692,0.05267908043401257,,0.04614000305651076
2026-02-07,4951.2001953125,63.54999923706055,3.421999931335449,6932.2998046875,20.3700008392334,0.0,0.0,0.0,0.0,0.0,6,Extreme Fear,1142616.4487,2350131251.111509,-0.6097167178728278,-0.5563813160501377,3.817666666666667e-05,0.00015246666666666667,2087.08,0.01142054499810375,0.0899356453024703,0.052874762322309365,,0.05267908043401257
2026-02-08,4951.2001953125,63.54999923706055,3.421999931335449,6932.2998046875,20.3700008392334,0.0,0.0,0.0,0.0,0.0,7,Extreme Fear,482837.2515,1015368967.858894,-0.8613963985834437,-0.8392191165631929,-1.9263333333333332e-05,-5.7440000000000006e-05,2089.74,0.0012736964291543084,0.08691585502378489,0.052925351118680505,,0.052874762322309365
2026-02-09,5050.89990234375,64.36000061035156,3.138000011444092,6964.81982421875,17.360000610351562,0.01993641500519393,0.012665345977459917,-0.08663949744660283,0.004680117860123293,-0.15989452704748955,14,Extreme Fear,625378.5569,1299316807.805279,0.2586775139647523,0.24658653229938315,-3.077333333333333e-05,-1.151e-05,2105.02,0.007285311952573169,0.0852038427454452,0.05300823382390467,,0.052925351118680505
2026-02-10,5003.7998046875,63.959999084472656,3.115000009536743,6941.81005859375,17.790000915527344,-0.009368841148208894,-0.006234457955889157,-0.0073565026568077315,-0.0033091822845107053,0.024467808750071016,9,Extreme Fear,574321.6908,1163710989.708572,-0.0851674811523811,-0.11022456601778093,-0.00010126,-7.048666666666667e-05,2022.67,-0.03990654747058609,0.08464349733261958,0.05302226549307134,,0.05300823382390467
2026-02-11,5071.60009765625,64.62999725341797,3.1589999198913574,6941.47021484375,17.649999618530273,0.013458784179660236,0.010420783126096593,0.014026341160115453,-4.89572699497733e-05,-0.007900791374484802,11,Extreme Fear,529655.8177,1036100476.102876,-0.08096228123898802,-0.11614990406178083,-0.00011243333333333333,-1.117333333333333e-05,1941.18,-0.04112238521584158,0.08475047155862296,0.05323123857972312,,0.05302226549307134
2026-02-12,4923.7001953125,62.84000015258789,3.2170000076293945,6832.759765625,20.81999969482422,-0.02959604886955879,-0.028086840962171712,0.018193754167389473,-0.01578494138611745,0.16517828676271432,5,Extreme Fear,427567.1469,833481568.532024,-0.21411605021351238,-0.2176078141645646,-1.471e-05,9.772333333333333e-05,1947.85,0.0034301646117153427,0.05434300338105726,0.050775752402702275,,0.05323123857972312
2026-02-13,5022.0,62.88999938964844,3.243000030517578,6836.169921875,20.600000381469727,0.01976794067778529,0.0007953430347292803,0.008049586106997212,0.0004989646444475858,-0.010622954215521119,9,Extreme Fear,425649.7698,850907791.20718,-0.004494473304739303,0.020692180637199468,-3.0886666666666663e-05,-1.6176666666666664e-05,2048.72,0.05048900769150072,0.031681627453737364,0.0520848887297072,,0.050775752402702275
2026-02-14,5022.0,62.88999938964844,3.243000030517578,6836.169921875,20.600000381469727,0.0,0.0,0.0,0.0,0.0,9,Extreme Fear,220677.2355,458319230.494356,-0.6569157103729226,-0.6187378181159763,-2.4900000000000003e-06,2.8396666666666662e-05,2086.59,0.018315946661219388,0.0322352113961155,0.0524636829153803,,0.0520848887297072
2026-02-15,5022.0,62.88999938964844,3.243000030517578,6836.169921875,20.600000381469727,0.0,0.0,0.0,0.0,0.0,8,Extreme Fear,834778.0952,1680654508.880478,1.330464774143365,1.2993726340180303,-6.367e-05,-6.118000000000001e-05,1966.58,-0.059235161078925104,0.03918913492923565,0.05303511480908182,,0.0524636829153803
