date,gold,crude_oil,natgas,sp500,vix,gold_lg_ret,crude_oil_lg_ret,natgas_lg_ret,sp500_lg_ret,vix_lg_ret,fear_greed,sentiment,volume_in_PEPE,volume_in_USDT,delta_volume_in_PEPE,delta_volume_in_USDT,funding_rate,funding_change,close_price,log_returns,7d_vol,30d_vol,30d_vol_target,benchmark
2023-06-04,1952.4000244140625,71.73999786376953,2.171999931335449,4282.3701171875,14.600000381469727,0.0,0.0,0.0,0.0,0.0,52,Neutral,15708665098619.0,19747463.12746422,,,0.0003339866666666667,,1.23e-06,-0.05535009508316484,0.0438338382495616,0.1233319576389875,0.09917034164755875,
2023-06-05,1958.0,72.1500015258789,2.244999885559082,4273.7900390625,14.729999542236328,0.0028641465728216076,0.00569886404184349,0.03305709976013099,-0.002005591490657713,0.008864644555221157,53,Neutral,49266844972743.0,53272152.60223488,1.1430388618290936,0.9923886955358939,0.0002521966666666667,-8.178999999999999e-05,1.03e-06,-0.17745536714278173,0.07195693027012266,0.11176304503190242,0.0929635090605893,0.1233319576389875
2023-06-06,1965.5,71.73999786376953,2.26200008392334,4283.85009765625,13.960000038146973,0.003823121771459306,-0.005698864041843443,0.007543944577009816,0.002351130233850576,-0.053690099330757315,44,Fear,68124119403275.0,75770684.8826438,0.32407998766678986,0.3522977454805418,0.0001,-0.0001521966666666667,1.2e-06,0.15276275455241017,0.09921966086006502,0.11561684896196436,0.09067490265378961,0.11176304503190242
2023-06-07,1942.699951171875,72.52999877929688,2.3289999961853027,4267.52001953125,13.9399995803833,-0.011667932951336448,0.01095181021826159,0.029189574468975667,-0.003819293926420617,-0.0014337248360685253,53,Neutral,37938275142612.0,42535708.66110397,-0.5853708260032117,-0.577367547923503,0.0001,0.0,1.07e-06,-0.11466290832013988,0.1067213418516556,0.09838329887541285,0.08765821516001515,0.11561684896196436
2023-06-08,1963.5999755859375,71.29000091552734,2.3519999980926514,4293.93017578125,13.649999618530273,0.010700777840001093,-0.017244174573166782,0.009827039961141109,0.00616957160752325,-0.02102288154628079,50,Neutral,20113573681185.0,21823238.58774591,-0.6345656060370426,-0.6673685346529875,0.0001,0.0,1.08e-06,0.00930239266231363,0.10733409811625683,0.09799174826282026,0.0877264783023854,0.09838329887541285
2023-06-09,1962.199951171875,70.16999816894531,2.253999948501587,4298.85986328125,13.829999923706055,-0.0007132429056668153,-0.015835234802188534,-0.04255963645541434,0.0011474010230505239,0.013100646475644259,50,Neutral,33823724620921.0,38550018.79693727,0.5197675734564712,0.5689811953136636,0.0001,0.0,1.14e-06,0.05406722127027579,0.10948713415085022,0.09884940032721423,0.08747760897034981,0.09799174826282026
2023-06-10,1962.199951171875,70.16999816894531,2.253999948501587,4298.85986328125,13.829999923706055,0.0,0.0,0.0,0.0,0.0,49,Neutral,65236121417990.0,61810429.02975808,0.6568508568787644,0.4721155171449203,-5.0253333333333336e-05,-0.00015025333333333333,9.4e-07,-0.1929036661244917,0.1266497396661636,0.08738647694693631,0.07891925110921472,0.09884940032721423
2023-06-11,1962.199951171875,70.16999816894531,2.253999948501587,4298.85986328125,13.829999923706055,0.0,0.0,0.0,0.0,0.0,47,Neutral,21081083114862.0,19479504.7289629,-1.1296372214907555,-1.1547092314530798,-6.663666666666667e-05,-1.6383333333333336e-05,9.2e-07,-0.02150620522096362,0.1268933200832386,0.07511664636788197,0.07866596532716465,0.08738647694693631
2023-06-12,1955.300048828125,67.12000274658203,2.2660000324249268,4338.93017578125,15.010000228881836,-0.003522608540493114,-0.044438740090224194,0.005309784145119211,0.00927797498175416,0.08187652073388114,47,Neutral,22319730818691.0,20073425.11250781,0.057094973832266034,0.03003393326908643,2.6533333333333336e-05,9.317e-05,9.1e-07,-0.010929070532190317,0.11187468935695709,0.07330689394216859,0.0786182949325966,0.07511664636788197
2023-06-13,1944.5999755859375,69.41999816894531,2.3399999141693115,4369.009765625,14.609999656677246,-0.005487371483662416,0.03369288097774668,0.03213471577469008,0.006908570725908897,-0.027010458630547705,45,Fear,35032196880912.0,32552833.88909787,0.4507964721680081,0.48346762094090384,6.477666666666666e-05,3.824333333333333e-05,9.1e-07,0.0,0.08467483703018165,0.07327263254139124,0.08153493298743672,0.07330689394216859
2023-06-14,1955.300048828125,68.2699966430664,2.3420000076293945,4372.58984375,13.880000114440918,0.005487371483662365,-0.016704601798411153,0.0008543757433382518,0.0008190899801265841,-0.05125723893976474,46,Fear,24002267566156.0,21934866.94619621,-0.378119241705929,-0.39478695873208075,9.230000000000001e-05,2.7523333333333348e-05,8.8e-07,-0.03352269203864345,0.07796127850216339,0.07329289406826914,0.08190135066604988,0.07327263254139124
2023-06-15,1957.800048828125,70.62000274658203,2.5329999923706055,4425.83984375,14.5,0.0012777594632126471,0.033843047133893404,0.07839909957437252,0.012104580493589997,0.04369968610284749,41,Fear,23847177939242.0,20698944.14576176,-0.006482422873286781,-0.05799477725858474,-2.5903333333333333e-05,-0.00011820333333333334,8.9e-07,0.011299555253933247,0.07812371870751739,0.07350646628078643,0.0819276665448737,0.07329289406826914
2023-06-16,1958.4000244140625,71.77999877929688,2.631999969482422,4409.58984375,13.539999961853027,0.0003064070167053769,0.016292439320637658,0.038339633860707455,-0.0036783764677510893,-0.06850038475975376,47,Neutral,45746758588764.0,43215779.68438097,0.6514550537580044,0.7361230075075518,6.111333333333334e-05,8.701666666666668e-05,9.6e-07,0.07571182173569638,0.08221778651429089,0.07514350978280653,0.08221645523714553,0.07350646628078643
2023-06-17,1958.4000244140625,71.77999877929688,2.631999969482422,4409.58984375,13.539999961853027,0.0,0.0,0.0,0.0,0.0,47,Neutral,31398516601432.0,31261549.50205117,-0.376360288887036,-0.32381680705814825,0.0001,3.888666666666666e-05,1e-06,0.0408219945202552,0.038046439874084875,0.07569293667106636,0.08210412992223866,0.07514350978280653
2023-06-18,1958.4000244140625,71.77999877929688,2.631999969482422,4409.58984375,13.539999961853027,0.0,0.0,0.0,0.0,0.0,49,Neutral,15935402409817.0,15463901.66487318,-0.6782174490505087,-0.7038805090538217,0.0001,0.0,9.4e-07,-0.06187540371808741,0.04570211947675527,0.07605808503576521,0.0814602996554357,0.07569293667106636
2023-06-19,1958.4000244140625,71.77999877929688,2.631999969482422,4409.58984375,13.539999961853027,0.0,0.0,0.0,0.0,0.0,47,Neutral,18044405269959.0,16851847.70688447,0.12429247863404295,0.08595192406663545,8.196666666666668e-05,-1.803333333333333e-05,9.4e-07,0.0,0.04532923846360087,0.07187143816257409,0.0814602996554357,0.07605808503576521
2023-06-20,1935.5,70.5,2.492000102996826,4388.7099609375,13.880000114440918,-0.011762134766634989,-0.017993158895064698,-0.054658359612050685,-0.004746353835236048,0.024800698656906404,49,Neutral,34505621536031.0,33299057.29432777,0.6482865744477032,0.6810687801245371,-1.2780000000000001e-05,-9.474666666666667e-05,1.07e-06,0.12953405219190212,0.06520490646999816,0.07596315583723541,0.07866252722671252,0.07187143816257409
2023-06-21,1933.300048828125,72.52999877929688,2.5969998836517334,4365.68994140625,13.199999809265137,-0.0011372784228845022,0.028387542726777716,0.041271245623388145,-0.005259086366925201,-0.050232148180967114,59,Greed,129109902578205.0,162282573.70980224,1.3195417457851606,1.5838100107921944,0.0001,0.00011278,1.38e-06,0.25442485069529847,0.10323771249702957,0.09001234936672302,0.06391997059542533,0.07596315583723541
2023-06-22,1912.699951171875,69.51000213623047,2.6080000400543213,4381.89013671875,12.90999984741211,-0.01071258172670636,-0.04252959469989951,0.004226771543074732,0.0037039303873345254,-0.022214622103519467,65,Greed,170132746013597.0,262495546.29319203,0.27591499162001787,0.480895017487395,0.0001,0.0,1.55e-06,0.11617143176204202,0.1018692614048467,0.09223708641068307,0.06045690049918442,0.09001234936672302
2023-06-23,1919.0999755859375,69.16000366210938,2.7290000915527344,4348.330078125,13.4399995803833,0.003340482534468814,-0.005047944078749438,0.04535161585163115,-0.007688288056502158,0.04023311083432769,65,Greed,99298315386008.0,159943579.10411116,-0.5384503852290321,-0.49541299293988833,0.0001,0.0,1.65e-06,0.06252035698133414,0.1020675654929653,0.09072921626168445,0.059322309319413506,0.09223708641068307
2023-06-24,1919.0999755859375,69.16000366210938,2.7290000915527344,4348.330078125,13.4399995803833,0.0,0.0,0.0,0.0,0.0,62,Greed,67478077387910.0,108802472.06037258,-0.38632584032519246,-0.38528706713888033,-1.717333333333333e-05,-0.00011717333333333333,1.55e-06,-0.06252035698133405,0.11490201242943675,0.09155681850188252,0.061676900744349075,0.09072921626168445
2023-06-25,1919.0999755859375,69.16000366210938,2.7290000915527344,4348.330078125,13.4399995803833,0.0,0.0,0.0,0.0,0.0,64,Greed,49037826649197.0,78471276.9834829,-0.3192107929620883,-0.3268013957751858,7.149666666666668e-05,8.867e-05,1.61e-06,0.03797924806521647,0.10238888387146347,0.09172783385611563,0.06142294792051231,0.09155681850188252
2023-06-26,1923.699951171875,69.37000274658203,2.7909998893737793,4328.81982421875,14.25,0.0023940761271535643,0.003031823224082698,0.022464639643126144,-0.004496934363132171,0.05852160284113717,55,Greed,47677009739950.0,73667566.87936015,-0.028142667120959093,-0.06317002667487488,0.0001,2.850333333333333e-05,1.51e-06,-0.06412452816953867,0.11275659473550698,0.09225399697175132,0.060687657951060396,0.09172783385611563
2023-06-27,1914.0,67.69999694824219,2.763000011444092,4378.41015625,13.739999771118164,-0.00505509651683476,-0.024368402149869475,-0.010082864834228464,0.01139073352418076,-0.03644563657852305,59,Greed,42503845491206.0,68199344.30719039,-0.11485475162167016,-0.0771276823176621,0.0001,0.0,1.61e-06,0.06412452816953877,0.10944101960229016,0.09290878759408727,0.05942847783979342,0.09225399697175132
2023-06-28,1912.300048828125,69.55999755859375,2.6029999256134033,4376.85986328125,13.430000305175781,-0.0008885614102553915,0.02710351954766955,-0.05965245264801524,-0.0003541393883898215,-0.02282023687755186,62,Greed,37263893532231.0,55992541.13682556,-0.13156969796655213,-0.19721646266034376,0.0001,0.0,1.42e-06,-0.12557730738320227,0.08815965755968605,0.09561548546452286,0.05501248531572303,0.09290878759408727
2023-06-29,1909.199951171875,69.86000061035156,2.7009999752044678,4396.43994140625,13.539999961853027,-0.0016224510460784893,0.004303593727232923,0.036957468195175876,0.00446356811449,0.008157231408190429,54,Neutral,38601936146006.0,59155353.26935479,0.035277578419226685,0.054948601736230986,0.0001,0.0,1.54e-06,0.08112554481236853,0.08147489690765607,0.09474056625950378,0.05284042253436165,0.09561548546452286
2023-06-30,1921.0999755859375,70.63999938964844,2.7980000972747803,4450.3798828125,13.59000015258789,0.0062136453694543944,0.01110329953992615,0.035282845378766484,0.0121943502618858,0.0036859747242309056,56,Greed,87407506710529.0,140232219.33557874,0.8172787336739097,0.86313266839479,0.0001,0.0,1.62e-06,0.050643732818754936,0.080044603891194,0.0948205183739931,0.05212533610034125,0.09474056625950378
2023-07-01,1921.0999755859375,70.63999938964844,2.7980000972747803,4450.3798828125,13.59000015258789,0.0,0.0,0.0,0.0,0.0,59,Greed,22007250207876.0,34655325.50961728,-1.3792092141392358,-1.397848349822413,0.0001,0.0,1.56e-06,-0.03774032798284697,0.07746026899886324,0.09515270785432851,0.052345140727800256,0.0948205183739931
2023-07-02,1921.0999755859375,70.63999938964844,2.7980000972747803,4450.3798828125,13.59000015258789,0.0,0.0,0.0,0.0,0.0,63,Greed,19532222091251.0,30256510.66793933,-0.11930643720029341,-0.13574001817670525,0.0001,0.0,1.58e-06,0.012739025777429712,0.07602169166047704,0.09505035919848404,0.05318136754723664,0.09515270785432851
2023-07-03,1921.699951171875,69.79000091552734,2.7090001106262207,4455.58984375,13.569999694824219,0.00031225960354315117,-0.012105801508016404,-0.03232530706960484,0.0011699930926736418,-0.0014727880332322733,62,Greed,75874367689918.0,134168195.28088221,1.357013398998711,1.4893828115127963,0.0001,0.0,1.84e-06,0.1523407245820188,0.08966692547832174,0.09869814482678925,0.04490820462340075,0.09505035919848404
2023-07-04,1921.699951171875,69.79000091552734,2.7090001106262207,4455.58984375,13.569999694824219,0.0,0.0,0.0,0.0,0.0,64,Greed,40305018777128.0,70930172.66303368,-0.6326029191575463,-0.6373982920387494,0.0001,0.0,1.71e-06,-0.07327220110632575,0.09535913711251029,0.09917034164755875,0.04348490359839968,0.09869814482678925
2023-07-05,1919.5999755859375,71.79000091552734,2.6570000648498535,4446.81982421875,14.180000305175781,-0.0010933672637802037,0.028254457193867853,-0.019381912754662535,-0.0019702580976127164,0.04397109126777171,61,Greed,27779597520636.0,46258351.97325025,-0.37217414748816396,-0.4274538786240738,6.102333333333334e-05,-3.897666666666666e-05,1.66e-06,-0.02967576814611655,0.0782157068055596,0.0929635090605893,0.043551578712760615,0.09917034164755875
2023-07-06,1908.699951171875,71.80000305175781,2.6089999675750732,4411.58984375,15.4399995803833,-0.005694461811811971,0.00013931521652338637,-0.018230697458361197,-0.007954061175894762,0.08512897479383684,56,Greed,43615963497808.0,72009790.78232205,0.45112136949146436,0.44256006199833897,-4.686666666666661e-06,-6.571e-05,1.54e-06,-0.07503518594291396,0.08086907626272487,0.09067490265378961,0.04189034913907682,0.0929635090605893
2023-07-07,1926.199951171875,73.86000061035156,2.5820000171661377,4398.9501953125,14.829999923706055,0.009126768323334932,0.02828689913027681,-0.010402694653647343,-0.002869212795733482,-0.04030936641410981,55,Greed,26384657903114.0,41069252.33136409,-0.502640517423262,-0.5615423697953669,-0.0001493633333333333,-0.00014467666666666664,1.57e-06,0.01929320293467885,0.07842818054182495,0.08765821516001515,0.04157627109449359,0.09067490265378961
2023-07-08,1926.199951171875,73.86000061035156,2.5820000171661377,4398.9501953125,14.829999923706055,0.0,0.0,0.0,0.0,0.0,58,Greed,10928219541876.0,16978368.78193716,-0.8814343087151938,-0.883319613818888,2.706333333333334e-05,0.00017642666666666665,1.56e-06,-0.006389798098770898,0.07709602469504066,0.0877264783023854,0.04181704343228424,0.08765821516001515
2023-07-09,1926.199951171875,73.86000061035156,2.5820000171661377,4398.9501953125,14.829999923706055,0.0,0.0,0.0,0.0,0.0,55,Greed,8991585695705.0,14003576.10964717,-0.19505917515223906,-0.19262737584444042,0.0001,7.293666666666666e-05,1.54e-06,-0.012903404835907954,0.07699898674366386,0.08747760897034981,0.04341463996696266,0.0877264783023854
2023-07-10,1925.0,72.98999786376953,2.6689999103546143,4409.52978515625,15.069999694824219,-0.0006231570554215221,-0.011849001491944946,0.03313953776191725,0.002402138610626312,0.016053841382581882,56,Greed,28865556902901.0,43161283.28886261,1.1663598643650628,1.125631139839138,4.266666666666671e-06,-9.573333333333333e-05,1.51e-06,-0.019672765598704893,0.03479749816706172,0.07891925110921472,0.04505657117268517,0.08747760897034981
2023-07-11,1931.300048828125,74.83000183105469,2.7309999465942383,4439.259765625,14.84000015258789,0.0032674088391857186,0.02489648236569345,0.02296398610142489,0.006719583998254874,-0.015379744366417212,57,Greed,11361524313279.0,17122373.04364132,-0.9324164948907282,-0.9245578997694255,3.197e-05,2.770333333333333e-05,1.51e-06,0.0,0.02962914106949362,0.07866596532716465,0.04505657117268517,0.07891925110921472
2023-07-12,1956.199951171875,75.75,2.631999969482422,4472.16015625,13.539999961853027,0.012810414334619996,0.012219545827684955,-0.03692382106793469,0.007383905235389679,-0.09167798335466223,64,Greed,15820551643799.0,24196436.34053235,0.3310772449584917,0.34581939019331537,0.0001,6.803000000000001e-05,1.5e-06,-0.006644542718668501,0.029364168634251796,0.0786182949325966,0.04513530680707794,0.07866596532716465
2023-07-13,1959.199951171875,76.88999938964844,2.5450000762939453,4510.0400390625,13.609999656677246,0.0015324108197861239,0.01493737671662713,-0.03361332188778594,0.008434482989627111,0.005156526770827636,57,Greed,43040299765530.0,69557683.15483823,1.0008270488849909,1.0559510181208183,-1.592000000000001e-05,-0.00011592000000000001,1.72e-06,0.13685918271719735,0.05476543144805955,0.08153493298743672,0.04014258738607859,0.0786182949325966
2023-07-14,1960.0999755859375,75.41999816894531,2.5390000343322754,4505.419921875,13.34000015258789,0.00045927816023401885,-0.019303353554000074,-0.0023603637359513995,-0.001024932196907484,-0.020037739511752393,60,Greed,71463759801184.0,124003010.9499753,0.5070535846358043,0.5781494653807264,0.0004991233333333333,0.0005150433333333333,1.64e-06,-0.047628048989254705,0.059673471636226445,0.08190135066604988,0.03945010395384649,0.08153493298743672
2023-07-15,1960.0999755859375,75.41999816894531,2.5390000343322754,4505.419921875,13.34000015258789,0.0,0.0,0.0,0.0,0.0,56,Greed,18911843158392.0,31368215.24835049,-1.329402117320514,-1.374510720162223,7.239333333333333e-05,-0.00042673,1.65e-06,0.0060790460763821925,0.05941948985315693,0.0819276665448737,0.03991575401722099,0.08190135066604988
2023-07-16,1960.0999755859375,75.41999816894531,2.5390000343322754,4505.419921875,13.34000015258789,0.0,0.0,0.0,0.0,0.0,57,Greed,11479638493399.0,18522838.88359693,-0.49921344768350745,-0.5267906220807033,0.0001,2.7606666666666675e-05,1.57e-06,-0.04969966855227265,0.06309235435904756,0.08221645523714553,0.04320064743227704,0.0819276665448737
2023-07-17,1952.4000244140625,74.1500015258789,2.51200008392334,4522.7900390625,13.479999542236328,-0.003936082358076451,-0.016982378389892278,-0.01069103422958422,0.0038479695744204137,0.01044001959958077,54,Neutral,17659687486894.0,27414868.67979052,0.43070959864681085,0.39208101383652344,3.054e-05,-6.946e-05,1.58e-06,0.0063492276786587445,0.06231237037475751,0.08210412992223866,0.045238903588201304,0.08221645523714553
2023-07-18,1977.199951171875,75.75,2.628999948501587,4554.97998046875,13.300000190734863,0.012622280219577665,0.021348355227265157,0.0455242441442257,0.007092066941428338,-0.013443021956755858,56,Greed,13468168236684.0,20550334.93522811,-0.2709555061132813,-0.288208279397804,7.120666666666666e-05,4.066666666666666e-05,1.52e-06,-0.03871451218069028,0.06465669692859063,0.0814602996554357,0.04632995507131391,0.08210412992223866
2023-07-19,1977.5,75.3499984741211,2.6029999256134033,4565.72021484375,13.760000228881836,0.0001517429045972916,-0.005294539567523786,-0.009938928723978016,0.002355134827233639,0.03400179957037673,50,Neutral,11353373100091.0,17532841.37655266,-0.17081410359637816,-0.15880146705028017,0.0001,2.879333333333334e-05,1.52e-06,0.0,0.06457546316160373,0.0814602996554357,0.04632995507131391,0.0814602996554357
2023-07-20,1968.300048828125,75.62999725341797,2.756999969482422,4534.8701171875,13.989999771118164,-0.004663169815610156,0.0037090887299437904,0.05747852353736224,-0.006779827396257691,0.01657692317794938,56,Greed,12904697073328.0,19735319.19548689,0.1280764700948974,0.1183341107545382,0.0001,0.0,1.51e-06,-0.006600684031352136,0.025612085176564766,0.07866252722671252,0.04746828608910596,0.0814602996554357
2023-07-21,1964.300048828125,77.06999969482422,2.7130000591278076,4536.33984375,13.600000381469727,-0.002034278228194697,0.0188611022782814,-0.016088065501487298,0.0003240420146130911,-0.028272951525750628,50,Neutral,14074838020514.0,21348549.513631,0.0867973063423098,0.07857391583016714,9.230666666666666e-05,-7.693333333333343e-06,1.53e-06,0.0131580845775112,0.024407053058018643,0.06391997059542533,0.0472730510258364,0.07866252722671252
2023-07-22,1964.300048828125,77.06999969482422,2.7130000591278076,4536.33984375,13.600000381469727,0.0,0.0,0.0,0.0,0.0,52,Neutral,6132598817525.0,9304844.01291775,-0.8307700548848779,-0.8304486727331468,0.0001,7.693333333333343e-06,1.49e-06,-0.02649161544697634,0.023949362002329146,0.06045690049918442,0.04728094424754383,0.06391997059542533
2023-07-23,1964.300048828125,77.06999969482422,2.7130000591278076,4536.33984375,13.600000381469727,0.0,0.0,0.0,0.0,0.0,54,Neutral,6045493218739.0,9071518.8518219,-0.014305538835415433,-0.02539541719879498,0.0001,0.0,1.51e-06,0.013333530869465168,0.020076986939482604,0.059322309319413506,0.04706906620034242,0.06045690049918442
2023-07-24,1960.300048828125,78.73999786376953,2.684999942779541,4554.64013671875,13.90999984741211,-0.002038424953129538,0.02143716255522998,-0.01037434882137731,0.004026038496874852,0.02253817417444661,55,Greed,23911796265486.0,32773365.8011045,1.375058832838978,1.2844764583025259,-6.109999999999998e-06,-0.00010611,1.35e-06,-0.11200505837649487,0.04397835345789881,0.061676900744349075,0.04351850122514727,0.059322309319413506
2023-07-25,1962.0999755859375,79.62999725341797,2.7300000190734863,4567.4599609375,13.859999656677246,0.0009177681383586431,0.011239613392143006,0.01662090953382343,0.0028107195758387046,-0.003601025974701848,50,Neutral,13320675142486.0,17615723.61871057,-0.5850545545660459,-0.6208242766278593,-2.9899999999999995e-05,-2.3789999999999998e-05,1.3e-06,-0.03774032798284697,0.04391989872204301,0.06142294792051231,0.05109942578815852,0.061676900744349075
2023-07-26,1968.9000244140625,78.77999877929688,2.6649999618530273,4566.75,13.1899995803833,0.0034597077644024344,-0.010731729729882442,-0.02409757287974662,-0.00015545097867591856,-0.049548034075017525,51,Neutral,28003306391719.0,36342308.56956642,0.7430052384216502,0.7241906972680514,5.670000000000005e-06,3.557e-05,1.33e-06,0.022814677766171264,0.04661729770902965,0.060687657951060396,0.05207907067725693,0.06142294792051231
2023-07-27,1945.4000244140625,80.08999633789062,2.492000102996826,4537.41015625,14.40999984741211,-0.012007399562659367,0.016491814562992667,-0.06711840104755121,-0.006445393055197076,0.08846346450642487,51,Neutral,20572137300908.0,28373383.53786275,-0.3083849865675068,-0.24753108155565837,-8.310333333333333e-05,-8.877333333333333e-05,1.35e-06,0.014925650216675792,0.048258526132043865,0.05942847783979342,0.05181815705826882,0.060687657951060396
2023-07-28,1960.4000244140625,80.58000183105469,2.638000011444092,4582.22998046875,13.329999923706055,0.007680922504028945,0.006099545875976461,0.056935416377097064,0.009829375810433848,-0.07790527095526234,52,Neutral,11977228484062.0,16033174.89878828,-0.5409303813687275,-0.5707914995278865,-5.883e-05,2.427333333333333e-05,1.33e-06,-0.014925650216675706,0.04656815959755886,0.05501248531572303,0.05298223208443962,0.05942847783979342
2023-07-29,1960.4000244140625,80.58000183105469,2.638000011444092,4582.22998046875,13.329999923706055,0.0,0.0,0.0,0.0,0.0,52,Neutral,4947727886844.0,6629000.52027911,-0.8840787622427645,-0.8832059650777663,9.076333333333333e-05,0.00014959333333333332,1.35e-06,0.014925650216675792,0.04820998502533427,0.05284042253436165,0.05303109870670095,0.05501248531572303
2023-07-30,1960.4000244140625,80.58000183105469,2.638000011444092,4582.22998046875,13.329999923706055,0.0,0.0,0.0,0.0,0.0,52,Neutral,10789582927121.0,14058130.75441122,0.7796526664301822,0.7517468880337053,5.901666666666667e-05,-3.1746666666666665e-05,1.3e-06,-0.03774032798284697,0.04722155135970057,0.05212533610034125,0.053969847876313023,0.05284042253436165
2023-07-31,1970.5,81.80000305175781,2.634000062942505,4588.9599609375,13.630000114440918,0.005138771146053185,0.015026778429613846,-0.0015174314160361743,0.0014676354365687912,0.022256125637552852,50,Neutral,12112272124852.0,15279798.14612129,0.1156380389448119,0.08333064354047566,6.003666666666667e-05,1.0200000000000004e-06,1.24e-06,-0.047252884850545615,0.02954757866959649,0.052345140727800256,0.05393078889205222,0.05212533610034125
2023-08-01,1940.699951171875,81.37000274658203,2.559999942779541,4576.72998046875,13.930000305175781,-0.015238610077067491,-0.0052705924534539855,-0.02849639107752737,-0.0026686453076827116,0.021771555594829822,53,Neutral,17191725854220.0,21195758.6731577,0.3502090492699261,0.327269525757136,-0.00012915,-0.00018918666666666666,1.3e-06,0.04725288485054551,0.0343483071741938,0.05318136754723664,0.053803969761146896,0.052345140727800256
2023-08-02,1937.4000244140625,79.48999786376953,2.4769999980926514,4513.39013671875,16.09000015258789,-0.0017018269642495524,-0.023375487751982435,-0.03295908640253019,-0.013936200638336184,0.14415316078816753,53,Neutral,20273265284892.0,25504649.33802865,0.1648748239381217,0.18505966345047536,6.964e-05,0.00019879,1.22e-06,-0.06351340572232599,0.039848948404629145,0.04490820462340075,0.05323188378600044,0.05318136754723664
2023-08-03,1932.0,81.55000305175781,2.565000057220459,4501.89013671875,15.920000076293945,-0.0027911448212779625,0.025585165778128107,0.034910351193704885,-0.0025512254502915274,-0.010621785279120641,52,Neutral,7619809310429.0,9238322.46288184,-0.978551692518905,-1.0155004449914171,7.397333333333334e-05,4.333333333333335e-06,1.2e-06,-0.016529301951210582,0.03799317575524383,0.04348490359839968,0.05347987055484413,0.04490820462340075
2023-08-04,1939.5999755859375,82.81999969482422,2.5769999027252197,4478.02978515625,17.100000381469727,0.0039260178715701454,0.015453207943668348,0.004667392992028158,-0.0053141693739379705,0.07150230060821486,54,Neutral,13998729394028.0,16457269.41636164,0.6082152234197692,0.5774069718722807,8.298333333333334e-05,9.009999999999997e-06,1.16e-06,-0.03390155167568134,0.03850845200224661,0.043551578712760615,0.05382548143141344,0.04348490359839968
2023-08-05,1939.5999755859375,82.81999969482422,2.5769999027252197,4478.02978515625,17.100000381469727,0.0,0.0,0.0,0.0,0.0,50,Neutral,11593498905424.0,13274671.43012433,-0.1885220661071225,-0.2149094736119409,-3.563999999999999e-05,-0.00011862333333333333,1.15e-06,-0.008658062743114541,0.035936580161612316,0.04189034913907682,0.053869349721108246,0.043551578712760615
2023-08-06,1939.5999755859375,82.81999969482422,2.5769999027252197,4478.02978515625,17.100000381469727,0.0,0.0,0.0,0.0,0.0,49,Neutral,10360978933924.0,11964105.59598458,-0.11239777776120594,-0.10394684892271049,0.0001,0.00013564,1.15e-06,0.0,0.03617039597609417,0.04157627109449359,0.0540130955050474,0.04189034913907682
2023-08-07,1933.5,81.94000244140625,2.7249999046325684,4518.43994140625,15.770000457763672,-0.0031499215966817747,-0.01068227251884067,0.05584249919505223,0.008983618964856572,-0.08096905581433864,49,Neutral,18837235834434.0,21114283.53238419,0.5977888164077904,0.5680387892485276,0.0001,0.0,1.11e-06,-0.03540192705091595,0.03479778002227609,0.04181704343228424,0.05388883805154776,0.04157627109449359
2023-08-08,1924.0999755859375,82.91999816894531,2.7769999504089355,4499.3798828125,15.989999771118164,-0.004873518808943379,0.011888963571621945,0.0189027973488947,-0.004227205100058866,0.013854082529355417,54,Neutral,32586214598799.0,38304810.23859786,0.5480537934059265,0.5956257258763521,0.0001,0.0,1.17e-06,0.05264373348542209,0.03644693142783233,0.04341463996696266,0.0529859180714786,0.04181704343228424
2023-08-09,1915.4000244140625,84.4000015258789,2.9590001106262207,4467.7099609375,15.960000038146973,-0.004531822404694159,0.01769115419565046,0.06348022033754672,-0.007063619102045116,-0.0018779181199778247,50,Neutral,39833137260596.0,49298326.99591805,0.20080982649070603,0.252314663301313,0.0001,0.0,1.24e-06,0.058107630807280757,0.03842932663715656,0.04505657117268517,0.051326754295986765,0.04341463996696266
2023-08-10,1914.4000244140625,82.81999969482422,2.763000011444092,4468.830078125,15.850000381469727,-0.0005222204866973095,-0.018897845248431876,-0.06853436072123821,0.00025068252108086326,-0.006916070021043906,53,Neutral,12719644302426.0,15787878.076656,-1.1415515664879758,-1.138647710060532,0.0001,0.0,1.24e-06,0.0,0.03757622710358233,0.04505657117268517,0.051250779648420196,0.04505657117268517
2023-08-11,1912.9000244140625,83.19000244140625,2.7699999809265137,4464.0498046875,14.84000015258789,-0.0007838424255554935,0.004457603210535083,0.0025302632303245407,-0.0010702648992294865,-0.06584327636934278,51,Neutral,8323218945828.0,10335983.88722229,-0.4240985213383256,-0.4236110470979668,4.470666666666666e-05,-5.529333333333334e-05,1.25e-06,0.008032171697264253,0.03352356228160198,0.04513530680707794,0.05374759038769203,0.04505657117268517
2023-08-12,1912.9000244140625,83.19000244140625,2.7699999809265137,4464.0498046875,14.84000015258789,0.0,0.0,0.0,0.0,0.0,54,Neutral,23971475098622.0,31810922.84799651,1.05781551338271,1.1241783284541886,0.0001,5.529333333333334e-05,1.36e-06,0.08434114843375075,0.04195314378197283,0.04014258738607859,0.05019954607694351,0.04513530680707794
2023-08-13,1912.9000244140625,83.19000244140625,2.7699999809265137,4464.0498046875,14.84000015258789,0.0,0.0,0.0,0.0,0.0,54,Neutral,20328397343170.0,28195496.68204613,-0.16484579349843223,-0.1206474435285483,0.0001,0.0,1.36e-06,0.0,0.04195314378197283,0.03945010395384649,0.05019954607694351,0.04014258738607859
2023-08-14,1910.5999755859375,82.51000213623047,2.7950000762939453,4489.72021484375,14.819999694824219,-0.0012031118637709465,-0.008207653636332482,0.00898482059013154,0.005734004879419051,-0.0013486487456545642,50,Neutral,26932467840289.0,37780112.40432475,0.28131374927869285,0.29262056423662103,0.0001,0.0,1.4e-06,0.028987536873252406,0.032836713455969876,0.03991575401722099,0.04975229972781545,0.03945010395384649
2023-08-15,1902.5,80.98999786376953,2.6589999198913574,4437.85986328125,16.459999084472656,-0.0042485053218494105,-0.018593860122389717,-0.049882051770118396,-0.011618139396096483,0.1049555403517943,53,Neutral,23693457058151.0,31489634.80012017,-0.12813360516983185,-0.1821243995855066,0.0001,0.0,1.26e-06,-0.10536051565782628,0.06015395137126765,0.04320064743227704,0.04777504026604213,0.03991575401722099
2023-08-16,1896.0999755859375,79.37999725341797,2.5920000076293945,4404.330078125,16.780000686645508,-0.0033696785716191323,-0.020079251129936113,-0.02552030070005767,-0.007584081792624527,0.0192546023319537,52,Neutral,27172318334126.0,32937452.03810174,0.1369998102509945,0.044951932434793694,0.0001,0.0,1.16e-06,-0.08269171584511341,0.06496356565653473,0.045238903588201304,0.046403399964318394,0.04320064743227704
2023-08-17,1884.0999755859375,80.38999938964844,2.621000051498413,4370.35986328125,17.889999389648438,-0.00634889183821112,0.01264336999299781,0.011126162556185159,-0.0077428113775290805,0.06405412144418428,50,Neutral,46779947771659.0,52411429.48659568,0.5432558979070559,0.4645143173636866,9.858666666666666e-05,-1.4133333333333424e-06,1.08e-06,-0.07145896398214487,0.06872270581700156,0.04632995507131391,0.04533437937337171,0.045238903588201304
2023-08-18,1886.0999755859375,81.25,2.5510001182556152,4369.7099609375,17.299999237060547,0.0010609517869105895,0.010641038462359106,-0.027070458473407267,-0.00014871788395720285,-0.03353540600052895,37,Fear,21996990213272.0,23814987.38798278,-0.7545490091765499,-0.7888095828457296,-8.926333333333334e-05,-0.00018784999999999999,1.08e-06,0.0,0.06824720675379585,0.04632995507131391,0.04658959604814849,0.04632995507131391
2023-08-19,1886.0999755859375,81.25,2.5510001182556152,4369.7099609375,17.299999237060547,0.0,0.0,0.0,0.0,0.0,39,Fear,14784184285282.0,16464790.75286119,-0.39734765550578827,-0.3690908975246095,-4.694e-05,4.2323333333333335e-05,1.13e-06,0.04525659158812086,0.05920327374855604,0.04746828608910596,0.04516491158861011,0.04632995507131391
2023-08-20,1886.0999755859375,81.25,2.5510001182556152,4369.7099609375,17.299999237060547,0.0,0.0,0.0,0.0,0.0,37,Fear,8318113316537.0,9331418.92020601,-0.575122515726976,-0.5678371223693743,-1.8863333333333333e-05,2.807666666666667e-05,1.12e-06,-0.008888947417245928,0.05863356385419138,0.0472730510258364,0.04677591039100372,0.04746828608910596
2023-08-21,1893.300048828125,80.72000122070312,2.631999969482422,4399.77001953125,17.1299991607666,0.0038101719353384462,-0.006544430041808612,0.031258516352000824,0.006855634859799785,-0.0098751940591841,38,Fear,12753984469558.0,13870945.41545961,0.42740826592169656,0.3964093098422417,6.625e-05,8.511333333333333e-05,1.09e-06,-0.027150989065950974,0.05316619840576261,0.04728094424754383,0.046809147455812744,0.0472730510258364
2023-08-22,1896.4000244140625,80.3499984741211,2.559999942779541,4387.5498046875,16.969999313354492,0.0016360008536025392,-0.004594317974920206,-0.027736765728517174,-0.0027813310465456837,-0.009384224560183918,37,Fear,13438978783987.0,14158380.66641619,0.05231561867334589,0.020510327391609906,3.7220000000000006e-05,-2.902999999999999e-05,1.08e-06,-0.009216655104923952,0.043777782900056704,0.04706906620034242,0.04678026236322558,0.04728094424754383
2023-08-23,1918.5,78.88999938964844,2.496999979019165,4436.009765625,15.979999542236328,0.011586265785144559,-0.018337603822861738,-0.024917233244509836,0.010984330710791359,-0.060109127091726666,37,Fear,15627110217872.0,16944713.93662567,0.15084789157348716,0.17964920103173737,5.922333333333333e-05,2.2003333333333327e-05,1.11e-06,0.027398974188114347,0.037702910203353125,0.04351850122514727,0.05404238911535085,0.04706906620034242
2023-08-24,1918.199951171875,79.05000305175781,2.5190000534057617,4376.31005859375,17.200000762939453,-0.0001564098483359136,0.002026132890635851,0.00877201567642938,-0.01354935398400801,0.07357151648426023,41,Fear,38816624206967.0,38217509.67728317,0.9098413733620432,0.8133378560676686,0.0001,4.077666666666667e-05,9.5e-07,-0.15565330971179328,0.06529174263104755,0.05109942578815852,0.047438446651040314,0.04351850122514727
2023-08-25,1911.0999755859375,79.83000183105469,2.5399999618530273,4405.7099609375,15.680000305175781,-0.0037082411186100178,0.009818794333739538,0.008302047440303339,0.006695501060295156,-0.09252339379134855,39,Fear,77594172554340.0,68168835.39682826,0.6926437146107507,0.5786937223120138,-0.0009682333333333333,-0.0010682333333333332,8.8e-07,-0.07654007712233438,0.06806222582076063,0.05207907067725693,0.045815150941263316,0.05109942578815852
2023-08-26,1911.0999755859375,79.83000183105469,2.5399999618530273,4405.7099609375,15.680000305175781,0.0,0.0,0.0,0.0,0.0,38,Fear,34896899047810.0,31473208.20764224,-0.7990943556576207,-0.772850850588681,-0.00056688,0.0004013533333333333,8.6e-07,-0.02298951822469872,0.060022958528788244,0.05181815705826882,0.0473283102696883,0.05207907067725693
2023-08-27,1911.0999755859375,79.83000183105469,2.5399999618530273,4405.7099609375,15.680000305175781,0.0,0.0,0.0,0.0,0.0,38,Fear,16011606328145.0,14323178.59326609,-0.7790841179857972,-0.7872575451278034,-0.00031560000000000003,0.00025127999999999994,9e-07,0.0454623740767572,0.06760469691744067,0.05298223208443962,0.046453530371844465,0.05181815705826882
2023-08-28,1917.9000244140625,80.0999984741211,2.5789999961853027,4433.31005859375,15.079999923706055,0.0035518704503101632,0.003376438430007358,0.0152376594081176,0.006245078594196461,-0.0390166768644729,39,Fear,18472646543512.0,16111534.0345084,0.14297721793582305,0.11765630945301406,6.870333333333334e-05,0.0003843033333333334,8.6e-07,-0.04546237407675729,0.06777410650276976,0.05303109870670095,0.04739662974042919,0.05298223208443962
2023-08-29,1936.5,81.16000366210938,2.555999994277954,4497.6298828125,14.449999809265137,0.009651369784435556,0.013146725055070738,-0.008958191143453304,0.014404068712056505,-0.04267495616173323,39,Fear,33074490623556.0,28799620.6384938,0.5824712365215742,0.5808267996230426,-0.00034633999999999994,-0.0004150433333333333,9e-07,0.0454623740767572,0.07395641127317197,0.053969847876313023,0.046565923153692686,0.05303109870670095
2023-08-30,1944.300048828125,81.62999725341797,2.7960000038146973,4514.8701171875,13.880000114440918,0.004019820260445598,0.005774247736830996,0.08974629145928854,0.003825854181192944,-0.040245438035115294,49,Neutral,12619491563671.0,11056579.20898611,-0.9635197410727796,-0.9573365604710619,0.0001,0.00044633999999999993,8.6e-07,-0.04546237407675729,0.07021342176019024,0.05393078889205222,0.04842242307835011,0.053969847876313023
2023-08-31,1938.199951171875,83.62999725341797,2.7679998874664307,4507.66015625,13.569999694824219,-0.003142358107314131,0.02420546673482652,-0.010064828635673729,-0.0015982129743398576,-0.022587511965907553,52,Neutral,18752856746966.0,15576141.92782932,0.39610353248772123,0.34271472567499367,5.180333333333333e-05,-4.819666666666667e-05,8e-07,-0.07232066157962626,0.05109722620828378,0.053803969761146896,0.04658742806525067,0.05393078889205222
2023-09-01,1939.800048828125,85.55000305175781,2.765000104904175,4515.77001953125,13.09000015258789,0.0008252180232353599,0.022698761459047576,-0.0010843241859066373,0.001797512765518541,-0.036012859779136375,40,Fear,19949369582338.0,15769441.72790951,0.06185144230475356,0.01233361947026498,-0.00013119666666666665,-0.00018299999999999998,7.7e-07,-0.03822121282019762,0.046439447520906195,0.05323188378600044,0.04622217367989759,0.053803969761146896
2023-09-02,1939.800048828125,85.55000305175781,2.765000104904175,4515.77001953125,13.09000015258789,0.0,0.0,0.0,0.0,0.0,39,Fear,11799612858488.0,9254103.70027938,-0.5251308206230854,-0.5330069030376215,-8.659999999999999e-05,4.459666666666666e-05,7.8e-07,0.012903404835908001,0.04789406898575722,0.05347987055484413,0.04907227289923396,0.05323188378600044
2023-09-03,1939.800048828125,85.55000305175781,2.765000104904175,4515.77001953125,13.09000015258789,0.0,0.0,0.0,0.0,0.0,40,Fear,7539370075235.0,5940534.0692956,-0.44792808819939733,-0.4432680564285416,7.258666666666667e-05,0.00015918666666666666,8e-07,0.025317807984289786,0.04419139441918829,0.05382548143141344,0.04902353383987717,0.05347987055484413
2023-09-04,1939.800048828125,85.55000305175781,2.765000104904175,4515.77001953125,13.09000015258789,0.0,0.0,0.0,0.0,0.0,40,Fear,12477793725963.0,10022031.59944348,0.5038119284031091,0.5229867895516355,0.0001,2.7413333333333337e-05,8e-07,0.0,0.04259323261420544,0.053869349721108246,0.04905858990438752,0.05382548143141344
2023-09-05,1926.199951171875,86.69000244140625,2.5820000171661377,4496.830078125,14.010000228881836,-0.007035775353867591,0.013237529032623712,-0.0684763738414858,-0.004202997821381205,0.06792278510731134,40,Fear,10052641643898.0,8043942.90198845,-0.21611511242926126,-0.21986645586636167,0.0001,0.0,8.1e-07,0.01242251999855711,0.03681924515105833,0.0540130955050474,0.04916363756021528,0.053869349721108246
2023-09-06,1918.0999755859375,87.54000091552734,2.509999990463257,4465.47998046875,14.449999809265137,-0.004214024777917077,0.009757277178099374,-0.02828154972864541,-0.006996014491432261,0.030923024672847757,42,Fear,11742250344305.0,9262036.13616382,0.15535802772389828,0.14100453592785106,5.322333333333333e-05,-4.6776666666666676e-05,7.9e-07,-0.02500130220541727,0.03475703849858403,0.05388883805154776,0.049370696379339746,0.0540130955050474
2023-09-07,1917.5,86.87000274658203,2.5789999961853027,4451.14013671875,14.399999618530273,-0.0003128457579778613,-0.007683062332156812,0.027118976075876395,-0.003216433115732967,-0.003466221267795236,41,Fear,8255632027951.0,6582795.67708543,-0.3522978403409916,-0.3414643795613596,0.0001,4.6776666666666676e-05,8.1e-07,0.0250013022054174,0.02466696178464169,0.0529859180714786,0.049118165380093955,0.05388883805154776
2023-09-08,1918.4000244140625,87.51000213623047,2.6050000190734863,4457.490234375,13.84000015258789,0.00046926375810114266,0.007340317070030951,0.01003095710713648,0.0014256060622570594,-0.03966521887634129,46,Fear,10149449961227.0,8064642.69090736,0.20652387551924176,0.2030298768860453,0.0001,0.0,7.9e-07,-0.02500130220541727,0.02138172947688993,0.051326754295986765,0.04896830685998609,0.0529859180714786
2023-09-09,1918.4000244140625,87.51000213623047,2.6050000190734863,4457.490234375,13.84000015258789,0.0,0.0,0.0,0.0,0.0,41,Fear,4283608800501.0,3371749.06224007,-0.8626236810010509,-0.872057787634293,0.00012109333333333333,2.109333333333333e-05,7.8e-07,-0.012739025777429601,0.02172858531175693,0.051250779648420196,0.04994786210622696,0.051326754295986765
2023-09-10,1918.4000244140625,87.51000213623047,2.6050000190734863,4457.490234375,13.84000015258789,0.0,0.0,0.0,0.0,0.0,40,Fear,17089511202382.0,12435765.38498616,1.383669063330253,1.3051450069323982,-0.00011060999999999999,-0.0002317033333333333,7e-07,-0.10821358464023284,0.04350238261290557,0.05374759038769203,0.046291558938347736,0.051250779648420196
2023-09-11,1923.300048828125,87.29000091552734,2.6080000400543213,4487.4599609375,13.800000190734863,0.0025509680494884674,-0.002517177723412052,0.001150976895452474,0.006700951498135517,-0.0028943552301342276,40,Fear,18913455157980.0,12704960.05136792,0.10140868655979793,0.02141584621895186,-5.71e-05,5.350999999999999e-05,6.7e-07,-0.04380262265839277,0.04345144372858775,0.05019954607694351,0.045704889355604246,0.05374759038769203
2023-09-12,1911.300048828125,88.83999633789062,2.743000030517578,4461.89990234375,14.229999542236328,-0.006258821711373876,0.01760103856922371,0.05046856365842859,-0.005712169023003997,0.03068377394831886,30,Fear,13037994007407.0,8903580.29514829,-0.372005871019223,-0.3555389962447387,7.090333333333334e-05,0.00012800333333333333,6.7e-07,0.0,0.04187758568581967,0.05019954607694351,0.04603469133880839,0.05019954607694351
2023-09-13,1909.0999755859375,88.5199966430664,2.680000066757202,4467.43994140625,13.479999542236328,-0.001151750325271196,-0.003608480544858315,-0.023235403648918195,0.0012408621175346041,-0.0541453084074137,41,Fear,10501109127819.0,7071139.31077012,-0.21638682807131907,-0.2304318620637702,-3.7866666666666667e-06,-7.469e-05,6.8e-07,0.014815085785140463,0.04481262528761442,0.04975229972781545,0.04683153494266577,0.05019954607694351
2023-09-14,1910.0,90.16000366210938,2.7079999446868896,4505.10009765625,12.819999694824219,0.0004713280283196849,0.018357433089449215,0.01039351519204334,0.00839458553366625,-0.0502006438375704,45,Fear,6545609729528.0,4463218.14167811,-0.47268632819122286,-0.46015155186965867,6.933333333333334e-05,7.312e-05,6.9e-07,0.014598799421152631,0.04315859439366754,0.04777504026604213,0.04679709877624709,0.04975229972781545
2023-09-15,1923.699951171875,90.7699966430664,2.6440000534057617,4450.31982421875,13.789999961853027,0.00714714748905865,0.0067428872062673595,-0.023917392435921562,-0.012234145842493929,0.07293726135107188,45,Fear,9401339973192.0,6317687.89950394,0.3620576748416711,0.3474832402720249,3.686666666666667e-05,-3.246666666666667e-05,6.9e-07,0.0,0.043982931902673744,0.046403399964318394,0.04718954209210428,0.04777504026604213
2023-09-16,1923.699951171875,90.7699966430664,2.6440000534057617,4450.31982421875,13.789999961853027,0.0,0.0,0.0,0.0,0.0,43,Fear,8002667307945.0,5486012.08539728,-0.16107732985316478,-0.14115170707192265,0.0001,6.313333333333334e-05,6.7e-07,-0.029413885206293226,0.04401772877831698,0.04533437937337171,0.046979658115282374,0.046403399964318394
2023-09-17,1923.699951171875,90.7699966430664,2.6440000534057617,4450.31982421875,13.789999961853027,0.0,0.0,0.0,0.0,0.0,46,Fear,14219398820799.0,9175225.00762024,0.5748322468600083,0.5143053221657722,-2.310000000000001e-06,-0.00010231,6.2e-07,-0.07755823434587461,0.034466583931961524,0.04658959604814849,0.045506799253492713,0.04533437937337171
2023-09-18,1931.5,91.4800033569336,2.7279999256134033,4453.52978515625,14.0,0.00404651357660179,0.007791608294717611,0.031275770525110755,0.0007210276941755188,0.015113640576325997,46,Fear,12877928141639.0,8140595.94045488,-0.09909229729436224,-0.11964352893851105,-0.00020576,-0.00020345,6.2e-07,0.0,0.03279670307512838,0.04516491158861011,0.045610143664783824,0.04658959604814849
2023-09-19,1932.0,91.19999694824219,2.8480000495910645,4443.9501953125,14.109999656677246,0.00025883266612720474,-0.0030655422323710565,0.043048298248920876,-0.0021533273615331264,0.00782641191758886,46,Fear,8474102623734.0,5417879.84180696,-0.4185000866135221,-0.4071588228676678,4.913333333333333e-06,0.00021067333333333335,6.5e-07,0.04725288485054551,0.0396120797361077,0.04677591039100372,0.04474888252766562,0.04516491158861011
2023-09-20,1945.5999755859375,90.27999877929688,2.7330000400543213,4402.2001953125,15.140000343322754,0.007014664451038297,-0.010138925189995375,-0.04121708936058387,-0.009439204206291041,0.07045652915299092,47,Neutral,11405976335636.0,7158978.21538617,0.2971226954475965,0.27866269761553775,7.877666666666667e-05,7.386333333333334e-05,6.3e-07,-0.031252543504104426,0.03972798385300035,0.046809147455812744,0.04474888252766562,0.04677591039100372
2023-09-21,1919.199951171875,89.62999725341797,2.609999895095825,4330.0,17.540000915527344,-0.013661993139932882,-0.007225883702320368,-0.04604974046030737,-0.016536918318488084,0.1471437684547391,47,Neutral,8551136420191.0,5292325.2773292,-0.28807326924423166,-0.3021095532171935,8.955333333333334e-05,1.0776666666666661e-05,6.2e-07,-0.01600034134644119,0.03810359713696882,0.04678026236322558,0.04655327002319625,0.046809147455812744
2023-09-22,1925.4000244140625,90.02999877929688,2.63700008392334,4320.06005859375,17.200000762939453,0.003225343940292486,0.00445287983582428,0.010291758055027352,-0.0022982374027607495,-0.01957461096422612,43,Fear,38595166175049.0,26540409.10233043,1.5070628512448299,1.6124107331183952,1.1590000000000003e-05,-7.796333333333333e-05,7.1e-07,0.13554549199622376,0.06904342877127526,0.05404238911535085,0.04068308421063305,0.04678026236322558
2023-09-23,1925.4000244140625,90.02999877929688,2.63700008392334,4320.06005859375,17.200000762939453,0.0,0.0,0.0,0.0,0.0,47,Neutral,24401989391898.0,16831901.55026825,-0.4584623785729502,-0.4553924557657989,0.0001,8.841e-05,6.8e-07,-0.04317217186520878,0.07033954413164004,0.047438446651040314,0.06744038668480268,0.05404238911535085
2023-09-24,1925.4000244140625,90.02999877929688,2.63700008392334,4320.06005859375,17.200000762939453,0.0,0.0,0.0,0.0,0.0,44,Fear,11566262956864.0,7823258.68157237,-0.7465721666196016,-0.7661748086202603,0.00016461333333333335,6.461333333333335e-05,6.7e-07,-0.014815085785140474,0.061997507265354565,0.045815150941263316,0.06906237560356591,0.047438446651040314
2023-09-25,1916.5999755859375,89.68000030517578,2.6389999389648438,4337.43994140625,16.899999618530273,-0.004580980852414224,-0.003895152394691035,0.0007580951965906554,0.0040149942038066174,-0.017595828819496954,47,Neutral,17225483805979.0,12030181.08511488,0.3982974091243174,0.4303174037118158,0.0001,-6.461333333333335e-05,7.1e-07,0.057987257650349316,0.06410842225367865,0.0473283102696883,0.08185973235348173,0.045815150941263316
2023-09-26,1900.4000244140625,90.38999938964844,2.6559998989105225,4273.52978515625,18.940000534057617,-0.008488367011878772,0.00788585289105018,0.006421159160340801,-0.014844165482264943,0.1139625165984174,46,Fear,10121842085931.0,7139300.64866341,-0.5316942323387296,-0.5218037594797803,0.0001,0.0,6.9e-07,-0.028573372444056114,0.06501039890663572,0.046453530371844465,0.08197433411922578,0.0473283102696883
2023-09-27,1871.5999755859375,93.68000030517578,2.7639999389648438,4274.509765625,18.219999313354492,-0.015270736211994373,0.035751087489206496,0.03985769026984988,0.00022928777229479233,-0.03875626180982169,44,Fear,21916832291301.0,16067047.25829716,0.7725592677823576,0.8111555971958697,0.00010906666666666666,9.066666666666652e-06,7.3e-07,0.05635293655113178,0.06450565162843401,0.04739662974042919,0.08486948398004253,0.046453530371844465
2023-09-28,1860.4000244140625,91.70999908447266,2.944999933242798,4299.7001953125,17.34000015258789,-0.006002135474614082,-0.02125330795910164,0.06342991061233007,0.005875877143000698,-0.04950387399329117,46,Fear,13863946809369.0,10077311.67658163,-0.45796322357342134,-0.4664838920626755,9.091e-05,-1.815666666666666e-05,7.4e-07,0.013605652055778678,0.06261464492195631,0.046565923153692686,0.08508098321966069,0.04739662974042919
2023-09-29,1848.0999755859375,90.79000091552734,2.928999900817871,4288.0498046875,17.520000457763672,-0.006633460391607215,-0.010082257120324335,-0.005447760452086495,-0.002713259648289315,0.01032713148414973,48,Neutral,27295932915181.0,21496049.91959573,0.6774459978214468,0.7575826652632428,0.0001,9.09000000000001e-06,8e-07,0.07796154146971171,0.04772533410110924,0.04842242307835011,0.08425941489382269,0.046565923153692686
2023-09-30,1848.0999755859375,90.79000091552734,2.928999900817871,4288.0498046875,17.520000457763672,0.0,0.0,0.0,0.0,0.0,47,Neutral,17685460850822.0,13972334.48564948,-0.43399483245547515,-0.43078992721464243,0.0001,0.0,8e-07,0.0,0.04095529118092851,0.04658742806525067,0.084328014183821,0.04842242307835011
2023-10-01,1848.0999755859375,90.79000091552734,2.928999900817871,4288.0498046875,17.520000457763672,0.0,0.0,0.0,0.0,0.0,48,Neutral,15921686083409.0,12682050.97811335,-0.10506079660123059,-0.09689158137788624,0.0001,0.0,8.2e-07,0.024692612590371633,0.037409388719463844,0.04622217367989759,0.08473516406297658,0.04658742806525067
2023-10-02,1830.0,88.81999969482422,2.8399999141693115,4288.39013671875,17.610000610351562,-0.009842104245885983,-0.02193731103961071,-0.03085701203244205,7.936440615299324e-05,0.005123845531178813,50,Neutral,26881051618954.0,21213603.54054879,0.5237395530485524,0.5144549673409697,0.0001,0.0,7.5e-07,-0.08923113372794264,0.05537447132315791,0.04907227289923396,0.08275779667730618,0.04622217367989759
2023-10-03,1824.5999755859375,89.2300033569336,2.9489998817443848,4229.4501953125,19.780000686645508,-0.002955195304593962,0.0046054971051253885,0.03766206778185505,-0.013839395863449198,0.11620440374120897,50,Neutral,11065391738108.0,8121116.34133079,-0.8875992613886516,-0.9601750271491762,-0.00013846,-0.00023846000000000002,7.3e-07,-0.027028672387919374,0.05520805175031526,0.04902353383987717,0.08419406883716998,0.04907227289923396
2023-10-04,1818.5,84.22000122070312,2.9619998931884766,4263.75,18.579999923706055,-0.0033487861038289848,-0.05778490630519061,0.004398590052101778,0.008077047607828946,-0.06258563162924412,49,Neutral,9696276481736.0,6907891.07985066,-0.1320804322790257,-0.16180323227136603,8.042e-05,0.00021888000000000002,7.2e-07,-0.013793322132335873,0.05120003505016785,0.04905858990438752,0.08424939801406331,0.04902353383987717
2023-10-05,1816.5999755859375,82.30999755859375,3.1659998893737793,4258.18994140625,18.489999771118164,-0.0010453767983573286,-0.022939859904561943,0.06660424673187004,-0.0013048811469951228,-0.0048556962591010805,48,Neutral,9972132421203.0,7119678.20888932,0.028052500924547908,0.030198136109723772,-4.1303333333333335e-05,-0.00012172333333333333,7e-07,-0.028170876966696335,0.051515663339360244,0.04916363756021528,0.08391147505365734,0.04905858990438752
2023-10-06,1830.199951171875,82.79000091552734,3.3380000591278076,4308.5,17.450000762939453,0.007458615173471331,0.00581471488570491,0.05290291643631898,0.011745642093961117,-0.057890340650457284,50,Neutral,10261132282821.0,7258736.23099815,0.02856874772744895,0.019343211797167668,0.0001,0.00014130333333333333,7.2e-07,0.02817087696669644,0.039778737600339474,0.049370696379339746,0.08388367853509478,0.04916363756021528
2023-10-07,1830.199951171875,82.79000091552734,3.3380000591278076,4308.5,17.450000762939453,0.0,0.0,0.0,0.0,0.0,49,Neutral,4159911656148.0,2960550.9801193,-0.9028693550581482,-0.8968303478730913,2.1533333333333387e-06,-9.784666666666667e-05,7.1e-07,-0.013986241974739952,0.0392443835798219,0.049118165380093955,0.08427139350119692,0.049370696379339746
2023-10-08,1830.199951171875,82.79000091552734,3.3380000591278076,4308.5,17.450000762939453,0.0,0.0,0.0,0.0,0.0,50,Neutral,6438158655917.0,4536895.36860061,0.4367487386934454,0.42686754566717516,2.1266666666666667e-05,1.911333333333333e-05,7.1e-07,0.0,0.03582807543538302,0.04896830685998609,0.08457883404292907,0.049118165380093955
2023-10-09,1849.5,86.37999725341797,3.375999927520752,4335.66015625,17.700000762939453,0.010490108470351069,0.042448843526906935,0.011319712311552328,0.006284068119387409,0.014224990313812625,50,Neutral,9352656740079.0,6282520.15530084,0.3734178700252489,0.3255282599830567,-7.475666666666667e-05,-9.602333333333333e-05,6.7e-07,-0.05798725765034928,0.026610124278853425,0.04994786210622696,0.08339685160118049,0.04896830685998609
2023-10-10,1861.0,85.97000122070312,3.381999969482422,4358.240234375,17.030000686645508,0.006198645369741984,-0.004757723350522214,0.00177568618811972,0.005194476099985354,-0.03858814768935068,50,Neutral,5595459593043.0,3669373.4125578,-0.5137049643445039,-0.5377502833791509,-2.016333333333333e-05,5.459333333333334e-05,6.5e-07,-0.030305349495328922,0.026861760788978502,0.046291558938347736,0.08449873564051329,0.04994786210622696
2023-10-11,1872.800048828125,83.48999786376953,3.377000093460083,4376.9501953125,16.09000015258789,0.0063206856067081355,-0.029271573766282092,-0.001479472373952138,0.004283819500095073,-0.056778564506664936,47,Neutral,10283294673263.0,6565941.00992536,0.6085652202690393,0.5818749196498606,5.993333333333334e-05,8.009666666666667e-05,6.4e-07,-0.015504186535965312,0.0268399355955626,0.045704889355604246,0.08419192824320053,0.046291558938347736
2023-10-12,1869.300048828125,82.91000366210938,3.3440001010894775,4349.60986328125,16.690000534057617,-0.0018706079095983437,-0.006971112321425114,-0.009820043626344725,-0.006266024940654918,0.03661179918471129,45,Fear,6870406969301.0,4294730.70978028,-0.40329735909097714,-0.4245069799340333,6.397666666666667e-05,4.043333333333329e-06,6.2e-07,-0.0317486983145803,0.027124539329557957,0.04603469133880839,0.08477990952549613,0.045704889355604246
2023-10-13,1927.4000244140625,87.69000244140625,3.2360000610351562,4327.77978515625,19.31999969482422,0.03060790174466398,0.05605216933477332,-0.03282970739501989,-0.005031495660219892,0.14633104331612187,44,Fear,8280846933569.0,5307945.86371017,0.18672190673212496,0.2118160624855461,2.9766666666666667e-05,-3.421e-05,6.5e-07,0.04725288485054551,0.03282103672810032,0.04683153494266577,0.08545063449160684,0.04603469133880839
2023-10-14,1927.4000244140625,87.69000244140625,3.2360000610351562,4327.77978515625,19.31999969482422,0.0,0.0,0.0,0.0,0.0,47,Neutral,3141326060978.0,2030034.23205061,-0.9693002266444183,-0.9611522614277256,2.996666666666667e-05,2.0000000000000147e-07,6.4e-07,-0.015504186535965312,0.03282123348276845,0.04679709877624709,0.08644625584574604,0.04683153494266577
2023-10-15,1927.4000244140625,87.69000244140625,3.2360000610351562,4327.77978515625,19.31999969482422,0.0,0.0,0.0,0.0,0.0,45,Fear,11387686626515.0,7561280.97450572,1.2878876279840485,1.3149879609194757,9.836666666666668e-06,-2.013e-05,6.6e-07,0.030771658666753687,0.036940483116908736,0.04718954209210428,0.08657371160488014,0.04679709877624709
2023-10-16,1921.0999755859375,86.66000366210938,3.1089999675750732,4373.6298828125,17.209999084472656,-0.003274031158004244,-0.01181543706247282,-0.04003689741030011,0.010538642302589985,-0.11565025596248249,47,Neutral,14378396732242.0,9793403.87780934,0.23319420201832283,0.2586684684577022,0.0001,9.016333333333333e-05,6.7e-07,0.015037877364540502,0.031126145259843828,0.046979658115282374,0.0875834172955814,0.04718954209210428
2023-10-17,1922.699951171875,86.66000366210938,3.0789999961853027,4373.2001953125,17.8799991607666,0.0008324968566677746,0.0,-0.009696252943818777,-9.824987944376507e-05,0.03819216578233453,52,Neutral,10156400346377.0,6593346.50923695,-0.3476227704310961,-0.3956480494757664,6.986666666666672e-06,-9.301333333333333e-05,6.4e-07,-0.04580953603129422,0.03405578982674591,0.045506799253492713,0.08955061104879698,0.046979658115282374
2023-10-18,1955.300048828125,88.31999969482422,3.055999994277954,4314.60009765625,19.219999313354492,0.016813236521731816,0.018974120503322253,-0.0074979982715461775,-0.013490408251151898,0.07226864500819706,50,Neutral,7727040616746.0,4897761.6745425,-0.2733781373480935,-0.29728273625465307,-9.435333333333334e-05,-0.00010134000000000002,6.3e-07,-0.015748356968139168,0.034071791206464454,0.045610143664783824,0.08930814794945764,0.045506799253492713
2023-10-19,1968.4000244140625,89.37000274658203,2.9570000171661377,4278.0,21.399999618530273,0.006677383090401854,0.01181850705256384,-0.03293162275628217,-0.008519032328057976,0.10743953638554433,52,Neutral,6995675929937.0,4390640.44290923,-0.09943371151759117,-0.10930319642327394,-5.4840000000000003e-05,3.951333333333334e-05,6.3e-07,0.0,0.03150713942676207,0.04474888252766562,0.08939012407416512,0.045610143664783824
2023-10-20,1982.5,88.75,2.8989999294281006,4224.16015625,21.709999084472656,0.007137632114181281,-0.006961657770482004,-0.01980942107960855,-0.012665149196155915,0.014382037517315394,53,Neutral,11964588745017.0,7751977.42506763,0.5366591153804957,0.5684728592271275,0.0001,0.00015484,6.5e-07,0.03125254350410453,0.02809702934164194,0.04474888252766562,0.08940442194521848,0.04474888252766562
2023-10-21,1982.5,88.75,2.8989999294281006,4224.16015625,21.709999084472656,0.0,0.0,0.0,0.0,0.0,63,Greed,20859959710229.0,14417915.81532289,0.5558801688631573,0.6205236246645364,0.0001,0.0,7e-07,0.07410797215372183,0.03838636650333518,0.04655327002319625,0.08952242124041193,0.04474888252766562
2023-10-22,1982.5,88.75,2.8989999294281006,4224.16015625,21.709999084472656,0.0,0.0,0.0,0.0,0.0,53,Neutral,24756682659876.0,18004575.88343644,0.17126394089515945,0.22215435422950347,0.0001,0.0,7.4e-07,0.055569851154810786,0.04135098196279048,0.04068308421063305,0.09170897681526927,0.04655327002319625
2023-10-23,1976.300048828125,85.48999786376953,2.9260001182556152,4217.0400390625,20.3700008392334,-0.0031322401557761035,-0.037424043305457406,0.009270517417398491,-0.0016869920654349177,-0.06370967028123974,53,Neutral,45750783175434.0,37538186.75035295,0.6141134511345786,0.734732786854508,0.0001,0.0,1e-06,0.3011050927839216,0.11522135806811956,0.06744038668480268,0.07448821766296747,0.04068308421063305
2023-10-24,1975.0,83.73999786376953,2.9709999561309814,4247.68017578125,18.969999313354492,-0.0006580360180047346,-0.020682649969346264,0.015262238701344093,0.0072395235196288195,-0.07120452368766046,66,Greed,104607458944187.0,101265057.49466021,0.8270059481425597,0.992382682736371,0.0001,0.0,9.3e-07,-0.07257069283483537,0.11957112312453406,0.06906237560356591,0.07335595072139987,0.06744038668480268
2023-10-25,1984.0999755859375,85.38999938964844,3.009999990463257,4186.77001953125,20.190000534057617,0.004597000160347399,0.01951225569098259,0.013041493877702266,-0.014443434657238052,0.0623287110258037,72,Greed,95342316968061.0,106248165.62673464,-0.09274110666357535,0.04803613203976837,0.00011349,1.3489999999999995e-05,1.2e-06,0.25489224962879004,0.1361028125014455,0.08185973235348173,0.05640048531207109,0.06906237560356591
2023-10-26,1987.199951171875,83.20999908447266,3.2139999866485596,4137.22998046875,20.68000030517578,0.0015611896722705911,-0.025861468861977484,0.06557618756873906,-0.011903081205584871,0.023979605620941095,71,Greed,89008192922210.0,108966912.8214916,-0.06874533084167417,0.02526674108553976,0.00013041666666666667,1.6926666666666675e-05,1.29e-06,0.07232066157962608,0.1305836705940249,0.08197433411922578,0.05630439480512519,0.08185973235348173
2023-10-27,1988.5999755859375,85.54000091552734,3.1640000343322754,4117.3701171875,21.270000457763672,0.0007042731011225338,0.02761659159195094,-0.01567920240485395,-0.00481183857862075,0.028130586336432287,70,Greed,53300317249566.0,63656430.78772991,-0.5127861374974998,-0.537543930565905,0.00014847,1.805333333333332e-05,1.16e-06,-0.10622221325530755,0.15169549080149422,0.08486948398004253,0.054008986753509694,0.08197433411922578
2023-10-28,1988.5999755859375,85.54000091552734,3.1640000343322754,4117.3701171875,21.270000457763672,0.0,0.0,0.0,0.0,0.0,65,Greed,22888533603942.0,27260438.07837583,-0.8453062141285228,-0.8480638569730207,0.00028491666666666666,0.00013644666666666667,1.14e-06,-0.017391742711868996,0.15643185765417444,0.08508098321966069,0.05401721623617974,0.08486948398004253
2023-10-29,1988.5999755859375,85.54000091552734,3.1640000343322754,4117.3701171875,21.270000457763672,0.0,0.0,0.0,0.0,0.0,72,Greed,18968574402560.0,21609766.94214912,-0.18785243815427222,-0.23229111077429992,0.00019313666666666667,-9.177999999999999e-05,1.14e-06,0.0,0.15866091561606735,0.08425941489382269,0.05405165425350281,0.08508098321966069
2023-10-30,1996.199951171875,82.30999755859375,3.3519999980926514,4166.81982421875,19.75,0.003814487522985263,-0.03849153617823873,0.05772012129450242,0.011938474300285915,-0.07414415938657903,68,Greed,28891816499867.0,34013491.08375416,0.42077475790398483,0.45361185675597376,0.00025466999999999997,6.15333333333333e-05,1.18e-06,0.03448617607116919,0.11855251613626934,0.084328014183821,0.054001199610286425,0.08425941489382269
2023-10-31,1985.199951171875,81.0199966430664,3.575000047683716,4193.7998046875,18.139999389648438,-0.0055257086747362814,-0.015796580982289202,0.06440800743325462,0.006454084821688244,-0.08503408030686435,66,Greed,24563780286850.0,28411617.48113077,-0.162285377015981,-0.17995911473484513,0.00012125333333333332,-0.00013341666666666667,1.14e-06,-0.0344861760711692,0.11419484105536307,0.08473516406297658,0.05397115950309629,0.084328014183821
2023-11-01,1978.800048828125,80.44000244140625,3.49399995803833,4237.85986328125,16.8700008392334,-0.0032290150880346837,-0.007184401086049107,-0.022917989781844953,0.010451194990191868,-0.07258246473530151,66,Greed,28390913720235.0,32668074.70334229,0.14479614263852789,0.13960016447771065,0.00014497,2.371666666666667e-05,1.19e-06,0.042925044717033844,0.059198898632052764,0.08275779667730618,0.05345553889427131,0.08473516406297658
2023-11-02,1985.5999755859375,82.45999908447266,3.4719998836517334,4317.77978515625,15.65999984741211,0.003430498125606122,0.024801720920969248,-0.006316436414570557,0.018682938934086474,-0.07442726548610695,72,Greed,29957947477966.0,33871839.30361241,0.05372549300878183,0.036185677919216036,0.0004055733333333334,0.00026060333333333336,1.1e-06,-0.0786431273191131,0.0553245781811733,0.08419406883716998,0.05235440788021399,0.08275779667730618
2023-11-03,1991.5,80.51000213623047,3.515000104904175,4358.33984375,14.90999984741211,0.0029670004669155115,-0.02393188933045226,0.012308791819685487,0.00934988354455146,-0.04907756227614069,65,Greed,20297215921193.0,21572338.92170535,-0.38931091765305265,-0.4511720816186974,0.00013157333333333333,-0.00027400000000000005,1.08e-06,-0.01834913866819654,0.041463988112214356,0.08424939801406331,0.0523745394717006,0.08419406883716998
2023-11-04,1991.5,80.51000213623047,3.515000104904175,4358.33984375,14.90999984741211,0.0,0.0,0.0,0.0,0.0,68,Greed,15141443885368.0,16647589.13772949,-0.2930481175263665,-0.2591464791279461,0.00026469,0.00013311666666666666,1.11e-06,0.027398974188114347,0.043573097494772485,0.08391147505365734,0.058453079183107,0.08424939801406331
2023-11-05,1991.5,80.51000213623047,3.515000104904175,4358.33984375,14.90999984741211,0.0,0.0,0.0,0.0,0.0,70,Greed,16482901717711.0,18408210.03737859,0.08488797170910671,0.10053135337231464,0.00016541333333333334,-9.927666666666664e-05,1.12e-06,0.008968669982760536,0.04383486390335869,0.08388367853509478,0.06375893963416007,0.08391147505365734
2023-11-06,1981.5999755859375,80.81999969482422,3.2639999389648438,4365.97998046875,14.890000343322754,-0.004983536766927965,0.0038430290287168557,-0.0740861367049792,0.0017514577241005862,-0.0013422487895297923,74,Greed,28383956034962.0,33059642.63617588,0.5435004731028636,0.5855165199994216,0.00042217,0.00025675666666666666,1.2e-06,0.06899287148695142,0.05017318529693665,0.08427139350119692,0.06516374183038089,0.08388367853509478
2023-11-07,1966.800048828125,77.37000274658203,3.140000104904175,4378.3798828125,14.8100004196167,-0.0074967054908099675,-0.043625311813656455,-0.03873058507322973,0.0028360934017119537,-0.005387213140145018,68,Greed,21000172922881.0,24041938.98734577,-0.3012933850761852,-0.3185135196554122,0.00047709000000000006,5.492000000000008e-05,1.17e-06,-0.025317807984289783,0.04915918184820123,0.08457883404292907,0.06503931816411658,0.08427139350119692
2023-11-08,1951.5,75.33000183105469,3.1059999465942383,4382.77978515625,14.449999809265137,-0.007809573743291399,-0.026720657915963647,-0.01088712579702475,0.0010044110324198868,-0.024608255254246005,66,Greed,15578081625783.0,18167900.27078897,-0.2986657698169311,-0.28014344761625065,0.00035117333333333335,-0.0001259166666666667,1.19e-06,0.016949558313773205,0.04662057563707257,0.08339685160118049,0.0651630267753896,0.08457883404292907
2023-11-09,1964.199951171875,75.73999786376953,3.0409998893737793,4347.35009765625,15.289999961853027,0.006486705243964605,0.005427908124148504,-0.021149335215120295,-0.008116690699068705,0.05650461608727744,69,Greed,89236919289270.0,115757337.71690859,1.7454299450376993,1.8518397682500376,0.0005847066666666667,0.00023353333333333334,1.33e-06,0.1112256351102244,0.04843767107528469,0.08449873564051329,0.06252968726179844,0.08339685160118049
2023-11-10,1932.5999755859375,77.16999816894531,3.0329999923706055,4415.240234375,14.170000076293945,-0.01621877893218127,0.018704362473103198,-0.0026341461260066257,0.015495759270772258,-0.07607195835929698,70,Greed,35669232772800.0,46559691.37803285,-0.9170063572265162,-0.9107609088372326,0.00017465333333333333,-0.00041005333333333333,1.35e-06,0.014925650216675792,0.04472147310784659,0.08419192824320053,0.06280270360489697,0.08449873564051329
2023-11-11,1932.5999755859375,77.16999816894531,3.0329999923706055,4415.240234375,14.170000076293945,0.0,0.0,0.0,0.0,0.0,70,Greed,28343499254640.0,36859587.90050181,-0.22989078941421287,-0.23361940287081928,0.00042895,0.00025429666666666663,1.28e-06,-0.05324451451881224,0.05522187390531829,0.08477990952549613,0.06601800738261553,0.08419192824320053
2023-11-12,1932.5999755859375,77.16999816894531,3.0329999923706055,4415.240234375,14.170000076293945,0.0,0.0,0.0,0.0,0.0,73,Greed,32982936229684.0,40826926.00581428,0.15159264309103823,0.10222604280931728,0.00037611666666666666,-5.2833333333333335e-05,1.23e-06,-0.039845908547199674,0.05979274494988161,0.08545063449160684,0.0656852042366603,0.08477990952549613
2023-11-13,1945.5,78.26000213623047,3.197000026702881,4411.5498046875,14.760000228881836,0.006652779492155402,0.014025887336881721,0.05266065223920243,-0.0008361884413700847,0.04079377559244869,72,Greed,47509485075892.0,57949625.66827719,0.3649390331307885,0.35023229534005135,0.0003802533333333333,4.136666666666657e-06,1.16e-06,-0.05859416426605294,0.059461414410220244,0.08644625584574604,0.06466883324548749,0.08545063449160684
2023-11-14,1961.800048828125,78.26000213623047,3.1059999465942383,4495.7001953125,14.15999984741211,0.008343430595057662,0.0,-0.02887717089807556,0.01889537047457725,-0.04149975718963313,69,Greed,26627148802367.0,30784182.1263698,-0.5789980499490834,-0.6325731194680821,0.0001,-0.0002802533333333333,1.15e-06,-0.008658062743114541,0.0588354326381403,0.08657371160488014,0.06503241331972279,0.08644625584574604
2023-11-15,1960.0999755859375,76.66000366210938,3.190000057220459,4502.8798828125,14.180000305175781,-0.0008669641439555301,-0.020656536355641606,0.026685227202091384,0.0015957382078471765,0.0014114651359527655,60,Greed,24035636584097.0,29143580.93887451,-0.10239374025764593,-0.054766310114663055,0.00022749999999999997,0.00012749999999999995,1.26e-06,0.09134977858822804,0.06880271985213372,0.0875834172955814,0.0667846775257997,0.08657371160488014
2023-11-16,1983.9000244140625,72.9000015258789,3.062000036239624,4508.240234375,14.319999694824219,0.01206913677911117,-0.050291447777470084,-0.0409526256634301,0.0011897193967137305,0.009824597595795924,70,Greed,40426355879598.0,48601675.8746321,0.5199443588139885,0.5114233327107017,0.00048668666666666665,0.00025918666666666665,1.14e-06,-0.1000834585569824,0.06207594205775472,0.08955061104879698,0.06468280247202532,0.0875834172955814
2023-11-17,1981.5999755859375,75.88999938964844,2.9600000381469727,4514.02001953125,13.800000190734863,-0.0011600298000505828,0.04019625542750343,-0.03387902784731113,0.0012812279371779871,-0.03698853423681555,63,Greed,18432574370111.0,21004415.66403511,-0.7853624999207185,-0.8389253279932414,0.0001,-0.00038668666666666666,1.16e-06,0.01739174271186902,0.06232706556416883,0.08930814794945764,0.06573826704783683,0.08955061104879698
2023-11-18,1981.5999755859375,75.88999938964844,2.9600000381469727,4514.02001953125,13.800000190734863,0.0,0.0,0.0,0.0,0.0,69,Greed,9099341417108.0,10270594.24368469,-0.7059174064433619,-0.7154478009772964,0.0001,0.0,1.15e-06,-0.008658062743114541,0.060822524755494496,0.08939012407416512,0.06579395411745227,0.08930814794945764
2023-11-19,1981.5999755859375,75.88999938964844,2.9600000381469727,4514.02001953125,13.800000190734863,0.0,0.0,0.0,0.0,0.0,66,Greed,12829339488605.0,14635343.99764815,0.3435326563525588,0.3541545406439258,0.00024796999999999997,0.00014796999999999998,1.19e-06,0.03419136474827934,0.062262960160645656,0.08940442194521848,0.06618951026018519,0.08939012407416512
2023-11-20,1977.699951171875,77.5999984741211,2.881999969482422,4547.3798828125,13.40999984741211,-0.001970058216140758,0.02228249215254567,-0.02670479423515718,0.007363103793795633,-0.028667920069603205,69,Greed,28287164068695.0,33622832.3031229,0.7906734397695669,0.8317659440198727,0.00032912,8.115000000000005e-05,1.14e-06,-0.042925044717033886,0.06025262932000619,0.08952242124041193,0.06569307640557781,0.08940442194521848
2023-11-21,1999.300048828125,77.7699966430664,2.8459999561309814,4538.18994140625,13.350000381469727,0.010862615061766792,0.0021883020161747205,-0.012570002734914161,-0.002022975931757968,-0.004484272494153086,71,Greed,26118601882051.0,28624625.99444189,-0.07976035902483632,-0.16093797292961093,0.0001,-0.00022912000000000003,1.03e-06,-0.10146946016485965,0.07107697001071112,0.09170897681526927,0.06277453615793988,0.08952242124041193
2023-11-22,1991.4000244140625,77.0999984741211,2.8970000743865967,4556.6201171875,12.850000381469727,-0.00395922248666503,-0.008652448763582765,0.017761260210937758,0.004052905094313324,-0.03817257239318107,62,Greed,13871119111027.0,14981317.9015998,-0.632838859456405,-0.6474634444635389,0.0001,0.0,1.1e-06,0.06575137756278043,0.06505184794876642,0.07448821766296747,0.07013039256999676,0.09170897681526927
2023-11-23,1991.4000244140625,77.0999984741211,2.8970000743865967,4556.6201171875,12.850000381469727,0.0,0.0,0.0,0.0,0.0,66,Greed,9309861669105.0,10239662.23539677,-0.3987346839328685,-0.3805353173863382,0.00021049,0.00011049,1.07e-06,-0.027651531330510234,0.0550746058658382,0.07335595072139987,0.07119753938187226,0.07448821766296747
2023-11-24,2002.199951171875,75.54000091552734,2.8550000190734863,4559.33984375,12.460000038146973,0.005408630384414501,-0.020440931374297266,-0.014603894675621842,0.0005966956096450322,-0.030820324606726488,66,Greed,9972341752038.0,11044103.86710458,0.0687412033716395,0.07562806462554057,0.00018447333333333334,-2.6016666666666658e-05,1.1e-06,0.027651531330510164,0.056023997534921904,0.05640048531207109,0.07261767579998812,0.07335595072139987
2023-11-25,2002.199951171875,75.54000091552734,2.8550000190734863,4559.33984375,12.460000038146973,0.0,0.0,0.0,0.0,0.0,73,Greed,13332684796749.0,15254892.5550843,0.2904030877819014,0.3230035760164948,0.00044354333333333334,0.00025907,1.18e-06,0.07020425867324835,0.06323766626940992,0.05630439480512519,0.0717076284070595,0.05640048531207109
2023-11-26,2002.199951171875,75.54000091552734,2.8550000190734863,4559.33984375,12.460000038146973,0.0,0.0,0.0,0.0,0.0,73,Greed,16419440921922.0,18657679.39528556,0.20824753082156913,0.20135755027579666,0.0002605566666666667,-0.00018298666666666664,1.11e-06,-0.06115442315333058,0.06578713244526536,0.054008986753509694,0.0716208084879829,0.05630439480512519
2023-11-27,2011.800048828125,74.86000061035156,2.7939999103546143,4550.43017578125,12.6899995803833,0.004783316372955456,-0.009042618774556595,-0.02159762103889736,-0.0019560693168983586,0.018290732238712026,66,Greed,16407359129096.0,17628004.79492895,-0.0007360932745652199,-0.05676900617453733,0.0001,-0.0001605566666666667,1.09e-06,-0.018182319083190474,0.06436904003416877,0.05401721623617974,0.07269342972646263,0.054008986753509694
2023-11-28,2039.699951171875,76.41000366210938,2.7060000896453857,4554.89013671875,12.6899995803833,0.013772846290545529,0.02049391495704665,-0.032002665872835075,0.0009796385280502918,0.0,68,Greed,11299171424423.0,12214136.20888924,-0.3730005638084657,-0.3668948323815201,0.0001,0.0,1.1e-06,0.009132483563272693,0.048849005748473555,0.05405165425350281,0.07419194526152036,0.05401721623617974
2023-11-29,2047.0999755859375,77.86000061035156,2.803999900817871,4550.580078125,12.979999542236328,0.0036214312587581126,0.018798724434829987,0.0355753709237132,-0.0009466966151019382,0.022595427349522586,72,Greed,8967706257312.0,9712643.35969063,-0.23109946706116805,-0.22916551069124985,0.00013830666666666668,3.830666666666668e-05,1.06e-06,-0.0370412716803491,0.04432411419563677,0.054001199610286425,0.07374787981672179,0.05405165425350281
2023-11-30,2038.0999755859375,75.95999908447266,2.802000045776367,4567.7998046875,12.920000076293945,-0.004406156206906349,-0.024705476130070746,-0.0007134695488366595,0.003776931264994605,-0.004633171749536602,74,Greed,6460069071592.0,6907146.8289806,-0.3279899207621434,-0.34087182803613053,0.0001,-3.830666666666668e-05,1.09e-06,0.027908788117076443,0.04462635664998069,0.05397115950309629,0.07385033653352252,0.054001199610286425
2023-12-01,2071.0,74.06999969482422,2.813999891281128,4594.6298828125,12.630000114440918,0.016013593082084946,-0.0251962859862309,0.004273455805354645,0.005856558953846637,-0.0227015588361216,71,Greed,8374104542726.0,9211113.13840657,0.2595041417889747,0.2878540570201851,0.00019375666666666667,9.375666666666667e-05,1.11e-06,0.018182319083190547,0.04387929171338404,0.05345553889427131,0.07385562010430236,0.05397115950309629
2023-12-02,2071.0,74.06999969482422,2.813999891281128,4594.6298828125,12.630000114440918,0.0,0.0,0.0,0.0,0.0,74,Greed,15978158426334.0,18358140.20662568,0.6460785395668502,0.6896623792287486,0.0001713933333333333,-2.2363333333333364e-05,1.17e-06,0.05264373348542209,0.03957362487264275,0.05235440788021399,0.07466773208381144,0.05345553889427131
2023-12-03,2071.0,74.06999969482422,2.813999891281128,4594.6298828125,12.630000114440918,0.0,0.0,0.0,0.0,0.0,73,Greed,24080129893362.0,28911107.59800286,0.4101643233786011,0.4541527831019129,0.0005621,0.00039070666666666664,1.2e-06,0.025317807984289786,0.03010985457779338,0.0523745394717006,0.0752900799283593,0.05235440788021399
2023-12-04,2024.0999755859375,73.04000091552734,2.694000005722046,4569.77978515625,13.079999923706055,-0.022906437155782732,-0.014003339083783048,-0.04357983994503447,-0.005423188063826943,0.0350093947727438,74,Greed,94811536718312.0,125927629.99653591,1.3705040825288632,1.4714815096057376,0.0006079633333333333,4.586333333333331e-05,1.39e-06,0.14698219034864585,0.05647528717473222,0.058453079183107,0.07392111845189821,0.0523745394717006
2023-12-05,2018.5,72.31999969482422,2.7100000381469727,4567.18017578125,12.850000381469727,-0.0027704839468059126,-0.009906536957191996,0.005921568855814618,-0.0005690315939348026,-0.017740499168593812,75,Greed,113037094562019.0,172128635.9066604,0.17582493810618421,0.3125347036326517,0.00048174666666666666,-0.0001262166666666666,1.61e-06,0.14693043185377117,0.06874737551512013,0.06375893963416007,0.06922159637694886,0.058453079183107
2023-12-06,2030.5,69.37999725341797,2.569000005722046,4549.33984375,12.970000267028809,0.005927406833356961,-0.04150210991003878,-0.05343192861289295,-0.003913851944943747,0.009295177888952625,72,Greed,69549232032551.0,109200246.96572652,-0.4856811589427431,-0.455058755567297,0.0004246966666666667,-5.704999999999995e-05,1.48e-06,-0.08419209122034797,0.08050625434281804,0.06516374183038089,0.068187966114681,0.06375893963416007
2023-12-07,2029.9000244140625,69.33999633789062,2.5850000381469727,4585.58984375,13.0600004196167,-0.00029552536040616107,-0.0005767145110153752,0.006208802362351621,0.007936610684821922,0.006915137061659103,72,Greed,40271069870937.0,60917096.05308561,-0.5464015344073457,-0.5836694662111502,0.00025739333333333334,-0.00016730333333333337,1.53e-06,0.033225647628320386,0.08031345981415255,0.06503931816411658,0.0679177428460226,0.06516374183038089
2023-12-08,1998.300048828125,71.2300033569336,2.5810000896453857,4604.3701171875,12.350000381469727,-0.01568969924387106,0.02689223767527876,-0.0015485672481542563,0.0040871341465037936,-0.05589806201597754,72,Greed,25539198341381.0,39272284.7663234,-0.4554188801981343,-0.43899481082991104,0.0004568733333333333,0.00019947999999999998,1.58e-06,0.03215711163453123,0.07960650812763052,0.0651630267753896,0.06751929249218148,0.06503931816411658
2023-12-09,1998.300048828125,71.2300033569336,2.5810000896453857,4604.3701171875,12.350000381469727,0.0,0.0,0.0,0.0,0.0,73,Greed,47173039557600.0,76567228.2063126,0.613608071827971,0.6676501071382075,0.0006482533333333334,0.00019138000000000005,1.54e-06,-0.025642430613337555,0.08458820388713817,0.06252968726179844,0.06872119552583306,0.0651630267753896
2023-12-10,1998.300048828125,71.2300033569336,2.5810000896453857,4604.3701171875,12.350000381469727,0.0,0.0,0.0,0.0,0.0,74,Greed,26284054416718.0,40745163.6300712,-0.5848600742137462,-0.6308320062775512,0.00020357666666666666,-0.0004446766666666667,1.6e-06,0.03822121282019767,0.08437421283902466,0.06280270360489697,0.06823433449283102,0.06252968726179844
2023-12-11,1978.0,71.31999969482422,2.430999994277954,4622.43994140625,12.630000114440918,-0.01021061033941788,0.0012626635976269154,-0.05987426248908394,0.003916813547781492,0.022418851461215666,74,Greed,42591067843364.0,61092508.90095944,0.4826820968823084,0.4050521060300472,0.00024609333333333334,4.251666666666668e-05,1.42e-06,-0.11934675763256612,0.08861131499582532,0.06601800738261553,0.06796895540704057,0.06280270360489697
2023-12-12,1977.800048828125,68.61000061035156,2.311000108718872,4643.7001953125,12.069999694824219,-0.00010109265866683018,-0.03873848311721898,-0.050622314643879535,0.0045888127956924,-0.04535193559782461,67,Greed,29533478553892.0,41374529.66536964,-0.3661200701465279,-0.38972378872053537,0.0001,-0.00014609333333333335,1.39e-06,-0.021353124470568946,0.0618603975672553,0.0656852042366603,0.06811035314954214,0.06601800738261553
2023-12-13,1982.300048828125,69.47000122070312,2.3350000381469727,4707.08984375,12.1899995803833,0.0022726708042306704,0.012456716677692235,0.010331529121569918,0.01355834517501981,0.009892899244538936,65,Greed,23034685802544.0,31485694.2296232,-0.24852332781308542,-0.2731321747952017,0.00011562000000000002,1.5620000000000016e-05,1.42e-06,0.021353124470568842,0.05652035424635477,0.06466883324548749,0.07032196270244918,0.0656852042366603
2023-12-14,2030.199951171875,71.58000183105469,2.3919999599456787,4719.5498046875,12.479999542236328,0.0238764749712153,0.029920708641966384,0.024117911885373888,0.002643565185154432,0.02351141719134706,72,Greed,30697157756074.0,43787229.1762525,0.28716891077944623,0.3298089123157286,0.00018942666666666667,7.380666666666665e-05,1.49e-06,0.04811924834419835,0.05848538235924247,0.06503241331972279,0.06966506598450117,0.06466883324548749
2023-12-15,2021.0999755859375,71.43000030517578,2.490999937057495,4719.18994140625,12.279999732971191,-0.0044923807443041424,-0.0020977774791577537,0.04055439166880894,-7.625240044859478e-05,-0.016155425287520307,70,Greed,25522394011573.0,35688530.45448978,-0.18461380576417444,-0.20451284216791107,0.0003214966666666667,0.00013207000000000003,1.33e-06,-0.11359717772370533,0.06862380271508549,0.0667846775257997,0.06717825944480253,0.06503241331972279
2023-12-16,2021.0999755859375,71.43000030517578,2.490999937057495,4719.18994140625,12.279999732971191,0.0,0.0,0.0,0.0,0.0,67,Greed,26571301957619.0,37441676.74788436,0.04027549630299562,0.047955074158512905,0.00017042,-0.00015107666666666668,1.41e-06,0.05841076215641451,0.07542864525384041,0.06468280247202532,0.06627346566092253,0.0667846775257997
2023-12-17,2021.0999755859375,71.43000030517578,2.490999937057495,4719.18994140625,12.279999732971191,0.0,0.0,0.0,0.0,0.0,73,Greed,18426607958960.0,25555024.07986813,-0.366036054843275,-0.3819505010433924,0.00018456666666666666,1.4146666666666651e-05,1.33e-06,-0.0584107621564146,0.07339272439509296,0.06573826704783683,0.0656997682162295,0.06468280247202532
2023-12-18,2026.300048828125,72.47000122070312,2.503000020980835,4740.56005859375,12.5600004196167,0.0025695884133355284,0.014454746526187893,0.004805809819835922,0.004518122263400515,0.0225452934750457,65,Greed,22361377711468.0,28469572.959545,0.19353955662439715,0.10800196701672268,0.00011062666666666666,-7.394e-05,1.31e-06,-0.01515180502060222,0.060904526198043075,0.06579395411745227,0.06578466103539278,0.06573826704783683
2023-12-19,2038.4000244140625,73.44000244140625,2.492000102996826,4768.3701171875,12.529999732971191,0.005953704386447858,0.013296079590339167,-0.0044043785757169,0.005849267450818904,-0.002391446852206076,73,Greed,15598199506996.0,20065018.0521268,-0.3601797700154913,-0.3498579981118678,0.00016394333333333332,5.331666666666666e-05,1.25e-06,-0.04688358589885027,0.062339153958847524,0.06618951026018519,0.06611940999127351,0.06579395411745227
2023-12-20,2034.5,74.22000122070312,2.447000026702881,4698.35009765625,13.670000076293945,-0.0019151099131709602,0.010564892523759216,-0.018222846883163696,-0.014793147965305628,0.0870779087201619,74,Greed,14000195334893.0,17902267.73739414,-0.10808420936604135,-0.11405050933864622,0.00018513333333333332,2.1190000000000005e-05,1.27e-06,0.015873349156289945,0.061836516397572566,0.06569307640557781,0.06602603311550236,0.06618951026018519
2023-12-21,2039.0999755859375,73.88999938964844,2.572000026702881,4746.75,13.649999618530273,0.0022584336059977327,-0.0044561795392595365,0.0498210213844876,0.010248769307271876,-0.00146416263251253,70,Greed,18500680696398.0,23540855.79520895,0.278736243796993,0.2738100620457634,0.0003627533333333333,0.00017762,1.31e-06,0.031010236742560218,0.05916242605425137,0.06277453615793988,0.06594137265086517,0.06569307640557781
2023-12-22,2057.10009765625,73.55999755859375,2.609999895095825,4754.6298828125,13.029999732971191,0.008788749383462259,-0.004476125993481734,0.014666364383911437,0.0016586821527610754,-0.04648512304109983,74,Greed,68319270332653.0,99765484.40934364,1.3063843434733409,1.444084819788612,0.0006495933333333332,0.0002868399999999999,1.58e-06,0.18739770982581527,0.08301044404197885,0.07013039256999676,0.05535845367425333,0.06277453615793988
2023-12-23,2057.10009765625,73.55999755859375,2.609999895095825,4754.6298828125,13.029999732971191,0.0,0.0,0.0,0.0,0.0,70,Greed,24431839332602.0,36250899.9438102,-1.0283046969309868,-1.0123580688679104,0.00081776,0.00016816666666666672,1.48e-06,-0.06538275926285163,0.08766460099235586,0.07119753938187226,0.05531062927337689,0.07013039256999676
2023-12-24,2057.10009765625,73.55999755859375,2.609999895095825,4754.6298828125,13.029999732971191,0.0,0.0,0.0,0.0,0.0,71,Greed,24100091801293.0,34133567.9640095,-0.013671522677991195,-0.06018290916940328,0.0006347033333333334,-0.00018305666666666655,1.38e-06,-0.06995858860691047,0.08919425713451527,0.07261767579998812,0.054213427063275754,0.07119753938187226
2023-12-25,2057.10009765625,73.55999755859375,2.609999895095825,4754.6298828125,13.029999732971191,0.0,0.0,0.0,0.0,0.0,73,Greed,17687700587460.0,24893717.03982254,-0.30934613369870373,-0.31566585394656627,0.0005380933333333334,-9.661000000000001e-05,1.41e-06,0.021506205220963682,0.08887081635039183,0.0717076284070595,0.05393172144979393,0.07261767579998812
2023-12-26,2058.199951171875,75.56999969482422,2.549999952316284,4774.75,12.989999771118164,0.0005345192470838028,0.026958008447507856,-0.02325684067059258,0.004222761046978559,-0.003074557580709151,71,Greed,27017472028679.0,36546296.351911,0.4236142529178933,0.3839644061476909,0.00056883,3.07366666666666e-05,1.33e-06,-0.0584107621564146,0.09020825258874539,0.0716208084879829,0.05315617298295146,0.0717076284070595
2023-12-27,2081.89990234375,74.11000061035156,2.61899995803833,4781.580078125,12.430000305175781,0.011449100696166307,-0.019508890795290112,0.026699209032716793,0.0014294356164229985,-0.044066882988488563,73,Greed,28310259153988.0,39563165.94327801,0.046740484341136125,0.07931868239183056,0.00050267,-6.616e-05,1.44e-06,0.0794641713542468,0.09414790726604591,0.07269342972646263,0.051626495744036105,0.0716208084879829
2023-12-28,2073.89990234375,71.7699966430664,2.556999921798706,4783.35009765625,12.470000267028809,-0.0038500458433421737,-0.03208396953053284,-0.023957883777725918,0.0003701061103271183,0.0032128510314717836,73,Greed,23212187022990.0,32580489.00734029,-0.19854680976778413,-0.19418491995755602,0.0007625700000000001,0.0002599000000000001,1.34e-06,-0.07197349962508923,0.09965176357544163,0.07419194526152036,0.05035587867450368,0.07269342972646263
2023-12-29,2062.39990234375,71.6500015258789,2.5139999389648438,4769.830078125,12.449999809265137,-0.0055605396969713086,-0.0016733390980195589,-0.01695957983587868,-0.0028304770367338357,-0.0016051735149952427,65,Greed,18834249217057.0,25615179.84314009,-0.209000464168164,-0.24052847411935632,0.0005576066666666666,-0.00020496333333333344,1.34e-06,0.0,0.058680529485007474,0.07374787981672179,0.05048197430279881,0.07419194526152036
2023-12-30,2062.39990234375,71.6500015258789,2.5139999389648438,4769.830078125,12.449999809265137,0.0,0.0,0.0,0.0,0.0,68,Greed,9834991915965.0,13134481.55635372,-0.6497303494212675,-0.667944186412385,0.00044692333333333327,-0.00011068333333333336,1.31e-06,-0.02264247674975989,0.05575116167565131,0.07385033653352252,0.05049626268690077,0.07374787981672179
2023-12-31,2062.39990234375,71.6500015258789,2.5139999389648438,4769.830078125,12.449999809265137,0.0,0.0,0.0,0.0,0.0,67,Greed,10194272906826.0,13481637.56191942,0.03587945300376917,0.02608762699759475,0.00035548000000000003,-9.144333333333324e-05,1.3e-06,-0.007662872745569025,0.0507132308375324,0.07385562010430236,0.05134708617367559,0.07385033653352252
2024-01-01,2062.39990234375,71.6500015258789,2.5139999389648438,4769.830078125,12.449999809265137,0.0,0.0,0.0,0.0,0.0,65,Greed,10865164027922.0,14527683.44615643,0.06373562762544588,0.07472745343721893,0.00047889,0.00012340999999999996,1.41e-06,0.08122543992258578,0.06065686245277468,0.07466773208381144,0.0507255619575139,0.07385562010430236
2024-01-02,2064.39990234375,70.37999725341797,2.568000078201294,4742.830078125,13.199999809265137,0.0009692741355228508,-0.017884082702064517,0.021252330389981228,-0.005676660799723162,0.05849620755206713,71,Greed,15137462107836.0,21028097.52726315,0.3316108951738335,0.3698034885201376,0.00080634,0.00032745,1.34e-06,-0.05092009042725687,0.05950987664742562,0.0752900799283593,0.050305802836187845,0.07466773208381144
2024-01-03,2034.199951171875,72.69999694824219,2.6679999828338623,4704.81005859375,14.039999961853027,-0.014736982781769346,0.032432249693658995,0.03820170533936121,-0.008048618327197648,0.06169358073792997,70,Greed,42632450755684.0,53060060.19448607,1.0354431124378405,0.9255649622518026,0.00045117666666666666,-0.00035516333333333335,1.18e-06,-0.12715517548524674,0.06512276636481797,0.07392111845189821,0.04554736470224828,0.0752900799283593
2024-01-04,2042.300048828125,72.19000244140625,2.821000099182129,4688.68017578125,14.130000114440918,0.0039740504436172235,-0.0070397765918172265,0.05576234555906608,-0.003434271663317429,0.006389808914936812,68,Greed,19187742692945.0,23678157.27676557,-0.7983440443559636,-0.8068714938859815,0.0001,-0.00035117666666666667,1.25e-06,0.05762911283663642,0.0689937545842349,0.06922159637694886,0.04387119982451944,0.07392111845189821
2024-01-05,2042.4000244140625,73.80999755859375,2.8929998874664307,4697.240234375,13.350000381469727,4.895124937695209e-05,0.022192624734812802,0.025202519917066235,0.0018240216394339805,-0.05678379137481154,72,Greed,19133671718947.0,23013265.27907729,-0.0028219735993994612,-0.02848218834740135,0.0001,0.0,1.19e-06,-0.04919024419077178,0.07030611230474561,0.068187966114681,0.044072480950868555,0.06922159637694886
2024-01-06,2042.4000244140625,73.80999755859375,2.8929998874664307,4697.240234375,13.350000381469727,0.0,0.0,0.0,0.0,0.0,70,Greed,15188698172548.0,17438028.83605937,-0.23089809015169557,-0.27741741429862815,0.0001,0.0,1.15e-06,-0.03419136474827931,0.07059660557138069,0.0679177428460226,0.044216594467781714,0.068187966114681
2024-01-07,2042.4000244140625,73.80999755859375,2.8929998874664307,4697.240234375,13.350000381469727,0.0,0.0,0.0,0.0,0.0,71,Greed,11398538263125.0,13198968.45991849,-0.2870664853622336,-0.278514707074845,0.0001,0.0,1.12e-06,-0.026433257068155483,0.0704678902761013,0.06751929249218148,0.04410335076464303,0.0679177428460226
2024-01-08,2026.5999755859375,70.7699966430664,2.9800000190734863,4763.5400390625,13.079999923706055,-0.007766098913480239,-0.0420590560517803,0.0296293198223867,0.014015945436353141,-0.020432073224587316,71,Greed,20121379278908.0,22498726.35584096,0.5682977708651933,0.5333200216382837,5.1960000000000004e-05,-4.804e-05,1.19e-06,0.06062462181643484,0.065744797884915,0.06872119552583306,0.044930702117383585,0.06751929249218148
2024-01-09,2026.4000244140625,72.23999786376953,3.190000057220459,4756.5,12.760000228881836,-9.866823194536253e-05,0.020558744884156332,0.06809762781638924,-0.0014789938523175842,-0.024769044342090624,76,Extreme Greed,18025125522094.0,20915327.75657365,-0.11001624858701763,-0.07297642554406468,0.0001,4.804e-05,1.2e-06,0.00836824967051658,0.06555258019796524,0.06823433449283102,0.04490677032608014,0.06872119552583306
2024-01-10,2021.699951171875,71.37000274658203,3.0390000343322754,4783.4501953125,12.6899995803833,-0.0023221142671955622,-0.01211622807075257,-0.0484924095023172,0.005649980650495912,-0.005501047194517584,73,Greed,52343219374280.0,65349869.28304653,1.0660557571563503,1.1392731641517666,0.0001,0.0,1.33e-06,0.10285738543970782,0.05757302489945169,0.06796895540704057,0.04191421158237755,0.06823433449283102
2024-01-11,2014.300048828125,72.0199966430664,3.0969998836517334,4780.240234375,12.4399995803833,-0.0036669527431482853,0.009066160142917532,0.018905338191126064,-0.0006712808369611647,-0.019897195079787117,76,Extreme Greed,49633550687609.0,69432598.13509598,-0.0531553738689601,0.06060103118516714,0.00010163333333333333,1.6333333333333233e-06,1.37e-06,0.02963179760637115,0.05521185512002046,0.06811035314954214,0.04131302711262187,0.06796895540704057
2024-01-12,2046.699951171875,72.68000030517578,3.312999963760376,4783.830078125,12.699999809265137,0.015956951403282443,0.009122436117268835,0.06742024895613598,0.0007506937530339595,0.02068492486626542,71,Greed,36965360452190.0,49059324.17279027,-0.29468576007522235,-0.34732620778255885,0.00015949333333333332,5.785999999999999e-05,1.24e-06,-0.09969936022308805,0.06679419677915047,0.07032196270244918,0.037696991632674585,0.06811035314954214
2024-01-13,2046.699951171875,72.68000030517578,3.312999963760376,4783.830078125,12.699999809265137,0.0,0.0,0.0,0.0,0.0,64,Greed,14550151661601.0,17902799.26284685,-0.9323798530957773,-1.0080731791920476,0.0001,-5.9493333333333315e-05,1.25e-06,0.008032171697264253,0.06443735923092211,0.06966506598450117,0.04064117054255609,0.07032196270244918
2024-01-14,2046.699951171875,72.68000030517578,3.312999963760376,4783.830078125,12.699999809265137,0.0,0.0,0.0,0.0,0.0,60,Greed,12382921624014.0,15253439.81644954,-0.1612831821493057,-0.1601520446667722,0.0001,0.0,1.19e-06,-0.04919024419077178,0.06720883699771733,0.06717825944480253,0.039774573830906775,0.06966506598450117
2024-01-15,2046.699951171875,72.68000030517578,3.312999963760376,4783.830078125,12.699999809265137,0.0,0.0,0.0,0.0,0.0,52,Neutral,8345003521501.0,10180520.80819953,-0.39465525578855937,-0.40432886959782705,0.0001,0.0,1.21e-06,0.016667052485211643,0.06349537695461348,0.06627346566092253,0.048155046050979,0.06717825944480253
2024-01-16,2026.0,72.4000015258789,2.9000000953674316,4765.97998046875,13.84000015258789,-0.010165310319773104,-0.0038599272595207343,-0.133143342501397,-0.0037383190523568345,0.08596098276860784,64,Greed,12396493099902.0,15137085.17449815,0.39575063898434537,0.396671534917286,0.0001,0.0,1.24e-06,0.024491020008295696,0.06403885296495651,0.0656997682162295,0.04795171542644471,0.06627346566092253
2024-01-17,2002.5999755859375,72.55999755859375,2.869999885559082,4739.2099609375,14.789999961853027,-0.011617081726109013,0.002207451692811289,-0.010398779981104425,-0.005632731271107821,0.06638831292880744,60,Greed,13866034763263.0,16975716.28309649,0.112028689516381,0.11463616423572054,0.0001,0.0,1.21e-06,-0.024491020008295755,0.047438170818249116,0.06578466103539278,0.04927781485891034,0.0656997682162295
2024-01-18,2018.5999755859375,74.08000183105469,2.697000026702881,4780.93994140625,14.130000114440918,0.007957865627687473,0.020731842895027334,-0.06217193583809484,0.008766720726243148,-0.04565106934788655,63,Greed,14651063214144.0,17209734.55498131,0.05507059957021575,0.013691317314175689,0.0001,0.0,1.14e-06,-0.05959209720224554,0.0458760003129205,0.06611940999127351,0.04811376895459229,0.06578466103539278
2024-01-19,2026.5,73.41000366210938,2.5190000534057617,4839.81005859375,13.300000190734863,0.0039059773581561485,-0.009085399046793905,-0.06827803548690115,0.012238308232548512,-0.06053615522690582,51,Neutral,12107430475847.0,13481535.98362262,-0.1906935541337558,-0.24415414185647047,0.0001,0.0,1.14e-06,0.0,0.03292119103592946,0.06602603311550236,0.04845726359359107,0.06611940999127351
2024-01-20,2026.5,73.41000366210938,2.5190000534057617,4839.81005859375,13.300000190734863,0.0,0.0,0.0,0.0,0.0,52,Neutral,10269148882077.0,11636838.73723779,-0.16467520672321087,-0.14714522509633898,0.0001,0.0,1.17e-06,0.02597548640326052,0.03535088411162803,0.06594137265086517,0.048255588714606695,0.06602603311550236
2024-01-21,2026.5,73.41000366210938,2.5190000534057617,4839.81005859375,13.300000190734863,0.0,0.0,0.0,0.0,0.0,56,Greed,6201358247669.0,7151808.14386891,-0.5043758060541078,-0.4868106072794217,0.0001,0.0,1.13e-06,-0.03478611608541554,0.03299257493127406,0.05535845367425333,0.04802731144117148,0.06594137265086517
2024-01-22,2019.800048828125,75.19000244140625,2.4189999103546143,4850.43017578125,13.1899995803833,-0.003311646301174295,0.02395805985137076,-0.04050782400262055,0.0021919211872316853,-0.008305114652697272,55,Greed,12612945843908.0,13679716.48608363,0.7099553941603663,0.6485489752884384,0.0001,0.0,1.06e-06,-0.06394872460027341,0.037019504028171994,0.05531062927337689,0.04716551328284643,0.05535845367425333
2024-01-23,2023.699951171875,74.37000274658203,2.450000047683716,4864.60009765625,12.550000190734863,0.0019289741822805175,-0.010965604213236486,0.012733849450348387,0.002917115340764486,-0.0497382541401881,50,Neutral,17556728438547.0,17936775.68723948,0.33071352882644645,0.27093892562093314,3.733666666666667e-05,-6.266333333333334e-05,1.04e-06,-0.019048194970694474,0.031802658002081624,0.054213427063275754,0.04777607150622601,0.05531062927337689
2024-01-24,2013.9000244140625,75.08999633789062,2.6410000324249268,4868.5498046875,13.140000343322754,-0.004854342213876016,0.009634673695664826,0.07506960157313708,0.0008115989762168653,0.04594035840873762,48,Neutral,11825052663079.0,12298483.25652762,-0.3952168753443089,-0.3773771706017552,0.0001,6.266333333333334e-05,1.04e-06,0.0,0.03320075426810418,0.05393172144979393,0.04793342866455044,0.054213427063275754
2024-01-25,2016.9000244140625,77.36000061035156,2.571000099182129,4894.16015625,13.449999809265137,0.0014885385122534204,0.029782513692605563,-0.026862678731504594,0.00524657813497798,0.023318052682289685,52,Neutral,8591901460786.0,8790203.37773375,-0.3194003189213864,-0.3358380934693074,0.0001,0.0,1.03e-06,-0.009661910911736746,0.02875053889431893,0.05315617298295146,0.051138896225980245,0.05393172144979393
2024-01-26,2016.800048828125,78.01000213623047,2.7119998931884766,4890.97021484375,13.260000228881836,-4.9570163444326434e-05,0.0083671919494853,0.05339136383235922,-0.0006519977554263648,-0.014227089848027405,49,Neutral,10050714592437.0,10668385.86116882,0.15682366671838,0.19364692680095552,0.0001,0.0,1.08e-06,0.0474022388945839,0.037102983815889556,0.051626495744036105,0.05090264900357753,0.05315617298295146
2024-01-27,2016.800048828125,78.01000213623047,2.7119998931884766,4890.97021484375,13.260000228881836,0.0,0.0,0.0,0.0,0.0,55,Greed,7613898780550.0,8285166.36871129,-0.2776683716904626,-0.25281804423857757,0.0001,0.0,1.09e-06,0.009216655104923827,0.035049964232461865,0.05035587867450368,0.0709395060829642,0.051626495744036105
2024-01-28,2016.800048828125,78.01000213623047,2.7119998931884766,4890.97021484375,13.260000228881836,0.0,0.0,0.0,0.0,0.0,54,Neutral,10120841088681.0,10980564.72274606,0.28462140792354396,0.28166013531248857,0.0001,0.0,1.06e-06,-0.0279087881170765,0.034332296370393076,0.05048197430279881,0.0976296292877417,0.05035587867450368
2024-01-29,2025.199951171875,76.77999877929688,2.490000009536743,4927.93017578125,13.600000381469727,0.004156315901078261,-0.01589287731034141,-0.08540361638673473,0.007528365505246204,0.0253178187724606,55,Greed,11269966936087.0,11954842.51774052,0.10754462231304406,0.08500956120055773,0.0001,0.0,1.07e-06,0.009389740349838917,0.02463932357689147,0.05049626268690077,0.1009921860869445,0.05048197430279881
2024-01-30,2031.5,77.81999969482422,2.0769999027252197,4924.97021484375,13.3100004196167,0.003105999442300761,0.013454289960908507,-0.1813582162469301,-0.0006008303969786162,-0.021554156857807073,61,Greed,17837504340424.0,18700219.08236064,0.45916183188579895,0.4473988115227215,0.0001,0.0,1.01e-06,-0.05770831762064661,0.03291452439067904,0.05134708617367559,0.10520543786956262,0.05049626268690077
2024-01-31,2048.39990234375,75.8499984741211,2.0999999046325684,4845.64990234375,14.350000381469727,0.008284516486208303,-0.02564077795736542,0.011012801256610156,-0.016236851740733683,0.07523430485544245,60,Greed,28245869326069.0,26848919.33226758,0.45964400222091234,0.3616903323860368,6.265333333333333e-05,-3.734666666666667e-05,9.2e-07,-0.09333193979221922,0.046879468361382244,0.0507255619575139,0.11962075134540053,0.05134708617367559
2024-02-01,2053.0,73.81999969482422,2.049999952316284,4906.18994140625,13.880000114440918,0.0022431851049437793,-0.027127992209682653,-0.024097529426346284,0.012416286114049784,-0.0333010054652046,63,Greed,12829786851690.0,11737074.62399307,-0.78917766314006,-0.8274729687019039,0.0001,3.734666666666667e-05,9.2e-07,0.0,0.04728965368295259,0.050305802836187845,0.11951770961046086,0.0507255619575139
2024-02-02,2036.0999755859375,72.27999877929688,2.0789999961853027,4958.60986328125,13.850000381469727,-0.008265936631712222,-0.02108224463230448,0.01404723715103721,0.01062777072263312,-0.0021637031473936137,63,Greed,6596535387002.0,6120251.74123672,-0.6652249953760941,-0.6511493732430516,0.0001,0.0,9.3e-07,0.010810916104215676,0.04065247579465841,0.04554736470224828,0.12766989220191197,0.050305802836187845
2024-02-03,2036.0999755859375,72.27999877929688,2.0789999961853027,4958.60986328125,13.850000381469727,0.0,0.0,0.0,0.0,0.0,60,Greed,4297295044776.0,4003276.12313934,-0.4285588044348448,-0.4244901731852154,0.0001,0.0,9.3e-07,0.0,0.03963351768654127,0.04387119982451944,0.12853080162160366,0.04554736470224828
2024-02-04,2036.0999755859375,72.27999877929688,2.0789999961853027,4958.60986328125,13.850000381469727,0.0,0.0,0.0,0.0,0.0,60,Greed,8882458961190.0,8027397.49623395,0.7260926633112406,0.6957473211409143,0.0001,0.0,8.8e-07,-0.055262678675049415,0.04153790448187596,0.044072480950868555,0.13048187524824156,0.04387119982451944
2024-02-05,2025.699951171875,72.77999877929688,2.0820000171661377,4942.81005859375,13.670000076293945,-0.005120905671782916,0.006893726576010502,0.001441971396795338,-0.0031914247092839714,-0.013081603859306986,60,Greed,16481718959706.0,15180439.77042008,0.6181733961337684,0.6371473641083022,0.0001,0.0,9e-07,0.022472855852058576,0.04366625505429056,0.044216594467781714,0.13076274691549664,0.044072480950868555
2024-02-06,2034.5,73.30999755859375,2.009000062942505,4954.22998046875,13.0600004196167,0.004334792726306237,0.007255816521489378,-0.035691861274736926,0.0023077459317481074,-0.045649500338780576,64,Greed,9397193132892.0,8474066.50556733,-0.5618407830478456,-0.5829972415670623,0.0001,0.0,9e-07,0.0,0.04180750879671718,0.04410335076464303,0.13216838582781812,0.044216594467781714
2024-02-07,2035.199951171875,73.86000061035156,1.9670000076293945,4995.06005859375,12.829999923706055,0.0003439817122514089,0.007474425755050153,-0.021127573877445384,0.008207682594008628,-0.017767983297182415,62,Greed,10558557956954.0,9978399.01380033,0.11652567004530551,0.1634121576317177,0.0001,0.0,9.7e-07,0.07490130817311791,0.038483683266921746,0.044930702117383585,0.13775025635833774,0.04410335076464303
2024-02-08,2032.199951171875,76.22000122070312,1.9170000553131104,4997.91015625,12.789999961853027,-0.0014751441294395143,0.031452493773191474,-0.025748050368114776,0.000570420540090595,-0.003122560072828745,66,Greed,12024201543064.0,11591246.84619636,0.1299847021953507,0.14982757305149105,0.0001,0.0,9.5e-07,-0.020834086902842025,0.0399437931740734,0.04490677032608014,0.13793055099814855,0.044930702117383585
2024-02-09,2023.300048828125,76.83999633789062,1.847000002861023,5026.60986328125,12.930000305175781,-0.004389060106493958,0.008101378780224825,-0.03719879015138931,0.0057259171287955156,0.010886603777725476,72,Greed,12902858897938.0,12887105.99173332,0.0705274927666701,0.10597704492692525,0.0001,0.0,1.01e-06,0.061243625240718594,0.04542617202700201,0.04191421158237755,0.13911084767685414,0.04490677032608014
2024-02-10,2023.300048828125,76.83999633789062,1.847000002861023,5026.60986328125,12.930000305175781,0.0,0.0,0.0,0.0,0.0,74,Greed,9289084981075.0,9502268.94700717,-0.3286088538743107,-0.3046966693576636,0.0001,0.0,1.01e-06,0.0,0.04542617202700201,0.04131302711262187,0.13849370839848388,0.04191421158237755
2024-02-11,2023.300048828125,76.83999633789062,1.847000002861023,5026.60986328125,12.930000305175781,0.0,0.0,0.0,0.0,0.0,71,Greed,8236852009279.0,8313623.03456702,-0.12022181971690239,-0.13363510785733104,0.00010125,1.2499999999999897e-06,1e-06,-0.009950330853168203,0.03666197748098314,0.037696991632674585,0.14081322589171427,0.04131302711262187
2024-02-12,2018.199951171875,76.91999816894531,1.7680000066757202,5021.83984375,13.930000305175781,-0.002523865081532603,0.0010406066744543267,-0.043713734774802185,-0.0009494041426524416,0.07449459331360889,70,Greed,12108527911115.0,12656474.97581086,0.38529175718268355,0.420273441256029,0.00017944666666666666,7.819666666666666e-05,1.08e-06,0.0769610411361284,0.042950207582057254,0.04064117054255609,0.14083998707514211,0.037696991632674585
2024-02-13,1992.9000244140625,77.87000274658203,1.6890000104904175,4953.169921875,15.850000381469727,-0.012615124246704407,0.012274907944354303,-0.045712323954625725,-0.013768609419845444,0.1291247146912568,79,Extreme Greed,16659490577641.0,18176267.1191562,0.31907006829841666,0.3619477986717842,0.0002901966666666667,0.00011075000000000004,1.08e-06,0.0,0.042950207582057254,0.039774573830906775,0.14027707523497085,0.04064117054255609
2024-02-14,1990.300048828125,76.63999938964844,1.6089999675750732,5000.6201171875,14.380000114440918,-0.0013054709316034623,-0.01592167916154222,-0.0485237961786628,0.009534168304216807,-0.09733116413954013,74,Greed,31317017836836.0,37254480.82399016,0.6311815919531052,0.7176554894810092,0.0004638166666666667,0.00017361999999999998,1.25e-06,0.14618251017808145,0.06108520336171133,0.048155046050979,0.14350735563421088,0.039774573830906775
2024-02-15,2002.0999755859375,78.02999877929688,1.5809999704360962,5029.72998046875,14.010000228881836,0.005911211825204104,0.017974226785918826,-0.017555308330184576,0.00580437267404004,-0.02606698356529103,72,Greed,30044848235132.0,37599677.28180519,-0.041470444130650916,0.009223239260147923,0.00060309,0.00013927333333333335,1.25e-06,0.0,0.05828486074798677,0.04795171542644471,0.1501117536683655,0.048155046050979
2024-02-16,2011.5,79.19000244140625,1.6089999675750732,5005.56982421875,14.239999771118164,0.004684094906416618,0.014756706567403265,0.017555308330184618,-0.0048150435759610425,0.016283513224718212,72,Greed,18920734687677.0,22644025.59059693,-0.46243281237869177,-0.5070994211274769,0.00056728,-3.581000000000005e-05,1.17e-06,-0.06613980250454507,0.06913340573646601,0.04927781485891034,0.1482382566926512,0.04795171542644471
2024-02-17,2011.5,79.19000244140625,1.6089999675750732,5005.56982421875,14.239999771118164,0.0,0.0,0.0,0.0,0.0,76,Extreme Greed,12108624225279.0,13940640.0215467,-0.44634044953158847,-0.4850877294293782,0.00040153666666666667,-0.0001657433333333333,1.19e-06,0.016949558313773205,0.06856951830819726,0.04811376895459229,0.15261089734430386,0.04927781485891034
2024-02-18,2011.5,79.19000244140625,1.6089999675750732,5005.56982421875,14.239999771118164,0.0,0.0,0.0,0.0,0.0,72,Greed,9719016562340.0,11671445.02699514,-0.21983350797115125,-0.1776630541601327,0.0005417299999999999,0.00014019333333333326,1.23e-06,0.03306086226088821,0.06698878760619463,0.04845726359359107,0.15345612756961793,0.04811376895459229
2024-02-19,2011.5,79.19000244140625,1.6089999675750732,5005.56982421875,14.239999771118164,0.0,0.0,0.0,0.0,0.0,75,Greed,13624454638332.0,16630465.93405263,0.337781876564137,0.3540910477830924,0.0005498933333333333,8.163333333333425e-06,1.23e-06,0.0,0.0641714480192473,0.048255588714606695,0.156657276878875,0.04845726359359107
2024-02-20,2027.5,78.18000030517578,1.5759999752044678,4975.509765625,15.420000076293945,0.007922794599725029,-0.012836194783739074,-0.020722872155541413,-0.0060234264658172495,0.0796104831722431,72,Greed,24695055507878.0,29324064.46094017,0.5947367285237958,0.567172181096006,0.00063771,8.781666666666664e-05,1.2e-06,-0.024692612590371636,0.06601514848529243,0.04802731144117148,0.15748184301697304,0.048255588714606695
2024-02-21,2022.300048828125,77.91000366210938,1.7730000019073486,4981.7998046875,15.34000015258789,-0.002568005317217988,-0.0034595029211889807,0.117783052465364,0.0012634014951035982,-0.005201567196740616,78,Extreme Greed,15231045617827.0,17350300.52061354,-0.48326722203422423,-0.5247986642747259,0.0003791833333333333,-0.00025852666666666667,1.15e-06,-0.04255961441879589,0.034599167301251184,0.04716551328284643,0.15798822888224373,0.04802731144117148
2024-02-22,2019.699951171875,78.61000061035156,1.7319999933242798,5087.02978515625,14.539999961853027,-0.0012865403339371805,0.008944564222842582,-0.023396221881944092,0.02090288866640342,-0.05356033640438439,74,Greed,21104515253467.0,25018561.476988,0.3261511909507253,0.36600818114564154,0.00042865000000000004,4.946666666666671e-05,1.21e-06,0.05085841723349116,0.042054127482300384,0.04777607150622601,0.15860579980334533,0.04716551328284643
2024-02-23,2038.5999755859375,76.48999786376953,1.6030000448226929,5088.7998046875,13.75,0.009314324420003009,-0.02733894016442214,-0.07739990469673122,0.000347887026502183,-0.055864645369204845,76,Extreme Greed,58994233175973.0,75524940.67404272,1.027952685704383,1.1048449332969343,0.0005106766666666667,8.202666666666666e-05,1.19e-06,-0.01666705248521176,0.03322820639966059,0.04793342866455044,0.15794670014328135,0.04777607150622601
2024-02-24,2038.5999755859375,76.48999786376953,1.6030000448226929,5088.7998046875,13.75,0.0,0.0,0.0,0.0,0.0,72,Greed,24259581958150.0,29993117.67784211,-0.8886280247143338,-0.9234949971533722,0.0003482866666666667,-0.00016239,1.32e-06,0.10367842947484152,0.050977200947519945,0.051138896225980245,0.1578368058502351,0.04793342866455044
2024-02-25,2038.5999755859375,76.48999786376953,1.6030000448226929,5088.7998046875,13.75,0.0,0.0,0.0,0.0,0.0,74,Greed,24495507658346.0,32612368.30557436,0.009678068220052205,0.08372366769186866,0.00056771,0.00021942333333333332,1.37e-06,0.03717900324175403,0.05124596860040072,0.05090264900357753,0.15825532830770714,0.051138896225980245
2024-02-26,2028.5,77.58000183105469,1.659000039100647,5069.52978515625,13.739999771118164,-0.004966682111913958,0.014149700208427214,0.03433813318794164,-0.003793939244668484,-0.0007275539764438033,72,Greed,93195343189139.0,149404113.9435887,1.3362080148072613,1.521963196459174,0.00073864,0.00017093000000000002,1.81e-06,0.2785161054377009,0.11080650600534153,0.0709395060829642,0.15389763341933355,0.05090264900357753
2024-02-27,2034.0,78.87000274658203,1.6150000095367432,5078.18017578125,13.430000305175781,0.0027076939620032797,0.016491276620096248,-0.026880072197387854,0.001704895538720964,-0.02282023687755186,79,Extreme Greed,226282232926620.0,521904616.31410503,0.8870852837452895,1.2508300350624115,0.0016585733333333334,0.0009199333333333333,2.67e-06,0.38875162713442374,0.16027747601383469,0.0976296292877417,0.13981756972248452,0.0709395060829642
2024-02-28,2033.0,78.54000091552734,1.8849999904632568,5069.759765625,13.84000015258789,-0.0004917629801586159,-0.0041929014273732485,0.15459285326096994,-0.001659531321112244,0.03007192795607551,82,Extreme Greed,254270289671127.0,779055514.2891841,0.11661479538758535,0.4005974630423986,0.0011603933333333334,-0.00049818,3.18e-06,0.17480272437992733,0.1451784418766732,0.1009921860869445,0.13793504354775074,0.0976296292877417
2024-02-29,2045.699951171875,78.26000213623047,1.8600000143051147,5096.27001953125,13.399999618530273,0.006227470697706523,-0.0035714167278449132,-0.013351320424662099,0.0052154704557999644,-0.03230828272568483,80,Extreme Greed,97935843835738.0,293406135.4155994,-0.9540852242410952,-0.9765245299335586,0.0012388166666666665,7.842333333333315e-05,2.74e-06,-0.14892327639210656,0.18184612767794023,0.10520543786956262,0.13377029284431574,0.1009921860869445
2024-03-01,2086.89990234375,79.97000122070312,1.8350000381469727,5137.080078125,13.109999656677246,0.019939659139843434,0.02161493552946405,-0.013531993120957394,0.007975936433387976,-0.021879406901220193,80,Extreme Greed,184576345790906.0,661409341.2337099,0.633750566661136,0.8128151469464007,0.0011819833333333333,-5.6833333333333215e-05,3.99e-06,0.37583331050179325,0.19395628418469224,0.11962075134540053,0.1178157744452368,0.10520543786956262
2024-03-02,2086.89990234375,79.97000122070312,1.8350000381469727,5137.080078125,13.109999656677246,0.0,0.0,0.0,0.0,0.0,80,Extreme Greed,147214916373577.0,637713978.8342079,-0.22616964099390646,-0.03648305008662732,0.0014356566666666667,0.0002536733333333334,4.38e-06,0.09325749348658272,0.19461442845392765,0.11951770961046086,0.11949582575053828,0.11962075134540053
2024-03-03,2086.89990234375,79.97000122070312,1.8350000381469727,5137.080078125,13.109999656677246,0.0,0.0,0.0,0.0,0.0,83,Extreme Greed,173274621238407.0,886575497.7656771,0.16298420668253047,0.3294764119653407,0.0012274833333333333,-0.00020817333333333346,5.93e-06,0.30297548862127915,0.18994825420845773,0.12766989220191197,0.10835226335890728,0.11951770961046086
2024-03-04,2117.699951171875,78.73999786376953,1.9160000085830688,5130.9501953125,13.489999771118164,0.014650906546489963,-0.015500321222901771,0.04319518173327539,-0.0011939745749630112,0.028573381665131348,82,Extreme Greed,223926134518049.0,1592143254.291579,0.2564384989545351,0.5854700604552203,0.0010455033333333333,-0.00018198,7.01e-06,0.16731348803686458,0.18783461887937497,0.12853080162160366,0.10469891680014401,0.12766989220191197
2024-03-05,2133.5,78.1500015258789,1.9570000171661377,5078.64990234375,14.460000038146973,0.007433252615668022,-0.0075211819929224405,0.021173013157248764,-0.010245406275917994,0.06943756611583544,90,Extreme Greed,211263619755704.0,1485943372.274126,-0.058209504482129325,-0.06903122914305224,0.0016227233333333333,0.00057722,6.31e-06,-0.10520202449337694,0.1948785899043979,0.13048187524824156,0.10286910981385836,0.12853080162160366
2024-03-06,2150.300048828125,79.12999725341797,1.9290000200271606,5104.759765625,14.5,0.00784356635087546,0.012461958518870208,-0.014410952879860179,0.005127932853001643,0.0027624300578069465,75,Greed,145511090299350.0,1078273951.8210254,-0.3728544306799306,-0.3206882681769026,0.0009862433333333333,-0.00063648,7.2e-06,0.13194534946888783,0.19364423901795627,0.13076274691549664,0.10037312518389488,0.13048187524824156
2024-03-07,2158.0,78.93000030517578,1.8179999589920044,5157.35986328125,14.4399995803833,0.0035744768391498196,-0.0025306473246359336,-0.05926477110710492,0.010251402284983627,-0.004146545021177181,82,Extreme Greed,75642064450935.0,519184562.64745945,-0.6542397691664015,-0.7308574168991556,0.0008148966666666667,-0.0001713466666666666,6.81e-06,-0.05568890586058854,0.17459522899536936,0.13216838582781812,0.10002712571565273,0.13076274691549664
2024-03-08,2178.60009765625,78.01000213623047,1.8049999475479126,5123.68994140625,14.739999771118164,0.009500646655496024,-0.01172433660244081,-0.007176410473117975,-0.006549922992050337,0.020562766827898746,81,Extreme Greed,187056982082851.0,1578580687.5543025,0.9054007509293207,1.1120219913039908,0.0011409666666666667,0.00032607000000000003,9.01e-06,0.2799429514588256,0.15472996159652058,0.13775025635833774,0.0870505172768508,0.13216838582781812
2024-03-09,2178.60009765625,78.01000213623047,1.8049999475479126,5123.68994140625,14.739999771118164,0.0,0.0,0.0,0.0,0.0,84,Extreme Greed,90532256565946.0,823119504.9006851,-0.7257070741141561,-0.6511800267160776,0.0010053366666666667,-0.00013563000000000008,8.76e-06,-0.02813916667194635,0.1642609556728252,0.13793055099814855,0.0873892881162586,0.13775025635833774
2024-03-10,2178.60009765625,78.01000213623047,1.8049999475479126,5123.68994140625,14.739999771118164,0.0,0.0,0.0,0.0,0.0,79,Extreme Greed,64737605619945.0,563876504.5094042,-0.3353639500845176,-0.37826613269010784,0.00094704,-5.829666666666664e-05,8.54e-06,-0.025434897147821718,0.14164168246774422,0.13911084767685414,0.08896932704845806,0.13793055099814855
2024-03-11,2182.5,77.93000030517578,1.7589999437332153,5117.93994140625,15.220000267028809,0.001788495240181465,-0.0010260592127867838,-0.02581512895803399,-0.0011228682680281005,0.03204549874488908,82,Extreme Greed,77067960025786.0,680620100.6841745,0.17434536707110032,0.18816903151493752,0.0007959666666666667,-0.00015107333333333332,9.04e-06,0.05689816660360669,0.13252835142916644,0.13849370839848388,0.08825905103374096,0.13911084767685414
2024-03-12,2160.39990234375,77.55999755859375,1.7139999866485596,5175.27001953125,13.84000015258789,-0.010177664197878154,-0.004759192874689783,-0.025915621381532188,0.011139512586668012,-0.0950474087634793,81,Extreme Greed,60311976585114.0,500024328.5716744,-0.2451569296507868,-0.30834754101933126,0.00066246,-0.00013350666666666667,8.28e-06,-0.08781620600691671,0.129563570083379,0.14081322589171427,0.08711473373103897,0.13849370839848388
2024-03-13,2175.39990234375,79.72000122070312,1.6579999923706055,5165.31005859375,13.75,0.006919166252700285,0.02746871176017195,-0.033217760274411076,-0.0019263840021219723,-0.006524137102079705,81,Extreme Greed,101704186773908.0,901797846.6721555,0.5225377694121568,0.5897336237914407,0.00101466,0.0003521999999999999,9.03e-06,0.08670939903172568,0.1251989256663126,0.14083998707514211,0.09314778588697697,0.14081322589171427
2024-03-14,2163.0,81.26000213623047,1.7410000562667847,5150.47998046875,14.399999618530273,-0.0057163638155206895,0.01913340619143594,0.04884764099317167,-0.002875221051495188,0.04618935597842095,88,Extreme Greed,156404776122429.0,1563785393.9346209,0.43037889541995805,0.5504743173626633,0.0017622599999999999,0.0007476,9.96e-06,0.09802470416761272,0.12057818757723707,0.14027707523497085,0.09439175086071357,0.14083998707514211
2024-03-15,2157.300048828125,81.04000091552734,1.6549999713897705,5117.08984375,14.40999984741211,-0.0026386845425951824,-0.0027110456107564012,-0.05065870156283177,-0.0065040228597376655,0.0006942193314014823,83,Extreme Greed,97307440037787.0,886411898.6698897,-0.4745719143124598,-0.5676829560433234,0.0004744833333333333,-0.0012877766666666666,8.92e-06,-0.11028112500458895,0.08332939198878106,0.14350735563421088,0.09457164416676249,0.14027707523497085
2024-03-16,2157.300048828125,81.04000091552734,1.6549999713897705,5117.08984375,14.40999984741211,0.0,0.0,0.0,0.0,0.0,81,Extreme Greed,90889772766495.0,712195593.2303002,-0.06822796716569357,-0.21882915621327811,0.00035015000000000003,-0.00012433333333333328,7.43e-06,-0.18277008786225019,0.1083331813951542,0.1501117536683655,0.08978328348270902,0.14350735563421088
2024-03-17,2157.300048828125,81.04000091552734,1.6549999713897705,5117.08984375,14.40999984741211,0.0,0.0,0.0,0.0,0.0,79,Extreme Greed,75258362170631.0,574902750.0583336,-0.18872046138783102,-0.21415168711945268,0.0004118033333333333,6.165333333333327e-05,7.84e-06,0.05371297563264861,0.1121632010691201,0.1482382566926512,0.0899263539740643,0.1501117536683655
2024-03-18,2160.699951171875,82.72000122070312,1.7029999494552612,5149.419921875,14.329999923706055,0.0015747582428707817,0.020518554279512564,0.02859038045884932,0.006298184238480456,-0.00556716290639392,77,Extreme Greed,56880837818899.0,414763644.00106186,-0.27996850767280995,-0.32649207070198893,0.00023326333333333334,-0.00017853999999999995,6.82e-06,-0.1393793625069457,0.11645681004172817,0.15261089734430386,0.0880505498466224,0.1482382566926512
2024-03-19,2156.300048828125,83.47000122070312,1.74399995803833,5178.509765625,13.819999694824219,-0.0020384080923120792,0.009025874969930351,0.023789929425469362,0.00563325304434312,-0.036238440258669194,79,Extreme Greed,97656981309216.0,643428441.5500805,0.5405026329757696,0.43910199345252926,0.0003985,0.00016523666666666664,6.6e-06,-0.03278982282299084,0.11455309233817487,0.15345612756961793,0.08832104687880594,0.15261089734430386
2024-03-20,2157.89990234375,81.68000030517578,1.6990000009536743,5224.6201171875,13.039999961853027,0.0007416687251718953,-0.021678122894452184,-0.026141458175087,0.008864765516360184,-0.05809524268421421,74,Greed,112064090712534.0,828346419.7473811,0.13760979818473593,0.2526206293151984,0.00022216666666666665,-0.00017633333333333333,8.39e-06,0.2399708714467348,0.15020905289985548,0.156657276878875,0.07494272083891668,0.15345612756961793
2024-03-21,2182.39990234375,81.06999969482422,1.6829999685287476,5241.52978515625,12.920000076293945,0.01128966261576579,-0.007496202357379792,-0.009461946741937635,0.003231309094528888,-0.009245049313565606,78,Extreme Greed,62047514410810.0,503717384.0530993,-0.5911704931290775,-0.4974160833574249,0.00026162666666666663,3.945999999999998e-05,7.9e-06,-0.060177761006138836,0.142881570449766,0.15748184301697304,0.07861002582767736,0.156657276878875
2024-03-22,2158.10009765625,80.62999725341797,1.659000039100647,5234.18017578125,13.0600004196167,-0.011196893703511956,-0.00544222060235778,-0.01436286173206055,-0.0014031718343267125,0.010777651718640221,75,Greed,54101243923929.0,410193409.5346907,-0.1370432743680712,-0.20538658582730143,0.00015063,-0.00011099666666666662,7.42e-06,-0.06268370229368683,0.13969352055726614,0.15798822888224373,0.0782320029774131,0.15748184301697304
2024-03-23,2158.10009765625,80.62999725341797,1.659000039100647,5234.18017578125,13.0600004196167,0.0,0.0,0.0,0.0,0.0,73,Greed,35858622768196.0,270134722.7684578,-0.41127311699209856,-0.41770797127173764,0.0001,-5.063000000000001e-05,7.31e-06,-0.014935783417601926,0.12159269063404372,0.15860579980334533,0.08301588327042343,0.15798822888224373
2024-03-24,2158.10009765625,80.62999725341797,1.659000039100647,5234.18017578125,13.0600004196167,0.0,0.0,0.0,0.0,0.0,74,Greed,29471443890225.0,220308224.99784455,-0.19616227083818044,-0.20389321921592476,0.00013913,3.913e-05,7.82e-06,0.06744128079553248,0.12275237927210347,0.15794670014328135,0.08459252704320464,0.15860579980334533
2024-03-25,2174.800048828125,81.94999694824219,1.6150000095367432,5218.18994140625,13.1899995803833,0.00770847852509448,0.016238513317663482,-0.026880072197387854,-0.0030596403820319297,0.009904778937777805,75,Greed,57625037319431.0,460795533.71167064,0.6705353581358875,0.7379268283154968,0.00037176,0.00023263,8.09e-06,0.03394417651318081,0.10643416759725895,0.1578368058502351,0.0849847233480689,0.15794670014328135
2024-03-26,2175.60009765625,81.62000274658203,1.5750000476837158,5203.580078125,13.239999771118164,0.0003678047123048936,-0.004034904322067613,-0.025079660026752947,-0.002803721982805726,0.003783598305736472,81,Extreme Greed,48160503767324.0,395652649.5894757,-0.17941788771147957,-0.1524177380345333,0.00062976,0.00025800000000000004,8.04e-06,-0.00619964787952545,0.10451019328982956,0.15825532830770714,0.08609550741848705,0.1578368058502351
2024-03-27,2190.60009765625,81.3499984741211,1.718000054359436,5248.490234375,12.779999732971191,0.006870990033479146,-0.0033135487204207707,0.08690555265020734,0.008593595582706042,-0.03536110516659866,83,Extreme Greed,38743131635708.0,305600237.52821946,-0.21758576925253212,-0.25825884429009294,0.00047984666666666667,-0.00014991333333333337,7.63e-06,-0.052341237894509264,0.04994039758958075,0.15389763341933355,0.08613301564021324,0.15825532830770714
2024-03-28,2217.39990234375,83.16999816894531,1.7630000114440918,5254.35009765625,13.010000228881836,0.012159770828042574,0.022125868956704677,0.025856054703814992,0.0011158627007616052,0.017836882062060327,80,Extreme Greed,43549323693181.0,345934844.8965742,0.11694068176636492,0.12397261323369146,0.0005913766666666667,0.00011152999999999998,8.03e-06,0.05109668266230452,0.050338375471013094,0.13981756972248452,0.08563599477139584,0.15389763341933355
2024-03-29,2217.39990234375,83.16999816894531,1.7630000114440918,5254.35009765625,13.010000228881836,0.0,0.0,0.0,0.0,0.0,79,Extreme Greed,26589149496671.0,207320498.625823,-0.4933909548353967,-0.5119845493568,0.0007214166666666666,0.00013004,7.74e-06,-0.036782840357034476,0.045480438280461465,0.13793504354775074,0.08541153191133109,0.13981756972248452
2024-03-30,2217.39990234375,83.16999816894531,1.7630000114440918,5254.35009765625,13.010000228881836,0.0,0.0,0.0,0.0,0.0,75,Greed,55196726671498.0,460764663.32097334,0.7304004331861248,0.7986215225188563,0.0010022033333333333,0.00028078666666666663,8.13e-06,0.04915923595808335,0.04698275494585132,0.13377029284431574,0.08493991446827734,0.13793504354775074
2024-03-31,2217.39990234375,83.16999816894531,1.7630000114440918,5254.35009765625,13.010000228881836,0.0,0.0,0.0,0.0,0.0,75,Greed,48324430335690.0,421508289.90105855,-0.1329664152610562,-0.08904797607316334,0.00102618,2.3976666666666738e-05,8.8e-06,0.07919079792444156,0.0493127793282157,0.1178157744452368,0.08512897748680692,0.13377029284431574
2024-04-01,2236.5,83.70999908447266,1.8370000123977661,5243.77001953125,13.649999618530273,0.008576849575533693,0.006471749870282901,0.041116903074915175,-0.0020156145269577246,0.04802118356729221,79,Extreme Greed,53469194007581.0,431751192.3228883,0.10116843828128216,0.02401003376113688,0.0005431966666666667,-0.00048298333333333335,7.92e-06,-0.10536051565782628,0.06641549410886126,0.11949582575053828,0.0836973802168447,0.1178157744452368
2024-04-02,2261.0,85.1500015258789,1.8619999885559082,5205.81005859375,14.609999656677246,0.010895049405066982,0.01705599129351878,0.013517359726837996,-0.007265388203672426,0.0679667085789778,79,Extreme Greed,56499920796429.0,408017461.62944317,0.055133561202686705,-0.0565395070280826,0.00012085999999999999,-0.0004223366666666667,7.25e-06,-0.08838973695975116,0.07391060895239483,0.10835226335890728,0.08341339988357988,0.11949582575053828
2024-04-03,2294.39990234375,85.43000030517578,1.840999960899353,5211.490234375,14.329999923706055,0.014664135564459967,0.003282905707169063,-0.011342291696614739,0.001090527523337898,-0.01935096574743714,71,Greed,43108815561442.0,305958894.26236063,-0.2705117227350698,-0.2878592111467089,0.00010243,-1.8429999999999998e-05,6.8e-06,-0.0640788566845224,0.07502957895678855,0.10469891680014401,0.08335924814509807,0.10835226335890728
2024-04-04,2288.800048828125,86.58999633789062,1.7740000486373901,5147.2099609375,16.350000381469727,-0.002443644773025144,0.013486962431428861,-0.03707196970795173,-0.01241103561926225,0.13187268415873488,70,Greed,29568166317815.0,205618846.22014347,-0.3770291932136715,-0.39742656657808184,0.00017743333333333333,7.500333333333333e-05,6.92e-06,0.01749315744751712,0.07095156776790915,0.10286910981385836,0.08417395127111747,0.10469891680014401
2024-04-05,2325.699951171875,86.91000366210938,1.784999966621399,5204.33984375,16.030000686645508,0.015993363911782323,0.0036888494189806584,0.006181485227925788,0.011038050135699558,-0.019765911218254613,79,Extreme Greed,25279617187422.0,168226087.03984937,-0.15669989410816537,-0.20071536300036474,0.00012479666666666666,-5.263666666666667e-05,6.57e-06,-0.05190193713305901,0.07172898717100279,0.10037312518389488,0.08355585879053548,0.10286910981385836
2024-04-06,2325.699951171875,86.91000366210938,1.784999966621399,5204.33984375,16.030000686645508,0.0,0.0,0.0,0.0,0.0,75,Greed,11637986935796.0,78478620.63083006,-0.7757239425747159,-0.7624825918316862,0.00013872,1.3923333333333343e-05,6.76e-06,0.028509057558353524,0.06860339670293508,0.10002712571565273,0.08364386665358063,0.10037312518389488
2024-04-07,2325.699951171875,86.91000366210938,1.784999966621399,5204.33984375,16.030000686645508,0.0,0.0,0.0,0.0,0.0,78,Extreme Greed,29093812488646.0,209713277.11970222,0.9162510386258154,0.9829150116899783,0.0001,-3.8719999999999995e-05,7.44e-06,0.09584795879012784,0.07302147974195382,0.0870505172768508,0.08268952528391023,0.10002712571565273
2024-04-08,2331.699951171875,86.43000030517578,1.843999981880188,5202.39013671875,15.1899995803833,0.002576546332762105,-0.005538301290720926,0.03251871877593392,-0.0003747011900415767,-0.05382472047334399,76,Extreme Greed,31420023960260.0,240299769.71901625,0.07691987309457932,0.13614593370288233,0.0002055733333333333,0.00010557333333333331,7.76e-06,0.04211148535012685,0.06662349276118663,0.0873892881162586,0.08235482175971592,0.0870505172768508
2024-04-09,2343.5,85.2300033569336,1.871999979019165,5209.91015625,14.979999542236328,0.005047944048811655,-0.013981317374481906,0.015070251539649507,0.0014444494736345207,-0.013921341452394936,80,Extreme Greed,31608662463212.0,230532580.20441592,0.005985816202080192,-0.041494986198196526,0.00034131333333333336,0.00013574000000000005,7.04e-06,-0.09737416402517636,0.06860174970955127,0.08896932704845806,0.08110904458990426,0.0873892881162586
2024-04-10,2329.60009765625,86.20999908447266,1.8849999904632568,5160.64013671875,15.800000190734863,-0.005948917440644637,0.011432645681132773,0.006920448993004578,-0.009501981832212592,0.053294004573997446,78,Extreme Greed,39330036039649.0,273506122.12780553,0.21855729117406703,0.17093180775350297,0.00020836,-0.00013295333333333337,7.14e-06,0.014104606181541945,0.06339478888646091,0.08825905103374096,0.08118064858597937,0.08896932704845806
2024-04-11,2354.800048828125,85.0199966430664,1.7640000581741333,5199.06005859375,14.90999984741211,0.010759197967561912,-0.013899686155501469,-0.06634382527756119,0.007417221983342437,-0.0579778335620304,76,Extreme Greed,43978083614549.0,316270958.62303114,0.11170290737285417,0.14527530418055223,0.00012620333333333332,-8.215666666666667e-05,7.31e-06,0.023530497410194036,0.06360254374982112,0.08711473373103897,0.08112253410949095,0.08825905103374096
2024-04-12,2356.199951171875,85.66000366210938,1.7699999809265137,5123.41015625,17.309999465942383,0.0005943121990892287,0.007499531492312272,0.00339554524662417,-0.014657587802248536,0.14925221979285147,79,Extreme Greed,81273747129121.0,505517514.1216105,0.6141316407089427,0.46898337481356944,0.0002750466666666667,0.00014884333333333336,5.92e-06,-0.21090682486577284,0.1040341269366618,0.09314778588697697,0.07017188779132075,0.08711473373103897
2024-04-13,2356.199951171875,85.66000366210938,1.7699999809265137,5123.41015625,17.309999465942383,0.0,0.0,0.0,0.0,0.0,72,Greed,114050482910111.0,580488659.2160509,0.33881813205292055,0.13828757972774228,0.0001,-0.00017504666666666669,5.04e-06,-0.16093036681263712,0.11493403857383079,0.09439175086071357,0.06491347172146629,0.09314778588697697
2024-04-14,2356.199951171875,85.66000366210938,1.7699999809265137,5123.41015625,17.309999465942383,0.0,0.0,0.0,0.0,0.0,72,Greed,72965938328885.0,382519741.8201549,-0.44664844889482497,-0.41709000017650016,4.9090000000000006e-05,-5.091e-05,5.44e-06,0.07637297878457396,0.11121829268599483,0.09457164416676249,0.06458655986011644,0.09439175086071357
2024-04-15,2365.800048828125,85.41000366210938,1.690999984741211,5061.81982421875,19.229999542236328,0.00406612066202905,-0.002922782104032367,-0.04565947491684348,-0.012094195787459195,0.10518719746045613,74,Greed,61354258858968.0,322142715.98047173,-0.17332814622149678,-0.17178559985314093,3.946333333333334e-05,-9.626666666666667e-06,5.09e-06,-0.06650123030541975,0.10445486570607251,0.08978328348270902,0.06264926449468916,0.09457164416676249
2024-04-16,2390.800048828125,85.36000061035156,1.7319999933242798,5051.41015625,18.399999618530273,0.010511806622644015,-0.0005856186910562605,0.023956745392988282,-0.0020586245275039964,-0.04412089191313562,65,Greed,51080552094085.0,263072364.93263814,-0.18326074827585287,-0.20256551851771043,3.648e-05,-2.983333333333336e-06,5.4e-06,0.059121123007797254,0.11168068981994426,0.0899263539740643,0.06355082918636337,0.08978328348270902
2024-04-17,2371.699951171875,82.69000244140625,1.7120000123977661,5022.2099609375,18.209999084472656,-0.00802108139040866,-0.031778908884939415,-0.011614521324665379,-0.005797375076004185,-0.010379800419449975,67,Greed,48845798368874.0,247945877.71665177,-0.04473547560870462,-0.05921865883081121,1.940666666666667e-05,-1.7073333333333335e-05,4.92e-06,-0.09309042306601185,0.11070847894201903,0.0880505498466224,0.059836936372444256,0.0899263539740643
2024-04-18,2382.300048828125,82.7300033569336,1.7569999694824219,5011.1201171875,18.0,0.004459451082454631,0.0004836285201896646,0.025945506874584426,-0.0022106017004853043,-0.01159908556727462,57,Greed,42792918615875.0,213144720.8952294,-0.13229572791826175,-0.1512391115180739,-2.3353333333333336e-05,-4.2760000000000004e-05,5.09e-06,0.03396930005821473,0.11197735427167024,0.08832104687880594,0.061968739320093384,0.0880505498466224
2024-04-19,2398.39990234375,83.13999938964844,1.7519999742507935,4967.22998046875,18.709999084472656,0.006735379565596977,0.004943592704169771,-0.0028498140186565615,-0.008797129654056974,0.03868633345731804,66,Greed,60535210837907.0,307134836.81803477,0.34685255706402157,0.36531548322330326,6.723e-05,9.058333333333334e-05,5.13e-06,0.007827828620246696,0.08812815294688914,0.07494272083891668,0.06294672210394307,0.08832104687880594
2024-04-20,2398.39990234375,83.13999938964844,1.7519999742507935,4967.22998046875,18.709999084472656,0.0,0.0,0.0,0.0,0.0,66,Greed,42504443697736.0,232102943.81749955,-0.35361656500441974,-0.280105862438478,0.0001,3.277e-05,5.8e-06,0.12275225836969562,0.07733216468723696,0.07861002582767736,0.07047230579048679,0.07494272083891668
2024-04-21,2398.39990234375,83.13999938964844,1.7519999742507935,4967.22998046875,18.709999084472656,0.0,0.0,0.0,0.0,0.0,72,Greed,54274626556283.0,320948740.943185,0.24444820709791312,0.3241004282421671,0.0001,0.0,5.95e-06,0.025533302005164626,0.07345249155562156,0.0782320029774131,0.07704813202086506,0.07861002582767736
2024-04-22,2332.199951171875,82.8499984741211,1.7910000085830688,5010.60009765625,16.940000534057617,-0.02798980048135961,-0.003494201028036716,0.022016150053744146,0.00869335115683908,-0.09938037060315114,73,Greed,78857940056448.0,510187902.61115366,0.37359117142585213,0.4634976695110978,8.829333333333334e-05,-1.1706666666666668e-05,6.88e-06,0.145227432387714,0.07875602477550998,0.08301588327042343,0.07455954242647406,0.0782320029774131
2024-04-23,2327.699951171875,83.36000061035156,1.812000036239624,5070.5498046875,15.6899995803833,-0.001931372558694458,0.006136859871728367,0.011657099749672016,0.01189356656772209,-0.07665418074960349,71,Greed,90478085165195.0,663700931.4755981,0.13745966192920608,0.26305254925491145,6.958333333333334e-05,-1.8710000000000002e-05,7.68e-06,0.11000089521432829,0.08273403353856011,0.08459252704320464,0.07457094202124535,0.08301588327042343
2024-04-24,2324.5,82.80999755859375,1.652999997138977,5071.6298828125,15.970000267028809,-0.0013756724603899396,-0.006619787763346306,-0.09183941051249919,0.00021298737793290078,0.01768843894684457,72,Greed,82980876149872.0,638274596.9571275,-0.08649749509559881,-0.03906305010747208,8.622333333333334e-05,1.6640000000000003e-05,7.24e-06,-0.05899834076195564,0.07335714287427025,0.0849847233480689,0.07440028856689467,0.08459252704320464
2024-04-25,2329.800048828125,83.56999969482422,1.6380000114440918,5048.419921875,15.369999885559082,0.0022774857931127522,0.009135802798020112,-0.009115824690578039,-0.0045869342701194095,-0.03829442884280131,72,Greed,66972584083877.0,507441065.3794128,-0.2143268305449669,-0.22938801666077557,0.0001,1.3776666666666666e-05,7.78e-06,0.07193513179267531,0.0729291628987109,0.08609550741848705,0.07409554566834735,0.0849847233480689
2024-04-26,2334.800048828125,83.8499984741211,1.6139999628067017,5099.9599609375,15.029999732971191,0.0021438073190774686,0.003344869709890436,-0.014760445613920785,0.010157381332325343,-0.022369364106276213,70,Greed,47644521046200.0,358603933.96863824,-0.3405157026723361,-0.3471620453774307,3.8656666666666665e-05,-6.134333333333335e-05,7.37e-06,-0.05413863198905502,0.08341149947496357,0.08613301564021324,0.07313564614368631,0.08609550741848705
2024-04-27,2334.800048828125,83.8499984741211,1.6139999628067017,5099.9599609375,15.029999732971191,0.0,0.0,0.0,0.0,0.0,67,Greed,38161089352248.0,268445066.3336037,-0.2219512470591691,-0.2895722331081222,4.301e-05,4.353333333333338e-06,7.21e-06,-0.02194875490438754,0.08077378170105774,0.08563599477139584,0.07262007012699509,0.08613301564021324
2024-04-28,2334.800048828125,83.8499984741211,1.6139999628067017,5099.9599609375,15.029999732971191,0.0,0.0,0.0,0.0,0.0,65,Greed,33633020643574.0,250514538.9425634,-0.12630805151066307,-0.069129339824329,6.649333333333334e-05,2.3483333333333333e-05,7.23e-06,0.0027700848738156096,0.08148968930003338,0.08541153191133109,0.07365604554479416,0.08563599477139584
2024-04-29,2345.39990234375,82.62999725341797,2.0299999713897705,5116.169921875,14.670000076293945,0.004529666146779777,-0.014656692597930232,0.22932023215640493,0.0031734080766393944,-0.0242435886429269,67,Greed,40463083634790.0,285581303.00033814,0.18488170161089962,0.1310098041058135,7.908666666666668e-05,1.259333333333334e-05,7.35e-06,0.01646127705407193,0.06301220002144314,0.08493991446827734,0.07620224487253488,0.08541153191133109
2024-04-30,2291.39990234375,81.93000030517578,1.9910000562667847,5035.68994140625,15.649999618530273,-0.02329297954868033,-0.008507549595007585,-0.019398725617362993,-0.015855551118928123,0.0646662952555313,67,Greed,56580180799243.0,389954174.54387265,0.33526871809083725,0.3115024684129643,1.2366666666666678e-06,-7.785000000000001e-05,6.67e-06,-0.097080453297213,0.05617137153682387,0.08512897748680692,0.07332134006904917,0.08493991446827734
2024-05-01,2299.89990234375,79.0,1.9320000410079956,5018.39013671875,15.390000343322754,0.0037026594091494527,-0.03641737541153739,-0.03008129632662707,-0.0034413534856316866,-0.01675292245214082,54,Neutral,70904265766380.0,460233597.38878304,0.2256718363552186,0.16570494994605825,-1.5479999999999994e-05,-1.6716666666666662e-05,6.98e-06,0.04542905684674891,0.05797037617000581,0.0836973802168447,0.07362755676360036,0.08512897748680692
2024-05-02,2299.199951171875,78.94999694824219,2.0350000858306885,5064.2001953125,14.680000305175781,-0.0003043861623244103,-0.0006331504196816675,0.05194010405580334,0.009087024725084856,-0.047231926184048506,43,Fear,63840885464238.0,472355219.80568725,-0.10493677458636955,0.025997105873662368,0.0001,0.00011548,7.54e-06,0.07717326524558366,0.059154108733458534,0.08341339988357988,0.07386389898709295,0.0836973802168447
2024-05-03,2299.0,78.11000061035156,2.1419999599456787,5127.7900390625,13.489999771118164,-8.696932457233537e-05,-0.010696604611133635,0.05124409225426044,0.012478557659508005,-0.08453739072202397,48,Neutral,59057894969780.0,468630864.6218192,-0.07787558965060874,-0.007915897361859754,0.0001,0.0,8.08e-06,0.06916969051313937,0.060250177774257486,0.08335924814509807,0.07364262031152012,0.08341339988357988
2024-05-04,2299.0,78.11000061035156,2.1419999599456787,5127.7900390625,13.489999771118164,0.0,0.0,0.0,0.0,0.0,67,Greed,53432374623264.0,461551096.20943314,-0.10010140483440186,-0.0152226240137904,0.0001,0.0,8.67e-06,0.07047691825944644,0.06139571265117881,0.08417395127111747,0.07323834577318432,0.08335924814509807
2024-05-05,2299.0,78.11000061035156,2.1419999599456787,5127.7900390625,13.489999771118164,0.0,0.0,0.0,0.0,0.0,69,Greed,34623526948606.0,294346434.287404,-0.4338834080122331,-0.4498353439463876,0.0001,0.0,8.53e-06,-0.016279429288862723,0.06301553175783942,0.08355585879053548,0.07309632475111352,0.08417395127111747
2024-05-06,2321.60009765625,78.4800033569336,2.194999933242798,5180.740234375,13.489999771118164,0.00978239943094232,0.004725760595283706,0.02444206278776975,0.010273173691247842,0.0,71,Greed,51503640694845.0,446212801.80307055,0.3971190776728624,0.4160385507673777,0.0001,0.0,8.35e-06,-0.02132782264082364,0.0653081313084798,0.08364386665358063,0.07273295097567821,0.08355585879053548
2024-05-07,2315.199951171875,78.37999725341797,2.2070000171661377,5187.7001953125,13.229999542236328,-0.002760589407145369,-0.0012751003018784941,0.005452118938810627,0.0013425282288256131,-0.019461709726451316,68,Greed,34538351326553.0,285166107.70425403,-0.3995821589898812,-0.4477241277785258,0.0001,0.0,7.89e-06,-0.056665404004981136,0.054269323345447526,0.08268952528391023,0.0716636086058492,0.08364386665358063
2024-05-08,2313.60009765625,78.98999786376953,2.187000036239624,5187.669921875,13.0,-0.0006912606128823438,0.0077524774024004825,-0.009103376787537407,-5.835635193424912e-06,-0.01753758606489831,64,Greed,33783010434017.0,267540451.84533843,-0.022112313047936868,-0.06380106778194423,0.0001,0.0,7.96e-06,0.008832864998508664,0.05361936882702068,0.08235482175971592,0.07578270116819914,0.08268952528391023
2024-05-09,2332.10009765625,79.26000213623047,2.3010001182556152,5214.080078125,12.6899995803833,0.007964395898361993,0.0034123795824652194,0.05081310418126414,0.005078032639106711,-0.02413510880196279,55,Greed,43251024265128.0,358971919.85602045,0.24706288929115,0.29397339100294295,0.0001,0.0,8.53e-06,0.06916036164729616,0.052232289434438285,0.08110904458990426,0.07612204830329007,0.08235482175971592
2024-05-10,2367.300048828125,78.26000213623047,2.252000093460083,5222.68017578125,12.550000190734863,0.01498089474872309,-0.012696970635629665,-0.021525110667999448,0.001648040080166728,-0.011093567883784123,66,Greed,37029559188810.0,314200980.56555194,-0.15530442483742415,-0.13321132110877637,0.0001,0.0,8.41e-06,-0.014167887518730878,0.047838015153431494,0.08118064858597937,0.07631052463001842,0.08110904458990426
2024-05-11,2367.300048828125,78.26000213623047,2.252000093460083,5222.68017578125,12.550000190734863,0.0,0.0,0.0,0.0,0.0,53,Neutral,29020274937837.0,250890490.3946952,-0.24372176919836225,-0.22501629596912257,8.405666666666668e-05,-1.5943333333333327e-05,8.52e-06,0.01299486685636746,0.03898316303971246,0.08112253410949095,0.07733402784809823,0.08118064858597937
2024-05-12,2367.300048828125,78.26000213623047,2.252000093460083,5222.68017578125,12.550000190734863,0.0,0.0,0.0,0.0,0.0,56,Greed,21347505480927.0,186551873.4380796,-0.3070598279448352,-0.29630720851120407,-1.649999999999995e-06,-8.570666666666668e-05,8.76e-06,0.027779564107075886,0.039931585668393624,0.07017188779132075,0.07765550643154746,0.08112253410949095
2024-05-13,2336.10009765625,79.12000274658203,2.38100004196167,5221.419921875,13.600000381469727,-0.013267171767020015,0.010929077949739378,0.055701833349906416,-0.00024133317386520824,0.08034914001546065,57,Greed,89105690987820.0,865321857.9911615,1.4288883108066637,1.5343921857179321,1.8963333333333335e-05,2.061333333333333e-05,9.92e-06,0.1243570163484813,0.05836307798033251,0.06491347172146629,0.07489542592940328,0.07017188779132075
2024-05-14,2353.39990234375,78.0199966430664,2.3440001010894775,5246.68017578125,13.420000076293945,0.007378135479851928,-0.014000560976655058,-0.015661670286598987,0.004826148527454041,-0.013323683562621993,66,Greed,98218036398259.0,1041243394.8369652,0.09736666418430223,0.1850693220803271,7.525666666666667e-05,5.629333333333333e-05,1.057e-05,0.06346687858536497,0.047044738042685955,0.06458655986011644,0.0768909327332603,0.06491347172146629
2024-05-15,2388.699951171875,78.62999725341797,2.4159998893737793,5308.14990234375,12.449999809265137,0.014888214910604233,0.007788110021032777,0.030254319441893322,0.01164782778729962,-0.07502552963798141,64,Greed,74655396464317.0,807750959.9377705,-0.2743070569542435,-0.2539170568536239,-4.2166666666666664e-05,-0.00011742333333333334,1.05e-05,-0.006644542718668724,0.04916686684189411,0.06264926449468916,0.07742071435944359,0.06458655986011644
2024-05-16,2380.0,79.2300033569336,2.494999885559082,5297.10009765625,12.420000076293945,-0.0036487767790969396,0.00760178627366133,0.03217544905180873,-0.0020838374740880464,-0.0024125249424847843,70,Greed,40854212814571.0,417009627.39372915,-0.602872866720008,-0.6611444843059734,6.427666666666667e-05,0.00010644333333333333,1.003e-05,-0.04579465518963343,0.05631248372647571,0.06355082918636337,0.07715967329428863,0.06264926449468916
2024-05-17,2412.199951171875,80.05999755859375,2.625999927520752,5303.27001953125,11.989999771118164,0.013438686241467436,0.010421265723094177,0.05117306494459885,0.0011640956878937513,-0.03523513269813392,74,Greed,27361999292881.0,277342649.54184765,-0.4008547812094436,-0.40785556512051885,5.914666666666667e-05,-5.130000000000007e-06,1.018e-05,0.014844409148532495,0.05413436271122085,0.059836936372444256,0.07737248337388847,0.06355082918636337
2024-05-18,2412.199951171875,80.05999755859375,2.625999927520752,5303.27001953125,11.989999771118164,0.0,0.0,0.0,0.0,0.0,73,Greed,24598030114676.0,239269580.9176269,-0.10648880056199349,-0.14766287378689952,4.143666666666667e-05,-1.7709999999999998e-05,9.54e-06,-0.06493152566218154,0.06456978382295127,0.061968739320093384,0.078610834959318,0.059836936372444256
2024-05-19,2412.199951171875,80.05999755859375,2.625999927520752,5303.27001953125,11.989999771118164,0.0,0.0,0.0,0.0,0.0,72,Greed,19693270854641.0,181567372.49455655,-0.22238936668364465,-0.2759640867550355,1.5500000000000007e-05,-2.5936666666666662e-05,9.16e-06,-0.04064730677415629,0.06762379873697766,0.06294672210394307,0.07827333661810326,0.061968739320093384
2024-05-20,2433.89990234375,79.80000305175781,2.750999927520752,5308.1298828125,12.149999618530273,0.008955695038778591,-0.0032527803713785952,0.04650270731595106,0.0009159703084911664,0.013256188439843044,70,Greed,53107161315897.0,540917299.5656035,0.9920347874514441,1.0916396181486876,7.156666666666667e-05,5.6066666666666656e-05,1.141e-05,0.21964398518794528,0.09806800199227336,0.07047230579048679,0.06741238209803506,0.06294672210394307
2024-05-21,2421.699951171875,79.26000213623047,2.6710000038146973,5321.41015625,11.859999656677246,-0.005025116242057949,-0.006789927983864295,-0.029511520039913013,0.0024987497668926086,-0.024157773768248323,76,Extreme Greed,95181564815565.0,1166206060.8630183,0.5834744922893887,0.7682446745851789,0.00029252333333333337,0.0002209566666666667,1.384e-05,0.19307278631553923,0.11787809497731473,0.07704813202086506,0.056883499618390156,0.07047230579048679
2024-05-22,2389.199951171875,77.56999969482422,2.8420000076293945,5307.009765625,12.289999961853027,-0.01351119128257647,-0.02155286414589558,0.06205509680341045,-0.0027097912093521476,0.03561455585241666,76,Extreme Greed,69254147028874.0,935956693.1436492,-0.3180032479821065,-0.21994186848056374,0.00025245333333333335,-4.0070000000000014e-05,1.338e-05,-0.03380189548944103,0.1200388690954028,0.07455954242647406,0.057243242500128806,0.07704813202086506
2024-05-23,2335.0,76.87000274658203,2.6570000648498535,5267.83984375,12.770000457763672,-0.02294667031813439,-0.00906503147732145,-0.0673103411745777,-0.007408162283471933,0.038312785417210074,76,Extreme Greed,95688044072650.0,1359575473.5373785,0.3233103311661628,0.3733585707915563,0.0001033,-0.00014915333333333333,1.494e-05,0.11028112500458875,0.11706983492502354,0.07457094202124535,0.0529550935775455,0.07455954242647406
2024-05-24,2332.5,77.72000122070312,2.5199999809265137,5304.72021484375,11.930000305175781,-0.0010712373814988035,0.010996921124401168,-0.05293879723035906,0.0069766490766732595,-0.06804244420089076,74,Greed,44374876804604.0,628882225.3071529,-0.7684198877766195,-0.770983780186303,0.00011962666666666666,1.632666666666666e-05,1.415e-05,-0.05432755561542461,0.1239318562669815,0.07440028856689467,0.05272162956643324,0.07457094202124535
2024-05-25,2332.5,77.72000122070312,2.5199999809265137,5304.72021484375,11.930000305175781,0.0,0.0,0.0,0.0,0.0,76,Extreme Greed,43211670065585.0,652623743.3152981,-0.026562872381675103,0.037056768140655894,0.00023508,0.00011545333333333334,1.497e-05,0.05633357434229045,0.11372649833068092,0.07409554566834735,0.051956040289907336,0.07440028856689467
2024-05-26,2332.5,77.72000122070312,2.5199999809265137,5304.72021484375,11.930000305175781,0.0,0.0,0.0,0.0,0.0,75,Greed,47622342552196.0,745292596.6780031,0.09719143328528873,0.13277612234917222,0.0002226,-1.2480000000000016e-05,1.603e-05,0.06841376818992459,0.10399673643359501,0.07313564614368631,0.055983223255518716,0.07409554566834735
2024-05-27,2332.5,77.72000122070312,2.5199999809265137,5304.72021484375,11.930000305175781,0.0,0.0,0.0,0.0,0.0,74,Greed,49604669541424.0,829323421.1823446,0.04078294081887442,0.10683332467563163,0.00011148333333333334,-0.00011111666666666665,1.671e-05,0.04154537598584079,0.0839835200139365,0.07262007012699509,0.05528683401741587,0.07313564614368631
2024-05-28,2355.199951171875,79.83000183105469,2.5899999141693115,5306.0400390625,12.920000076293945,0.0096849750810076,0.026786756378970412,0.027398948617695804,0.00024877090688591537,0.07972024256920057,72,Greed,49081470985205.0,796168278.7164603,-0.010603382712657941,-0.040799644244891686,0.00020802000000000003,9.65366666666667e-05,1.6e-05,-0.04341862036752123,0.0641826156161319,0.07365604554479416,0.05496861790300787,0.07262007012699509
2024-05-29,2340.300048828125,79.2300033569336,2.493000030517578,5266.9501953125,14.279999732971191,-0.0063464816760843545,-0.00754433924800599,-0.03817102578945623,-0.007394317215742535,0.10008343395238188,72,Greed,42059144267696.0,645083792.1019356,-0.15440476601334627,-0.2104303503303667,0.00030649999999999997,9.847999999999994e-05,1.476e-05,-0.08066790306745482,0.07269726439335629,0.07620224487253488,0.055102619516123344,0.07365604554479416
2024-05-30,2342.89990234375,77.91000366210938,2.572000026702881,5235.47998046875,14.470000267028809,0.001110289464388048,-0.016800695999504067,0.03119699997479177,-0.005992957535754186,0.013217620885411141,73,Greed,57687172903462.0,815578561.2020595,0.31595801754722425,0.23451753383914387,0.00022929333333333336,-7.72066666666666e-05,1.442e-05,-0.02330468731552338,0.05956470719928992,0.07332134006904917,0.055113996833974735,0.07620224487253488
2024-05-31,2322.89990234375,76.98999786376953,2.5869998931884766,5277.509765625,12.920000076293945,-0.00857307357068379,-0.011878845804020198,0.005815045158577769,0.007995824231928897,-0.1133010548377929,73,Greed,41132651922170.0,618869878.7208346,-0.33823258534678496,-0.27600271392859027,0.00010979,-0.00011950333333333336,1.542e-05,0.0670492362783806,0.06049210385417861,0.07362755676360036,0.05452423596622033,0.07332134006904917
2024-06-01,2322.89990234375,76.98999786376953,2.5869998931884766,5277.509765625,12.920000076293945,0.0,0.0,0.0,0.0,0.0,72,Greed,22402843643376.0,342201099.63199854,-0.6076143575856408,-0.5924964636323024,0.00016711666666666667,5.732666666666667e-05,1.486e-05,-0.036992328845570424,0.05943949252370275,0.07386389898709295,0.0546582450029741,0.07362755676360036
2024-06-02,2322.89990234375,76.98999786376953,2.5869998931884766,5277.509765625,12.920000076293945,0.0,0.0,0.0,0.0,0.0,73,Greed,29232957814140.0,425280412.27604157,0.26610886587634996,0.21735017007502755,0.00028925666666666664,0.00012213999999999997,1.463e-05,-0.015598824257580147,0.05095073874778219,0.07364262031152012,0.054643177395825686,0.07386389898709295
2024-06-03,2346.60009765625,74.22000122070312,2.75600004196167,5283.39990234375,13.109999656677246,0.010151150585457774,-0.036641843463558636,0.06328150646088464,0.0011154602235352391,0.014598767328195046,73,Greed,30425080580827.0,456149619.5372945,0.03997052233205134,0.07007212377045707,0.0001824433333333333,-0.00010681333333333333,1.444e-05,-0.013072081567352775,0.04503419180238827,0.07323834577318432,0.05715000668909485,0.07364262031152012
2024-06-04,2325.5,73.25,2.5859999656677246,5291.33984375,13.15999984741211,-0.009032443941432378,-0.013155424182366147,-0.06366810130352463,0.0015016810037827531,0.0038066427145914943,73,Greed,26839601587273.0,385112520.56834435,-0.12538881937514468,-0.1692853159131903,0.00012276333333333334,-5.967999999999997e-05,1.436e-05,-0.005555569844602105,0.044137745177257985,0.07309632475111352,0.06161224605236222,0.07323834577318432
2024-06-05,2354.10009765625,74.06999969482422,2.756999969482422,5354.02978515625,12.630000114440918,0.012223460620860391,0.011132340007921552,0.06403085389907728,0.011778015849957281,-0.04110696887890819,75,Greed,28633734298365.0,416204833.57531446,0.06470707565739568,0.07764197467579678,0.00012402,1.2566666666666575e-06,1.458e-05,0.015204162960433957,0.03430710958973061,0.07273295097567821,0.06137459586614209,0.07309632475111352
2024-06-06,2370.300048828125,75.55000305175781,2.821000099182129,5352.9599609375,12.579999923706055,0.00685801971176186,0.019784141207531986,0.02294834620582441,-0.00019983660163685183,-0.003966700215845465,78,Extreme Greed,19383101403238.0,284845712.01350695,-0.3901839188735475,-0.37922985515650187,0.00022904999999999998,0.00010502999999999999,1.434e-05,-0.016597891409037713,0.03369306202905625,0.0716636086058492,0.064339558573593,0.07273295097567821
2024-06-07,2305.199951171875,75.52999877929688,2.9179999828338623,5346.990234375,12.220000267028809,-0.027849130615993235,-0.0002648169491050799,0.033806977039391596,-0.0011158420502790662,-0.029034269612359193,77,Extreme Greed,43743827453297.0,578326380.8890972,0.8139488912823273,0.7081907097996114,0.00017748000000000002,-5.156999999999997e-05,1.278e-05,-0.11517138622208563,0.04192664478711074,0.07578270116819914,0.066243093340149,0.0716636086058492
2024-06-08,2305.199951171875,75.52999877929688,2.9179999828338623,5346.990234375,12.220000267028809,0.0,0.0,0.0,0.0,0.0,72,Greed,26890084859231.0,338147988.4821833,-0.4865928900009611,-0.5366547467161583,0.0001,-7.748000000000001e-05,1.211e-05,-0.05384989138438784,0.04307627286723506,0.07612204830329007,0.06820915704910471,0.07578270116819914
2024-06-09,2305.199951171875,75.52999877929688,2.9179999828338623,5346.990234375,12.220000267028809,0.0,0.0,0.0,0.0,0.0,75,Greed,22388863768983.0,277746435.5008921,-0.18319394399822259,-0.19677504044976823,0.0001,0.0,1.276e-05,0.05228372035164301,0.05312624671124438,0.07631052463001842,0.06721229710688614,0.07612204830329007
2024-06-10,2307.699951171875,77.73999786376953,2.9059998989105225,5360.7900390625,12.739999771118164,0.0010839169709689002,0.02883998578138424,-0.004120913856128262,0.002577529978240972,0.041672656583176315,72,Greed,20351015044522.0,256032269.3616133,-0.0954328920866191,-0.08140510622779897,0.0001,0.0,1.208e-05,-0.054764085409974995,0.054597350462565405,0.07733402784809823,0.06685452970977006,0.07631052463001842
2024-06-11,2307.5,77.9000015258789,3.128999948501587,5375.31982421875,12.850000381469727,-8.664897474244984e-05,0.0020560745194554914,0.07393591786669747,0.0027067148552095224,0.008597208849178589,74,Greed,39729739078490.0,482636110.52080446,0.6689692124551003,0.6339594866120944,0.0001,0.0,1.274e-05,0.0531954576373484,0.062164429424370365,0.07765550643154746,0.06596084857446304,0.07733402784809823
2024-06-12,2336.0,78.5,3.0450000762939453,5421.02978515625,12.039999961853027,0.012275377571110555,0.007672652323997818,-0.02721252201097664,0.008467720241887338,-0.06510940431526659,72,Greed,44850857156380.0,592154437.4610739,0.12124269750969055,0.20450449961038036,0.0001,0.0,1.321e-05,0.03622746839021663,0.06445103726135845,0.07489542592940328,0.06535016646080855,0.07765550643154746
2024-06-13,2300.199951171875,78.62000274658203,2.9590001106262207,5433.740234375,11.9399995803833,-0.015444010517410593,0.0015275301402533966,-0.028649515412917312,0.00234191143711672,-0.008340363891643488,70,Greed,29109550108998.0,360421189.9079718,-0.43227639716998945,-0.4964941554190216,0.0001,0.0,1.192e-05,-0.10275645689703039,0.07270654457580385,0.0768909327332603,0.06318659316427644,0.07489542592940328
2024-06-14,2331.39990234375,78.44999694824219,2.88100004196167,5431.60009765625,12.65999984741211,0.013472849167638714,-0.0021647146502484236,-0.02671394013706729,-0.00039393828099749413,0.058553331842595924,74,Greed,35209484714436.0,403903593.4199173,0.19024919564584625,0.11390289980281874,0.0001,0.0,1.138e-05,-0.04636023293901886,0.06266281217975032,0.07742071435944359,0.06402210808956092,0.0768909327332603
2024-06-15,2331.39990234375,78.44999694824219,2.88100004196167,5431.60009765625,12.65999984741211,0.0,0.0,0.0,0.0,0.0,74,Greed,19846822573364.0,236416288.99015453,-0.5732715759735103,-0.5355820318199036,7.586000000000001e-05,-2.4139999999999996e-05,1.185e-05,0.040470438882955415,0.06344761989170822,0.07715967329428863,0.07466410769548877,0.07742071435944359
2024-06-16,2331.39990234375,78.44999694824219,2.88100004196167,5431.60009765625,12.65999984741211,0.0,0.0,0.0,0.0,0.0,71,Greed,16817658513145.0,202227349.83269653,-0.1656144860882614,-0.15620162878713464,9.723333333333333e-05,2.137333333333332e-05,1.231e-05,0.03808407261522201,0.06158132146625707,0.07737248337388847,0.07614731357348081,0.07715967329428863
2024-06-17,2312.39990234375,80.33000183105469,2.7880001068115234,5473.22998046875,12.75,-0.008182999621581656,0.023681732701511034,-0.032812939457918244,0.007635164372320518,0.007083866941161012,71,Greed,31595171599050.0,365133632.03607434,0.6305748750584842,0.5908708430173262,9.474e-05,-2.4933333333333253e-06,1.117e-05,-0.0971803271152529,0.06892790472287423,0.078610834959318,0.07470368195081946,0.07737248337388847
2024-06-18,2330.39990234375,81.56999969482422,2.9089999198913574,5487.02978515625,12.300000190734863,0.007753980763100305,0.01531837059133567,0.042484820765417666,0.0025181541815171163,-0.035931993719163995,74,Greed,48551165700705.0,508936506.3432026,0.42961389334255157,0.3320598650652388,7.461333333333333e-05,-2.012666666666667e-05,1.096e-05,-0.01897933156123982,0.06281927286253565,0.07827333661810326,0.07461278281416618,0.078610834959318
2024-06-19,2330.39990234375,81.56999969482422,2.9089999198913574,5487.02978515625,12.300000190734863,0.0,0.0,0.0,0.0,0.0,64,Greed,30604465296456.0,350877370.8683358,-0.46147228172913024,-0.37188647513504663,9.584333333333334e-05,2.1230000000000012e-05,1.136e-05,0.03584613177313588,0.06276100742775016,0.06741238209803506,0.07596083859532818,0.07827333661810326
2024-06-20,2353.800048828125,82.16999816894531,2.740999937057495,5473.169921875,13.279999732971191,0.009991179448078678,0.007328706088144798,-0.059486557617545614,-0.0025291273954115403,0.07665984605542543,60,Greed,34090137883014.0,392263511.9186461,0.10786220778475783,0.11149704655497884,4.882666666666667e-05,-4.701666666666667e-05,1.099e-05,-0.033112644877475284,0.052409425931894564,0.056883499618390156,0.07604280769388123,0.06741238209803506
2024-06-21,2316.39990234375,80.7300033569336,2.7049999237060547,5464.6201171875,13.199999809265137,-0.016016849994939065,-0.017679954670203727,-0.013220910263653346,-0.0015633517188252497,-0.006042308797982368,63,Greed,30628265184876.0,342530434.42549396,-0.10708484935466939,-0.13557332484021029,7.014333333333333e-05,2.131666666666666e-05,1.141e-05,0.03750439545845427,0.05272486118637172,0.057243242500128806,0.07586218892390158,0.056883499618390156
2024-06-22,2316.39990234375,80.7300033569336,2.7049999237060547,5464.6201171875,13.199999809265137,0.0,0.0,0.0,0.0,0.0,53,Neutral,12932477620868.0,147712918.57153243,-0.8621814890259517,-0.8410898627391905,9.747e-05,2.732666666666667e-05,1.143e-05,0.0017513139327351016,0.049765507266452756,0.0529550935775455,0.07645982639313402,0.057243242500128806
2024-06-23,2316.39990234375,80.7300033569336,2.7049999237060547,5464.6201171875,13.199999809265137,0.0,0.0,0.0,0.0,0.0,55,Greed,17160498841381.0,195123308.4453809,0.2828683712105599,0.27836105906426634,0.0001,2.5300000000000046e-06,1.092e-05,-0.04564550748996038,0.0476584103467214,0.05272162956643324,0.07644335264856938,0.0529550935775455
2024-06-24,2330.0,81.62999725341797,2.811000108718872,5447.8701171875,13.329999923706055,0.005854053366742159,0.011086512827385236,0.03843844650696162,-0.0030698791558664423,0.009800313324426333,51,Neutral,38554522561955.0,412557112.7962098,0.8094632462626543,0.7487429417381783,8.308333333333334e-05,-1.6916666666666667e-05,1.131e-05,0.03509131981126998,0.03522310767744531,0.051956040289907336,0.07639380398166243,0.05272162956643324
2024-06-25,2316.60009765625,80.83000183105469,2.75600004196167,5469.2998046875,12.84000015258789,-0.0057676319065113404,-0.009848601417630847,-0.01975996222363866,0.003925873679181344,-0.03745181832153341,30,Fear,40507406017830.0,494596505.7797808,0.04941141212207756,0.18136763886850477,8.758666666666667e-05,4.503333333333328e-06,1.285e-05,0.12765652121319973,0.05742590731691939,0.055983223255518716,0.07349087674439805,0.051956040289907336
2024-06-26,2299.199951171875,80.9000015258789,2.628000020980835,5477.89990234375,12.550000190734863,-0.0075394205654809275,0.0008656365268328098,-0.04755725977104267,0.0015711962247204525,-0.022844629369817324,46,Fear,27000614561598.0,341692241.59781164,-0.4056251947466155,-0.3698318367627057,0.0001,1.2413333333333339e-05,1.254e-05,-0.024420276136454193,0.05960752711209609,0.05528683401741587,0.07393070140722786,0.055983223255518716
2024-06-27,2324.5,81.73999786376953,2.684999942779541,5482.8701171875,12.239999771118164,0.010943747042885628,0.010329609075931839,0.021457598043730836,0.0009069098567990731,-0.025011422391106403,40,Fear,22687560654448.0,281326337.79415786,-0.174042841790168,-0.19439511360191286,0.0001,0.0,1.26e-05,0.0047732787526575905,0.056228542878109536,0.05496861790300787,0.07393741132951538,0.05528683401741587
2024-06-28,2327.699951171875,81.54000091552734,2.6010000705718994,5460.47998046875,12.4399995803833,0.0013756724603899051,-0.0024497433826135406,-0.03178469305055309,-0.0040920134623695995,0.016207795195103535,47,Neutral,20016829059199.0,242656170.19556007,-0.12524341280491905,-0.14786983605367626,0.0001,0.0,1.159e-05,-0.08355415660577191,0.06730477778078615,0.055102619516123344,0.07235395183100032,0.05496861790300787
2024-06-29,2327.699951171875,81.54000091552734,2.6010000705718994,5460.47998046875,12.4399995803833,0.0,0.0,0.0,0.0,0.0,30,Fear,10030622274836.0,116733129.70554914,-0.6909307312819888,-0.7317551171065352,8.062000000000001e-05,-1.9379999999999994e-05,1.131e-05,-0.024455367223631355,0.06806085959717291,0.055113996833974735,0.07220180051987334,0.055102619516123344
2024-06-30,2327.699951171875,81.54000091552734,2.6010000705718994,5460.47998046875,12.4399995803833,0.0,0.0,0.0,0.0,0.0,47,Neutral,18695728858936.0,211573300.9168589,0.622652453098208,0.5946811280837366,7.298e-05,-7.640000000000015e-06,1.193e-05,0.05336894598179555,0.06764668050916421,0.05452423596622033,0.07192474567357382,0.055113996833974735
2024-07-01,2327.60009765625,83.37999725341797,2.4779999256134033,5475.08984375,12.220000267028809,-4.2898852745440194e-05,0.02231473089305164,-0.04844426041097068,0.0026719909814295235,-0.017843077984553226,53,Neutral,17262734636768.0,201787709.74662754,-0.0797449835820533,-0.04735531195541821,4.1036666666666666e-05,-3.194333333333333e-05,1.142e-05,-0.043690031881960405,0.06980731072514852,0.0546582450029741,0.07161023514604661,0.05452423596622033
2024-07-02,2323.0,82.80999755859375,2.434999942779541,5509.009765625,12.029999732971191,-0.0019782819678747557,-0.006859641948526388,-0.017505020152755044,0.0061762057711850496,-0.015670467805554818,51,Neutral,15893287660534.0,180181635.45486864,-0.08265325054819106,-0.11325077496052444,9.330666666666667e-05,5.2270000000000006e-05,1.133e-05,-0.007912129187949285,0.042336211794004125,0.054643177395825686,0.07216086067530873,0.0546582450029741
2024-07-03,2359.800048828125,83.87999725341797,2.4179999828338623,5537.02001953125,12.09000015258789,0.01571743658704651,0.01283837572594993,-0.007005987942102696,0.0050715622695336636,0.0049751694580224505,50,Neutral,26207966498875.0,274335065.8790496,0.500166569014419,0.4203847994998067,-2.2283333333333337e-05,-0.00011559000000000001,1.025e-05,-0.10017636945549774,0.052675731671294794,0.05715000668909485,0.07317887686287414,0.054643177395825686
2024-07-04,2359.800048828125,83.87999725341797,2.4179999828338623,5537.02001953125,12.09000015258789,0.0,0.0,0.0,0.0,0.0,44,Fear,40379008475124.0,382996484.42476785,0.4322466283411361,0.33367558262541014,-1.626666666666666e-05,6.016666666666676e-06,8.93e-06,-0.13786131069600963,0.06391055969921282,0.06161224605236222,0.07013524053637755,0.05715000668909485
2024-07-05,2388.5,83.16000366210938,2.319000005722046,5567.18994140625,12.479999542236328,0.012088663472560882,-0.008620666262815612,-0.041804684352431114,0.00543397436096954,0.03174864901379818,29,Fear,71767549724139.0,601924444.5825353,0.5751223624571226,0.45210612000322,-4.914e-05,-3.287333333333334e-05,8.89e-06,-0.00448934536259444,0.06381020839259866,0.06137459586614209,0.0710157408149238,0.06161224605236222
2024-07-06,2388.5,83.16000366210938,2.319000005722046,5567.18994140625,12.479999542236328,0.0,0.0,0.0,0.0,0.0,26,Fear,28622652113000.0,265840344.14328095,-0.919233983932402,-0.8172360114982239,-4.413333333333333e-06,4.4726666666666666e-05,9.72e-06,0.08925856894653458,0.08017584028170303,0.064339558573593,0.07305609586597687,0.06137459586614209
2024-07-07,2388.5,83.16000366210938,2.319000005722046,5567.18994140625,12.479999542236328,0.0,0.0,0.0,0.0,0.0,29,Fear,26661410961718.0,241963418.22380352,-0.07098119861149922,-0.09410936823015663,0.0001,0.00010441333333333334,8.4e-06,-0.14595391262307983,0.08437980354019085,0.066243093340149,0.07088290557134093,0.064339558573593
2024-07-08,2355.199951171875,82.33000183105469,2.365999937057495,5572.85009765625,12.369999885559082,-0.01403992502750996,-0.010030923475955026,0.020064678212418956,0.0010161824764044329,-0.00885314910859194,28,Fear,58675232895782.0,513075019.9626894,0.7888004733342412,0.7516355218573529,-9.313333333333334e-05,-0.00019313333333333333,9.15e-06,0.08552217343816214,0.09890355374512574,0.06820915704910471,0.0693742895538219,0.066243093340149
2024-07-09,2360.10009765625,81.41000366210938,2.3440001010894775,5576.97998046875,12.510000228881836,0.002078403578812869,-0.011237422981347668,-0.009341824111600837,0.0007407974780654752,0.011254165621822165,27,Fear,27715642214951.0,254656486.28993458,-0.7500207562693645,-0.7005065478250337,-0.00012411,-3.0976666666666664e-05,9.08e-06,-0.007679686674228186,0.09891289391123034,0.06721229710688614,0.07696247180878432,0.06820915704910471
2024-07-10,2372.199951171875,82.0999984741211,2.3289999961853027,5633.91015625,12.850000381469727,0.00511374163037859,0.008439837303350642,-0.0064199255773836,0.010156314878105886,0.026815498252858585,28,Fear,25208841860990.0,231396183.44090214,-0.0948021542331231,-0.09578420311547234,1.2296666666666669e-05,0.00013640666666666666,9.21e-06,0.014215657654013607,0.09507491470692417,0.06685452970977006,0.07706822513307109,0.06721229710688614
2024-07-11,2415.0,82.62000274658203,2.2679998874664307,5584.5400390625,12.920000076293945,0.017881513074975274,0.006313817339398577,-0.02654065301676331,-0.008801649969266724,0.0054326632319714845,29,Fear,27602252666939.0,257046490.36012733,0.09070258728248765,0.10512564359575646,0.0001,8.770333333333333e-05,8.89e-06,-0.03536280074140228,0.0797000043114035,0.06596084857446304,0.07683311575671023,0.06685452970977006
2024-07-12,2414.0,82.20999908447266,2.3289999961853027,5615.35009765625,12.460000038146973,-0.0004141644291962591,-0.004974877184572584,0.026540653016763362,0.00550186402496512,-0.03625298783869797,25,Extreme Fear,26258889103386.0,226685579.14731485,-0.04989282353533385,-0.1256930214423976,-6.141333333333334e-05,-0.00016141333333333333,8.69e-06,-0.02275411024851253,0.08014471742869803,0.06535016646080855,0.07835235127189595,0.06596084857446304
2024-07-13,2414.0,82.20999908447266,2.3289999961853027,5615.35009765625,12.460000038146973,0.0,0.0,0.0,0.0,0.0,25,Extreme Fear,14146981339080.0,123404945.4931154,-0.6185032958211953,-0.6080927558381085,-9.963333333333333e-06,5.1450000000000004e-05,8.68e-06,-0.0011514106050418138,0.06930344840547456,0.06318659316427644,0.0792568450874579,0.06535016646080855
2024-07-14,2414.0,82.20999908447266,2.3289999961853027,5615.35009765625,12.460000038146973,0.0,0.0,0.0,0.0,0.0,33,Fear,23364756924049.0,209342750.0354656,0.5017275042731135,0.5285016734363318,1.7243333333333335e-05,2.7206666666666668e-05,9.2e-06,0.05818195538273589,0.04387022756651109,0.06402210808956092,0.07844281186149703,0.06318659316427644
2024-07-15,2422.89990234375,81.91000366210938,2.1579999923706055,5631.22021484375,13.119999885559082,0.0036800068503831792,-0.0036558097911436604,-0.07625712596374949,0.0028222164233526843,0.05161425837245012,52,Neutral,55347202893573.0,557902693.2885778,0.8623973503064724,0.980211701352838,7.299333333333334e-05,5.5750000000000013e-05,1.132e-05,0.20736758872004224,0.08361315371325183,0.07466410769548877,0.06756412196584007,0.06402210808956092
2024-07-16,2462.39990234375,80.76000213623047,2.187999963760376,5667.2001953125,13.1899995803833,0.016171314917783012,-0.014139308340223741,0.013806004696292772,0.0063690499714532745,0.005321160122665793,65,Greed,82053972345590.0,986884870.1824007,0.39375110709961786,0.5703688240243224,0.0001,2.700666666666666e-05,1.237e-05,0.08870311362935965,0.08423041994422134,0.07614731357348081,0.06570086383421825,0.07466410769548877
2024-07-17,2454.800048828125,82.8499984741211,2.0350000858306885,5588.27001953125,14.479999542236328,-0.00309113301982428,0.025549905558976974,-0.07249200692503521,-0.014025441523645543,0.09330942042807858,69,Greed,38286195565163.0,462795941.20041317,-0.7622878279741343,-0.7572671612244601,0.0001,0.0,1.169e-05,-0.05654041092041947,0.09228479931407596,0.07470368195081946,0.06537585455808868,0.07614731357348081
2024-07-18,2451.800048828125,82.81999969482422,2.125,5544.58984375,15.930000305175781,-0.0012228428297097356,-0.00036215102259073414,0.04327594130458014,-0.007847112145350072,0.09543578773519995,61,Greed,34870230996974.0,410718291.6536897,-0.09345591692388523,-0.1193786674667195,0.0001,0.0,1.164e-05,-0.004286333180685266,0.08908015570892665,0.07461278281416618,0.06621673124703413,0.07470368195081946
2024-07-19,2395.5,80.12999725341797,2.128000020980835,5505.0,16.520000457763672,-0.02323049125293214,-0.03301929291921077,0.001410778962432597,-0.007165879226406085,0.03636765272324057,60,Greed,36711472640152.0,444437566.59413964,0.05145582702362545,0.07890202976271708,0.0001,0.0,1.269e-05,0.08636683942300444,0.08607082628494725,0.07596083859532818,0.06342669564462883,0.07461278281416618
2024-07-20,2395.5,80.12999725341797,2.128000020980835,5505.0,16.520000457763672,0.0,0.0,0.0,0.0,0.0,74,Greed,24918973309251.0,304823381.56911916,-0.3874598186058694,-0.377077055427768,0.0001,0.0,1.222e-05,-0.037740327982847086,0.09095712107954068,0.07604280769388123,0.064596516304259,0.07596083859532818
2024-07-21,2395.5,80.12999725341797,2.128000020980835,5505.0,16.520000457763672,0.0,0.0,0.0,0.0,0.0,74,Greed,24798019966922.0,302069650.40764314,-0.004865683662189789,-0.009074910782481453,0.0001,0.0,1.25e-05,0.022654690564806176,0.09134095778339314,0.07586218892390158,0.0643672115165109,0.07604280769388123
2024-07-22,2392.0,79.77999877929688,2.250999927520752,5564.41015625,14.90999984741211,-0.0014621412526544951,-0.0043774503370086724,0.05619194838709325,0.010734217246220293,-0.10253967725977965,70,Greed,17948429267986.0,218492620.26641408,-0.3232612047964477,-0.3239053818317794,9.110333333333335e-05,-8.896666666666659e-06,1.19e-05,-0.04919024419077178,0.061296051076779615,0.07645982639313402,0.06438199737989253,0.07586218892390158
2024-07-23,2404.60009765625,76.95999908447266,2.187000036239624,5555.740234375,14.720000267028809,0.005253774082549602,-0.035987036715088364,-0.028843771460802588,-0.0015593176939461904,-0.012824987101443355,71,Greed,34856095216815.0,421979954.2293384,0.6637254153872779,0.6582055716406999,8.028666666666668e-05,-1.0816666666666668e-05,1.252e-05,0.0507889655544688,0.05414553539011279,0.07644335264856938,0.06339906502359936,0.07645982639313402
2024-07-24,2413.300048828125,77.58999633789062,2.117000102996826,5427.1298828125,18.040000915527344,0.0036115155414233003,0.008152711246337686,-0.032530717460120394,-0.02342124222289286,0.20338443394305505,69,Greed,30153947478075.0,378364743.2962619,-0.14491217796534964,-0.10909915135184266,0.0001,1.9713333333333326e-05,1.222e-05,-0.02425341192850324,0.049534051610719255,0.07639380398166243,0.06850964545440774,0.07644335264856938
2024-07-25,2351.89990234375,78.27999877929688,2.0409998893737793,5399.22021484375,18.459999084472656,-0.025771655108934748,0.00885362122617054,-0.03656021117924674,-0.005155889019717259,0.023014614095178493,68,Greed,30049257607459.0,349637152.54708904,-0.003477887132155269,-0.07896275000697082,8.650000000000002e-06,-9.135e-05,1.148e-05,-0.062467562852028834,0.056064031907515965,0.07349087674439805,0.06848146934858908,0.07639380398166243
2024-07-26,2380.0,77.16000366210938,2.00600004196167,5459.10009765625,16.389999389648438,0.011877017079959726,-0.014410891435045557,-0.01729711916791206,0.011029420409570924,-0.11893482396303547,68,Greed,17025918270977.0,202376822.1488257,-0.5681011682310966,-0.5467644939417516,4.874666666666667e-05,4.009666666666667e-05,1.202e-05,0.04596553821564111,0.04676127784614688,0.07393070140722786,0.06799466064947766,0.07349087674439805
2024-07-27,2380.0,77.16000366210938,2.00600004196167,5459.10009765625,16.389999389648438,0.0,0.0,0.0,0.0,0.0,72,Greed,18184960677761.0,219079405.75282446,0.06585812888956816,0.0793028316642878,0.0001,5.125333333333333e-05,1.19e-05,-0.01003352898957781,0.044936566690578696,0.07393741132951538,0.06890477252819881,0.07393070140722786
2024-07-28,2380.0,77.16000366210938,2.00600004196167,5459.10009765625,16.389999389648438,0.0,0.0,0.0,0.0,0.0,71,Greed,7943713286387.0,93368501.04305656,-0.8282140818448713,-0.8528802070243641,6.540333333333333e-05,-3.4596666666666674e-05,1.175e-05,-0.0126851595273158,0.04343021468095773,0.07235395183100032,0.07118629865043687,0.07393741132951538
2024-07-29,2377.300048828125,75.80999755859375,1.906999945640564,5463.5400390625,16.600000381469727,-0.0011350772219737724,-0.017651057634833576,-0.05061141234475294,0.0008129795718284517,0.0127313628261293,74,Greed,20008827971908.0,240956272.45664886,0.9237927405146794,0.9480614345185434,3.816000000000001e-05,-2.7243333333333324e-05,1.179e-05,0.003398473959111773,0.03967280421270552,0.07220180051987334,0.07121544073649795,0.07235395183100032
2024-07-30,2405.0,74.7300033569336,2.125999927520752,5436.43994140625,17.690000534057617,0.011584493096314897,-0.014348515000907594,0.10871094771484612,-0.0049725143613676215,0.06359682001889519,67,Greed,14525764926687.0,167989332.87610924,-0.3202496106436007,-0.36071499233713816,5.576e-05,1.7599999999999994e-05,1.131e-05,-0.0415644244212505,0.03446780161116964,0.07192474567357382,0.07104360727608604,0.07220180051987334
2024-07-31,2426.5,77.91000366210938,2.0360000133514404,5522.2998046875,16.360000610351562,0.008899986305409351,0.041672698484094266,-0.04325514058195915,0.015669980701917767,-0.07816016987934357,61,Greed,12603291277859.0,142641604.82873702,-0.14196597174221542,-0.16356525820819065,2.0020000000000005e-05,-3.573999999999999e-05,1.105e-05,-0.02325686216426735,0.03442292765148658,0.07161023514604661,0.07120433496713652,0.07192474567357382
2024-08-01,2435.0,76.30999755859375,1.968000054359436,5446.68017578125,18.59000015258789,0.0034968666714193194,-0.020750402038847978,-0.03396927899423228,-0.013788123791990166,0.1277844414592625,52,Neutral,26994153329356.0,279374042.6873752,0.7616623068223742,0.6722163143454667,2.7506666666666662e-05,7.486666666666657e-06,1.051e-05,-0.05010324307490212,0.03175811287228003,0.07216086067530873,0.07087458802993886,0.07161023514604661
2024-08-02,2425.699951171875,73.5199966430664,1.9670000076293945,5346.56005859375,23.389999389648438,-0.003826634135013617,-0.03724652692098453,-0.0005082829661082405,-0.01855290660855327,0.22968474456012009,57,Greed,28033167875062.0,277984864.7310749,0.03776807689757826,-0.004984869944450648,-1.773666666666667e-05,-4.5243333333333334e-05,9.32e-06,-0.12016455619135985,0.041322258472369235,0.07317887686287414,0.06851480095114275,0.07216086067530873
2024-08-03,2425.699951171875,73.5199966430664,1.9670000076293945,5346.56005859375,23.389999389648438,0.0,0.0,0.0,0.0,0.0,37,Fear,30164160311839.0,269206054.8163827,0.07326609890486689,-0.032089579389012655,2.4853333333333335e-05,4.2590000000000004e-05,8.62e-06,-0.07807754402189805,0.042097446374248344,0.07013524053637755,0.06851400854782985,0.07317887686287414
2024-08-04,2425.699951171875,73.5199966430664,1.9670000076293945,5346.56005859375,23.389999389648438,0.0,0.0,0.0,0.0,0.0,34,Fear,39535839775128.0,326577896.35117763,0.2705531216050163,0.19319141079703978,-4.0556666666666664e-05,-6.541e-05,8.1e-06,-0.06222102299720868,0.03964310366311835,0.0710157408149238,0.06815523757232365,0.07013524053637755
2024-08-05,2401.699951171875,72.94000244140625,1.9420000314712524,5186.330078125,38.56999969482422,-0.00994332279261066,-0.00792021353532362,-0.012791157210896409,-0.0304270413923931,0.500166209806343,26,Fear,132175251906618.0,900874055.1626428,1.2069211113707563,1.0146969642412673,-4.856e-05,-8.003333333333339e-06,7.04e-06,-0.14025589150844206,0.042570675344011245,0.07305609586597687,0.06311639418392764,0.0710157408149238
2024-08-06,2389.10009765625,73.19999694824219,2.009999990463257,5240.02978515625,27.709999084472656,-0.005260032745343863,0.0035581604246189076,0.03441633125161479,0.010300849493599515,-0.33068143847259307,17,Extreme Fear,57985284723821.0,452185272.22175056,-0.8239394412785502,-0.6892734743000143,-4.0683333333333344e-05,7.876666666666658e-06,7.74e-06,0.09479351743168465,0.07698997837253993,0.07088290557134093,0.06089902061316161,0.07305609586597687
2024-08-07,2390.5,75.2300033569336,2.111999988555908,5199.5,27.850000381469727,0.0005857822224360302,0.02735475291781767,0.04950064309907494,-0.007764715388769489,0.0050396542353046,29,Fear,49504329429931.0,390171365.833436,-0.15812913771702453,-0.14750594795553953,7.447666666666668e-05,0.00011516000000000003,7.36e-06,-0.05034175486085093,0.07584879189498586,0.0693742895538219,0.061366724211967975,0.07088290557134093
2024-08-08,2422.199951171875,76.19000244140625,2.127000093460083,5319.31005859375,23.790000915527344,0.013173648862206806,0.012680120334172904,0.007077219732548592,0.02278113959089888,-0.15756761727201954,20,Extreme Fear,47115027946704.0,381088563.5614092,-0.04946811416296892,-0.023554243782151724,5.6659999999999996e-05,-1.7816666666666682e-05,8.77e-06,0.175276873643307,0.11664849949949604,0.07696247180878432,0.05150094050630137,0.0693742895538219
2024-08-09,2432.10009765625,76.83999633789062,2.1429998874664307,5344.16015625,20.3700008392334,0.0040789238864625725,0.008495037712886217,0.007494083821314175,0.004660798434381699,-0.1552020913603775,48,Neutral,35712036521251.0,306847373.4902388,-0.27710422539911855,-0.21668132919685548,7.194e-05,1.528000000000001e-05,8.52e-06,-0.028920465542867407,0.10921471562231926,0.07706822513307109,0.05220476845421587,0.07696247180878432
2024-08-10,2432.10009765625,76.83999633789062,2.1429998874664307,5344.16015625,20.3700008392334,0.0,0.0,0.0,0.0,0.0,40,Fear,13535135030208.0,114241801.06267783,-0.9701988900293412,-0.9880332051382035,9.753333333333334e-06,-6.218666666666667e-05,8.44e-06,-0.009434032233358529,0.10539373209965341,0.07683311575671023,0.05296291478354524,0.07706822513307109
2024-08-11,2432.10009765625,76.83999633789062,2.1429998874664307,5344.16015625,20.3700008392334,0.0,0.0,0.0,0.0,0.0,39,Fear,28086528226204.0,230672307.9891909,0.730001139435485,0.7026808591793693,5.2413333333333335e-05,4.266e-05,7.73e-06,-0.0878734460085351,0.10820400863520328,0.07835235127189595,0.050616818821545194,0.07683311575671023
2024-08-12,2462.39990234375,80.05999755859375,2.188999891281128,5344.39013671875,20.709999084472656,0.012381322610815695,0.04105103282825877,0.02123810489545183,4.30330517200971e-05,0.016553359762280576,25,Extreme Fear,36281490083751.0,294776126.1069981,0.2560176573467885,0.24521805042998862,2.2003333333333333e-05,-3.0410000000000002e-05,8.22e-06,0.061461346468757706,0.09240874566275395,0.0792568450874579,0.04945332213977607,0.07835235127189595
2024-08-13,2466.699951171875,78.3499984741211,2.1480000019073486,5434.43017578125,18.1200008392334,0.0017447607257966857,-0.021590373742851835,-0.018907591340142384,0.016707233419049988,-0.1336002842703326,31,Fear,19000696616316.0,154471090.72782677,-0.6468320536607699,-0.6462092098816778,-5.299999999999988e-07,-2.2533333333333333e-05,8.18e-06,-0.004878058453432855,0.08686002605426113,0.07844281186149703,0.049731290073714664,0.0792568450874579
2024-08-14,2439.39990234375,76.9800033569336,2.2190001010894775,5455.2099609375,16.190000534057617,-0.011129137775200023,-0.01764025786340206,0.032519511972194146,0.00381643656119841,-0.11262254625371607,30,Fear,22210051404078.0,180878276.87359378,0.15606930984915537,0.15781733777378068,6.644333333333333e-05,6.697333333333333e-05,8e-06,-0.022250608934819806,0.08433295931089682,0.06756412196584007,0.051067865038162144,0.07844281186149703
2024-08-15,2453.10009765625,78.16000366210938,2.197000026702881,5543.22021484375,15.229999542236328,0.005600503269123787,0.015212363125069652,-0.009963883950057224,0.01600448993130413,-0.06112666382606371,29,Fear,25971356753737.0,200106662.39624098,0.15644931506647175,0.10102623479581647,5.059000000000001e-05,-1.5853333333333326e-05,7.44e-06,-0.07257069283483537,0.04889763841510183,0.06570086383421825,0.049366704954529314,0.06756412196584007
2024-08-16,2498.60009765625,76.6500015258789,2.122999906539917,5554.25,14.800000190734863,0.01837804343675201,-0.019508429363616648,-0.03426266685825073,0.0019878023683961516,-0.028639943192801342,27,Fear,32098133972640.0,232487499.92101797,0.21180362932620928,0.14998592343257078,-4.509333333333333e-05,-9.568333333333335e-05,7.18e-06,-0.035571465784867654,0.049084889706065754,0.06537585455808868,0.0499645194556884,0.06570086383421825
2024-08-17,2498.60009765625,76.6500015258789,2.122999906539917,5554.25,14.800000190734863,0.0,0.0,0.0,0.0,0.0,25,Extreme Fear,17941973792579.0,131935763.86985989,-0.5816550242912258,-0.5665212930110783,1.9440000000000004e-05,6.453333333333333e-05,7.49e-06,0.04226941446899531,0.055226169683636625,0.06621673124703413,0.04948070743799214,0.06537585455808868
2024-08-18,2498.60009765625,76.6500015258789,2.122999906539917,5554.25,14.800000190734863,0.0,0.0,0.0,0.0,0.0,31,Fear,15008040109233.0,112347882.78481348,-0.17855680767775559,-0.16071501315363812,8.579333333333334e-05,6.635333333333334e-05,7.29e-06,-0.02706525150856143,0.04629037571738672,0.06342669564462883,0.049354640222014294,0.06621673124703413
2024-08-19,2501.800048828125,74.37000274658203,2.234999895095825,5608.25,14.649999618530273,0.0012798782157230325,-0.030196953578393984,0.0514110424300707,0.009675327436177775,-0.010186884233373265,28,Fear,18328485887039.0,135496263.68966883,0.19987039065756168,0.1873439120567898,0.0001,1.420666666666666e-05,7.68e-06,0.05211600113901389,0.0440197215171149,0.064596516304259,0.04864975021282322,0.06342669564462883
2024-08-20,2511.300048828125,74.04000091552734,2.197999954223633,5597.1201171875,15.880000114440918,0.0037900744796478744,-0.004447171575921042,-0.016693345973483393,-0.001986527237609709,0.08062015360140978,30,Fear,31044780040143.0,245710031.86351338,0.5269742241560772,0.5952080427253594,0.0001,0.0,7.75e-06,0.009073296205674975,0.04458698803392712,0.0643672115165109,0.04960505059015368,0.064596516304259
2024-08-21,2508.39990234375,71.93000030517578,2.177000045776367,5620.85009765625,16.270000457763672,-0.0011555060403106994,-0.028912071948661716,-0.009600031875376332,0.004230714721006796,0.0242624863407933,26,Fear,21583988221387.0,168086021.8062258,-0.3634789258425936,-0.3796762254997898,2.4393333333333332e-05,-7.560666666666668e-05,7.91e-06,0.020434938414306974,0.04518253530900948,0.06438199737989253,0.049954801200588726,0.0643672115165109
2024-08-22,2478.89990234375,73.01000213623047,2.052999973297119,5570.64013671875,17.549999237060547,-0.011830186756921601,0.014903019205474667,-0.05864567824964521,-0.00897294225665722,0.07573095707315049,39,Fear,18338045877419.0,145446108.75798902,-0.16297384236242518,-0.1446702514606834,3.981666666666667e-05,1.5423333333333335e-05,7.99e-06,0.010062977998620746,0.03259643597709368,0.06339906502359936,0.05005210701676881,0.06438199737989253
2024-08-23,2508.39990234375,74.83000183105469,2.0220000743865967,5634.60986328125,15.859999656677246,0.011830186756921704,0.024622451234376702,-0.015214967643132661,0.01141793740166443,-0.10125371187992283,34,Fear,38146023030646.0,321629520.1567539,0.7324435953115745,0.7935946931659427,5.3236666666666665e-05,1.3419999999999997e-05,9.08e-06,0.12788343283501868,0.04884752316601869,0.06850964545440774,0.04485858562454537,0.06339906502359936
2024-08-24,2508.39990234375,74.83000183105469,2.0220000743865967,5634.60986328125,15.859999656677246,0.0,0.0,0.0,0.0,0.0,56,Greed,36652061313255.0,340891597.9186374,-0.03995183675362434,0.05816420745312221,0.0001,4.676333333333334e-05,9.5e-06,0.04521760599329325,0.04894794786837091,0.06848146934858908,0.04404097161586392,0.06850964545440774
2024-08-25,2508.39990234375,74.83000183105469,2.0220000743865967,5634.60986328125,15.859999656677246,0.0,0.0,0.0,0.0,0.0,54,Neutral,26716629978691.0,243463089.89941484,-0.31618345278817145,-0.3365991825664495,5.717333333333334e-05,-4.282666666666667e-05,9.14e-06,-0.03863141314043645,0.051480968311769945,0.06799466064947766,0.04490042554083853,0.06848146934858908
2024-08-26,2517.699951171875,77.41999816894531,1.9559999704360962,5616.83984375,16.149999618530273,0.003700706198852698,0.03402622293678218,-0.03318560088874722,-0.0031587101696058145,0.018119831488631097,55,Greed,23840754822384.0,211627023.87646306,-0.11388971345354769,-0.14013994559986004,5.146333333333334e-05,-5.709999999999998e-06,8.52e-06,-0.07024404462483437,0.06309712154638611,0.06890477252819881,0.04312264477657739,0.06799466064947766
2024-08-27,2516.0,75.52999877929688,1.9040000438690186,5625.7998046875,15.430000305175781,-0.0006754281156969496,-0.024715209335050777,-0.02694459708853098,0.0015939251127232035,-0.04560633989509903,48,Neutral,29853904276927.0,244719322.1170134,0.224919124123787,0.14528652589248978,3.311666666666667e-05,-1.8346666666666672e-05,7.64e-06,-0.1090187376627953,0.07874024612035033,0.07118629865043687,0.04340928552328075,0.06890477252819881
2024-08-28,2501.0,74.5199966430664,1.9299999475479126,5592.18017578125,17.110000610351562,-0.005979686942712076,-0.013462411477556464,0.013563016329922153,-0.005993900794735212,0.10334943742316474,30,Fear,33164485041232.0,256417214.44184685,0.10516394784923967,0.04669393199783173,-4.631333333333333e-05,-7.942999999999999e-05,7.69e-06,0.006523180339123476,0.07825242768775505,0.07121544073649795,0.047790459385220606,0.07118629865043687
2024-08-29,2525.699951171875,75.91000366210938,2.13700008392334,5591.9599609375,15.649999618530273,0.009827580801596993,0.018480975585486233,0.10188303986903097,-3.937984343658622e-05,-0.08919223096521478,29,Fear,20526334117869.0,160987176.20865595,-0.4797709228030202,-0.4654811508673056,-1.4859999999999995e-05,3.145333333333333e-05,7.65e-06,-0.005215135679108048,0.07800653223980436,0.07104360727608604,0.048559390714447544,0.07121544073649795
2024-08-30,2493.800048828125,73.55000305175781,2.127000093460083,5648.39990234375,15.0,-0.012710561536922458,-0.03158298773172092,-0.004690435450617835,0.010042457079144168,-0.04242069150888951,34,Fear,19359998442042.0,148530441.15157902,-0.05849965150328557,-0.08053478277953943,-2.0173333333333336e-05,-5.313333333333341e-06,7.77e-06,0.015564516541111767,0.053542024714983115,0.07120433496713652,0.04872301120138978,0.07104360727608604
2024-08-31,2493.800048828125,73.55000305175781,2.127000093460083,5648.39990234375,15.0,0.0,0.0,0.0,0.0,0.0,29,Fear,8831042992721.0,67939956.86266397,-0.7849358745140964,-0.7821656003552979,8.324666666666668e-05,0.00010342000000000001,7.59e-06,-0.023438572972017468,0.04467583972637557,0.07087458802993886,0.05092036867164488,0.07120433496713652
2024-09-01,2493.800048828125,73.55000305175781,2.127000093460083,5648.39990234375,15.0,0.0,0.0,0.0,0.0,0.0,26,Fear,13434534390703.0,99562648.64472625,0.4195554581637067,0.38216275284878587,2.6336666666666665e-05,-5.691000000000001e-05,7.14e-06,-0.06111881505604553,0.04601506347500829,0.06851480095114275,0.051677855688661525,0.07087458802993886
2024-09-02,2493.800048828125,73.55000305175781,2.127000093460083,5648.39990234375,15.0,0.0,0.0,0.0,0.0,0.0,26,Fear,15867883282559.0,117491097.56565881,0.16646856207690275,0.1655754846670239,-5.968666666666666e-05,-8.602333333333332e-05,7.62e-06,0.06506359334706187,0.05617641661300605,0.06851400854782985,0.051683910365342166,0.06851480095114275
2024-09-03,2489.89990234375,70.33999633789062,2.203000068664551,5528.93017578125,20.719999313354492,-0.0015651613535240963,-0.04462491355686993,0.03510751883090268,-0.021377963372397696,0.32304918314980974,26,Fear,11622079536686.0,87036473.34660591,-0.3113904498408463,-0.3000353006455703,2.3706666666666664e-05,8.339333333333333e-05,7.26e-06,-0.04839654086185021,0.04242747896752018,0.06815523757232365,0.05247665691941071,0.06851400854782985
2024-09-04,2493.39990234375,69.19999694824219,2.1449999809265137,5520.06982421875,21.31999969482422,0.0014046919562063706,-0.016339756459787656,-0.026680555500950325,-0.0016038290273809634,0.02854620073156293,27,Fear,22387905167693.0,161181996.859645,0.6556141679047433,0.6162068771538478,2.9536666666666665e-05,5.83e-06,7.35e-06,0.012320484388040657,0.04279698485893505,0.06311639418392764,0.05434477096655858,0.06815523757232365
2024-09-05,2511.39990234375,69.1500015258789,2.253999948501587,5503.41015625,19.899999618530273,0.0071931259247034075,-0.0007227383460925007,0.04956684928210662,-0.003022581014674196,-0.0689258724224691,29,Fear,11308329658126.0,81600498.41465251,-0.6829812731129415,-0.6806987718493901,7.27e-05,4.316333333333334e-05,7.1e-06,-0.03460552917747561,0.04407703358110584,0.06089902061316161,0.05380100241767501,0.06311639418392764
2024-09-06,2493.5,67.66999816894531,2.2750000953674316,5408.419921875,22.3799991607666,-0.007152981683501989,-0.021635156991438764,0.009273701552644432,-0.017410944507424406,0.11744795282340682,22,Extreme Fear,23776934439331.0,164067943.42688322,0.7431763774990156,0.69844526124433,6.301333333333334e-05,-9.68666666666667e-06,6.65e-06,-0.065477929379507,0.046611752285471576,0.061366724211967975,0.05384766948415872,0.06089902061316161
2024-09-07,2493.5,67.66999816894531,2.2750000953674316,5408.419921875,22.3799991607666,0.0,0.0,0.0,0.0,0.0,23,Extreme Fear,13494155019632.0,92017264.6420017,-0.5664593393711277,-0.5783044126229833,-0.00017160000000000002,-0.00023461333333333337,6.77e-06,0.01788423225642094,0.04899012799947487,0.05150094050630137,0.05484617748588633,0.061366724211967975
2024-09-08,2493.5,67.66999816894531,2.2750000953674316,5408.419921875,22.3799991607666,0.0,0.0,0.0,0.0,0.0,29,Fear,17456685657848.0,121690089.4871568,0.2574660773461683,0.2795013441228296,4.078333333333333e-05,0.00021238333333333336,7.07e-06,0.04335939298429775,0.04898674730694454,0.05220476845421587,0.0550509460343413,0.05150094050630137
2024-09-09,2501.800048828125,68.70999908447266,2.1700000762939453,5471.0498046875,19.450000762939453,0.0033231463116611603,0.01525181253292539,-0.04725289161179527,0.011513534435818254,-0.14032055609438693,26,Fear,21404330033392.0,154505059.86057007,0.2038705320422889,0.23874928298984982,4.9460000000000004e-05,8.676666666666671e-06,7.38e-06,0.0429131587038996,0.04448601393783195,0.05296291478354524,0.055471561464537335,0.05220476845421587
2024-09-10,2512.300048828125,65.75,2.2320001125335693,5495.52001953125,19.079999923706055,0.004188195346663044,-0.04403506466059675,0.028170892226461287,0.004462699977793541,-0.019206447268627396,33,Fear,18520744244221.0,137436505.2308162,-0.14470182518554886,-0.11706481539431222,9.828666666666666e-05,4.882666666666665e-05,7.46e-06,0.010781775603288413,0.040184704889359456,0.050616818821545194,0.05551490772912863,0.05296291478354524
2024-09-11,2512.10009765625,67.30999755859375,2.2699999809265137,5554.1298828125,17.690000534057617,-7.959205722123827e-05,0.023449106693669394,0.01688172815356528,0.01060855564984334,-0.07564112366000948,37,Fear,20894540166619.0,150333500.74011013,0.12059647441209266,0.08969413409070212,6.465666666666667e-05,-3.362999999999999e-05,7.24e-06,-0.02993420781804439,0.041845239676022224,0.04945332213977607,0.055492587305128384,0.050616818821545194
2024-09-12,2551.199951171875,68.97000122070312,2.3570001125335693,5595.759765625,17.06999969482422,0.015444721969289848,0.024362867390701433,0.037609848607506366,0.00746735215680267,-0.035677019433049094,31,Fear,14334274999080.0,105359938.57779197,-0.3768343663180558,-0.35547368994430995,9.341333333333334e-05,2.8756666666666675e-05,7.42e-06,0.024557850781664184,0.04013838725836146,0.049731290073714664,0.05543384130751108,0.04945332213977607
2024-09-13,2581.300048828125,68.6500015258789,2.305000066757202,5626.02001953125,16.559999465942383,0.011729349341314652,-0.00465049070133241,-0.022308966287879536,0.0053931422343560355,-0.030332402221190383,32,Fear,17937447972613.0,137021598.66479433,0.22423707055643646,0.2627560934292959,0.0001,6.586666666666662e-06,7.91e-06,0.06394872460027351,0.03012581863621614,0.051067865038162144,0.054698651248403105,0.049731290073714664
2024-09-14,2581.300048828125,68.6500015258789,2.305000066757202,5626.02001953125,16.559999465942383,0.0,0.0,0.0,0.0,0.0,50,Neutral,10935531850164.0,85268333.02391377,-0.49487330267032525,-0.4743354247119655,0.0001,0.0,7.76e-06,-0.0191454475844352,0.03447689205633761,0.049366704954529314,0.05799606579232262,0.051067865038162144
2024-09-15,2581.300048828125,68.6500015258789,2.305000066757202,5626.02001953125,16.559999465942383,0.0,0.0,0.0,0.0,0.0,51,Neutral,10350387033192.0,78856343.42548837,-0.05499337684027789,-0.07817538372740777,0.0001,0.0,7.35e-06,-0.05428202097038211,0.042118783191264636,0.0499645194556884,0.057793441270355204,0.049366704954529314
2024-09-16,2580.39990234375,70.08999633789062,2.372999906539917,5633.08984375,17.139999389648438,-0.0003487790851909712,0.02075892382264858,0.02907423265832455,0.0012558408673102855,0.034424760852599955,39,Fear,17402331398461.0,125407605.08439188,0.5195802721386108,0.4639415135157463,5.163666666666667e-05,-4.836333333333333e-05,7.2e-06,-0.020619287202735703,0.039488327972492764,0.04948070743799214,0.057487663015692296,0.0499645194556884
2024-09-17,2564.300048828125,71.19000244140625,2.3239998817443848,5634.580078125,17.610000610351562,-0.00625883189495714,0.015572315146450825,-0.0208651499636982,0.00026451509389645083,0.02705207960763049,33,Fear,20301556088603.0,150043063.85182765,0.1540933520587764,0.1793530722727668,-5.5066666666666684e-06,-5.714333333333334e-05,7.33e-06,0.01789448987655065,0.04000601526372745,0.049354640222014294,0.05877796159481665,0.04948070743799214
2024-09-18,2570.699951171875,70.91000366210938,2.2839999198913574,5618.259765625,18.229999542236328,0.00249266043134922,-0.00394087444963749,-0.017361531385220792,-0.0029006587083132912,0.034601606412624705,45,Fear,24530911000973.0,177996892.29887843,0.1892364580976689,0.17084374590595822,2.7856666666666667e-05,3.336333333333333e-05,7.53e-06,0.026919525913242152,0.03927529819426246,0.04864975021282322,0.05943883227587759,0.049354640222014294
2024-09-19,2588.0,71.94999694824219,2.3480000495910645,5713.64013671875,16.329999923706055,0.006707160271705417,0.014559871958021912,0.027635666366478774,0.016834356892725128,-0.11006466126974973,49,Neutral,35620686879447.0,282312930.6585974,0.37299256539005277,0.4612500477367399,0.0001,7.214333333333334e-05,7.94e-06,0.0530182334472421,0.04287203694485776,0.04960505059015368,0.05894048287422768,0.04864975021282322
2024-09-20,2619.89990234375,71.91999816894531,2.434000015258789,5702.5498046875,16.149999618530273,0.01225073519220459,-0.0004170262146349265,0.03597207774794766,-0.0019429136300157343,-0.011083876262113658,54,Neutral,32445336302545.0,265266199.3192393,-0.09336984787730906,-0.062282291360498204,0.0001,0.0,8.25e-06,0.03829992508754526,0.03831428342529344,0.049954801200588726,0.058711685891882984,0.04960505059015368
2024-09-21,2619.89990234375,71.91999816894531,2.434000015258789,5702.5498046875,16.149999618530273,0.0,0.0,0.0,0.0,0.0,54,Neutral,12950500480373.0,106442072.20926104,-0.918422278799509,-0.913132933268841,0.0001,0.0,8.42e-06,0.020396627907645654,0.03687488361295286,0.05005210701676881,0.059558236952229476,0.049954801200588726
2024-09-22,2619.89990234375,71.91999816894531,2.434000015258789,5702.5498046875,16.149999618530273,0.0,0.0,0.0,0.0,0.0,52,Neutral,16052905587386.0,129633583.32408676,0.21475543214161952,0.19711096668472114,5.879333333333334e-05,-4.1206666666666666e-05,8.01e-06,-0.04991906717396768,0.03558896119448165,0.04485858562454537,0.05869665737652728,0.05005210701676881
2024-09-23,2626.5,70.37000274658203,2.61299991607666,5718.56982421875,15.890000343322754,0.002516049581020544,-0.02178728969472246,0.07096295358650237,0.0028053344257131223,-0.01623002389340957,50,Neutral,18743649782506.0,152210358.33162215,0.15496515011220152,0.16055161954445238,5.4656666666666675e-05,-4.136666666666664e-06,8.13e-06,0.014870162479451407,0.03251551768091555,0.04404097161586392,0.05901921498858192,0.04485858562454537
2024-09-24,2651.199951171875,71.55999755859375,2.5510001182556152,5732.93017578125,15.390000343322754,0.009360187860914403,0.016769149514567056,-0.024013468904610112,0.002508031103345345,-0.03197203199588042,54,Neutral,31769880267679.0,266293847.38207638,0.5276636627659606,0.5593368879864679,9.815666666666667e-05,4.3499999999999993e-05,8.59e-06,0.05503781243644489,0.03551108114880814,0.04490042554083853,0.058356731381941064,0.04404097161586392
2024-09-25,2659.199951171875,69.69000244140625,2.63700008392334,5722.259765625,15.40999984741211,0.003012958044237874,-0.026479354040803024,0.03315645368021288,-0.001862983206212128,0.0012986692711907113,59,Greed,26050852813724.0,222439356.59705886,-0.198468174317105,-0.17994587863107825,0.0001,1.8433333333333366e-06,8.45e-06,-0.01643229462708158,0.03831414495745139,0.04312264477657739,0.06328345042484242,0.04490042554083853
2024-09-26,2669.89990234375,67.66999816894531,2.5850000381469727,5745.3701171875,15.369999885559082,0.004015674633472966,-0.029413947297257197,-0.019916416479016423,0.004030542158199222,-0.0025990893253781478,50,Neutral,42906341450303.0,389874306.9288298,0.4989691291296571,0.5611698874144809,0.0001,0.0,9.52e-06,0.11922840743419137,0.05386008991784723,0.04340928552328075,0.0596040776631982,0.04312264477657739
2024-09-27,2644.300048828125,68.18000030517578,2.9019999504089355,5738.169921875,16.959999084472656,-0.00963458348443632,0.0075083480002425705,0.11567461465597245,-0.0012540029000721238,0.09844002627741914,61,Greed,37466459477277.0,389232025.63358766,-0.13557351555387503,-0.0016487645239107,0.0001,0.0,1.07e-05,0.11684889266458635,0.06408055299259206,0.047790459385220606,0.0553207923105203,0.04340928552328075
2024-09-28,2644.300048828125,68.18000030517578,2.9019999504089355,5738.169921875,16.959999084472656,0.0,0.0,0.0,0.0,0.0,64,Greed,35407966825139.0,392385626.94968075,-0.05650927243324961,0.00806946572461996,0.0001,0.0,1.138e-05,0.06161368723032446,0.0641784452631332,0.048559390714447544,0.05388734582444858,0.047790459385220606
2024-09-29,2644.300048828125,68.18000030517578,2.9019999504089355,5738.169921875,16.959999084472656,0.0,0.0,0.0,0.0,0.0,63,Greed,32890779246040.0,373311944.3160507,-0.07374449396538693,-0.049830716482561925,0.0001,0.0,1.128e-05,-0.00882618262827196,0.05555942461405346,0.04872301120138978,0.05495627914940165,0.048559390714447544
2024-09-30,2636.10009765625,68.16999816894531,2.9230000972747803,5762.47998046875,16.729999542236328,-0.0031058092325682647,-0.00014671267121886113,0.0072103820347843685,0.004227603658441509,-0.013654088745303506,61,Greed,31337476998088.0,343662859.73007476,-0.048377622933462566,-0.08275326409177064,9.567333333333334e-05,-4.326666666666667e-06,1.046e-05,-0.07547278743313608,0.0726483826742999,0.05092036867164488,0.05332642071010922,0.04872301120138978
2024-10-01,2667.300048828125,69.83000183105469,2.8959999084472656,5708.75,19.260000228881836,0.01176615388576509,0.024059184564979595,-0.009280076498242213,-0.009367848694454447,0.14082693061688453,50,Neutral,58227152177573.0,610167567.9628373,0.6195370487275818,0.574072503144777,0.0001,4.326666666666667e-06,9.7e-06,-0.0754325731274396,0.08295543423027697,0.051677855688661525,0.05254424908625205,0.05092036867164488
2024-10-02,2647.10009765625,70.0999984741211,2.885999917984009,5709.5400390625,18.899999618530273,-0.007602005078805537,0.0038590291938212363,-0.0034590109768468306,0.00013838132698647728,-0.018868516371758504,42,Fear,43462733277731.0,420050742.05042917,-0.29244791355270977,-0.37335810263648334,0.0001,0.0,9.24e-06,-0.0485839998557444,0.08597354826377396,0.051683910365342166,0.05198965163240777,0.051677855688661525
2024-10-03,2657.10009765625,73.70999908447266,2.9700000286102295,5699.93994140625,20.489999771118164,0.003770601213994833,0.05021569050716062,0.028690530514572807,-0.0016828286544586894,0.08077504919837869,37,Fear,34377251880805.0,304597640.30953914,-0.23450880155216777,-0.32138382480450944,7.304333333333333e-05,-2.6956666666666672e-05,8.64e-06,-0.06713930283762844,0.07576079560790105,0.05247665691941071,0.05061578396100429,0.051683910365342166
2024-10-04,2645.800048828125,74.37999725341797,2.8540000915527344,5751.06982421875,19.209999084472656,-0.004261843753354774,0.00904858879004115,-0.03984041131429432,0.008930255699186382,-0.06450602195882109,41,Fear,34691476414717.0,316634383.91158926,0.009098957214869743,0.03875605160611145,-0.00017670666666666667,-0.00024974999999999997,9.39e-06,0.0832427104042073,0.06660985611935161,0.05434477096655858,0.04941818603621807,0.05247665691941071
2024-10-05,2645.800048828125,74.37999725341797,2.8540000915527344,5751.06982421875,19.209999084472656,0.0,0.0,0.0,0.0,0.0,49,Neutral,21837595780367.0,204946491.5057678,-0.46286095881518713,-0.4349988171648318,6.188666666666666e-05,0.00023859333333333332,9.35e-06,-0.0042689499195758904,0.05739454994760412,0.05380100241767501,0.049676083000560756,0.05434477096655858
2024-10-06,2645.800048828125,74.37999725341797,2.8540000915527344,5751.06982421875,19.209999084472656,0.0,0.0,0.0,0.0,0.0,50,Neutral,29884884704265.0,294825458.59644675,0.31371976278812314,0.3636345874393015,0.0001,3.811333333333334e-05,1.023e-05,0.08994823666293958,0.07294834343972138,0.05384766948415872,0.048909224679519,0.05380100241767501
2024-10-07,2644.800048828125,77.13999938964844,2.746000051498413,5695.93994140625,22.639999389648438,-0.00037802895454220627,0.036434893297252344,-0.038576225033634504,-0.009632263829388773,0.16428729725441985,50,Neutral,43987938222565.0,458061482.25756663,0.3865626407433806,0.4406199003799518,0.0001,0.0,9.8e-06,-0.042942194287008954,0.0693224451748898,0.05484617748588633,0.05553548552279261,0.05384766948415872
2024-10-08,2615.0,73.56999969482422,2.7330000400543213,5751.1298828125,21.420000076293945,-0.011331369029670978,-0.04738461507175182,-0.004745404498015166,0.009642706804694385,-0.05539315779457903,49,Neutral,28331793957112.0,273174361.3676578,-0.439930829611296,-0.5168931382016824,1.7686666666666664e-05,-8.231333333333334e-05,9.51e-06,-0.030038509119227206,0.06402706351331001,0.0550509460343413,0.05841786633138062,0.05484617748588633
2024-10-09,2606.0,73.23999786376953,2.6600000858306885,5792.0400390625,20.860000610351562,-0.0034476188142327953,-0.004495639157300412,-0.027073766540954846,0.007088231016994585,-0.02649158974936262,49,Neutral,25503133262571.0,240378715.10023543,-0.10518331776266321,-0.1278946184153596,6.224333333333333e-05,4.4556666666666666e-05,9.12e-06,-0.041874072471058885,0.06327363159039341,0.055471561464537335,0.05796744266600789,0.0550509460343413
2024-10-10,2620.60009765625,75.8499984741211,2.674999952316284,5780.0498046875,20.93000030517578,0.0055868577505378105,0.035015995038710473,0.005623207461498323,-0.0020722685059824846,0.003350072206641976,39,Fear,20977289858987.0,192554715.33970717,-0.19536090039407877,-0.22183531035318713,4.1700000000000004e-05,-2.0543333333333324e-05,9.3e-06,0.01954459607297013,0.05648883570894774,0.05551490772912863,0.058259335710763166,0.055471561464537335
2024-10-11,2657.60009765625,75.55999755859375,2.631999969482422,5815.02978515625,20.459999084472656,0.014020160169731887,-0.0038306753550031453,-0.01620536065403536,0.00603360870729872,-0.022711835262393478,32,Fear,23913837083229.0,230463805.3797589,0.131016831599508,0.17971347468320176,9.384e-05,5.213999999999999e-05,9.74e-06,0.04622671749523331,0.049893669991858826,0.055492587305128384,0.06008294978941088,0.05551490772912863
2024-10-12,2657.60009765625,75.55999755859375,2.631999969482422,5815.02978515625,20.459999084472656,0.0,0.0,0.0,0.0,0.0,49,Neutral,21117445713540.0,210304951.68419868,-0.12435773893324933,-0.09153519531157413,0.0001,6.160000000000009e-06,9.89e-06,0.015283027980176939,0.0498206298242687,0.05543384130751108,0.06063518535648794,0.055492587305128384
2024-10-13,2657.60009765625,75.55999755859375,2.631999969482422,5815.02978515625,20.459999084472656,0.0,0.0,0.0,0.0,0.0,50,Neutral,19072871121618.0,184302128.30271193,-0.1018325446700306,-0.13198221559979936,0.0001,0.0,9.7e-06,-0.019398260125283576,0.03469929383485086,0.054698651248403105,0.06189067740747957,0.05543384130751108
2024-10-14,2647.800048828125,73.83000183105469,2.49399995803833,5859.85009765625,19.700000762939453,-0.0036943716604866234,-0.023161832450447797,-0.05385617143544974,0.007678114574594323,-0.037853041304464326,48,Neutral,42374721167931.0,441052624.2507417,0.7982850203108864,0.8725877850510769,0.0001,0.0,1.09e-05,0.11663690372576088,0.05442425477866737,0.05799606579232262,0.09061643730091393,0.054698651248403105
2024-10-15,2661.39990234375,70.58000183105469,2.497999906539917,5815.259765625,20.639999389648438,0.0051231384715043505,-0.04501833368193956,0.0016025438566243464,-0.0076385660375134215,0.0466122365702319,65,Greed,46904224213435.0,491590362.381696,0.10155575434190377,0.10848157521149893,0.00010878333333333333,8.783333333333321e-06,1.038e-05,-0.04888191149735544,0.05741825404978635,0.057793441270355204,0.08982125022967544,0.05799606579232262
2024-10-16,2674.0,70.38999938964844,2.367000102996826,5842.47021484375,19.579999923706055,0.004723215245810717,-0.0026956452410497786,-0.05386700024391796,0.004668232782779766,-0.05272227783622492,73,Greed,27037152697875.0,282214087.85137296,-0.5508957939174788,-0.5549798132188145,0.0001,-8.783333333333321e-06,1.044e-05,0.005763704716750134,0.05251234095708122,0.057487663015692296,0.09154665242045143,0.057793441270355204
2024-10-17,2691.0,70.66999816894531,2.3469998836517334,5841.47021484375,19.110000610351562,0.006337393065017404,0.003969929843791636,-0.00848550674980333,-0.00017117512853816633,-0.024296843014801575,71,Greed,24029009701626.0,242102206.22502762,-0.11795010801498472,-0.15330598291792014,0.0001,0.0,9.88e-06,-0.05513207069471622,0.05956828956292186,0.05877796159481665,0.09287958803261302,0.057487663015692296
2024-10-18,2713.699951171875,69.22000122070312,2.257999897003174,5864.669921875,18.030000686645508,0.00840012761358353,-0.020731272950513795,-0.03865844718241387,0.003963686942774387,-0.05817471489231307,73,Greed,26626102973441.0,277359704.34316665,0.10263021142348987,0.1359552586391951,7.511e-05,-2.489e-05,1.05e-05,0.06086274540370112,0.06133794759990818,0.05943883227587759,0.09278788063162316,0.05877796159481665
2024-10-19,2713.699951171875,69.22000122070312,2.257999897003174,5864.669921875,18.030000686645508,0.0,0.0,0.0,0.0,0.0,72,Greed,15458732248851.0,163580322.2405006,-0.5437180116219579,-0.5280110981774627,0.0001,2.489e-05,1.049e-05,-0.0009528347552718544,0.0614441153027077,0.05894048287422768,0.09330377355965604,0.05943883227587759
2024-10-20,2713.699951171875,69.22000122070312,2.257999897003174,5864.669921875,18.030000686645508,0.0,0.0,0.0,0.0,0.0,73,Greed,16873419331430.0,176018191.96441725,0.0875655253406484,0.07328321589978753,0.0001,0.0,1.068e-05,0.017950411123842987,0.06023622865189889,0.058711685891882984,0.09399086165467,0.05894048287422768
2024-10-21,2723.10009765625,70.55999755859375,2.312000036239624,5853.97998046875,18.3700008392334,0.0034579737223619676,0.019173521255786898,0.023633546371422946,-0.001824432756419033,0.018681869613305074,72,Greed,20240128293626.0,211085703.3993325,0.18192761989429834,0.18167687512573064,0.0001,0.0,1.018e-05,-0.047947822409671985,0.04305316309394575,0.059558236952229476,0.09398906098007051,0.058711685891882984
2024-10-22,2744.199951171875,72.08999633789062,2.311000108718872,5851.2001953125,18.200000762939453,0.007718602631013913,0.021451910519248066,-0.00043258814838486014,-0.0004749666671957937,-0.009297308909531486,70,Greed,13204050218804.0,133540804.52272218,-0.4271435657310145,-0.4578571452625508,9.009666666666667e-05,-9.903333333333337e-06,1.008e-05,-0.00987174847915423,0.039525807643806324,0.05869665737652728,0.09486238135464745,0.059558236952229476
2024-10-23,2714.39990234375,70.7699966430664,2.3420000076293945,5797.419921875,19.239999771118164,-0.01091867720094922,-0.018480152964077994,0.013324890096842276,-0.009233824267679564,0.05556979733891606,71,Greed,17576930524731.0,171780798.38266754,0.2860636593130764,0.2518121530378226,9.100666666666667e-05,9.100000000000031e-07,9.81e-06,-0.027150989065950974,0.04009805040229954,0.05901921498858192,0.09451430913536901,0.05869665737652728
2024-10-24,2734.89990234375,70.19000244140625,2.5220000743865967,5809.85986328125,19.079999923706055,0.007523937915991553,-0.008229249128125489,0.07404699860464296,0.0021434731305568283,-0.008350771319909049,69,Greed,14662054823969.0,145319689.75737384,-0.181324424617091,-0.16728316357381978,9.504333333333334e-05,4.036666666666668e-06,1e-05,0.019182819416774122,0.03537461368568466,0.058356731381941064,0.09469196616949052,0.05901921498858192
2024-10-25,2740.89990234375,71.77999877929688,2.559999942779541,5808.1201171875,20.329999923706055,0.002191461563702766,0.022399983188136557,0.01495496910191978,-0.00029949201318627087,0.06345696186597276,72,Greed,26681740527608.0,248598737.2583313,0.5987166041042562,0.5369040271944404,1.539333333333333e-05,-7.965000000000001e-05,8.78e-06,-0.1301086853470204,0.05193085621771443,0.06328345042484242,0.09046192567396845,0.058356731381941064
2024-10-27,2740.89990234375,71.77999877929688,2.559999942779541,5808.1201171875,20.329999923706055,0.0,0.0,0.0,0.0,0.0,74,Greed,11316407147221.0,102790868.12776133,-0.35506507772339235,-0.3388561000458176,6.998666666666667e-05,0.00015252333333333332,9.17e-06,0.009863093655171577,0.05528177805493396,0.0553207923105203,0.09260372104916866,0.0596040776631982
2024-10-28,2742.89990234375,67.37999725341797,2.309000015258789,5823.52001953125,19.799999237060547,0.00072942126259476,-0.06325767149745264,-0.10319269915897362,0.002647934626732945,-0.026415724719285577,72,Greed,19801750530023.0,177551056.4425227,0.5595167118249634,0.546561691850859,6.199333333333333e-05,-7.993333333333337e-06,9.18e-06,0.0010899183640256005,0.054514305415346416,0.05388734582444858,0.09301761988354353,0.0553207923105203
2024-10-29,2768.39990234375,67.20999908447266,2.3459999561309814,5832.919921875,19.34000015258789,0.009253781457162933,-0.002526164855852338,0.015897194551031776,0.0016128259449012198,-0.023506401253288445,72,Greed,22232734144041.0,213132635.3528745,0.1157953694474517,0.18265646361452573,0.0001,3.800666666666667e-05,9.67e-06,0.052001104832803964,0.06016434394097641,0.05495627914940165,0.09294816569368244,0.05388734582444858
2024-10-30,2788.5,68.61000061035156,2.8450000286102295,5813.669921875,20.350000381469727,0.007234316137240295,0.02061627323877297,0.19285134610282678,-0.0033056916724881185,0.05090543271914016,77,Extreme Greed,24869518870553.0,240512299.1700664,0.11207719800509058,0.1208565551397937,0.00010944999999999999,9.449999999999986e-06,9.64e-06,-0.003107200842748827,0.05943293697113062,0.05332642071010922,0.09281250520461139,0.05495627914940165
2024-10-31,2738.300048828125,69.26000213623047,2.7070000171661377,5705.4501953125,23.15999984741211,-0.01816650912342701,0.009429264219159237,-0.04972206066106166,-0.018790134928745348,0.12934571548232596,77,Extreme Greed,14652779135191.0,136867567.4581508,-0.5290128923195317,-0.5637574308177212,0.0001,-9.449999999999986e-06,9.11e-06,-0.05654839735058732,0.06167903396027655,0.05254424908625205,0.09182390976760892,0.05332642071010922
2024-11-01,2738.60009765625,69.48999786376953,2.6630001068115234,5728.7998046875,21.8799991607666,0.0001095688511384859,0.003315256766768306,-0.01638767003228602,0.004084158004525459,-0.056853706918779355,75,Greed,15597362693314.0,140978812.52682775,0.06247182230992416,0.029595815899192433,0.0001,0.0,8.89e-06,-0.024445661746053747,0.03585669490615151,0.05198965163240777,0.0921775432694662,0.05254424908625205
2024-11-02,2738.60009765625,69.48999786376953,2.6630001068115234,5728.7998046875,21.8799991607666,0.0,0.0,0.0,0.0,0.0,72,Greed,9078290325175.0,79642411.31700909,-0.541215957137243,-0.5710628568700037,2.7856666666666667e-05,-7.214333333333334e-05,8.72e-06,-0.01930781160492493,0.03353242428261126,0.05061578396100429,0.09419559569965949,0.05198965163240777
2024-11-03,2738.60009765625,69.48999786376953,2.6630001068115234,5728.7998046875,21.8799991607666,0.0,0.0,0.0,0.0,0.0,74,Greed,18816942379789.0,154320937.8358967,0.7288717697165153,0.6614876893445583,2.449333333333333e-05,-3.3633333333333356e-06,8.18e-06,-0.06392708730623259,0.038955463444376066,0.04941818603621807,0.09286175857550559,0.05061578396100429
2024-11-04,2736.10009765625,71.47000122070312,2.7809998989105225,5712.68994140625,21.979999542236328,-0.0009132920834320161,0.028094971727141534,0.04335719196051501,-0.0028160448131902913,0.004559988951510874,70,Greed,18818019834167.0,152704266.35763723,5.725816182143778e-05,-0.010531294486504155,-5.0383333333333336e-05,-7.487666666666667e-05,7.92e-06,-0.032300944788321066,0.038510012987748234,0.049676083000560756,0.0924106013099245,0.04941818603621807
2024-11-05,2740.300048828125,71.98999786376953,2.6700000762939453,5782.759765625,20.489999771118164,0.0015338367843668287,0.007249392495397435,-0.04073203791511217,0.012191031029563081,-0.07019597706871061,70,Greed,21417947166059.0,179701087.58663246,0.12941431059101954,0.16279169469820703,1.5866666666666672e-05,6.625000000000001e-05,8.56e-06,0.07770898432731611,0.0469444472773436,0.048909224679519,0.09269954164699609,0.049676083000560756
2024-11-06,2667.60009765625,71.69000244140625,2.746999979019165,5929.0400390625,16.270000457763672,-0.02688819289182318,-0.004175888887395827,0.028430898488741013,0.024981280957186654,-0.2306140017140018,70,Greed,50548283754805.0,473767247.3102991,0.858699770277264,0.9694213156597709,6.081333333333334e-05,4.494666666666667e-05,9.89e-06,0.14442395548097003,0.0775687295518062,0.05553548552279261,0.09016897497859883,0.048909224679519
2024-11-07,2698.39990234375,72.36000061035156,2.693000078201294,5973.10009765625,15.199999809265137,0.011479740190580862,0.009302367042198464,-0.019853556607221007,0.007403754173995657,-0.06802753406250556,77,Extreme Greed,47000103444447.0,492967233.9104818,-0.07277919079871885,0.039726547511740484,0.00022013666666666668,0.00015932333333333333,1.099e-05,0.1054616227809092,0.08071673168879931,0.05841786633138062,0.09160772157326251,0.05553548552279261
2024-11-08,2687.5,70.37999725341797,2.6689999103546143,5995.5400390625,14.9399995803833,-0.004047575121093911,-0.02774457609362235,-0.0089520060334332,0.0037497940357180464,-0.017253263686007284,75,Greed,37168570367010.0,403248874.2303363,-0.23468628109594533,-0.20088878391756657,0.00011970333333333334,-0.00010043333333333334,1.076e-05,-0.021150213681891534,0.08037691010899589,0.05796744266600789,0.09132307854043097,0.05841786633138062
2024-11-09,2687.5,70.37999725341797,2.6689999103546143,5995.5400390625,14.9399995803833,0.0,0.0,0.0,0.0,0.0,75,Greed,37362313900438.0,408819108.041646,0.005199025121925425,0.01371885432182008,0.00013633333333333333,1.6629999999999995e-05,1.12e-05,0.040078223567410524,0.07773149907398427,0.058259335710763166,0.09143547233846686,0.05796744266600789
2024-11-10,2687.5,70.37999725341797,2.6689999103546143,5995.5400390625,14.9399995803833,0.0,0.0,0.0,0.0,0.0,78,Extreme Greed,83979197562959.0,1009621077.6975706,0.8099065734341597,0.9040575892627651,0.0003763766666666667,0.00024004333333333335,1.232e-05,0.09531017980432493,0.06613196954102461,0.06008294978941088,0.09445956709486916,0.058259335710763166
2024-11-11,2611.199951171875,68.04000091552734,2.9200000762939453,6001.35009765625,14.970000267028809,-0.0288015263656269,-0.03381331188501914,0.08987980557349741,0.0009685941909569238,0.0020060646512555826,76,Extreme Greed,77301570891980.0,976318395.7752954,-0.0828548427087179,-0.03354161045191075,0.00026851,-0.00010786666666666667,1.299e-05,0.05295587257713438,0.053209313208402415,0.06063518535648794,0.09466394858371331,0.06008294978941088
2024-11-12,2600.0,68.12000274658203,2.9070000648498535,5983.990234375,14.710000038146973,-0.00429842206071789,0.001175115130863235,-0.004461998523343721,-0.0028968514769364996,-0.017520679062518398,80,Extreme Greed,109268506351477.0,1467402232.7596898,0.34609393674685673,0.4074601694612665,0.0004269,0.00015839,1.413e-05,0.08412036601392799,0.05340520916475876,0.06189067740747957,0.0950663955495503,0.06063518535648794
2024-11-13,2580.800048828125,68.43000030517578,2.9830000400543213,5985.3798828125,14.020000457763672,-0.00741199771886598,0.004540433309838222,0.025807875075231364,0.00023220076414018386,-0.04804262294940944,84,Extreme Greed,219467807645599.0,3882812077.265157,0.6973973454008385,0.973066004431682,0.00043854666666666664,1.1646666666666617e-05,2.081e-05,0.38713344370910685,0.1309931993660457,0.09061643730091393,0.06489416514482158,0.06189067740747957
2024-11-14,2568.199951171875,68.69999694824219,2.7850000858306885,5949.169921875,14.3100004196167,-0.004894201906120731,0.003937825382707094,-0.0686816147619756,-0.006068108582244,0.020473708634473634,88,Extreme Greed,151365034230073.0,3396355276.1131406,-0.3715111948252693,-0.13385677427426085,0.00020929,-0.00022925666666666664,2.065e-05,-0.007718320998501206,0.1379122105059657,0.08982125022967544,0.06593195624514028,0.09061643730091393
2024-11-15,2565.699951171875,67.0199966430664,2.822999954223633,5870.6201171875,16.139999389648438,-0.0009739185590534588,-0.024758122586163202,0.013552228857682867,-0.013291430866793769,0.12034200213404177,80,Extreme Greed,86313685572174.0,1828966942.8673701,-0.5617061978411397,-0.6189515836673314,0.00015293,-5.636000000000001e-05,2.333e-05,0.12202476662629674,0.12899069694459409,0.09154665242045143,0.06237359222502116,0.08982125022967544
2024-11-16,2565.699951171875,67.0199966430664,2.822999954223633,5870.6201171875,16.139999389648438,0.0,0.0,0.0,0.0,0.0,86,Extreme Greed,43192733933935.0,948259257.1165801,-0.6923158817562169,-0.6568786315063765,0.00018548333333333333,3.2553333333333346e-05,2.13e-05,-0.09103301331795913,0.14891124062234168,0.09287958803261302,0.0602103160147582,0.09154665242045143
2024-11-17,2565.699951171875,67.0199966430664,2.822999954223633,5870.6201171875,16.139999389648438,0.0,0.0,0.0,0.0,0.0,90,Extreme Greed,48865012016577.0,1033642171.1631118,0.12338935457474301,0.08621598963212335,0.00018412666666666667,-1.3566666666666599e-06,2.121e-05,-0.004234304138788344,0.15321418718351773,0.09278788063162316,0.060815098262536206,0.09287958803261302
2024-11-18,2610.60009765625,69.16000366210938,2.9730000495910645,5893.6201171875,15.579999923706055,0.017348790536743833,0.031431681545723344,0.05177142764059131,0.003910159746206537,-0.03531258948003348,83,Extreme Greed,46185103558075.0,971848981.5186452,-0.05640432741771565,-0.06164350888846009,0.00019786,1.3733333333333333e-05,2.048e-05,-0.035023968405283934,0.15907010834077984,0.09330377355965604,0.06612069693310989,0.09278788063162316
2024-11-19,2627.10009765625,69.38999938964844,2.997999906539917,5916.97998046875,16.350000381469727,0.006300496006653572,0.003320042349147119,0.008373807809822099,0.003955750520596487,0.04823988512905733,90,Extreme Greed,40112058690216.0,809866507.6515719,-0.14098030771341283,-0.18233099486531965,0.00020861333333333334,1.0753333333333331e-05,1.968e-05,-0.039845908547199674,0.16343246424437174,0.09399086165467,0.06989629568644509,0.09330377355965604
2024-11-20,2648.199951171875,68.87000274658203,3.193000078201294,5917.10986328125,17.15999984741211,0.007999532098494133,-0.007522046678218695,0.06301556971786235,2.19506213354446e-05,0.04835316449300409,83,Extreme Greed,40535014911691.0,794088490.2492881,0.010489161738166823,-0.01967452500227902,0.00016801,-4.0603333333333325e-05,1.876e-05,-0.04787594804602887,0.06686378732695866,0.09398906098007051,0.06978525382403855,0.09399086165467
2024-11-21,2672.10009765625,70.0999984741211,3.3389999866485596,5948.7099609375,16.8700008392334,0.008984571185138249,0.017702062836089758,0.044710418738758806,0.005326251844288491,-0.0170441388627829,82,Extreme Greed,53875208166057.0,1087630214.0541947,0.2845042459759848,0.3145615891423793,0.00014375666666666665,-2.425333333333336e-05,2.07e-05,0.09840675669324477,0.07956602914252622,0.09486238135464745,0.06718119890165072,0.09398906098007051
2024-11-22,2709.89990234375,71.23999786376953,3.128999948501587,5969.33984375,15.239999771118164,0.014046981134497769,0.01613165616169969,-0.06495790873456347,0.0034619595915364653,-0.10161341106495818,94,Extreme Greed,33959201755388.0,703565812.2645471,-0.4615105565568455,-0.4355950709053991,0.00030056,0.00015680333333333336,2.064e-05,-0.002902759657961351,0.059103956032665224,0.09451430913536901,0.06741437234868744,0.09486238135464745
2024-11-23,2709.89990234375,71.23999786376953,3.128999948501587,5969.33984375,15.239999771118164,0.0,0.0,0.0,0.0,0.0,93,Extreme Greed,47710744809661.0,1008843149.7703079,0.3399967748609497,0.3603981351497954,0.0004767366666666667,0.0001761766666666667,2.049e-05,-0.007293978362553611,0.04942198698049502,0.09469196616949052,0.06779630041727894,0.09451430913536901
2024-11-24,2709.89990234375,71.23999786376953,3.128999948501587,5969.33984375,15.239999771118164,0.0,0.0,0.0,0.0,0.0,80,Extreme Greed,28260883140421.0,565679222.8882705,-0.5236780032779027,-0.5785323835712209,0.00023091333333333336,-0.0002458233333333333,2.02e-05,-0.014254357843649283,0.049522919303405896,0.09046192567396845,0.06824887983961453,0.09469196616949052
2024-11-25,2616.800048828125,68.94000244140625,3.36899995803833,5987.3701171875,14.600000381469727,-0.03495948190340738,-0.032817831932857484,0.07390250374086611,0.0030159278201245415,-0.04290198039765308,82,Extreme Greed,30831062926904.0,605931111.6160324,0.08704409102220488,0.06873912887687185,0.00021480999999999998,-1.610333333333338e-05,1.897e-05,-0.0628238204602363,0.05313086907432703,0.09194854175119721,0.06763041344637367,0.09046192567396845
2024-11-26,2620.300048828125,68.7699966430664,3.430999994277954,6021.6298828125,14.100000381469727,0.001336617767776714,-0.0024690419843932956,0.01823581023937819,0.005705697155263866,-0.03484673040364113,79,Extreme Greed,29739168819244.0,541269786.1739764,-0.03605772593784021,-0.11284846731624891,0.00015129333333333334,-6.351666666666665e-05,1.828e-05,-0.03705121792091877,0.05288741483124237,0.09260372104916866,0.0683057306685572,0.09194854175119721
2024-11-27,2639.89990234375,68.72000122070312,3.2039999961853027,5998.740234375,14.100000381469727,0.007452166991228204,-0.0007272590783860844,-0.06845173419305577,-0.003808481083577712,0.0,75,Greed,26345770608857.0,500944379.5994494,-0.12115723849636008,-0.0774227589318044,0.00011420333333333334,-3.709e-05,1.974e-05,0.07683946797933149,0.0588815557938613,0.09301761988354353,0.06693510169897451,0.09260372104916866
2024-11-28,2639.89990234375,68.72000122070312,3.2039999961853027,5998.740234375,14.100000381469727,0.0,0.0,0.0,0.0,0.0,77,Extreme Greed,20507953884290.0,401679597.2213426,-0.2504949486521547,-0.22084032716746013,0.00019648,8.227666666666665e-05,1.985e-05,0.0055569731278639735,0.04333679495926017,0.09294816569368244,0.06757535570544128,0.09301761988354353
2024-11-29,2657.0,68.0,3.36299991607666,6032.3798828125,13.510000228881836,0.006456666117155565,-0.010532590263326157,0.04843337978772082,0.005592120396801623,-0.04274465552494473,78,Extreme Greed,27827773634963.0,567277799.6197222,0.30522176834440934,0.345194381171666,0.0003188166666666667,0.00012233666666666668,2.046e-05,0.03026775339028103,0.0454906111691432,0.09281250520461139,0.06779046275767928,0.09294816569368244
2024-11-30,2657.0,68.0,3.36299991607666,6032.3798828125,13.510000228881836,0.0,0.0,0.0,0.0,0.0,84,Extreme Greed,20867699497576.0,430277516.47627604,-0.28783208869206717,-0.2764187424934453,0.00017723666666666666,-0.00014158,2.02e-05,-0.012789156116321336,0.04565936999382421,0.09182390976760892,0.06808239107412505,0.09281250520461139
2024-12-01,2657.0,68.0,3.36299991607666,6032.3798828125,13.510000228881836,0.0,0.0,0.0,0.0,0.0,81,Extreme Greed,40062629234881.0,870209378.0776365,0.6522414756053807,0.7043034594816255,0.0002563333333333333,7.909666666666663e-05,2.226e-05,0.09710874144023977,0.05833446350168153,0.0921775432694662,0.06720231591824599,0.09182390976760892
2024-12-02,2634.89990234375,68.0999984741211,3.2130000591278076,6047.14990234375,13.34000015258789,-0.008352473231234763,0.0014694855729147065,-0.04562830926682871,0.0024454638805813736,-0.012663116987917826,80,Extreme Greed,41755718391846.0,861921598.8390648,0.041392448879693455,-0.009569533246280047,0.00017084333333333332,-8.548999999999997e-05,2.043e-05,-0.08578693701786813,0.06375972410242094,0.09419559569965949,0.0655960074488161,0.0921775432694662
2024-12-03,2644.699951171875,69.94000244140625,3.0420000553131104,6049.8798828125,13.300000190734863,0.003712425318383127,0.026660575793360352,-0.05468988651615979,0.0004513472420221813,-0.0030030023571751023,76,Extreme Greed,32157526543298.0,644278513.853727,-0.26118987900117885,-0.29103320636218466,0.00033495000000000004,0.0001641066666666667,2.025e-05,-0.0088496152769825,0.061082298276423704,0.09286175857550559,0.06639492955326397,0.09419559569965949
2024-12-04,2653.800048828125,68.54000091552734,3.0429999828338623,6086.490234375,13.449999809265137,0.003434974654697664,-0.020220236738356396,0.0003286532534048113,0.00603318162813612,0.011215042298142144,78,Extreme Greed,38658071348223.0,814479173.4080135,0.1841090546233323,0.23441775038543083,0.00045376666666666673,0.00011881666666666669,2.179e-05,0.07329635540398032,0.060492629582308576,0.0924106013099245,0.06572021581703015,0.09286175857550559
2024-12-05,2626.60009765625,68.30000305175781,3.0789999961853027,6075.10986328125,13.539999961853027,-0.010302322170881693,-0.0035077185456156065,0.011761002429777765,-0.0018715258393823342,0.006669172799957789,84,Extreme Greed,40285168050511.0,871600218.776071,0.04122777775181108,0.06778199614795881,0.0005025300000000001,4.876333333333333e-05,2.118e-05,-0.028393808783268096,0.06261687037469234,0.09269954164699609,0.06563641872782225,0.0924106013099245
2024-12-06,2638.60009765625,67.19999694824219,3.0759999752044678,6090.27001953125,12.770000457763672,0.004558239129528256,-0.01623660914236962,-0.0009748241209917851,0.0024923453675383123,-0.058549558775524854,72,Greed,26596100280809.0,571424985.3275067,-0.41521876370568556,-0.42219763872540395,0.0003873733333333333,-0.00011515666666666674,2.155e-05,0.01731847637649635,0.06208195735271622,0.09016897497859883,0.06564023579982471,0.09269954164699609
2024-12-07,2638.60009765625,67.19999694824219,3.0759999752044678,6090.27001953125,12.770000457763672,0.0,0.0,0.0,0.0,0.0,75,Greed,50539372914667.0,1213664369.0783107,0.6419880951242879,0.7532662510586777,0.00042589666666666674,3.8523333333333426e-05,2.489e-05,0.14409029982974392,0.07945764911240559,0.09160772157326251,0.059643375466130334,0.09016897497859883
2024-12-08,2638.60009765625,67.19999694824219,3.0759999752044678,6090.27001953125,12.770000457763672,0.0,0.0,0.0,0.0,0.0,79,Extreme Greed,42593220595135.0,1095379502.9426064,-0.17105759452782301,-0.10254330617275005,0.0005088466666666667,8.294999999999998e-05,2.642e-05,0.059655182714678734,0.07532545105518365,0.09132307854043097,0.06130025119806444,0.09160772157326251
2024-12-09,2664.89990234375,68.37000274658203,3.181999921798706,6052.85009765625,14.1899995803833,0.00991798633808684,0.017260969981989026,0.03387986175701848,-0.006163167285227462,0.1054387557094042,78,Extreme Greed,82932866321320.0,2175923644.177195,0.6663363413554789,0.6863523571319808,0.0002602,-0.00024864666666666674,2.649e-05,0.0026460041897990415,0.05950494200985755,0.09143547233846686,0.06148612540362026,0.09132307854043097
2024-12-10,2697.60009765625,68.58999633789062,3.1630001068115234,6034.91015625,14.180000305175781,0.012196028210303023,0.0032125260218978198,-0.005988927246882665,-0.002968284314279252,-0.0007049189751086937,78,Extreme Greed,73552507106171.0,1771233439.3326771,-0.12003190744123304,-0.20577707611320786,0.0001,-0.0001602,2.348e-05,-0.12061830832408263,0.08389093020434292,0.09445956709486916,0.0584354873911639,0.09143547233846686
2024-12-11,2733.800048828125,70.29000091552734,3.378000020980835,6084.18994140625,13.579999923706055,0.013330075570755336,0.02448285609288817,0.06576284650406404,0.008132626411368235,-0.043234426113106225,74,Greed,37832623045386.0,899431769.5068282,-0.6648277596196873,-0.6776682445413964,6.667333333333334e-05,-3.332666666666667e-05,2.512e-05,0.06751534664010238,0.08331843088651676,0.09466394858371331,0.05726197043723432,0.09445956709486916
2024-12-12,2687.5,70.0199966430664,3.4549999237060547,6051.25,13.920000076293945,-0.017081207143532985,-0.0038486866287931534,0.022538610540818103,-0.005428731461463251,0.02472854387472121,83,Extreme Greed,25025648068128.0,615256769.0636063,-0.4132705522520861,-0.3797235053677436,0.0001,3.332666666666667e-05,2.365e-05,-0.06030122666205604,0.08720935320086294,0.0950663955495503,0.056814399287582903,0.09466394858371331
2024-12-13,2656.0,71.29000091552734,3.2799999713897705,6051.08984375,13.8100004196167,-0.011790161839593786,0.017975210387811715,-0.05197902146402772,-2.646698937187397e-05,-0.007933662580971048,76,Extreme Greed,16955284110496.0,407765179.53036183,-0.38932168951886026,-0.4113482229952509,0.0001,0.0,2.475e-05,0.04546237407675741,0.08793898466030288,0.06489416514482158,0.05587843412541787,0.0950663955495503
2024-12-14,2656.0,71.29000091552734,3.2799999713897705,6051.08984375,13.8100004196167,0.0,0.0,0.0,0.0,0.0,83,Extreme Greed,11838393256148.0,281662098.1698755,-0.35923161664548714,-0.36998334930817706,0.0001,0.0,2.333e-05,-0.059085402981360745,0.07219013851561537,0.06593195624514028,0.05566903195636439,0.06489416514482158
2024-12-15,2656.0,71.29000091552734,3.2799999713897705,6051.08984375,13.8100004196167,0.0,0.0,0.0,0.0,0.0,80,Extreme Greed,12647918070646.0,297310828.7807497,0.06614470670336962,0.05407003404801023,9.648000000000001e-05,-3.5199999999999934e-06,2.415e-05,0.034544294065243154,0.0687369442387698,0.06237359222502116,0.05568100911708185,0.06593195624514028
2024-12-16,2651.39990234375,70.70999908447266,3.2139999866485596,6074.080078125,14.6899995803833,-0.0017334660635325901,-0.008169085303320521,-0.02032715051225124,0.0037921550087844295,0.06177396381481069,83,Extreme Greed,21025862030606.0,500821815.67743623,0.5082605830518775,0.5214722274030281,6.064000000000001e-05,-3.584e-05,2.345e-05,-0.02941388520629334,0.06860155877545882,0.0602103160147582,0.05840050256239401,0.06237359222502116
2024-12-17,2644.39990234375,70.08000183105469,3.308000087738037,6050.60986328125,15.869999885559082,-0.00264360600282425,-0.00894951991231415,0.028827540523260184,-0.0038714794806554956,0.07726356570616974,87,Extreme Greed,15422714288799.0,356012343.5089709,-0.3099118287234412,-0.34128497746437814,9.792333333333334e-05,3.728333333333333e-05,2.244e-05,-0.044025414237792874,0.05393821756800501,0.060815098262536206,0.05856965909593339,0.0602103160147582
2024-12-18,2636.5,70.58000183105469,3.374000072479248,5872.16015625,27.6200008392334,-0.0029918795594432402,0.007109371433892709,0.019755201921043596,-0.02993650530451818,0.554109651038965,81,Extreme Greed,26846597305414.0,559829193.4681542,0.5542977065825198,0.4526663225107145,9.408000000000001e-05,-3.843333333333331e-06,1.943e-05,-0.14402681726514688,0.06391442686490835,0.06612069693310989,0.056661170090802467,0.060815098262536206
2024-12-19,2592.199951171875,69.91000366210938,3.5840001106262207,5867.080078125,24.09000015258789,-0.01694536281780769,-0.009538091283001255,0.06038052037390054,-0.0008654867505367934,-0.13674335540527865,75,Greed,44992131613453.0,820836806.5777986,0.5163485383031307,0.38269259019333146,-9.323333333333333e-06,-0.00010340333333333333,1.705e-05,-0.13066805965982276,0.07311751991219548,0.06989629568644509,0.054144582201413306,0.06612069693310989
2024-12-20,2628.699951171875,69.45999908447266,3.747999906539917,5930.85009765625,18.360000610351562,0.01398249166131256,-0.006457718771803879,0.04474281346081278,0.010810479402397299,-0.271622404524963,74,Greed,53723342953662.0,869954918.3863659,0.17735997749083382,0.05811707662632976,-0.00010491,-9.558666666666666e-05,1.767e-05,0.03571808260207903,0.07113535434022958,0.06978525382403855,0.05966315320999732,0.06989629568644509
2024-12-21,2628.699951171875,69.45999908447266,3.747999906539917,5930.85009765625,18.360000610351562,0.0,0.0,0.0,0.0,0.0,73,Greed,34818687048227.0,633228516.8129634,-0.4336933721377121,-0.31761002933850835,-4.75333333333333e-06,0.00010015666666666666,1.741e-05,-0.014823532551507158,0.07196232274412646,0.06718119890165072,0.05966486092638293,0.06978525382403855
2024-12-22,2628.699951171875,69.45999908447266,3.747999906539917,5930.85009765625,18.360000610351562,0.0,0.0,0.0,0.0,0.0,73,Greed,22210821235620.0,392841683.41336006,-0.44957461363808,-0.4774246735012455,9.995e-05,0.00010470333333333334,1.785e-05,0.02495875444555037,0.07034006475318884,0.06741437234868744,0.05945778042556682,0.06718119890165072
2024-12-23,2612.300048828125,69.23999786376953,3.6559998989105225,5974.06982421875,16.780000686645508,-0.006258330803749558,-0.003172334679827193,-0.024852713498578975,0.007260849585616372,-0.08998667647636249,70,Greed,20145844548886.0,361918016.6348961,-0.0975815718989317,-0.08198897672703671,7.077333333333333e-05,-2.9176666666666675e-05,1.848e-05,0.034685557987889894,0.07634713163307257,0.06779630041727894,0.05953364463675576,0.06741437234868744
2024-12-24,2620.0,70.0999984741211,3.946000099182129,6040.0400390625,14.270000457763672,0.00294323974486273,0.012344072817910593,0.07633280679366752,0.010982233165126825,-0.1620282783920423,73,Greed,16436827609987.0,309559489.52711636,-0.20347363801846627,-0.15626742741891414,1.0773333333333334e-05,-5.9999999999999995e-05,1.926e-05,0.04134134015644133,0.08115055127027512,0.06824887983961453,0.05894726907539675,0.06779630041727894
2024-12-25,2620.0,70.0999984741211,3.946000099182129,6040.0400390625,14.270000457763672,0.0,0.0,0.0,0.0,0.0,73,Greed,14797984293750.0,277463709.29627573,-0.10503342811875326,-0.10946013804994942,-3.4533333333333343e-06,-1.4226666666666669e-05,1.854e-05,-0.038099846232270404,0.06223922551657946,0.06763041344637367,0.05876322305562412,0.06824887983961453
2024-12-26,2638.800048828125,69.62000274658203,3.7149999141693115,6037.58984375,14.729999542236328,0.007149969097485895,-0.006870850439029008,-0.06032377766937305,-0.0004057410882578191,0.031726735830086665,79,Extreme Greed,13227748320847.0,233423706.75989038,-0.11217420643151453,-0.17283486125010447,5.3346666666666675e-05,5.680000000000001e-05,1.739e-05,-0.06403523177151725,0.041886882968024064,0.0683057306685572,0.057815213230333944,0.06763041344637367
2024-12-27,2617.199951171875,70.5999984741211,3.5139999389648438,5970.83984375,15.949999809265137,-0.008219261513672152,0.013978201051839344,-0.05562368267013716,-0.01111730496491221,0.07957261787497986,74,Greed,13660033531008.0,243407388.76337793,0.032157540130685267,0.041881250483275866,4.758666666666666e-05,-5.760000000000013e-06,1.788e-05,0.027787441379176415,0.04094545493837492,0.06693510169897451,0.05867101315995918,0.0683057306685572
2024-12-28,2617.199951171875,70.5999984741211,3.5139999389648438,5970.83984375,15.949999809265137,0.0,0.0,0.0,0.0,0.0,72,Greed,9469146279294.0,174802440.13217714,-0.3664355557129527,-0.3310801138666123,0.0001,5.241333333333334e-05,1.876e-05,0.048044173832710396,0.04353322840458656,0.06757535570544128,0.058637629556104826,0.06693510169897451
2024-12-29,2617.199951171875,70.5999984741211,3.5139999389648438,5970.83984375,15.949999809265137,0.0,0.0,0.0,0.0,0.0,73,Greed,9116197110944.0,167662663.7259916,-0.03798601943713297,-0.04170241594126488,0.0001,0.0,1.789e-05,-0.04748504605745085,0.04795623334014051,0.06779046275767928,0.06254093710247384,0.06757535570544128
2024-12-30,2606.10009765625,70.98999786376953,3.936000108718872,5906.93994140625,17.399999618530273,-0.004250136932791706,0.00550886907312227,0.1134100344159054,-0.010759673941729728,0.08701136702438074,65,Greed,14012271530950.0,255305104.19168034,0.42988074992988745,0.42050531021549864,0.0001,0.0,1.846e-05,0.03136433155407839,0.04757447411214863,0.06808239107412505,0.06432944562184602,0.06779046275767928
2024-12-31,2629.199951171875,71.72000122070312,3.632999897003174,5881.6298828125,17.350000381469727,0.008824710411780469,0.010230673798029735,-0.08010628192295799,-0.0042940064589823065,-0.002877655917339942,64,Greed,45739570232961.0,912959092.3206022,1.1830303090764607,1.2742317568442205,5.698666666666667e-05,-4.301333333333334e-05,1.996e-05,0.0781240418086118,0.05445539751639377,0.06720231591824599,0.06290168013440099,0.06808239107412505
2025-01-01,2629.199951171875,71.72000122070312,3.632999897003174,5881.6298828125,17.350000381469727,0.0,0.0,0.0,0.0,0.0,66,Greed,16682666084636.0,328210024.69330406,-1.0085935713153034,-1.0230373511545006,9.463333333333333e-05,3.7646666666666666e-05,1.938e-05,-0.029488664420697603,0.053403960573808806,0.0655960074488161,0.06465674758588451,0.06720231591824599
2025-01-02,2658.89990234375,73.12999725341797,3.6600000858306885,5868.5498046875,17.93000030517578,0.011232867866452192,0.019468975967998597,0.00740444597556923,-0.002226363149448992,0.032882776257846205,70,Greed,21627625482687.0,440865327.6794247,0.2596012336860282,0.29508572674313716,5.778333333333334e-05,-3.6849999999999994e-05,2.048e-05,0.055207193708686784,0.045676992280602326,0.06639492955326397,0.06657912732741413,0.0655960074488161
2025-01-03,2645.0,73.95999908447266,3.3540000915527344,5942.47021484375,16.1299991607666,-0.005241401391997348,0.011285752414910675,-0.08730948016668419,0.01251735670782609,-0.10579446452967473,74,Greed,14899135389828.0,312519413.08498985,-0.37266827131298746,-0.34407286027838285,7.845333333333334e-05,2.0669999999999997e-05,2.159e-05,0.05278144435540895,0.047036976559397245,0.06572021581703015,0.06814043885168816,0.06639492955326397
2025-01-04,2645.0,73.95999908447266,3.3540000915527344,5942.47021484375,16.1299991607666,0.0,0.0,0.0,0.0,0.0,73,Greed,11555524610118.0,244101567.01405403,-0.2541395399084193,-0.24708219218285124,0.0001,2.1546666666666668e-05,2.112e-05,-0.022009785688655276,0.049199979228841714,0.06563641872782225,0.06859911769131317,0.06572021581703015
2025-01-05,2645.0,73.95999908447266,3.3540000915527344,5942.47021484375,16.1299991607666,0.0,0.0,0.0,0.0,0.0,72,Greed,7073091306173.0,146921955.70725435,-0.49086601674511054,-0.50768286469795,0.0001,0.0,2.072e-05,-0.019121041446778397,0.043892690725059774,0.06564023579982471,0.06942627615717503,0.06563641872782225
2025-01-06,2638.39990234375,73.55999755859375,3.671999931335449,5975.3798828125,16.040000915527344,-0.0024984295005021796,-0.005423027593440198,0.09058276336114922,0.005522766496818171,-0.005595180591635829,76,Extreme Greed,10202159475639.0,212760120.38717338,0.3663017840941697,0.3702638034713762,9.178333333333333e-05,-8.216666666666672e-06,2.078e-05,0.0028915682797990743,0.04408879790311609,0.059643375466130334,0.06927134179718922,0.06564023579982471
2025-01-07,2656.699951171875,74.25,3.4489998817443848,5909.02978515625,17.81999969482422,0.006912096917743294,0.009336411136007488,-0.06265215439097231,-0.011166021516637011,0.10523574540106705,78,Extreme Greed,18763623814545.0,365902186.9057329,0.6093206808302707,0.5422007130830624,9.444333333333335e-05,2.6600000000000186e-06,1.859e-05,-0.1113671839377287,0.05663045098542016,0.06130025119806444,0.06820462671670598,0.059643375466130334
2025-01-08,2664.5,73.31999969482422,3.6510000228881836,5918.25,17.700000762939453,0.0029316900271960217,-0.012604358873549463,0.056916809274742436,0.0015591440938312422,-0.006756722233491995,70,Greed,17669793623298.0,318142732.36748636,-0.06006348524337504,-0.1398659227897897,1.3810000000000005e-05,-8.063333333333335e-05,1.782e-05,-0.0423023796906895,0.05755892171531578,0.06148612540362026,0.06813175066180785,0.06130025119806444
2025-01-09,2664.5,73.31999969482422,3.6510000228881836,5918.25,17.700000762939453,0.0,0.0,0.0,0.0,0.0,69,Greed,16559799889161.0,287184214.14923793,-0.06487854187072523,-0.10237625500075874,6.223333333333336e-06,-7.586666666666669e-06,1.701e-05,-0.0465200156348927,0.050128127158957786,0.0584354873911639,0.07000673848923816,0.06148612540362026
2025-01-10,2708.5,76.56999969482422,3.989000082015991,5827.0400390625,19.540000915527344,0.016378553361116682,0.043371932330193555,0.08853948454129108,-0.015531637650233373,0.09889901078493853,50,Neutral,16319015095746.0,285087881.6172771,-0.014647066706751938,-0.007326381713639536,9.456666666666667e-06,3.233333333333331e-06,1.764e-05,0.03636764417087479,0.04601555766804835,0.05726197043723432,0.06929389986164271,0.0584354873911639
2025-01-11,2708.5,76.56999969482422,3.989000082015991,5827.0400390625,19.540000915527344,0.0,0.0,0.0,0.0,0.0,69,Greed,6439600278724.0,115458141.80902062,-0.9298645285206736,-0.9038894335923091,5.249333333333333e-05,4.303666666666666e-05,1.802e-05,0.021313201601546598,0.04984542442509724,0.056814399287582903,0.06902097893599668,0.05726197043723432
2025-01-12,2708.5,76.56999969482422,3.989000082015991,5827.0400390625,19.540000915527344,0.0,0.0,0.0,0.0,0.0,62,Greed,5011918296641.0,89082065.01239987,-0.25064773431594833,-0.25935003202643364,1.774e-05,-3.475333333333333e-05,1.775e-05,-0.015096736258767004,0.049916428634338025,0.05587843412541787,0.06912065691727881,0.056814399287582903
2025-01-13,2673.5,78.81999969482422,3.934000015258789,5836.22021484375,19.190000534057617,-0.013006500709167285,0.028961416755598178,-0.013883869638245575,0.0015742043780551176,-0.018074355619041128,61,Greed,23342503853938.0,387600158.602262,1.5384571631269737,1.4704162655374433,8.689666666666667e-05,6.915666666666667e-05,1.686e-05,-0.05144156334771536,0.0496056198257543,0.05566903195636439,0.07005858126102303,0.05587843412541787
2025-01-14,2677.5,77.5,3.9679999351501465,5842.91015625,18.709999084472656,0.001495047933117684,-0.016888831535749937,0.008605449233854201,0.001145623334164268,-0.02533124649612117,63,Greed,10728110959461.0,185512612.69595864,-0.7774084095766013,-0.7368514165008898,8.906666666666667e-06,-7.799e-05,1.746e-05,0.03496859783774664,0.03929714911765781,0.05568100911708185,0.069486904220517,0.05566903195636439
2025-01-15,2712.5,80.04000091552734,4.083000183105469,5949.91015625,16.1200008392334,0.012987195526811112,0.03224858479460386,0.02856988410383702,0.018147132504516373,-0.14899730221337662,70,Greed,16682626026136.0,299499927.34478205,0.4415003312553403,0.47899130226090075,0.0001,9.109333333333334e-05,1.907e-05,0.08820386920087145,0.050268026109811244,0.05840050256239401,0.06824114743639115,0.05568100911708185
2025-01-16,2746.39990234375,78.68000030517578,4.257999897003174,5937.33984375,16.600000381469727,0.012420208736854522,-0.017137523754351097,0.041967485099018174,-0.0021149243408667613,0.029341929202495187,75,Greed,15198692346430.0,280003935.2328118,-0.09315842584725818,-0.06731051749371413,0.0001,0.0,1.812e-05,-0.05110011899749445,0.051143713911340684,0.05856965909593339,0.06805998643235393,0.05840050256239401
2025-01-17,2744.300048828125,77.87999725341797,3.947999954223633,5996.66015625,15.970000267028809,-0.000764876477197021,-0.010219852162402603,-0.07559043230586174,0.009941478308394033,-0.03869073939502857,75,Greed,21668399109828.0,424961619.9721978,0.3546455426348021,0.41719520142543254,0.0001,0.0,2.03e-05,0.11360458543290843,0.06458875706306533,0.056661170090802467,0.06320816016468807,0.05856965909593339
2025-01-18,2744.300048828125,77.87999725341797,3.947999954223633,5996.66015625,15.970000267028809,0.0,0.0,0.0,0.0,0.0,77,Extreme Greed,24907807730325.0,475470074.8700144,0.13932638084065754,0.11230508707888734,9.173e-05,-8.27e-06,1.845e-05,-0.09555651556120527,0.07793768636432884,0.054144582201413306,0.06288623382542868,0.056661170090802467
2025-01-19,2744.300048828125,77.87999725341797,3.947999954223633,5996.66015625,15.970000267028809,0.0,0.0,0.0,0.0,0.0,77,Extreme Greed,62882541482112.0,1061269884.6450968,0.9260872474899061,0.8029175284759397,6.508000000000001e-05,-2.6649999999999997e-05,1.604e-05,-0.13997876804816783,0.09524121461634741,0.05966315320999732,0.06015501086668825,0.054144582201413306
2025-01-20,2744.300048828125,77.87999725341797,3.947999954223633,5996.66015625,15.970000267028809,0.0,0.0,0.0,0.0,0.0,76,Extreme Greed,59103382658573.0,954174946.6926082,-0.06198040631689304,-0.10637443754046716,7.407666666666667e-05,8.996666666666661e-06,1.58e-05,-0.01507566240544716,0.09387046177924556,0.05966486092638293,0.06038713371487234,0.05966315320999732
2025-01-21,2755.0,75.88999938964844,3.75600004196167,6049.240234375,15.0600004196167,0.003891391478642485,-0.025884229863912228,-0.04985453745849059,0.00873000944059605,-0.05866972871283094,76,Extreme Greed,27143688797501.0,421153925.0758579,-0.7781435964160809,-0.8178486522953009,0.0001,2.5923333333333336e-05,1.59e-05,0.006309169193264756,0.09222973182883552,0.05945778042556682,0.06079467107324111,0.05966486092638293
2025-01-22,2767.60009765625,75.44000244140625,3.9600000381469727,6086.3701171875,15.100000381469727,0.004563111323176753,-0.005947244685812746,0.05288946238154303,0.006119181086994129,0.002652518849032259,84,Extreme Greed,12817606784768.0,200258204.62756675,-0.7503248067329685,-0.743390827585806,0.0001,0.0,1.515e-05,-0.04831857727080768,0.08091078732721957,0.05953364463675576,0.060869832015851125,0.05945778042556682
2025-01-23,2763.10009765625,74.62000274658203,3.944999933242798,6118.7099609375,15.020000457763672,-0.0016272807543716752,-0.010929066086829906,-0.0037950975236033416,0.005299419459529372,-0.005312092270843689,75,Greed,21125125131689.0,314993999.46334195,0.49964334080851297,0.45294603228939606,0.0001,0.0,1.532e-05,0.011158632357067029,0.08198804866366999,0.05894726907539675,0.062015386766256515,0.05953364463675576
2025-01-24,2777.300048828125,74.66000366210938,4.0269999504089355,6101.240234375,14.850000381469727,0.005125977145751084,0.0005359179363270571,0.020572732178815143,-0.002859215984467759,-0.01138278587602501,75,Greed,16248774465024.0,250647107.44826943,-0.26244560822453994,-0.2285075858809407,0.0001,0.0,1.494e-05,-0.02511698460777395,0.05575995059818007,0.05876322305562412,0.06204409265615862,0.05894726907539675
2025-01-25,2777.300048828125,74.66000366210938,4.0269999504089355,6101.240234375,14.850000381469727,0.0,0.0,0.0,0.0,0.0,75,Greed,8029163961541.0,120870466.2394721,-0.70493708023478,-0.7293265582135495,0.0001,0.0,1.504e-05,0.006671138817022601,0.053276139022069985,0.057815213230333944,0.0679412723522626,0.05876322305562412
2025-01-26,2777.300048828125,74.66000366210938,4.0269999504089355,6101.240234375,14.850000381469727,0.0,0.0,0.0,0.0,0.0,73,Greed,9098053764288.0,134075319.42748486,0.12498011043271463,0.10368228209291029,0.0001,0.0,1.402e-05,-0.07022843691524977,0.030944811421285336,0.05867101315995918,0.0683355644052241,0.057815213230333944
2025-01-27,2737.5,73.16999816894531,3.697000026702881,6012.27978515625,17.899999618530273,-0.014434155176814617,-0.020159046665649796,-0.08549998237732871,-0.014688059032112328,0.18680080059864573,71,Greed,36311622274024.0,466147187.4199119,1.3840773442718954,1.2460997097671818,-7.033333333333333e-06,-0.00010703333333333334,1.311e-05,-0.06710958383083558,0.03566985713476379,0.058637629556104826,0.06785616927706323,0.05867101315995918
2025-01-28,2766.800048828125,73.7699966430664,3.4709999561309814,6067.7001953125,16.40999984741211,0.010646340249542608,0.008166623519532719,-0.06307896293642307,0.009175644177716802,-0.08690979573202155,72,Greed,17291386273714.0,215868248.72058785,-0.7419293886093242,-0.7698331751308662,-1.5560000000000007e-05,-8.526666666666674e-06,1.145e-05,-0.13538556777535973,0.050825719629474034,0.06254093710247384,0.06394452337079815,0.058637629556104826
2025-01-29,2769.10009765625,72.62000274658203,3.5350000858306885,6039.31005859375,16.559999465942383,0.000830957531606674,-0.015711695583328272,0.01827059938786406,-0.004689876056919602,0.00909922090372748,72,Greed,30764079573540.0,383459663.78046834,0.5761392875160085,0.5745661741289536,9.239333333333334e-05,0.00010795333333333335,1.239e-05,0.07889996564080244,0.06953671675662379,0.06432944562184602,0.0617724631163393,0.06254093710247384
2025-01-30,2823.0,72.7300033569336,3.046999931335449,6071.169921875,15.84000015258789,0.019277756347583747,0.001513596515076029,-0.14855584616034856,0.005261548152180238,-0.044451720687903346,70,Greed,15593336329527.0,202163257.9013933,-0.6795040971375158,-0.6401588576750727,4.91e-05,-4.329333333333334e-05,1.293e-05,0.04266049714271504,0.07345732400337313,0.06290168013440099,0.060987903799299414,0.06432944562184602
2025-01-31,2812.5,72.52999877929688,3.0439999103546143,6040.52978515625,16.43000030517578,-0.0037263817408137866,-0.0027537477775536725,-0.0009850669188635375,-0.005059603990267195,0.0365705546041249,76,Extreme Greed,26881347636132.0,374701724.32636654,0.5445889850372709,0.6170547292641205,8.146666666666666e-05,3.236666666666666e-05,1.386e-05,0.0694568009779911,0.08152150008354896,0.06465674758588451,0.06659833084433299,0.06290168013440099
2025-02-01,2812.5,72.52999877929688,3.0439999103546143,6040.52978515625,16.43000030517578,0.0,0.0,0.0,0.0,0.0,68,Greed,19306388674839.0,253593395.43925044,-0.3309965891132776,-0.39039812867088625,0.0001,1.853333333333334e-05,1.224e-05,-0.12429771667757719,0.0913069458285425,0.06657912732741413,0.07208180736021384,0.06465674758588451
2025-02-02,2812.5,72.52999877929688,3.0439999103546143,6040.52978515625,16.43000030517578,0.0,0.0,0.0,0.0,0.0,60,Greed,41791389996776.0,472665764.51755196,0.772254276817642,0.6226563307817675,5.6370000000000004e-05,-4.363e-05,1.078e-05,-0.12701671160332895,0.09782620599979623,0.06814043885168816,0.0691493853194115,0.06657912732741413
2025-02-03,2833.89990234375,73.16000366210938,3.3519999980926514,5994.56982421875,18.6200008392334,0.007580052840268373,0.008648621033832713,0.09638477150124344,-0.007637690729495203,0.12512736629705268,44,Fear,86878701520935.0,837192177.8326763,0.7318225730371578,0.5716651374949925,-9.247333333333334e-05,-0.00014884333333333333,1.1e-05,0.02020270731751947,0.09898729242744812,0.06859911769131317,0.06903452149646196,0.06814043885168816
2025-02-04,2853.300048828125,72.69999694824219,3.253000020980835,6037.8798828125,17.209999084472656,0.006822415916365941,-0.006307531016772015,-0.029979528109916203,0.007198907403029114,-0.0787457598944896,72,Greed,33913513843407.0,346719461.70187396,-0.9406993370127161,-0.8815376620374382,-2.414e-05,6.833333333333335e-05,1.015e-05,-0.0804215673105742,0.09060301862132965,0.06942627615717503,0.06804469785124496,0.06859911769131317
2025-02-05,2871.60009765625,71.02999877929688,3.359999895095825,6061.47998046875,15.770000457763672,0.006393163440626415,-0.023239036738083033,0.032363288812729374,0.003901053915613614,-0.08738112702359498,54,Neutral,16978008551162.0,172215778.3951983,-0.6918946814228166,-0.6997677691353716,9.874e-05,0.00012288000000000002,1.001e-05,-0.013889112160667037,0.0804115987249426,0.06927134179718922,0.06834235596596523,0.06942627615717503
2025-02-06,2856.0,70.61000061035156,3.4079999923706055,6083.56982421875,15.5,-0.005447355250461389,-0.005930519651740896,0.014184663974765447,0.003637674355266266,-0.017269406077245503,49,Neutral,22399169719870.0,217479511.8982907,0.27710500011982236,0.23335643181576518,4.9279999999999996e-05,-4.946000000000001e-05,9.22e-06,-0.08220955575862687,0.07516317822519232,0.06820462671670598,0.06736262932701254,0.06927134179718922
2025-02-07,2867.300048828125,71.0,3.309000015258789,6025.990234375,16.540000915527344,0.00394879297438717,0.005508090869077976,-0.02947957317762293,-0.0095098456936602,0.06494172102266113,44,Fear,25788776543072.0,239537001.6786781,0.14091548747273197,0.09660325252157055,-5.864666666666667e-05,-0.00010792666666666666,8.93e-06,-0.03195864268009489,0.05601475902966203,0.06813175066180785,0.07059421861272437,0.06820462671670598
2025-02-08,2867.300048828125,71.0,3.309000015258789,6025.990234375,16.540000915527344,0.0,0.0,0.0,0.0,0.0,44,Fear,19237931847348.0,178740645.66536093,-0.2930554324512654,-0.29277205218188834,4.297e-05,0.00010161666666666667,9.57e-06,0.0692168105764552,0.0672336382440624,0.07000673848923816,0.06886100826634715,0.06813175066180785
2025-02-09,2867.300048828125,71.0,3.309000015258789,6025.990234375,16.540000915527344,0.0,0.0,0.0,0.0,0.0,46,Fear,15025156515424.0,142013021.98005283,-0.2471580497513165,-0.23001709078113916,4.297e-05,0.0,9.54e-06,-0.0031397200046677527,0.05403092506377759,0.06929389986164271,0.0723580473698639,0.07000673848923816
2025-02-10,2914.300048828125,72.31999969482422,3.444000005722046,6066.43994140625,15.8100004196167,0.016258833046568513,0.018420834822807805,0.03998755467616356,0.006690112295455172,-0.045139067185260916,43,Fear,18057207333654.0,173355115.64061892,0.18381900597698456,0.19942342468774724,9.808666666666668e-05,5.511666666666668e-05,9.59e-06,0.00522740343515173,0.05256795021256568,0.06902097893599668,0.07496973897411112,0.06929389986164271
2025-02-11,2912.5,73.31999969482422,3.5190000534057617,6068.5,16.020000457763672,-0.0006178516064746903,0.013732706945136314,0.02154328528891293,0.00033952514367385523,0.013195292452123142,47,Neutral,25128522224855.0,250776759.95245996,0.3304586412638104,0.3692209586294709,-1.59e-05,-0.00011398666666666667,9.59e-06,0.0,0.04535176910192108,0.06912065691727881,0.0751231523058629,0.06902097893599668
2025-02-12,2909.0,71.37000274658203,3.565000057220459,6051.97021484375,15.890000343322754,-0.0012024393787544148,-0.026955767342579182,0.012987196401027887,-0.0027275831896475754,-0.008147968059884936,46,Fear,29356006071016.0,280688836.7721773,0.1554936168817012,0.11268357253054771,-8.482333333333335e-05,-6.892333333333335e-05,1.009e-05,0.050823945470170676,0.050302315358501236,0.07005858126102303,0.07521183145966043,0.06912065691727881
2025-02-13,2925.89990234375,71.29000091552734,3.628000020980835,6115.06982421875,15.100000381469727,0.005792712774394366,-0.001121573494846507,0.017517468119041996,0.010372313214235747,-0.050995233071065085,50,Neutral,14123544965627.0,138383486.70274094,-0.7316539010460106,-0.7072179929961027,4.464333333333334e-05,0.00012946666666666668,9.68e-06,-0.0414829330770319,0.040444988084020875,0.069486904220517,0.07511300870148258,0.07005858126102303
2025-02-14,2883.60009765625,70.73999786376953,3.7249999046325684,6114.6298828125,14.770000457763672,-0.014562544873085503,-0.007744924392838291,0.026385288193606714,-7.19463955744955e-05,-0.022096641547685154,48,Neutral,16932254518253.0,173923449.06785288,0.18137709389136478,0.2285865341899206,8.265000000000002e-05,3.8006666666666677e-05,1.03e-05,0.06208199394710429,0.0409798097278492,0.06824114743639115,0.07493176305199042,0.069486904220517
2025-02-15,2883.60009765625,70.73999786376953,3.7249999046325684,6114.6298828125,14.770000457763672,0.0,0.0,0.0,0.0,0.0,50,Neutral,7693921894156.0,77582033.38564639,-0.7887897015826065,-0.8072793826763417,3.633e-05,-4.632000000000002e-05,9.94e-06,-0.035576874567107446,0.03927554576822172,0.06805998643235393,0.07852176458241938,0.06824114743639115
2025-02-16,2883.60009765625,70.73999786376953,3.7249999046325684,6114.6298828125,14.770000457763672,0.0,0.0,0.0,0.0,0.0,54,Neutral,6597553335879.0,64791990.28792567,-0.1537317791335214,-0.1801538827963377,3.020000000000001e-06,-3.331e-05,9.7e-06,-0.024441135159145463,0.040843135791556934,0.06320816016468807,0.07848029957260243,0.06805998643235393
2025-02-17,2883.60009765625,70.73999786376953,3.7249999046325684,6114.6298828125,14.770000457763672,0.0,0.0,0.0,0.0,0.0,51,Neutral,21946357332885.0,221060791.71703634,1.2019022991870605,1.2272557502836017,8.133333333333346e-07,-2.2066666666666666e-06,1.012e-05,0.0423877783499822,0.04359760622375885,0.06288623382542868,0.07813801976305275,0.06320816016468807
2025-02-18,2931.60009765625,71.8499984741211,4.006999969482422,6129.580078125,15.350000381469727,0.01650883496677148,0.015569437709031842,0.07297599780841364,0.002442003655551809,0.038517371348564894,47,Neutral,20043926315436.0,189022920.1741458,-0.09067499185570047,-0.1565694608644692,-8.819666666666666e-05,-8.900999999999999e-05,9.26e-06,-0.08880961520123154,0.057052413470509676,0.06015501086668825,0.07694384693159227,0.06288623382542868
2025-02-19,2919.39990234375,72.25,4.28000020980835,6144.14990234375,15.270000457763672,-0.004170300117599673,0.005551735704514271,0.0659102345764056,0.0023741488668242434,-0.005225349676138614,44,Fear,10331310968338.0,96609166.7410037,-0.6627469970287158,-0.6711946479540633,-2.5433333333333336e-05,6.276333333333333e-05,9.36e-06,0.010741241831412836,0.05233168360797939,0.06038713371487234,0.07749789653671468,0.06015501086668825
2025-02-20,2940.0,72.56999969482422,4.1519999504089355,6117.52001953125,15.65999984741211,0.0070314990870447855,0.004419282092243165,-0.030362924694657154,-0.004343604884290259,0.02521953161034285,49,Neutral,10872954762200.0,103436824.38685864,0.05109930752278016,0.06828740342709122,6.273333333333334e-05,8.816666666666668e-05,9.62e-06,0.027398974188114347,0.0520603558663017,0.06079467107324111,0.07721125954783263,0.06038713371487234
2025-02-21,2937.60009765625,70.4000015258789,4.234000205993652,6013.1298828125,18.209999084472656,-0.0008166266630073181,-0.030358324246371943,0.019557087445238895,-0.017211396672539132,0.15086116264458116,55,Greed,18582732525321.0,178549780.3972455,0.5359542992293822,0.545906410174043,9.754e-05,3.480666666666666e-05,9.13e-06,-0.05227857007073788,0.04667095261978541,0.060869832015851125,0.07729374715441267,0.06079467107324111
2025-02-22,2937.60009765625,70.4000015258789,4.234000205993652,6013.1298828125,18.209999084472656,0.0,0.0,0.0,0.0,0.0,49,Neutral,11947003340550.0,113166113.898148,-0.44175231022430067,-0.45601067035042114,1.9200000000000006e-05,-7.834e-05,9.63e-06,0.053317531203157006,0.05256696950695239,0.062015386766256515,0.07829853492052724,0.060869832015851125
2025-02-23,2937.60009765625,70.4000015258789,4.234000205993652,6013.1298828125,18.209999084472656,0.0,0.0,0.0,0.0,0.0,50,Neutral,12092609836081.0,114381639.74338898,0.012114028216594123,0.010683800545661109,0.0001,8.08e-05,9.35e-06,-0.02950688250943841,0.05292050801709505,0.06204409265615862,0.07818831497471118,0.062015386766256515
2025-02-24,2947.89990234375,70.69999694824219,3.99399995803833,5983.25,18.979999542236328,0.003500064634192458,0.004252244899222221,-0.05835399687748168,-0.004981493566252351,0.0414149256001298,49,Neutral,24468172172713.0,210125995.91235876,0.7047786693381883,0.6081667570242247,-3.738333333333334e-05,-0.00013738333333333336,7.89e-06,-0.16978020844281275,0.07656542917435867,0.0679412723522626,0.07260535022404865,0.06204409265615862
2025-02-25,2904.5,68.93000030517578,4.173999786376953,5955.25,19.43000030517578,-0.01483176087132524,-0.02535402841274555,0.04408153298810564,-0.004690715138395557,0.02343251003220151,25,Extreme Fear,40331085887872.0,315143308.40091443,0.49974935558385813,0.4053201513368258,2.381666666666666e-05,6.12e-05,8.25e-06,0.044617065488806694,0.07769930920518898,0.0683355644052241,0.07219521389637842,0.0679412723522626
2025-02-26,2916.800048828125,68.62000274658203,3.9059998989105225,5956.06005859375,19.100000381469727,0.0042258832321174136,-0.004507423868616894,-0.066360950901628,0.00013601502958346571,-0.017129924070949657,21,Extreme Fear,22218035291335.0,181399780.78483492,-0.5962181740176751,-0.5523241534555421,4.92e-05,2.538333333333334e-05,8.33e-06,0.009650255832161548,0.07763663154534738,0.06785616927706323,0.07366030829815821,0.0683355644052241
2025-02-27,2883.199951171875,70.3499984741211,3.934000015258789,5861.56982421875,21.1299991607666,-0.011586370186078948,0.024898684414304355,0.007142917271638818,-0.015991742678524653,0.10100543688551947,10,Extreme Fear,19415820833894.0,162061800.7634383,-0.1348161189441865,-0.11272558053834308,9.994333333333334e-05,5.074333333333333e-05,8.21e-06,-0.014510532714414577,0.07525251723160056,0.06394452337079815,0.07485895596823207,0.06785616927706323
2025-02-28,2836.800048828125,69.76000213623047,3.8340001106262207,5954.5,19.6299991607666,-0.016224097946286358,-0.008421951647283326,-0.025748050368114776,0.015729780420663385,-0.07363482637456453,16,Extreme Fear,29419911437333.0,226968085.2067019,0.4155834642550073,0.3368316651150018,1.623333333333333e-06,-9.832000000000001e-05,7.92e-06,-0.03596171763800224,0.0744297096330449,0.0617724631163393,0.07491421481100764,0.06394452337079815
2025-03-01,2836.800048828125,69.76000213623047,3.8340001106262207,5954.5,19.6299991607666,0.0,0.0,0.0,0.0,0.0,20,Extreme Fear,16175337433553.0,124870073.82011186,-0.5981840032863713,-0.5975356264914956,3.875e-05,3.7126666666666665e-05,7.59e-06,-0.04255961441879601,0.06708128802571614,0.060987903799299414,0.07492117089358322,0.0617724631163393
2025-03-02,2836.800048828125,69.76000213623047,3.8340001106262207,5954.5,19.6299991607666,0.0,0.0,0.0,0.0,0.0,26,Fear,39065875037670.0,320675680.56832474,0.8817616231340322,0.9431564841803556,5.782333333333333e-05,1.9073333333333333e-05,8.83e-06,0.15132342320833012,0.09717276254564867,0.06659833084433299,0.07052449008191171,0.060987903799299414
2025-03-03,2890.199951171875,68.37000274658203,4.122000217437744,5849.72021484375,22.780000686645508,0.01864901343751476,-0.020126638125264197,0.07242986174136191,-0.017753402648308866,0.14882402262573163,33,Fear,32809500821447.0,261451588.11012393,-0.17453119209119258,-0.2041811366269702,6.699666666666668e-05,9.173333333333343e-06,7.23e-06,-0.19991597844519535,0.10580952060961639,0.07208180736021384,0.06244822283647212,0.06659833084433299
2025-03-04,2909.60009765625,68.26000213623047,4.349999904632568,5778.14990234375,23.510000228881836,0.00668996126638687,-0.0016101973239740863,0.053837287958234635,-0.012310288231505477,0.031542884125980525,15,Extreme Fear,43532682018350.0,296977908.2749,0.2827938341312237,0.1274086182673771,-0.00015620666666666666,-0.00022320333333333332,6.99e-06,-0.03375847992495442,0.10286654736173236,0.0691493853194115,0.06279761432105652,0.07208180736021384
2025-03-05,2915.300048828125,66.30999755859375,4.449999809265137,5842.6298828125,21.93000030517578,0.001957098953760298,-0.02898329621135002,0.022728230139335913,0.011097472528735688,-0.06957029594178693,20,Extreme Fear,17753506885893.0,125078427.07458813,-0.8969288993255917,-0.8647167959678567,-7.532333333333333e-05,8.088333333333333e-05,7.08e-06,0.012793351459909542,0.10304297076980558,0.06903452149646196,0.06433142834323106,0.0691493853194115
2025-03-06,2916.60009765625,66.36000061035156,4.302000045776367,5738.52001953125,24.8700008392334,0.0004458405723709752,0.0007537959571209369,-0.03382401183012501,-0.017979677107455568,0.12580671521442058,25,Extreme Fear,15747235495301.0,110826867.4740255,-0.11991824168545319,-0.12097172600968546,3.052333333333333e-05,0.00010584666666666666,6.83e-06,-0.03594923412292968,0.10305931813553662,0.06804469785124496,0.06414934629164315,0.06903452149646196
2025-03-07,2904.699951171875,67.04000091552734,4.39900016784668,5770.2001953125,23.3700008392334,-0.004088489842890409,0.010194995310435618,0.02229723903597061,0.005505435045454467,-0.062209107098641185,34,Fear,26640058730724.0,185470683.4363996,0.525751224518905,0.5149275976377877,-5.881000000000001e-05,-8.933333333333334e-05,6.98e-06,0.02172424319158249,0.10445393998479503,0.06834235596596523,0.0669961033782256,0.06804469785124496
2025-03-08,2904.699951171875,67.04000091552734,4.39900016784668,5770.2001953125,23.3700008392334,0.0,0.0,0.0,0.0,0.0,28,Fear,11787340848006.0,79858946.13872366,-0.815389904167919,-0.8426349235951857,7.474e-05,0.00013355000000000002,6.67e-06,-0.04542905684674878,0.1045717258662334,0.06736262932701254,0.06660970692155739,0.06834235596596523
2025-03-09,2904.699951171875,67.04000091552734,4.39900016784668,5770.2001953125,23.3700008392334,0.0,0.0,0.0,0.0,0.0,27,Fear,17797753811142.0,109010228.66010784,0.41204611284148596,0.31117981355636176,-3.938333333333333e-05,-0.00011412333333333334,5.87e-06,-0.1277652260875273,0.07916874961229287,0.07059421861272437,0.06336829199682249,0.06736262932701254
2025-03-10,2891.0,66.02999877929688,4.491000175476074,5614.56005859375,27.860000610351562,-0.004727634903135915,-0.015180304110880534,0.020698152656202642,-0.027343541788428148,0.17573880579798803,20,Extreme Fear,35370198357125.0,216717845.78083524,0.6867973523127922,0.6871545388794593,-4.584e-05,-6.456666666666669e-06,5.7e-06,-0.029388458999500638,0.04872108846879715,0.06886100826634715,0.0680534963200383,0.07059421861272437
2025-03-11,2912.89990234375,66.25,4.453000068664551,5572.06982421875,26.920000076293945,0.007546651957820141,0.0033262991469503343,-0.008497391419023143,-0.007596646918536578,-0.03432248264884245,24,Extreme Fear,40392227387815.0,239115307.11890164,0.13276776380391458,0.09834963452696373,-6.750333333333333e-05,-2.1663333333333326e-05,6.33e-06,0.10483406131558046,0.07160577976042291,0.0723580473698639,0.0659146616028158,0.06886100826634715
2025-03-12,2939.10009765625,67.68000030517578,4.084000110626221,5599.2998046875,24.229999542236328,0.008954330271122598,0.02135525494073462,-0.08650111436927402,0.004874967940490777,-0.10527799167462569,34,Fear,30680982363059.0,200626562.2705455,-0.27499437942393057,-0.17550061127894678,1.2320000000000002e-05,7.982333333333333e-05,6.96e-06,0.09487923819024349,0.0826299264681041,0.07496973897411112,0.06385445778370677,0.0723580473698639
2025-03-13,2984.300048828125,66.55000305175781,4.111000061035156,5521.52001953125,24.65999984741211,0.015261784579635519,-0.016837129109330447,0.006589395372399955,-0.013988366806464148,0.017590975612529973,45,Fear,41663815584520.0,291805548.3479494,0.3059900246786495,0.3746423692507028,8.706666666666667e-06,-3.613333333333335e-06,6.69e-06,-0.03956560020619113,0.08288524868169393,0.0751231523058629,0.06463230363425723,0.07496973897411112
2025-03-14,2994.5,67.18000030517578,4.104000091552734,5638.93994140625,21.770000457763672,0.003412042879592822,0.009421998029069015,-0.0017041925858926159,0.02104290595319694,-0.12464959527480426,27,Fear,26405468563415.0,185747719.8905895,-0.4560618890666954,-0.4516982417520359,-7.529333333333332e-05,-8.399999999999998e-05,7.06e-06,0.05383117736501364,0.08533108385041621,0.07521183145966043,0.06409231107194066,0.0751231523058629
2025-03-15,2994.5,67.18000030517578,4.104000091552734,5638.93994140625,21.770000457763672,0.0,0.0,0.0,0.0,0.0,46,Fear,14789704988378.0,105525039.26248506,-0.5796398014262415,-0.565441144634342,2.1116666666666664e-05,9.640999999999998e-05,7.14e-06,0.011267724846342288,0.082772480204405,0.07511300870148258,0.06408371889318248,0.07521183145966043
2025-03-16,2994.5,67.18000030517578,4.104000091552734,5638.93994140625,21.770000457763672,0.0,0.0,0.0,0.0,0.0,30,Fear,21933732464269.0,148731572.29646698,0.39409441712809207,0.34319488929370484,1.6833333333333337e-06,-1.943333333333333e-05,6.58e-06,-0.08167803101426724,0.07101054378513083,0.07493176305199042,0.06285477765383526,0.07511300870148258
2025-03-17,3000.0,67.58000183105469,4.01800012588501,5675.1201171875,20.510000228881836,0.0018350159457296321,0.005936519653962617,-0.021177832453630915,0.0063956349746060355,-0.059620313029912886,32,Fear,25521302691140.0,180969641.72105527,0.15148775610819476,0.19618613887004105,2.166666666666667e-05,1.9983333333333336e-05,7.39e-06,0.11609298962288463,0.07648454012506406,0.07852176458241938,0.05916570680079338,0.07493176305199042
2025-03-18,3035.10009765625,66.9000015258789,4.052000045776367,5614.66015625,21.700000762939453,0.011632116405335577,-0.010113118438230645,0.00842629996065624,-0.010710667074319702,0.05639971246110034,34,Fear,27712011815481.0,194043128.31609893,0.08235245568202892,0.06975115336331864,6.053666666666667e-05,3.887e-05,7.28e-06,-0.014996872751515917,0.07207961325380186,0.07848029957260243,0.059180636066579945,0.07852176458241938
2025-03-19,3035.89990234375,67.16000366210938,4.247000217437744,5675.2900390625,19.899999618530273,0.00026348367390129166,0.0038788967949342436,0.047002304845430026,0.010740608172953766,-0.0865925831437999,32,Fear,26499870906366.0,194300526.99311176,-0.04472609722446261,0.0013256233811843338,2.478666666666667e-05,-3.575e-05,7.46e-06,0.024424552007074794,0.06438551530838818,0.07813801976305275,0.05905927578917079,0.07848029957260243
2025-03-20,3040.0,68.26000213623047,3.9749999046325684,5662.89013671875,19.799999237060547,0.001349626670783865,0.016246088036584214,-0.06618817841460645,-0.002187283513782985,-0.005037813392920311,49,Neutral,25395001173920.0,192032353.35718682,-0.042587511042794325,-0.011742203744089238,7.72e-06,-1.706666666666667e-05,7.65e-06,0.025150233622774895,0.06063412374243555,0.07694384693159227,0.05900909269549317,0.07813801976305275
2025-03-21,3018.199951171875,68.27999877929688,3.9800000190734863,5667.56005859375,19.280000686645508,-0.007196904393713174,0.00029290527428279986,0.0012570999741912314,0.0008243136078323211,-0.02661357437140071,31,Fear,19419225206620.0,143749569.7419578,-0.26828878508484694,-0.2895911783271849,-7.395999999999999e-05,-8.167999999999999e-05,7.2e-06,-0.060624621816434854,0.06500013708411403,0.07749789653671468,0.05791645912876997,0.07694384693159227
2025-03-22,3018.199951171875,68.27999877929688,3.9800000190734863,5667.56005859375,19.280000686645508,0.0,0.0,0.0,0.0,0.0,32,Fear,11481207626108.0,83275084.88477759,-0.5255519861240074,-0.54592328316347,-9.787333333333332e-05,-2.3913333333333334e-05,7.07e-06,-0.018220546113528174,0.06531506771618152,0.07721125954783263,0.05796141968361375,0.07749789653671468
2025-03-23,3018.199951171875,68.27999877929688,3.9800000190734863,5667.56005859375,19.280000686645508,0.0,0.0,0.0,0.0,0.0,30,Fear,10369554192484.0,75194010.83030874,-0.10183754807070242,-0.10207781883996112,2.0963333333333333e-05,0.00011883666666666665,7.35e-06,0.03883983331626396,0.055823971236404146,0.07729374715441267,0.06210759598790115,0.07721125954783263
2025-03-24,3013.10009765625,69.11000061035156,3.9140000343322754,5767.56982421875,17.479999542236328,-0.0016911295043418105,0.012082566886560389,-0.01672194634313559,0.01749211712863917,-0.09801098075725649,45,Fear,24475569856055.0,188815372.50960186,0.8588014401346244,0.9206980880173562,5.9506666666666664e-05,3.8543333333333334e-05,7.99e-06,0.083490446553438,0.04667256795210293,0.07829853492052724,0.060360679012078484,0.07729374715441267
2025-03-25,3023.699951171875,69.0,3.8399999141693115,5776.64990234375,17.149999618530273,0.0035117493782604987,-0.0015929423376389708,-0.019087533497650484,0.0015730954906538206,-0.019059192670720065,46,Fear,16162055280387.0,129261731.10984091,-0.4150092431365797,-0.3789304003788415,0.0001,4.049333333333334e-05,8.01e-06,0.0025000013020844273,0.04549237231692528,0.07818831497471118,0.06039584623255503,0.07829853492052724
2025-03-26,3020.89990234375,69.6500015258789,3.8610000610351562,5712.2001953125,18.329999923706055,-0.0009264629905246514,0.00937621753636423,0.005453888842327021,-0.011219640357598032,0.06654090632055294,47,Neutral,32284974573860.0,280350039.14925045,0.6919357103272691,0.774199690005228,5.5886666666666675e-05,-4.411333333333333e-05,8.52e-06,0.061725579760956446,0.04901298105022212,0.07260535022404865,0.05964793643502731,0.07818831497471118
2025-03-27,3060.199951171875,69.91999816894531,3.950000047683716,5693.31005859375,18.690000534057617,0.012925489441903849,0.0038689830258029543,0.022789357894636857,-0.0033124610071321114,0.01944959235261349,40,Fear,15801370847681.0,134347404.41348907,-0.714505239744659,-0.7356099469259748,-1.1193333333333333e-05,-6.708000000000002e-05,8.44e-06,-0.009434032233358529,0.050020097827951325,0.07219521389637842,0.05964804126181674,0.07260535022404865
2025-03-28,3086.5,69.36000061035156,4.065000057220459,5580.93994140625,21.649999618530273,0.008557505502098309,-0.008041363887377214,0.028698166091290295,-0.019934601126853548,0.14701678678666755,44,Fear,14721635578042.0,116744825.7933157,-0.07077847901382682,-0.1404384384077922,2.6319999999999995e-05,3.7513333333333325e-05,7.79e-06,-0.0801414487252089,0.05515578968403226,0.07366030829815821,0.058346666932730565,0.07219521389637842
2025-03-29,3086.5,69.36000061035156,4.065000057220459,5580.93994140625,21.649999618530273,0.0,0.0,0.0,0.0,0.0,26,Fear,14056668488557.0,104193366.18545458,-0.046221311066140316,-0.11374211383456578,4.073e-05,1.4410000000000003e-05,7.22e-06,-0.07598590697792199,0.06392447171719585,0.07485895596823207,0.05643626495076641,0.07366030829815821
2025-03-30,3086.5,69.36000061035156,4.065000057220459,5580.93994140625,21.649999618530273,0.0,0.0,0.0,0.0,0.0,32,Fear,15221550364652.0,107529643.70331232,0.07961530218839456,0.031518101888305006,-8.631666666666666e-05,-0.00012704666666666666,6.94e-06,-0.039553178386021806,0.06346424266413624,0.07491421481100764,0.05584801461948045,0.07485895596823207
2025-03-31,3122.800048828125,71.4800033569336,4.11899995803833,5611.85009765625,22.280000686645508,0.01169228804819296,0.030107395982433494,0.013196648190452097,0.005523240357645722,0.02868400904935161,34,Fear,23151355844890.0,163409497.8497196,0.4193411357418834,0.41849274217806276,-5.6670000000000005e-05,2.9646666666666655e-05,7.2e-06,0.03677925150329649,0.05396074198678801,0.07492117089358322,0.0555934885631223,0.07491421481100764
2025-04-01,3118.89990234375,71.19999694824219,3.9509999752044678,5633.06982421875,21.770000457763672,-0.0012497066576345498,-0.003924961698320787,-0.04164170011310713,0.0037741045552120668,-0.02315654960427546,34,Fear,25847762581546.0,195327726.9968507,0.110170696672017,0.17841949200379675,-3.1326666666666666e-05,2.534333333333334e-05,7.72e-06,0.06973333801467535,0.06282408875186503,0.07052449008191171,0.05447983530335132,0.07492117089358322
2025-04-02,3139.89990234375,71.70999908447266,4.054999828338623,5670.97021484375,21.510000228881836,0.006710576935193882,0.007137419571240765,0.025981940080620877,0.006705661429484109,-0.01201494235336976,44,Fear,38726852577026.0,291410837.5089872,0.4043091811590612,0.400055285130862,7.579666666666667e-05,0.00010712333333333333,7.05e-06,-0.09078674721250761,0.06216059484022673,0.06244822283647212,0.05148581898661,0.07052449008191171
2025-04-03,3097.0,66.94999694824219,4.138000011444092,5396.52001953125,30.020000457763672,-0.013757020186500003,-0.06868416857286343,0.020261936854847156,-0.04960591182899663,0.3333458875335828,25,Extreme Fear,27610092405897.0,186416580.5185039,-0.3383518516985265,-0.44675023467147423,3.349e-05,-4.230666666666667e-05,6.71e-06,-0.04942866584058693,0.062108999705478604,0.06279761432105652,0.0520485704058178,0.06244822283647212
2025-04-04,3012.0,61.9900016784668,3.8369998931884766,5074.080078125,45.310001373291016,-0.02782959105341858,-0.07697291776429961,-0.0755217986613945,-0.061609061898230934,0.41166394753389157,28,Fear,31570598218828.0,220003705.53302503,0.134044878591874,0.16566053996735838,-0.00013428666666666668,-0.00016777666666666668,7.24e-06,0.0760222554140345,0.06982442217809169,0.06433142834323106,0.05043301219900554,0.06279761432105652
2025-04-05,3012.0,61.9900016784668,3.8369998931884766,5074.080078125,45.310001373291016,0.0,0.0,0.0,0.0,0.0,30,Fear,10842125117263.0,77369164.45630278,-1.0687872305301314,-1.0450560803633877,0.0001,0.0002342866666666667,7.06e-06,-0.02517615489247428,0.06429983265776572,0.06414934629164315,0.050319119080793735,0.06433142834323106
2025-04-06,3012.0,61.9900016784668,3.8369998931884766,5074.080078125,45.310001373291016,0.0,0.0,0.0,0.0,0.0,34,Fear,21788839301624.0,143109640.05159742,0.6979588592330388,0.6150227409536257,2.6293333333333335e-05,-7.370666666666667e-05,6.34e-06,-0.10756628305601618,0.07496283509604292,0.0669961033782256,0.04570284519564027,0.06414934629164315
2025-04-07,2951.300048828125,60.70000076293945,3.6549999713897705,5062.25,46.97999954223633,-0.02035854214521939,-0.021029398155768406,-0.04859469805352062,-0.0023341946059635883,0.03619418049913722,23,Extreme Fear,65317332969266.0,408311490.03869474,1.0978595569786258,1.0484192889644017,-4.016666666666667e-05,-6.646000000000001e-05,6.45e-06,0.01720136235854646,0.07314275944316838,0.06660970692155739,0.04588870589157064,0.0669961033782256
2025-04-08,2968.39990234375,59.58000183105469,3.4649999141693115,4982.77001953125,52.33000183105469,0.0057772864227977104,-0.018623732616628662,-0.05338347750294086,-0.015825083277054855,0.1078478858876829,24,Extreme Fear,23986003606990.0,149169907.37567857,-1.0017869598485085,-1.0069443648627356,-3.6563333333333336e-05,3.6033333333333333e-06,6.05e-06,-0.06402185876493115,0.06399959844061202,0.06336829199682249,0.06842046042993197,0.06660970692155739
2025-04-09,3056.5,62.349998474121094,3.815999984741211,5456.89990234375,33.619998931884766,0.02924741627141751,0.04544366963540521,0.09649014171630077,0.09089487983303646,-0.4424487591644147,18,Extreme Fear,42505343766850.0,275184951.57949346,0.572159326528401,0.6123574485691748,-1.2150000000000002e-05,2.4413333333333332e-05,6.97e-06,0.1415569527296825,0.08644976420306007,0.0680534963200383,0.0665530556436345,0.06336829199682249
2025-04-10,3155.199951171875,60.06999969482422,3.556999921798706,5268.0498046875,40.720001220703125,0.03178139946409088,-0.037253103871513815,-0.07028527860627012,-0.03522060702411168,0.19159830601000538,39,Fear,20025266469404.0,134299067.62443587,-0.7526350040143481,-0.7173742617821562,9.295333333333334e-05,0.00010510333333333333,6.71e-06,-0.03801627378884214,0.08550050735668378,0.0659146616028158,0.06731795751192178,0.0680534963200383
2025-04-11,3222.199951171875,61.5,3.5269999504089355,5363.35986328125,37.560001373291016,0.0210124709703548,0.02352663103073811,-0.008469833787630185,0.01793038083577807,-0.08077971131758639,25,Extreme Fear,16599492989938.0,114075683.21040562,-0.18762264758130373,-0.16320704509232323,7.378333333333333e-05,-1.9170000000000008e-05,6.94e-06,0.033702823535122606,0.08058398288564438,0.06385445778370677,0.0675151061621143,0.0659146616028158
2025-04-12,3222.199951171875,61.5,3.5269999504089355,5363.35986328125,37.560001373291016,0.0,0.0,0.0,0.0,0.0,43,Fear,15796738603577.0,113724510.0320326,-0.04956865089046703,-0.003083170839853028,6.564666666666667e-05,-8.13666666666666e-06,7.44e-06,0.0695690743262875,0.08468756021033773,0.06463230363425723,0.06702645582740231,0.06385445778370677
2025-04-13,3222.199951171875,61.5,3.5269999504089355,5363.35986328125,37.560001373291016,0.0,0.0,0.0,0.0,0.0,45,Fear,19923587167066.0,146648560.2569497,0.23210081338143584,0.25426003274055653,0.0001,3.4353333333333335e-05,7.27e-06,-0.02311455729957248,0.07037023355124135,0.06409231107194066,0.06686505549239206,0.06463230363425723
2025-04-14,3204.800048828125,61.529998779296875,3.325000047683716,5405.97021484375,30.889999389648438,-0.00541463975573675,0.0004876661007729428,-0.05897794874472076,0.007913319326342991,-0.19550720373103717,31,Fear,22245174412795.0,166490095.37330067,0.11022079015428353,0.1268968425738696,6.988333333333333e-05,-3.0116666666666676e-05,7.34e-06,0.009582551080996156,0.07047153106682552,0.06408371889318248,0.06775314560746398,0.06409231107194066
2025-04-15,3218.699951171875,61.33000183105469,3.3289999961853027,5396.6298828125,30.1200008392334,0.004327834993182707,-0.003255691419578087,0.0012022689982044514,-0.001729275225300909,-0.025243056376930858,38,Fear,18510467726755.0,133730519.61128777,-0.18378870963188745,-0.21910909300124137,-0.00018800333333333333,-0.00025788666666666667,7e-06,-0.04742869357111092,0.06744870424641924,0.06285477765383526,0.06845751382021487,0.06408371889318248
2025-04-16,3326.60009765625,62.470001220703125,3.246999979019165,5275.7001953125,32.63999938964844,0.03297325457193712,0.018417311552440873,-0.0249404707878863,-0.022663253964902527,0.08034908060172265,29,Fear,18203525256576.0,129955254.0194265,-0.016721124392124927,-0.02863653604772526,6.269999999999999e-05,0.00025070333333333334,7.13e-06,0.018401085370891374,0.04195548329586277,0.05916570680079338,0.06917155106150365,0.06285477765383526
2025-04-17,3308.699951171875,64.68000030517578,3.244999885559082,5282.7001953125,29.649999618530273,-0.005395442489893157,0.0347655783810385,-0.0006161717698969011,0.0013259586237727749,-0.09607639881843334,30,Fear,14102580378979.0,102463746.19277924,-0.2552574845004905,-0.23768115102146184,9.235333333333332e-05,2.965333333333333e-05,7.24e-06,0.015309971971420292,0.037856515140211745,0.059180636066579945,0.06986284950757071,0.05916570680079338
2025-04-18,3308.699951171875,64.68000030517578,3.244999885559082,5282.7001953125,29.649999618530273,0.0,0.0,0.0,0.0,0.0,33,Fear,13797117151992.0,98689616.79009014,-0.021898117931462263,-0.03752929912276568,-1.0483333333333333e-05,-0.00010283666666666666,7.34e-06,0.013717636228799126,0.036578729163127474,0.05905927578917079,0.07282812452023597,0.059180636066579945
2025-04-19,3308.699951171875,64.68000030517578,3.244999885559082,5282.7001953125,29.649999618530273,0.0,0.0,0.0,0.0,0.0,32,Fear,10385767573594.0,76172299.34425306,-0.28402330195702463,-0.2589818702752669,0.0001,0.00011048333333333334,7.5e-06,0.02156417791584064,0.026116900579927625,0.05900909269549317,0.07375748757629992,0.05905927578917079
2025-04-20,3308.699951171875,64.68000030517578,3.244999885559082,5282.7001953125,29.649999618530273,0.0,0.0,0.0,0.0,0.0,37,Fear,11307194206753.0,84644055.94835064,0.08500281225054823,0.10545701602139623,0.0001,0.0,7.54e-06,0.005319161477599805,0.023825114040422774,0.05791645912876997,0.07388682339391661,0.05900909269549317
2025-04-21,3406.199951171875,63.08000183105469,3.0160000324249268,5158.2001953125,33.81999969482422,0.029041937846947277,-0.025048248304809336,-0.07318385399252582,-0.02384964833401801,0.13159022186892802,39,Fear,18831906374085.0,147507530.89105418,0.5101134002620165,0.5554243444084649,6.533e-05,-3.4670000000000005e-05,7.74e-06,0.026179505581771078,0.02512331431060514,0.05796141968361375,0.0739479717779324,0.05791645912876997
2025-04-22,3400.800048828125,64.30999755859375,3.006999969482422,5287.759765625,30.56999969482422,-0.0015865736672474797,0.019311311061345086,-0.0029885670391334444,0.02480695212545062,-0.10103320852701309,47,Neutral,25921817517096.0,214828708.71524945,0.31953241041803115,0.375961775575622,8.227e-05,1.6939999999999997e-05,8.81e-06,0.1294857523464523,0.04310984406429584,0.06210759598790115,0.07382616523379536,0.05796141968361375
2025-04-23,3276.300048828125,62.27000045776367,3.0220000743865967,5375.85986328125,28.450000762939453,-0.03729596062718759,-0.03223532594805014,0.0049759946080229845,0.016523864366879457,-0.07187093853069917,72,Greed,32085023501684.0,289206639.3033697,0.21330437440008335,0.2973004405609814,0.0001,1.7730000000000008e-05,8.83e-06,0.0022675746677805605,0.04442260503106082,0.060360679012078484,0.07776031099275951,0.06210759598790115
2025-04-24,3332.0,62.790000915527344,2.930000066757202,5484.77001953125,26.469999313354492,0.016857972511505684,0.008316063471168578,-0.030916442652565854,0.020056628082583162,-0.07213619709070036,63,Greed,18137101986078.0,155966926.43410674,-0.5704296899694837,-0.6174974727671676,0.0001,0.0,8.76e-06,-0.007959109667568492,0.04657164503111716,0.06039584623255503,0.07770880935271386,0.060360679012078484
2025-04-25,3282.39990234375,63.02000045776367,2.937000036239624,5525.2099609375,24.84000015258789,-0.01499789191023496,0.003656303886111966,0.0023862187424727064,0.0073460847957005125,-0.063556727090384,60,Greed,21672223311448.0,192334402.7966284,0.17807173516082042,0.20959156355781436,5.857333333333334e-05,-4.142666666666667e-05,9.05e-06,0.03256885276353456,0.046203988511272845,0.05964793643502731,0.07779406095455378,0.06039584623255503
2025-04-26,3282.39990234375,63.02000045776367,2.937000036239624,5525.2099609375,24.84000015258789,0.0,0.0,0.0,0.0,0.0,65,Greed,17825697684688.0,166984608.201957,-0.19539030254517745,-0.14133389657845008,9.899333333333334e-05,4.042e-05,9.18e-06,0.014262446920564371,0.046505456095362586,0.05964804126181674,0.07779722242515681,0.05964793643502731
2025-04-27,3282.39990234375,63.02000045776367,2.937000036239624,5525.2099609375,24.84000015258789,0.0,0.0,0.0,0.0,0.0,61,Greed,10905929140275.0,97462906.90002412,-0.49133450716327504,-0.5384297781474892,-6.644666666666666e-05,-0.00016544,8.76e-06,-0.04683129968409897,0.05441288823230391,0.058346666932730565,0.07698456376660348,0.05964804126181674
2025-04-28,3332.5,62.04999923706055,3.1700000762939453,5528.75,25.149999618530273,0.015147940676365497,-0.015511644237855738,0.07634294740120305,0.0006405015390019333,0.012402618169858071,54,Neutral,17781482961753.0,158346066.08409435,0.4888510336134273,0.48531106594012546,-0.00013945666666666666,-7.301e-05,8.96e-06,0.022574322038538975,0.054377434003765664,0.05643626495076641,0.07698894623233704,0.058346666932730565
2025-04-29,3318.800048828125,60.41999816894531,3.385999917984009,5560.830078125,24.170000076293945,-0.004119486550149282,-0.026620353701971432,0.06591764753217541,0.005785641545556399,-0.03974568350601866,60,Greed,10685343236254.0,95763612.51821351,-0.5092846213382346,-0.5029001442584646,8.152333333333333e-05,0.00022098,8.87e-06,-0.010095430665351028,0.02623847073041996,0.05584801461948045,0.07753545752008834,0.05643626495076641
2025-04-30,3305.0,58.209999084472656,3.3259999752044678,5569.06005859375,24.700000762939453,-0.004166813216927875,-0.03726300009744934,-0.017878886173179828,0.0014788972519335208,0.021691076650220915,56,Greed,13141943422573.0,115872319.70736644,0.2069358919391575,0.1906061074739912,-1.4890000000000001e-05,-9.641333333333333e-05,8.89e-06,0.002252253204325053,0.026238345050009697,0.0555934885631223,0.08281731649419595,0.05584801461948045
2025-05-01,3210.0,59.2400016784668,3.4790000915527344,5604.14013671875,24.600000381469727,-0.02916553616172506,0.017539872177297182,0.04497454916994852,0.006279345716451974,-0.004056816076951518,53,Neutral,15932783748951.0,141604907.74378952,0.19256995410933658,0.2005519471445741,8.988333333333334e-05,0.00010477333333333334,8.73e-06,-0.018161679674302388,0.027086509425258424,0.05447983530335132,0.08266770759311204,0.0555934885631223
2025-05-02,3231.89990234375,58.290000915527344,3.630000114440918,5686.669921875,22.68000030517578,0.006799232227835648,-0.016166449969052803,0.04248775731755899,0.014619191109112719,-0.08126296612994292,67,Greed,12683809623183.0,110774830.04414001,-0.2280525101370814,-0.24554125702600724,-3.351666666666667e-05,-0.00012340000000000002,8.7e-06,-0.00344234419097279,0.022849649880454063,0.05148581898661,0.08263239518329914,0.05447983530335132
2025-05-03,3231.89990234375,58.290000915527344,3.630000114440918,5686.669921875,22.68000030517578,0.0,0.0,0.0,0.0,0.0,65,Greed,10038065905981.0,84112477.1080304,-0.23394189049384645,-0.2753446664850984,4.1080000000000006e-05,7.459666666666668e-05,8.17e-06,-0.06285411678862657,0.02932934705251301,0.0520485704058178,0.08169445386760434,0.05148581898661
2025-05-04,3231.89990234375,58.290000915527344,3.630000114440918,5686.669921875,22.68000030517578,0.0,0.0,0.0,0.0,0.0,64,Greed,9751661778173.0,79513121.3159628,-0.02894674758613299,-0.05623286031455444,3.6853333333333335e-05,-4.226666666666671e-06,8.09e-06,-0.009840177801511123,0.026144905528174594,0.05043301219900554,0.08167057520295155,0.0520485704058178
2025-05-05,3311.300048828125,57.130001068115234,3.549999952316284,5650.3798828125,23.639999389648438,0.024270706904035648,-0.020101176331286184,-0.022285089747890917,-0.006402047029318447,0.04145667440402957,52,Neutral,13989199773095.0,112713863.76766749,0.36084787784599187,0.34893037223653955,-0.00010286333333333334,-0.00013971666666666668,7.94e-06,-0.018715455811356023,0.02144681452998643,0.050319119080793735,0.08198014840334125,0.05043301219900554
2025-05-06,3411.39990234375,59.09000015258789,3.4630000591278076,5606.91015625,24.760000228881836,0.029781859324395553,0.03373231650728526,-0.024812307560849376,-0.007722985278391797,0.046289290341108305,59,Greed,13953834748026.0,109243715.1077,-0.0025312242966688443,-0.031271123574819315,4.2173333333333345e-05,0.0001450366666666667,7.99e-06,0.00627748451913881,0.023181724316411533,0.04570284519564027,0.0847848516513032,0.050319119080793735
2025-05-07,3381.39990234375,58.06999969482422,3.621000051498413,5631.27978515625,23.549999237060547,-0.008832939557882192,-0.017412533811229817,0.04461496251121383,0.004336938106710132,-0.05010366899456484,67,Greed,14128870126831.0,114901661.38731945,0.012465867960806294,0.05049533946722208,-2.5763333333333328e-05,-6.793666666666668e-05,8.25e-06,0.03202244056840644,0.028887211455063226,0.04588870589157064,0.08484431695704754,0.04570284519564027
2025-05-08,3296.60009765625,59.90999984741211,3.5920000076293945,5663.93994140625,22.479999542236328,-0.025398132101867026,0.031194259420231813,-0.008041092441706782,0.005783021147465641,-0.04649978340350906,65,Greed,52093827982190.0,521201394.03584427,1.3048262461247837,1.5120598757431314,4.249666666666667e-05,6.826e-05,1.112e-05,0.2985320884758467,0.11988254054533792,0.06842046042993197,0.06540031658308089,0.04588870589157064
2025-05-09,3335.39990234375,61.02000045776367,3.7950000762939453,5659.91015625,21.899999618530273,0.011700918988177024,0.01835825324150491,0.05497527838744996,-0.0007117341348763632,-0.026139385258591493,73,Greed,74063552857195.0,923968709.7192513,0.35187707011315383,0.5725416872151144,0.00013883666666666668,9.634000000000002e-05,1.237e-05,0.10652889758196028,0.12126880254812034,0.0665530556436345,0.062383538415420325,0.06842046042993197
2025-05-10,3335.39990234375,61.02000045776367,3.7950000762939453,5659.91015625,21.899999618530273,0.0,0.0,0.0,0.0,0.0,70,Greed,45614509129242.0,596957964.4096084,-0.484697698451968,-0.43683150758866923,9.719333333333334e-05,-4.164333333333334e-05,1.37e-05,0.1021216464296826,0.11123341538647526,0.06731795751192178,0.061221259395513615,0.0665530556436345
2025-05-11,3335.39990234375,61.02000045776367,3.7950000762939453,5659.91015625,21.899999618530273,0.0,0.0,0.0,0.0,0.0,70,Greed,36253569916453.0,484990669.66400015,-0.229687991664111,-0.2077170465931656,0.0001,2.806666666666668e-06,1.361e-05,-0.006591016170704441,0.11083205063323188,0.0675151061621143,0.06162952485745638,0.06731795751192178
2025-05-12,3220.0,61.95000076293945,3.6459999084472656,5844.18994140625,18.389999389648438,-0.03521122337030222,0.015125933600171835,-0.04005377980538777,0.03203997667702081,-0.1746796139768351,70,Greed,51719094301939.0,734411922.8899575,0.35528918528121173,0.41494042110019413,0.0001,0.0,1.362e-05,0.0007344840579916562,0.1083266703879899,0.06702645582740231,0.06224632661030932,0.0675151061621143
2025-05-13,3240.300048828125,63.66999816894531,3.6470000743865967,5886.5498046875,18.219999313354492,0.006284573623097743,0.027385844879859716,0.0002742810771851462,0.007222059020245977,-0.009287151281460961,70,Greed,39299132820367.0,547942308.4320691,-0.2746245891946406,-0.29290006922421163,0.0001,0.0,1.444e-05,0.05846283274331389,0.1043644088511365,0.06686505549239206,0.06274144221167728,0.06702645582740231
2025-05-14,3181.39990234375,63.150001525878906,3.492000102996826,5892.580078125,18.6200008392334,-0.018344612393290653,-0.008200592311148426,-0.0434302647507596,0.001023891242276054,0.02171646277508113,73,Greed,23284399187556.0,326110494.38759416,-0.5234188794436885,-0.5189337410434094,9.393333333333334e-05,-6.0666666666666605e-06,1.39e-05,-0.03811329332803407,0.1132366450589183,0.06775314560746398,0.06257185292224765,0.06686505549239206
2025-05-15,3220.699951171875,61.619998931884766,3.361999988555908,5916.93017578125,17.829999923706055,0.012277391287757004,-0.024526397124652956,-0.03793863588996701,0.004123817438757677,-0.04335388932444697,70,Greed,27142963377370.0,364914179.47865885,0.15333426345205797,0.11242593744151672,0.0001,6.0666666666666605e-06,1.302e-05,-0.06540220335622292,0.06759508465326106,0.06845751382021487,0.061696610099915464,0.06775314560746398
2025-05-16,3182.0,62.4900016784668,3.3340001106262207,5958.3798828125,17.239999771118164,-0.012088782158285714,0.014020094966139728,-0.008363214072638675,0.006980849368100189,-0.03365017563674573,71,Greed,19266394121913.0,257270882.84052417,-0.34275549601192173,-0.3495326525782321,5.162333333333334e-05,-4.837666666666667e-05,1.259e-05,-0.033583788724167486,0.05874274560461613,0.06917155106150365,0.06157368944995855,0.06845751382021487
2025-05-17,3182.0,62.4900016784668,3.3340001106262207,5958.3798828125,17.239999771118164,0.0,0.0,0.0,0.0,0.0,74,Greed,16403000398204.0,202451473.76976776,-0.1608980717820577,-0.23962932651758673,4.134e-05,-1.0283333333333337e-05,1.216e-05,-0.0347509715182348,0.03978306376649159,0.06986284950757071,0.06184594856175451,0.06917155106150365
2025-05-18,3182.0,62.4900016784668,3.3340001106262207,5958.3798828125,17.239999771118164,0.0,0.0,0.0,0.0,0.0,74,Greed,38625517791462.0,512811832.22792566,0.85644887152561,0.929408756983151,6.822333333333333e-05,2.6883333333333334e-05,1.385e-05,0.13013335609532653,0.06876900068573154,0.07282812452023597,0.05673169579135288,0.06986284950757071
2025-05-19,3228.89990234375,62.689998626708984,3.11299991607666,5963.60009765625,18.139999389648438,0.014631561796196542,0.003195352579058796,-0.0685859530093522,0.0008757295660482738,0.05088715908092825,74,Greed,29883776124192.0,392378290.57979035,-0.2565974121407996,-0.26768257766713954,-3.553666666666667e-05,-0.00010376,1.327e-05,-0.04277938428923129,0.07088890490061237,0.07375748757629992,0.0566812045174558,0.07282812452023597
2025-05-20,3280.300048828125,62.560001373291016,3.427000045776367,5940.4599609375,18.09000015258789,0.015793404801633753,-0.0020758051911769233,0.09609839174955477,-0.0038877770695725784,-0.0027601031981324977,71,Greed,24889277164643.0,325121089.4284862,-0.1828786538291932,-0.18802870564566998,1.3883333333333336e-05,4.9420000000000005e-05,1.316e-05,-0.008323922446945093,0.06540747572932465,0.07388682339391661,0.056682995920221975,0.07375748757629992
2025-05-21,3309.300048828125,61.56999969482422,3.368000030517578,5844.60986328125,20.8700008392334,0.008801804902702907,-0.015951384222085634,-0.017366150808915484,-0.016266719267758897,0.14295345345940377,70,Greed,51972219388584.0,708363928.3827233,0.7362722585335538,0.7787602889736586,0.0001,8.611666666666667e-05,1.365e-05,0.03655759573379773,0.06675378122466463,0.0739479717779324,0.05641163387223952,0.07388682339391661
2025-05-22,3292.300048828125,61.20000076293945,3.253000020980835,5842.009765625,20.280000686645508,-0.005150277910234424,-0.006027531981941245,-0.03474145150021651,-0.0004449700224211693,-0.028677548720296264,72,Greed,37296133680823.0,535490677.40155786,-0.3318196666881817,-0.2797745041796749,0.0001,0.0,1.55e-05,0.12710050229423217,0.07562828071400118,0.07382616523379536,0.050638531353873674,0.0739479717779324
2025-05-23,3363.60009765625,61.529998779296875,3.3340001106262207,5802.81982421875,22.290000915527344,0.021425434503964738,0.005377638928633734,0.02459516356892924,-0.006730899591473139,0.0945029758899914,78,Extreme Greed,53698452565118.0,813207035.7349513,0.3644945181999632,0.41780225304005786,0.00011338333333333333,1.3383333333333324e-05,1.381e-05,-0.11544705650400029,0.09095662137197928,0.07776031099275951,0.04745801619542954,0.07382616523379536
2025-05-24,3363.60009765625,61.529998779296875,3.3340001106262207,5802.81982421875,22.290000915527344,0.0,0.0,0.0,0.0,0.0,66,Greed,20304259894291.0,282010856.0352051,-0.9725534737652453,-1.0590401668530218,6.293666666666666e-05,-5.0446666666666666e-05,1.378e-05,-0.0021747018356882094,0.08890377468767235,0.07770880935271386,0.05261059853677524,0.07776031099275951
2025-05-25,3363.60009765625,61.529998779296875,3.3340001106262207,5802.81982421875,22.290000915527344,0.0,0.0,0.0,0.0,0.0,74,Greed,27581959609313.0,365831760.51276153,0.30633121062300456,0.2602279902143486,7.886333333333334e-05,1.5926666666666678e-05,1.361e-05,-0.012413448922137848,0.07397471714192218,0.07779406095455378,0.052840506427687194,0.07770880935271386
2025-05-26,3363.60009765625,61.529998779296875,3.3340001106262207,5802.81982421875,22.290000915527344,0.0,0.0,0.0,0.0,0.0,73,Greed,26730612578903.0,372299242.64562863,-0.03135247449679867,0.017524389628055744,7.477666666666667e-05,-4.086666666666669e-06,1.385e-05,0.017480415969972726,0.07198524689792034,0.07779722242515681,0.05338484537074523,0.07779406095455378
2025-05-27,3299.10009765625,60.88999938964844,3.3980000019073486,5921.5400390625,18.959999084472656,-0.019362124406121534,-0.010455893316601546,0.019014206301223757,0.02025258080218437,-0.16180673993166564,74,Greed,22417573905263.0,313227366.3318195,-0.17596424656342194,-0.17276860978036818,7.894666666666667e-05,4.169999999999996e-06,1.39e-05,0.003603607503298618,0.0717273109554176,0.07698456376660348,0.05340814668720219,0.07779722242515681
2025-05-28,3293.60009765625,61.84000015258789,3.2039999961853027,5888.5498046875,19.309999465942383,-0.0016685124798728683,0.015481459149985511,-0.05878699579554718,-0.005586802576444734,0.018291620243806275,71,Greed,20747267354827.0,285903812.41468877,-0.07743065634408285,-0.09127390281475707,1.5893333333333333e-05,-6.305333333333333e-05,1.399e-05,0.006453948540743738,0.07061056763405756,0.07698894623233704,0.05335766411368287,0.07698456376660348
2025-05-29,3317.10009765625,60.939998626708984,3.5220000743865967,5912.169921875,19.18000030517578,0.007109715550713264,-0.014660655724199617,0.09462900317906153,0.0040031708706317415,-0.006754983416935554,74,Greed,33159118811495.0,471093928.08904594,0.46890321181384237,0.4994020628055606,0.0001,8.410666666666667e-05,1.343e-05,-0.040851778142243576,0.04579001938309427,0.07753545752008834,0.0539791320770711,0.07698894623233704
2025-05-30,3288.89990234375,60.790000915527344,3.447000026702881,5911.68994140625,18.56999969482422,-0.008537804000789136,-0.002464434201305977,-0.021524735913139748,-8.118845699520562e-05,-0.032320726435630054,60,Greed,38505481123377.0,489485523.25685763,0.14948284192661257,0.03829739015263475,-4.431666666666667e-05,-0.00014431666666666666,1.161e-05,-0.14562421482534607,0.056410235845457714,0.08281731649419595,0.05052599738340604,0.07753545752008834
2025-05-31,3288.89990234375,60.790000915527344,3.447000026702881,5911.68994140625,18.56999969482422,0.0,0.0,0.0,0.0,0.0,50,Neutral,26333464823687.0,301262718.0070322,-0.3799600409104877,-0.4853721856168926,-0.00012748,-8.316333333333332e-05,1.165e-05,0.003439384301909473,0.05682374205824276,0.08266770759311204,0.0517067303891766,0.08281731649419595
2025-06-01,3288.89990234375,60.790000915527344,3.447000026702881,5911.68994140625,18.56999969482422,0.0,0.0,0.0,0.0,0.0,56,Greed,14621442150371.0,170714708.68420967,-0.5883514653379758,-0.5679889084091441,-3.7046666666666665e-05,9.043333333333333e-05,1.18e-05,0.012793351459909542,0.05845472092531989,0.08263239518329914,0.052235265698419256,0.08266770759311204
2025-06-02,3370.60009765625,62.52000045776367,3.694000005722046,5935.93994140625,18.360000610351562,0.02453766635895122,0.02806119605402807,0.069205588044629,0.004093651490626028,-0.011372940494915069,64,Greed,16304159768959.0,192163039.4872629,0.1089311840511884,0.11835038273285284,1.1300000000000004e-05,4.834666666666667e-05,1.235e-05,0.04555653160236701,0.06232133798136308,0.08169445386760434,0.053971427747539776,0.08263239518329914
2025-06-03,3350.199951171875,63.40999984741211,3.7219998836517334,5970.3701171875,17.690000534057617,-0.006070768059979941,0.01413506243041926,0.007551243634389918,0.005783533535368979,-0.03717488007439647,64,Greed,22455998788901.0,282899317.03003764,0.3201375093232631,0.3867468884419491,0.0001,8.87e-05,1.226e-05,-0.007314132565920953,0.061872999511812236,0.08167057520295155,0.05402165767571816,0.08169445386760434
2025-06-04,3373.5,62.849998474121094,3.7160000801086426,5970.81005859375,17.610000610351562,0.006930750112583484,-0.008870664547419721,-0.0016132844510954663,7.368474471916267e-05,-0.004532581194009188,62,Greed,13294689747233.0,163089865.10484517,-0.5241930967534622,-0.5507896955825806,0.0001,0.0,1.182e-05,-0.036548918530113134,0.061178787198680994,0.08198014840334125,0.05427032321124684,0.08167057520295155
2025-06-05,3350.699951171875,63.369998931884766,3.677000045776367,5939.2998046875,18.479999542236328,-0.006781516425104247,0.00823963572205525,-0.010550627740839584,-0.005291357978698112,0.04822208427528902,57,Greed,32813068696501.0,369946680.1296061,0.9034621835305096,0.8190575189483884,5.084e-05,-4.9160000000000004e-05,1.064e-05,-0.10517252806445382,0.06850904413030964,0.0847848516513032,0.05100657607550481,0.08198014840334125
2025-06-06,3322.699951171875,64.58000183105469,3.7839999198913574,6000.35986328125,16.770000457763672,-0.008391573926159246,0.01891424720320025,0.028684415250757576,0.010228196215376713,-0.09709743831107769,45,Fear,19510403682738.0,216265505.02434498,-0.5198790264155075,-0.5368520447196851,-0.00018342999999999997,-0.00023426999999999996,1.105e-05,0.037809944050263423,0.05128666645469294,0.08484431695704754,0.05089298661836237,0.0847848516513032
2025-06-07,3322.699951171875,64.58000183105469,3.7839999198913574,6000.35986328125,16.770000457763672,0.0,0.0,0.0,0.0,0.0,52,Neutral,11904017499275.0,135875476.08578357,-0.4940718973661927,-0.46476799348979503,7.466000000000001e-05,0.00025809,1.15e-05,0.03991660740544263,0.054296384352176846,0.06540031658308089,0.050253023981678815,0.08484431695704754
2025-06-08,3322.699951171875,64.58000183105469,3.7839999198913574,6000.35986328125,16.770000457763672,0.0,0.0,0.0,0.0,0.0,62,Greed,12991951914194.0,151019397.00172147,0.08745413410382831,0.10566943624362958,8.720666666666667e-05,1.2546666666666666e-05,1.168e-05,0.01553094203087666,0.05442914361809502,0.062383538415420325,0.05049934285351701,0.06540031658308089
2025-06-09,3332.10009765625,65.29000091552734,3.634999990463257,6005.8798828125,17.15999984741211,0.0028250744326858415,0.010934105537609646,-0.04017252165737706,0.0009195251863913659,0.022989482036049294,62,Greed,23898708299861.0,285577120.65574235,0.609494329219339,0.637103831977593,8.099000000000001e-05,-6.216666666666664e-06,1.265e-05,0.07977923777344811,0.060549086673152536,0.061221259395513615,0.050571454602550574,0.062383538415420325
2025-06-10,3320.89990234375,64.9800033569336,3.5329999923706055,6038.81005859375,16.950000762939453,-0.003366964044300687,-0.004759317319035391,-0.02846174214435264,0.005468012541646841,-0.01231320633011249,71,Greed,32345939513680.0,417621418.39299077,0.30266408427147407,0.38006320700075547,0.0001,1.9009999999999996e-05,1.312e-05,0.03648056834241375,0.061509036232940656,0.06162952485745638,0.05471398128036478,0.061221259395513615
2025-06-11,3321.300048828125,68.1500015258789,3.506999969482422,6022.240234375,17.260000228881836,0.000120486130438958,0.04763159863056644,-0.0073864037614050125,-0.002747660318287345,0.018123820078471166,72,Greed,24383590881388.0,314264446.2644896,-0.2825780945122988,-0.28434050748374007,0.0001,0.0,1.249e-05,-0.04920945937845663,0.06325643046045822,0.06224632661030932,0.05398250900591183,0.06162952485745638
2025-06-12,3380.89990234375,68.04000091552734,3.492000102996826,6045.259765625,18.020000457763672,0.01778563010253441,-0.0016153995491640903,-0.004286294983699447,0.0038151330716763875,0.04309057866717449,71,Greed,21614364298006.0,261266996.19468156,-0.12055229374217798,-0.1846919586572707,-1.0199999999999998e-06,-0.00010102,1.151e-05,-0.08171210140369509,0.05653268170960653,0.06274144221167728,0.05179706590157941,0.06224632661030932
2025-06-13,3431.199951171875,72.9800033569336,3.5810000896453857,5976.97021484375,20.81999969482422,0.014768122634469274,0.0700896960229113,0.025167448577475875,-0.01136066859010289,0.14443177094572332,61,Greed,36330700936637.0,392121823.82463723,0.5193050321880903,0.40602970820533013,-9.995666666666668e-05,-9.893666666666668e-05,1.122e-05,-0.025518322639241097,0.056636896344765576,0.06257185292224765,0.05153585630078908,0.06274144221167728
2025-06-14,3431.199951171875,72.9800033569336,3.5810000896453857,5976.97021484375,20.81999969482422,0.0,0.0,0.0,0.0,0.0,63,Greed,10799555502926.0,119238037.82916135,-1.2131581635043784,-1.1904507535409965,8.751000000000001e-05,0.0001874666666666667,1.095e-05,-0.0243584438320403,0.05467574062191756,0.061696610099915464,0.051305630275133345,0.06257185292224765
2025-06-15,3431.199951171875,72.9800033569336,3.5810000896453857,5976.97021484375,20.81999969482422,0.0,0.0,0.0,0.0,0.0,60,Greed,13258441974343.0,147521835.52043098,0.20512950354337398,0.21285438921831762,2.7539999999999997e-05,-5.997000000000001e-05,1.111e-05,0.014506147389028886,0.05460668221281648,0.06157368944995855,0.05197563632293776,0.061696610099915464
2025-06-16,3396.39990234375,71.7699966430664,3.747999906539917,6033.10986328125,19.110000610351562,-0.010194021599707037,-0.016718962337808015,0.04558022339027415,0.0093488231481891,-0.08570225833796581,61,Greed,23055705725602.0,258028800.60841718,0.5532787960228379,0.5590950067065392,4.2130000000000005e-05,1.4590000000000008e-05,1.059e-05,-0.0479354440382236,0.040142648009447585,0.06184594856175451,0.051662042000915585,0.06157368944995855
2025-06-17,3386.60009765625,74.83999633789062,3.8510000705718994,5982.72021484375,21.600000381469727,-0.0028895213050230267,0.04188593780488692,0.027110533718187765,-0.008387259723643134,0.12248154215971613,68,Greed,26064511809917.0,267091595.41497102,0.12266141261437918,0.03452044460273362,5.336e-05,1.1229999999999992e-05,1.013e-05,-0.04440884135272315,0.029628870980097515,0.05673169579135288,0.05086606305160121,0.06184594856175451
2025-06-18,3389.800048828125,75.13999938964844,3.989000082015991,5980.8701171875,20.139999389648438,0.0009444399210661637,0.0040005795495912455,0.0352077203254333,-0.00030928803472058796,-0.06998547536577886,52,Neutral,16063975112921.0,162756675.7979208,-0.4839954940646425,-0.495335354584282,5.2713333333333336e-05,-6.466666666666616e-07,1.035e-05,0.021485201450785935,0.036095620379891544,0.0566812045174558,0.05129572197079461,0.05673169579135288
2025-06-19,3389.800048828125,75.13999938964844,3.989000082015991,5980.8701171875,20.139999389648438,0.0,0.0,0.0,0.0,0.0,57,Greed,10678905429265.0,110365224.1798578,-0.408308853879393,-0.3884612131253235,8.141333333333334e-05,2.87e-05,1.029e-05,-0.005813969865419734,0.02716283366365393,0.056682995920221975,0.05144187686487964,0.0566812045174558
2025-06-20,3368.10009765625,74.93000030517578,3.8469998836517334,5967.83984375,20.6200008392334,-0.0064221208610746846,-0.0027986835739336347,-0.036246999957546704,-0.002181035215587759,0.02355366230380821,54,Neutral,16614768394908.0,166253345.07583404,0.4420216218081058,0.4097177142407063,6.330333333333333e-05,-1.811e-05,9.84e-06,-0.0447168387817961,0.02917784914303538,0.05641163387223952,0.05079651965944223,0.056682995920221975
2025-06-21,3368.10009765625,74.93000030517578,3.8469998836517334,5967.83984375,20.6200008392334,0.0,0.0,0.0,0.0,0.0,49,Neutral,16228425825138.0,154666916.42418575,-0.0235275770424399,-0.07223892172205267,4.336333333333334e-05,-1.9939999999999995e-05,9.28e-06,-0.05859416426605294,0.03290597671410458,0.050638531353873674,0.04905472871068029,0.05641163387223952
2025-06-22,3368.10009765625,74.93000030517578,3.8469998836517334,5967.83984375,20.6200008392334,0.0,0.0,0.0,0.0,0.0,42,Fear,27157211135718.0,239225615.75110802,0.5148782294901615,0.4361332272349286,9.858333333333334e-05,5.5219999999999996e-05,8.87e-06,-0.045186750476621025,0.02885872136080188,0.04745801619542954,0.0478098077429354,0.050638531353873674
2025-06-23,3377.699951171875,68.51000213623047,3.697999954223633,6025.169921875,19.829999923706055,0.0028461738938607515,-0.08957459725292966,-0.03950147294001118,0.009560655071259439,-0.0390655806044794,47,Neutral,29080584067582.0,267545957.82644865,0.06842812267947507,0.11188425093464979,-1.4886666666666666e-05,-0.00011347,9.9e-06,0.1098599608190562,0.059669917548012236,0.05261059853677524,0.04938857644681474,0.04745801619542954
2025-06-24,3317.39990234375,64.37000274658203,3.5369999408721924,6092.18017578125,17.479999542236328,-0.018013675886811464,-0.06233202246291182,-0.044513227079844724,0.011060328616958607,-0.12613859464476848,65,Greed,17854122634311.0,178345941.07594484,-0.48783629585467925,-0.4055662031869077,-7.064666666666666e-05,-5.575999999999999e-05,1.006e-05,0.01603240753104901,0.058151397888217805,0.052840506427687194,0.04978371230820518,0.05261059853677524
2025-06-25,3327.10009765625,64.91999816894531,3.4059998989105225,6092.16015625,16.760000228881836,0.0029197688926843124,0.008507985708414682,-0.037740340945733086,-3.286108349665331e-06,-0.04206223532916502,66,Greed,15294694903234.0,150395697.55588475,-0.15472841154386374,-0.17045534892079595,6.167333333333332e-05,0.00013231999999999998,9.46e-06,-0.06149478160780634,0.06118474438496577,0.05338484537074523,0.048080663350668996,0.052840506427687194
2025-06-26,3333.5,65.23999786376953,3.260999917984009,6141.02001953125,16.59000015258789,0.0019217200310753606,0.004917030567025608,-0.0435046809040558,0.007988131032516797,-0.010194995310435646,74,Greed,14888995666583.0,139930754.0049428,-0.026883635694881936,-0.07212211843334475,-2.21333333333333e-06,-6.388666666666666e-05,9.16e-06,-0.032226204377747925,0.061492522400985614,0.05340814668720219,0.047616475511072336,0.05338484537074523
2025-06-27,3273.699951171875,65.5199966430664,3.739000082015991,6173.06982421875,16.31999969482422,-0.018101974273062114,0.004282643300932393,0.1367843462736337,0.005205399256150098,-0.01640878256347104,65,Greed,11336917224317.0,104108040.17700376,-0.27255798259086705,-0.29571847822875447,3.261e-05,3.482333333333333e-05,9.18e-06,0.002181025946360146,0.06046713168927495,0.05335766411368287,0.04774137470929039,0.05340814668720219
2025-06-28,3273.699951171875,65.5199966430664,3.739000082015991,6173.06982421875,16.31999969482422,0.0,0.0,0.0,0.0,0.0,65,Greed,6151553773664.0,57735617.58473893,-0.6113597156012839,-0.58955493553511,2.149e-05,-1.1120000000000002e-05,9.55e-06,0.03951394986023972,0.058647014956525065,0.0539791320770711,0.049755061691811014,0.05335766411368287
2025-06-29,3273.699951171875,65.5199966430664,3.739000082015991,6173.06982421875,16.31999969482422,0.0,0.0,0.0,0.0,0.0,68,Greed,12327985325807.0,122449049.56193355,0.6951672116699468,0.7518207492888062,-2.3213333333333334e-05,-4.470333333333333e-05,1.04e-05,0.08526465165468813,0.06105329632895112,0.05052599738340604,0.048008331768942585,0.0539791320770711
2025-06-30,3294.39990234375,65.11000061035156,3.4560000896453857,6204.9501953125,16.729999542236328,0.006303198845365553,-0.006277231686631752,-0.07870634104938365,0.005151137506128882,0.0248121568004225,66,Greed,16507636187090.0,164098087.47335932,0.2919511653626392,0.2927693218649495,7.851e-05,0.00010172333333333334,9.75e-06,-0.06453852113757118,0.054841082165531845,0.0517067303891766,0.04642753279239351,0.05052599738340604
2025-07-01,3336.699951171875,65.44999694824219,3.4149999618530273,6198.009765625,16.829999923706055,0.012758252337171075,0.005208289105661505,-0.011934395028530534,-0.0011191571098791433,0.005959516032616415,64,Greed,9686081084988.0,91447524.5214636,-0.533133157760097,-0.5846990381184592,-8.33e-06,-8.684e-05,9.26e-06,-0.05156323635166779,0.05700788683576801,0.052235265698419256,0.04638916706786068,0.0517067303891766
2025-07-02,3348.0,67.44999694824219,3.48799991607666,6227.419921875,16.639999389648438,0.003380872641776682,0.030100091680430326,0.021151000133805536,0.0047338743064907745,-0.011353604956222913,63,Greed,16587489647911.0,164242261.8216082,0.5379588602628791,0.5855772387893454,-1.9986666666666673e-05,-1.1656666666666673e-05,1.006e-05,0.0828631160135052,0.06194722550879124,0.053971427747539776,0.044579845409699274,0.052235265698419256
2025-07-03,3331.60009765625,67.0,3.4089999198913574,6279.35009765625,16.3799991607666,-0.004910454236063616,-0.0066939180180563464,-0.02290951232953838,0.00830437821066394,-0.01574837152360857,73,Greed,22042692636211.0,228234105.85868278,0.28433237168114656,0.3290293382005788,0.0001,0.00011998666666666668,1.012e-05,0.005946499187726303,0.05936150272014403,0.05402165767571816,0.04482728933640238,0.053971427747539776
2025-07-04,3331.60009765625,67.0,3.4089999198913574,6279.35009765625,16.3799991607666,0.0,0.0,0.0,0.0,0.0,73,Greed,13075122453368.0,127659974.45335396,-0.5222697718840247,-0.5810016025451095,3.9233333333333345e-06,-9.607666666666667e-05,9.65e-06,-0.04755574850842476,0.06385198179796676,0.05427032321124684,0.04424437830768416,0.05402165767571816
2025-07-05,3331.60009765625,67.0,3.4089999198913574,6279.35009765625,16.3799991607666,0.0,0.0,0.0,0.0,0.0,67,Greed,7473259445326.0,72647324.11202802,-0.5593801333261477,-0.5637537229694551,-8.363666666666668e-05,-8.756000000000001e-05,9.69e-06,0.0041365105517802755,0.062241611006013324,0.05100657607550481,0.044509830645501194,0.05427032321124684
2025-07-06,3331.60009765625,67.0,3.4089999198913574,6279.35009765625,16.3799991607666,0.0,0.0,0.0,0.0,0.0,66,Greed,12668122293853.0,126242824.83006074,0.5277575403521401,0.5525906767674804,-4.4126666666666665e-05,3.951000000000001e-05,1.002e-05,0.033488669754043826,0.05311600976016689,0.05089298661836237,0.04531229909049254,0.05100657607550481
2025-07-07,3332.199951171875,67.93000030517578,3.4119999408721924,6229.97998046875,17.790000915527344,0.0001800334682463348,0.013785148304748359,0.0008796426434594774,-0.007893368104244017,0.08257552595110282,73,Greed,11778723077307.0,117670691.34021819,-0.07279400755561252,-0.07031726180642961,0.0001,0.00014412666666666668,9.9e-06,-0.012048338516174593,0.04667697184423688,0.050253023981678815,0.045664662494228715,0.05089298661836237
2025-07-08,3307.0,68.33000183105469,3.3399999141693115,6225.52001953125,16.809999465942383,-0.007591297859755788,0.0058711678942017665,-0.021327831009265562,-0.0007161432504695748,-0.05666263749048405,65,Greed,11079981627412.0,111076410.09288026,-0.06115475169391577,-0.05767162800158313,7.409e-05,-2.591e-05,1.019e-05,0.028872090094089278,0.04076791139407815,0.05049934285351701,0.04627749786898014,0.050253023981678815
2025-07-09,3311.60009765625,68.37999725341797,3.2139999866485596,6263.259765625,15.9399995803833,0.0013900517720019155,0.0007314084547858205,-0.03845451812962765,0.00604380277677969,-0.053142268612983594,66,Greed,23312426151862.0,248060955.62249514,0.7438465065085194,0.8034561610610704,0.0001,2.591e-05,1.105e-05,0.08102358072912819,0.040250210028061464,0.050571454602550574,0.04524899975599412,0.05049934285351701
2025-07-10,3317.39990234375,66.56999969482422,3.3369998931884766,6280.4599609375,15.779999732971191,0.0017498283805606845,-0.026826323016373506,0.037555904599818384,0.0027424410729257912,-0.010088348541556767,71,Greed,29599288576742.0,342770849.9002767,0.23876379682118265,0.32338764304692924,0.0001,0.0,1.241e-05,0.11607217125275403,0.05548570776111852,0.05471398128036478,0.04086476607905754,0.050571454602550574
2025-07-11,3356.0,68.44999694824219,3.313999891281128,6259.75,16.399999618530273,0.011568474452741711,0.027849486122376768,-0.006916281562553922,-0.0033029717732258423,0.038538013074052885,71,Greed,41424385054134.0,524865982.3085515,0.336119391930161,0.4260808103998219,0.0001,0.0,1.236e-05,-0.004037147186971145,0.04729306517810808,0.05398250900591183,0.041155903523426185,0.05471398128036478
2025-07-12,3356.0,68.44999694824219,3.313999891281128,6259.75,16.399999618530273,0.0,0.0,0.0,0.0,0.0,79,Extreme Greed,16916697569560.0,206892126.23931313,-0.8955685623776757,-0.9309454300593663,0.0001,0.0,1.224e-05,-0.009756174945364685,0.0490794342090613,0.05179706590157941,0.04315176834611553,0.05398250900591183
2025-07-13,3356.0,68.44999694824219,3.313999891281128,6259.75,16.399999618530273,0.0,0.0,0.0,0.0,0.0,74,Greed,18432948172533.0,227784310.52206928,0.08583856881844713,0.09620164657412121,9.891000000000001e-05,-1.0899999999999913e-06,1.23e-05,0.00488998529419177,0.05024474219617325,0.05153585630078908,0.04559523488715977,0.05179706590157941
2025-07-14,3351.5,66.9800033569336,3.4660000801086426,6268.56005859375,17.200000762939453,-0.0013417817890844313,-0.021709389666200556,0.04484532820768652,0.0014064243309367943,0.04762811660654813,74,Greed,28262765829312.0,356125124.2104853,0.42740551844259445,0.44688296687564966,8.386e-05,-1.5050000000000013e-05,1.223e-05,-0.005707312679290867,0.04942576815918292,0.051305630275133345,0.04561580686454414,0.05153585630078908
2025-07-15,3329.800048828125,66.5199966430664,3.5230000019073486,6243.759765625,17.3799991607666,-0.006495750023279325,-0.006891513624805755,0.016311685494378413,-0.003964145065672561,0.010410643373586315,73,Greed,29212912749100.0,358078414.8272722,0.03306558567467446,0.005469856644821439,0.0001,1.6140000000000005e-05,1.286e-05,0.05022976911039234,0.04998660574517024,0.05197563632293776,0.04831005758699831,0.051305630275133345
2025-07-16,3352.5,66.37999725341797,3.5510001182556152,6263.7001953125,17.15999984741211,0.006794079381100563,-0.0021068389445210046,0.007916387362510715,0.0031885685253844154,-0.012738986382189699,70,Greed,34225785378825.0,454745352.7347681,0.15836848946999482,0.23898559971500208,0.0001,0.0,1.354e-05,0.05152654867465566,0.04640238728120897,0.051662042000915585,0.04719221496824819,0.05197563632293776
2025-07-17,3340.10009765625,67.54000091552734,3.5420000553131104,6297.35986328125,16.520000457763672,-0.0037055602760010316,0.017324263597579107,-0.002537732286019085,0.005359380240011013,-0.038009289365250935,74,Greed,26988032999578.0,362641324.43233067,-0.2375857729153806,-0.22632333913937563,0.0001,0.0,1.337e-05,-0.012634876370277114,0.02802528417412734,0.05086606305160121,0.047563112897057384,0.051662042000915585
2025-07-18,3353.0,67.33999633789062,3.565000057220459,6296.7900390625,16.40999984741211,0.003854691586396078,-0.0029656691622084916,0.006472514939887504,-9.049030280841674e-05,-0.006680899998967385,73,Greed,33539085937877.0,454841458.1736585,0.2173179576134911,0.22653465583415494,0.0001,0.0,1.298e-05,-0.02960367983790798,0.03168459440193927,0.05129572197079461,0.04738108400280333,0.05086606305160121
2025-07-19,3353.0,67.33999633789062,3.565000057220459,6296.7900390625,16.40999984741211,0.0,0.0,0.0,0.0,0.0,74,Greed,15040277756956.0,197829794.06870064,-0.8019797168940821,-0.8325418795673599,0.0001,0.0,1.342e-05,0.033336420267591926,0.03207211503660954,0.05144187686487964,0.047227094584777134,0.05129572197079461
2025-07-20,3353.0,67.33999633789062,3.565000057220459,6296.7900390625,16.40999984741211,0.0,0.0,0.0,0.0,0.0,72,Greed,23382053586789.0,326544327.7794967,0.44123700114476216,0.5011586709652187,0.00016233,6.233e-05,1.402e-05,0.043738750062908324,0.03372365462280907,0.05079651965944223,0.04667581239844948,0.05144187686487964
2025-07-21,3401.89990234375,67.19999694824219,3.325000047683716,6305.60009765625,16.649999618530273,0.01447860287732854,-0.00208115723450823,-0.06969438146809422,0.001398157005673256,0.014519297711828362,71,Greed,24605186485824.0,347491390.2536819,0.050988466094648556,0.06217418239564868,0.00020546,4.313e-05,1.409e-05,0.004980444304144972,0.03265972083392655,0.04905472871068029,0.04762417507855107,0.05079651965944223
2025-07-22,3439.199951171875,66.20999908447266,3.252000093460083,6309.6201171875,16.5,0.010904801640990577,-0.014841707006914905,-0.02219946802395787,0.0006373284966667569,-0.009049812608822908,72,Greed,27640261251106.0,385522785.2948375,0.11631619730285787,0.1038604086303748,0.0001,-0.00010546,1.416e-05,0.00495576235498485,0.030110815471724242,0.0478098077429354,0.04761609161241071,0.04905472871068029
2025-07-23,3394.10009765625,65.25,3.0769999027252197,6358.91015625,15.369999885559082,-0.013200213092493647,-0.014605448906322377,-0.05531515569843563,0.007781532145702873,-0.07094283080176363,74,Greed,23551842076687.0,310945931.04174274,-0.16006941355587176,-0.2149812551864612,0.00012393999999999998,2.3939999999999977e-05,1.273e-05,-0.10645967569625858,0.04983277095331921,0.04938857644681474,0.048643303075739455,0.0478098077429354
2025-07-24,3371.0,66.02999877929688,3.0940001010894775,6363.35009765625,15.390000343322754,-0.006829222657993172,0.011883119516578307,0.0055097200972293444,0.0006979799969332514,0.001300420054187293,71,Greed,18164190440952.0,228412256.09441406,-0.2597519395123351,-0.3084669048926978,0.0001,-2.3939999999999977e-05,1.239e-05,-0.027071716928264055,0.05031376028529079,0.04978371230820518,0.04867564010391312,0.04938857644681474
2025-07-25,3334.0,65.16000366210938,3.109999895095825,6388.64013671875,14.930000305175781,-0.011036651923321424,-0.013263325783737057,0.005157907636275897,0.003966451001680552,-0.030345338167419175,70,Greed,17245242450091.0,209073797.87466207,-0.051915792265107875,-0.08846484748224336,7.548e-05,-2.4520000000000002e-05,1.255e-05,0.012830969936741727,0.05023743259792602,0.048080663350668996,0.04898259991197133,0.04978371230820518
2025-07-26,3334.0,65.16000366210938,3.109999895095825,6388.64013671875,14.930000305175781,0.0,0.0,0.0,0.0,0.0,72,Greed,7763906451268.0,97706891.63207647,-0.7980506892467822,-0.760715194246366,0.0001,2.4520000000000002e-05,1.24e-05,-0.0120241929668017,0.047338330878124835,0.047616475511072336,0.05221655338089025,0.048080663350668996
2025-07-27,3334.0,65.16000366210938,3.109999895095825,6388.64013671875,14.930000305175781,0.0,0.0,0.0,0.0,0.0,73,Greed,10168569314756.0,128866972.35052058,0.2698159069533377,0.276808554925243,0.0001,0.0,1.279e-05,0.03096714297976018,0.04505484526800355,0.04774137470929039,0.05227696306775135,0.047616475511072336
2025-07-28,3309.10009765625,66.70999908447266,2.98799991607666,6389.77001953125,15.029999732971191,-0.0074965057238816635,0.02350901306179033,-0.04001845327611953,0.00017684247126657597,0.006675554006955608,75,Greed,15070547283737.0,189405987.91522834,0.3934408049369029,0.3851121452355858,9.143999999999999e-05,-8.560000000000013e-06,1.19e-05,-0.0721252154732676,0.04913367898741306,0.049755061691811014,0.05085036492475257,0.04774137470929039
2025-07-29,3323.39990234375,69.20999908447266,3.0810000896453857,6370.85986328125,15.979999542236328,0.0043120472958143976,0.0367904946280851,0.030650009526951665,-0.002963830197466829,0.06128972569359601,73,Greed,16268039630971.0,190417215.86881903,0.07646009608622277,0.005324742315813295,-8.390333333333333e-05,-0.00017534333333333333,1.152e-05,-0.032453744849738515,0.047448056247661956,0.048008331768942585,0.05076607178882181,0.049755061691811014
2025-07-30,3295.800048828125,70.0,3.0450000762939453,6362.89990234375,15.479999542236328,-0.008339380490785232,0.01134989442383949,-0.011753322493385503,-0.0012502139385094711,-0.03178907310180721,74,Greed,13946668076448.0,156946506.36216304,-0.15396179200021207,-0.19331251426787766,4.366333333333333e-05,0.00012756666666666666,1.134e-05,-0.015748356968139168,0.033152372488507054,0.04642753279239351,0.05125213023867398,0.048008331768942585
2025-07-31,3293.199951171875,69.26000213623047,3.1059999465942383,6339.39013671875,16.719999313354492,-0.0007892237945701002,-0.010627672231444093,0.019834781314766608,-0.003701662046374567,0.07705672799895574,72,Greed,11462035979229.0,128889715.7685971,-0.1962002770467215,-0.19694790129126005,3.5149999999999994e-05,-8.513333333333339e-06,1.078e-05,-0.050643732818754915,0.03551594088359125,0.04638916706786068,0.05055743887356065,0.04642753279239351
2025-08-01,3347.699951171875,67.33000183105469,3.0829999446868896,6238.009765625,20.3799991607666,0.01641380667687466,-0.02826164006549793,-0.0074325765694231985,-0.0161213871855698,0.19794842002607435,65,Greed,20037144697500.0,210848061.1530226,0.5585474307751518,0.4921806625754291,9.427666666666667e-05,5.912666666666668e-05,1.039e-05,-0.03684876036971509,0.03274424721248863,0.044579845409699274,0.05025569733756348,0.04638916706786068
2025-08-02,3347.699951171875,67.33000183105469,3.0829999446868896,6238.009765625,20.3799991607666,0.0,0.0,0.0,0.0,0.0,55,Greed,9475679801980.0,97159316.46633048,-0.7488592905951089,-0.7747857157903434,9.166666666666667e-05,-2.610000000000004e-06,1.013e-05,-0.025342486850544146,0.03211104668674039,0.04482728933640238,0.050167436089841005,0.044579845409699274
2025-08-03,3347.699951171875,67.33000183105469,3.0829999446868896,6238.009765625,20.3799991607666,0.0,0.0,0.0,0.0,0.0,53,Neutral,6579867916885.0,68374912.14194699,-0.36471382359160204,-0.3513460931774925,4.164000000000001e-05,-5.002666666666666e-05,1.045e-05,0.031100660150228002,0.03215253691259462,0.04424437830768416,0.0502177852868817,0.04482728933640238
2025-08-04,3374.39990234375,66.29000091552734,2.931999921798706,6329.93994140625,17.520000457763672,0.007943973509988255,-0.015566859688174842,-0.05021837360993722,0.014629564491414495,-0.15121087497900548,64,Greed,9501034904385.0,100618630.23920992,0.36738605826292275,0.38633145596727125,4.2873333333333335e-05,1.2333333333333272e-06,1.076e-05,0.029233576322818474,0.03224708386623474,0.044509830645501194,0.04991762275223822,0.04424437830768416
2025-08-05,3381.89990234375,65.16000366210938,3.009999990463257,6299.18994140625,17.850000381469727,0.0022201510582657955,-0.01719323012859795,0.026255318239681934,-0.004869703780462017,0.018660417960192417,60,Greed,10694125752889.0,110397271.61107211,0.11829386568085143,0.09274798810529361,5.344e-05,1.0566666666666668e-05,1.02e-05,-0.0534478344434129,0.03506104295833497,0.04531229909049254,0.049661905513191204,0.044509830645501194
2025-08-06,3380.0,64.3499984741211,3.0769999027252197,6345.06005859375,16.770000457763672,-0.0005619433653809127,-0.012508929605690623,0.022014989133959804,0.007255522219852605,-0.06241192646480223,54,Neutral,7772392941615.0,80182969.44228753,-0.31911650679802456,-0.3197742786406708,6.017333333333333e-05,6.733333333333325e-06,1.056e-05,0.03468555798789011,0.04025126116337925,0.045664662494228715,0.04960232521400596,0.04531229909049254
2025-08-07,3400.300048828125,63.880001068115234,3.066999912261963,6340.0,16.56999969482422,0.005987967888747476,-0.0073305702624902,-0.0032552082013970144,-0.0007977981718278668,-0.011997790110594823,62,Greed,10619104914837.0,114465190.03488638,0.31207664042998046,0.3559596183800325,0.0001,3.9826666666666676e-05,1.111e-05,0.05077232537342314,0.041492222685444995,0.04627749786898014,0.04858618024043683,0.045664662494228715
2025-08-08,3439.10009765625,63.880001068115234,2.990000009536743,6389.4501953125,15.149999618530273,0.01134616025997749,0.0,-0.025426465932852766,0.0077694548163894745,-0.08959330624524582,74,Greed,14386583658346.0,163772567.54277626,0.30364135260630043,0.35820792246544175,6.313e-05,-3.6870000000000004e-05,1.181e-05,0.061101026557732266,0.041814440680015705,0.04524899975599412,0.04734371706264419,0.04627749786898014
2025-08-09,3439.10009765625,63.880001068115234,2.990000009536743,6389.4501953125,15.149999618530273,0.0,0.0,0.0,0.0,0.0,67,Greed,14580045585778.0,178774557.69429693,0.013357771276144993,0.08764687576534047,0.0001,3.6870000000000004e-05,1.24e-05,0.0487498424017201,0.03814208545824374,0.04086476607905754,0.047077213278391004,0.04524899975599412
2025-08-10,3439.10009765625,63.880001068115234,2.990000009536743,6389.4501953125,15.149999618530273,0.0,0.0,0.0,0.0,0.0,69,Greed,12210221645404.0,148324096.84817535,-0.17738041243760094,-0.1867258347198227,0.0001,0.0,1.207e-05,-0.026973437501551047,0.043516989848878945,0.041155903523426185,0.046932691931409184,0.04086476607905754
2025-08-11,3353.10009765625,63.959999084472656,2.9539999961853027,6373.4501953125,16.25,-0.025324517441945554,0.0012515335842291375,-0.012113207774319878,-0.0025072683938851073,0.0700924019998885,70,Greed,14263044159324.0,168675595.88207904,0.15539842687733837,0.12857759611030578,0.0001,0.0,1.123e-05,-0.07213426635908834,0.05540347408229427,0.04315176834611553,0.04539477688184136,0.041155903523426185
2025-08-12,3348.89990234375,63.16999816894531,2.808000087738037,6445.759765625,14.729999542236328,-0.0012534156557426127,-0.012428397727227305,-0.050687665408517456,0.011281559075170764,-0.09820670937817151,68,Greed,19347749395852.0,226459055.21386012,0.3049042348074056,0.29458683766877275,1.611666666666667e-05,-8.388333333333333e-05,1.214e-05,0.0779170168810006,0.05410139460342711,0.04559523488715977,0.04295748365847323,0.04315176834611553
2025-08-13,3358.699951171875,62.650001525878906,2.828000068664551,6466.580078125,14.489999771118164,0.002922075262479989,-0.00826577022677899,0.007097254905273564,0.0032248733840464015,-0.016427458860831908,73,Greed,22017242815135.0,269091696.2605295,0.1292498082804291,0.17248804290878322,0.0001,8.388333333333333e-05,1.225e-05,0.009020151359383744,0.05419523632643815,0.04561580686454414,0.045323590131805314,0.04559523488715977
2025-08-14,3335.199951171875,63.959999084472656,2.8410000801086426,6468.5400390625,14.829999923706055,-0.007021346864233285,0.02069416795400631,0.004586358754812961,0.00030304487855445177,0.023193410468529695,75,Greed,27209187831927.0,316639621.1171055,0.21172879350317567,0.16271208547251192,0.0001,0.0,1.105e-05,-0.10309550902697424,0.06930334379261248,0.04831005758699831,0.041493845426189356,0.04561580686454414
2025-08-15,3336.0,62.79999923706055,2.9159998893737793,6449.7998046875,15.09000015258789,0.0002398515522892742,-0.018302812326256804,0.026056645139359305,-0.0029013399163647113,0.017380131886339894,60,Greed,12505473245358.0,136956137.02003226,-0.7773882960986012,-0.8381035784539754,-1.9273333333333334e-05,-0.00011927333333333334,1.081e-05,-0.021958796312644833,0.06383899337146841,0.04719221496824819,0.04172534275594721,0.04831005758699831
2025-08-16,3336.0,62.79999923706055,2.9159998893737793,6449.7998046875,15.09000015258789,0.0,0.0,0.0,0.0,0.0,56,Greed,4968432738369.0,54311907.95607003,-0.9230619621198576,-0.9249172045540663,-6.071666666666667e-05,-4.144333333333334e-05,1.109e-05,0.025572169711158887,0.06064548517258358,0.047563112897057384,0.04338758128150582,0.04719221496824819
2025-08-17,3336.0,62.79999923706055,2.9159998893737793,6449.7998046875,15.09000015258789,0.0,0.0,0.0,0.0,0.0,64,Greed,6459155253894.0,72578760.92568716,0.26239409760836996,0.2899288275244812,3.240666666666666e-05,9.312333333333333e-05,1.112e-05,0.002701487460160518,0.06078354152509169,0.04738108400280333,0.043674146814808454,0.047563112897057384
2025-08-18,3331.699951171875,63.41999816894531,2.890000104904175,6449.14990234375,14.989999771118164,-0.0012898149154139478,0.009824178912884366,-0.00895623778538701,-0.00010076825773579619,-0.0066489860460745625,60,Greed,9392909577513.0,101195019.24781215,0.37445656079094675,0.33237720892640393,5.92e-05,2.679333333333334e-05,1.068e-05,-0.040372455290387625,0.056560044944139125,0.047227094584777134,0.043333380955233834,0.04738108400280333
2025-08-19,3313.39990234375,62.349998474121094,2.7660000324249268,6411.3701171875,15.569999694824219,-0.005507846531911064,-0.017015592585072035,-0.04385429345811836,-0.005875329112207127,0.03796266940012603,56,Greed,8801540657651.0,92310520.5891859,-0.065028323490364,-0.09189142116197166,1.9386666666666665e-05,-3.981333333333334e-05,1.021e-05,-0.04500520135547453,0.04325596328432226,0.04667581239844948,0.04240617632637774,0.047227094584777134
2025-08-20,3343.39990234375,63.209999084472656,2.752000093460083,6395.77978515625,15.6899995803833,0.009013401028552843,0.01369885434705882,-0.005074290933361513,-0.002434630632264957,0.007677573755064212,44,Fear,8375565096438.0,86967741.24597555,-0.04960823125703562,-0.059620857942620245,5.8943333333333335e-05,3.955666666666667e-05,1.066e-05,0.04313078656112412,0.049204570971238135,0.04762417507855107,0.04338605427265601,0.04667581239844948
2025-08-21,3336.89990234375,63.52000045776367,2.8259999752044678,6370.169921875,16.600000381469727,-0.0019460210593331287,0.00489232214518028,0.026534321456379444,-0.004012219728951123,0.05637917834187325,50,Neutral,6546883792030.0,68363101.31375167,-0.24632937013946674,-0.24070403502545562,0.0001,4.105666666666667e-05,1.041e-05,-0.023731536110820847,0.03345081561730449,0.04761609161241071,0.043156902987704845,0.04762417507855107
2025-08-22,3374.39990234375,63.65999984741211,2.697999954223633,6466.91015625,14.220000267028809,0.011175298783647576,0.0022015953115401775,-0.04635153466947602,0.015072285158779139,-0.1547532751891094,50,Neutral,21274555515228.0,228823157.38396814,1.1785226023930453,1.208116242133264,6.927e-05,-3.073e-05,1.158e-05,0.10651258951797164,0.0538650468455909,0.048643303075739455,0.03858699222937349,0.04761609161241071
2025-08-23,3374.39990234375,63.65999984741211,2.697999954223633,6466.91015625,14.220000267028809,0.0,0.0,0.0,0.0,0.0,60,Greed,10456903861189.0,118263711.14665224,-0.7102493650435323,-0.6600324955760044,0.0001,3.073e-05,1.125e-05,-0.02891134349441992,0.055132623520801095,0.04867564010391312,0.04048802528733055,0.048643303075739455
2025-08-24,3374.39990234375,63.65999984741211,2.697999954223633,6466.91015625,14.220000267028809,0.0,0.0,0.0,0.0,0.0,53,Neutral,16688232739210.0,183378213.91143668,0.46744142781579673,0.43863379160176225,0.0001,0.0,1.083e-05,-0.038048067637530006,0.05716576877123588,0.04898259991197133,0.04001856155444526,0.04867564010391312
2025-08-25,3373.800048828125,64.80000305175781,2.696000099182129,6439.31982421875,14.789999961853027,-0.00017778178523024962,0.01774923099622844,-0.0007415109801024853,-0.004275512539646319,0.03930183098997578,47,Neutral,17000911933444.0,172945917.8013469,0.018563141098995154,-0.05857183099346354,1.4233333333333337e-05,-8.576666666666667e-05,9.76e-06,-0.10402766058789806,0.06799499218101035,0.05221655338089025,0.03532083417379428,0.04898259991197133
2025-08-26,3388.60009765625,63.25,2.7170000076293945,6465.93994140625,14.619999885559082,0.004377165544111227,-0.02421052284562626,0.007759103413548819,0.00412547371011636,-0.011560827649531319,48,Neutral,9622560362205.0,95603891.29766686,-0.5691566065778703,-0.5927654085793692,-0.00012270666666666666,-0.00013694,1.009e-05,0.0332524339405166,0.06826347691278559,0.05227696306775135,0.03639573059561027,0.05221655338089025
2025-08-27,3404.60009765625,64.1500015258789,2.867000102996826,6481.39990234375,14.850000381469727,0.0047106015210283785,0.01412898724012466,0.053737889573948074,0.0023881304533030262,0.015609444442969123,51,Neutral,9184786779744.0,92951113.97337425,-0.046561874749364206,-0.028139824432138496,9.799333333333333e-05,0.0002207,1.003e-05,-0.005964232391673328,0.06535103838367512,0.05085036492475257,0.03698196744284856,0.05227696306775135
2025-08-28,3431.800048828125,64.5999984741211,2.944000005722046,6501.85986328125,14.430000305175781,0.007957432015570034,0.0069902723203849985,0.026502979984079376,0.003151747441466755,-0.028690497002423307,48,Neutral,6161965907765.0,62413925.43889052,-0.3991526369322498,-0.39828528418455833,0.0001,2.0066666666666757e-06,1.021e-05,0.01778703020273008,0.06564312662866444,0.05076607178882181,0.036853661638190593,0.05085036492475257
2025-08-29,3473.699951171875,64.01000213623047,2.996999979019165,6460.259765625,15.359999656677246,0.012135375150160638,-0.009175032640841454,0.017842578523654295,-0.006418740402792551,0.062457311433301986,50,Neutral,11604672799813.0,113916525.22490905,0.6330119770674073,0.6016775307476203,5.5506666666666675e-05,-4.449333333333333e-05,9.77e-06,-0.04405116612188296,0.04541783925413214,0.05125213023867398,0.03629582416066991,0.05076607178882181
2025-08-30,3473.699951171875,64.01000213623047,2.996999979019165,6460.259765625,15.359999656677246,0.0,0.0,0.0,0.0,0.0,39,Fear,4415578105250.0,43643669.63160925,-0.9662690779188069,-0.9594076991637882,2.2056666666666665e-05,-3.3450000000000013e-05,9.84e-06,0.007139245009470813,0.04682728505028078,0.05055743887356065,0.03626535288786772,0.05125213023867398
2025-08-31,3473.699951171875,64.01000213623047,2.996999979019165,6460.259765625,15.359999656677246,0.0,0.0,0.0,0.0,0.0,48,Neutral,4888027045793.0,48212007.91350766,0.10164998830367261,0.09954987071927812,0.0001,7.794333333333334e-05,9.65e-06,-0.019497795713267478,0.0460974757331605,0.05025569733756348,0.036133515864011444,0.05055743887356065
2025-09-01,3473.699951171875,64.01000213623047,2.996999979019165,6460.259765625,15.359999656677246,0.0,0.0,0.0,0.0,0.0,46,Fear,12306777571264.0,117076824.19426356,0.9233613777214209,0.8872222194982156,1.1703333333333335e-05,-8.829666666666666e-05,9.47e-06,-0.01882900815290766,0.025993165442924574,0.050167436089841005,0.03706709194134561,0.05025569733756348
2025-09-02,3549.39990234375,65.58999633789062,3.009000062942505,6415.5400390625,17.170000076293945,0.02155825335719171,0.02438383494499543,0.00399603723207491,-0.006946350061030363,0.11139697398504478,49,Neutral,9537295135353.0,91631990.6902284,-0.2549402162061334,-0.2450498823121629,8.583666666666668e-05,7.413333333333334e-05,9.79e-06,0.03323254934443204,0.025988377038863086,0.0502177852868817,0.03744182502733934,0.050167436089841005
2025-09-03,3593.199951171875,63.970001220703125,3.063999891281128,6448.259765625,16.350000381469727,0.012264609179004047,-0.02500894692781603,0.018113397829694875,0.005087112302941308,-0.04893575867808498,55,Greed,5305400354856.0,52192320.1768166,-0.5864846797945322,-0.5628450930364834,0.0001,1.4163333333333327e-05,9.88e-06,0.009151055217357614,0.026452022285590498,0.04991762275223822,0.03746682085364005,0.0502177852868817
2025-09-04,3565.800048828125,63.47999954223633,3.0739998817443848,6502.080078125,15.300000190734863,-0.007654710471889562,-0.007689354097416977,0.0032583902510987545,0.008311847102873571,-0.06637507981002318,51,Neutral,5538061150431.0,53092572.78053188,0.0429192299832308,0.017101685143037105,5.6646666666666674e-05,-4.335333333333333e-05,9.44e-06,-0.045556531602367216,0.02918724132286594,0.049661905513191204,0.03707200205328698,0.04991762275223822
2025-09-05,3613.199951171875,61.869998931884766,3.0480000972747803,6481.5,15.180000305175781,0.013205346467745164,-0.02568949616802651,-0.008493936908084981,-0.00317017266993674,-0.007874048793430576,48,Neutral,8449243346250.0,81774957.03648067,0.4224324258792065,0.4319340018788589,5.8030000000000005e-05,1.3833333333333308e-06,9.75e-06,0.03231130485234657,0.029133676584149122,0.04960232521400596,0.036608151562754154,0.049661905513191204
2025-09-06,3613.199951171875,61.869998931884766,3.0480000972747803,6481.5,15.180000305175781,0.0,0.0,0.0,0.0,0.0,48,Neutral,3592169746286.0,34695212.60043692,-0.8553204864526969,-0.8573693360079059,0.0001,4.197e-05,9.63e-06,-0.012384059199721666,0.029237934596874068,0.04858618024043683,0.03723284354672768,0.04960232521400596
2025-09-07,3613.199951171875,61.869998931884766,3.0480000972747803,6481.5,15.180000305175781,0.0,0.0,0.0,0.0,0.0,44,Fear,4529699087072.0,44469246.28048695,0.23189910450914578,0.24819614340613344,0.0001,0.0,9.88e-06,0.025629285949742443,0.029980713384171534,0.04734371706264419,0.039507798580681694,0.04858618024043683
2025-09-08,3638.10009765625,62.2599983215332,3.0899999141693115,6495.14990234375,15.109999656677246,0.00686780141163577,0.0062837457754367386,0.01368539339403454,0.0021037644508885675,-0.004622038508200957,51,Neutral,8578027382421.0,87101065.64649162,0.6385484676643786,0.6722712630953649,0.0001,0.0,1.03e-05,0.04163138347581365,0.03120523381873625,0.047077213278391004,0.03873879493924327,0.04734371706264419
2025-09-09,3643.300048828125,62.630001068115234,3.117000102996826,6512.60986328125,15.039999961853027,0.0014282835584511465,0.005925275537221591,0.008699970696043642,0.0026845470300734414,-0.004643437577763262,48,Neutral,13278424094947.0,139388594.66716406,0.4369364911995175,0.4701965591395485,0.0001,0.0,1.032e-05,0.001939864817826676,0.029869796836064447,0.046932691931409184,0.039123548510034606,0.047077213278391004
2025-09-10,3643.60009765625,63.66999816894531,3.0290000438690186,6532.0400390625,15.350000381469727,8.235294082891736e-05,0.01646905167872603,-0.028638487300671506,0.0029790282293981275,0.02040218289932801,49,Neutral,7767707241809.0,81337799.4089051,-0.5361654268964295,-0.5386548317877042,8.312333333333333e-05,-1.6876666666666674e-05,1.053e-05,0.020144566092467495,0.03025564427941529,0.04539477688184136,0.06964698922081031,0.046932691931409184
2025-09-11,3636.89990234375,62.369998931884766,2.934000015258789,6587.47021484375,14.710000038146973,-0.001840587103648067,-0.020629091857851622,-0.031865861606636035,0.008450087623093565,-0.042587961678039646,54,Neutral,7108350712020.0,74873090.73124,-0.08870479302166616,-0.0828162891881065,0.0001,1.6876666666666674e-05,1.069e-05,0.015080398891069623,0.018327194411173305,0.04295748365847323,0.06948845747302344,0.04539477688184136
2025-09-12,3649.39990234375,62.689998626708984,2.940999984741211,6584.2900390625,14.760000228881836,0.0034311001737597525,0.005117549967248644,0.002382969462090524,-0.00048287788142832935,0.0033932974726116655,57,Greed,17172241414769.0,189384502.3869625,0.882023959352546,0.9279847959310314,9.048666666666667e-05,-9.513333333333336e-06,1.153e-05,0.0756436092440139,0.028534895139758466,0.045323590131805314,0.0712104989431545,0.04295748365847323
2025-09-13,3649.39990234375,62.689998626708984,2.940999984741211,6584.2900390625,14.760000228881836,0.0,0.0,0.0,0.0,0.0,52,Neutral,31242679869502.0,377852878.6780616,0.5984908956750067,0.6907255573856758,0.0001,9.513333333333336e-06,1.191e-05,0.03242604908624102,0.023628453403512578,0.041493845426189356,0.07155091242947197,0.045323590131805314
2025-09-14,3649.39990234375,62.689998626708984,2.940999984741211,6584.2900390625,14.760000228881836,0.0,0.0,0.0,0.0,0.0,55,Greed,15178990228409.0,176108554.8487213,-0.7218728546797379,-0.7634043161961409,0.0001,0.0,1.154e-05,-0.03155912228725524,0.03340109455711085,0.04172534275594721,0.0716605405952446,0.041493845426189356
2025-09-15,3682.199951171875,63.29999923706055,3.0429999828338623,6615.27978515625,15.6899995803833,0.008947642619622902,0.009683393717559274,0.03409421089008679,0.004695577726559718,0.06110270532150231,53,Neutral,12405792920558.0,136219696.37339053,-0.20174871535395444,-0.25683159694750557,5.122666666666667e-05,-4.8773333333333336e-05,1.078e-05,-0.06812669559910241,0.04609994781141421,0.04338758128150582,0.07120376358731932,0.04172534275594721
2025-09-16,3688.89990234375,64.5199966430664,3.1029999256134033,6606.759765625,16.360000610351562,0.0018178977764950366,0.019089884130283317,0.01952549622012054,-0.0012887604333313247,0.041815828481424934,52,Neutral,8201100494842.0,88927515.03027654,-0.41389518257998587,-0.42644739683235405,-3.661333333333333e-05,-8.784e-05,1.107e-05,0.026546181239694492,0.046628760221709926,0.043674146814808454,0.07098104305688471,0.04338758128150582
2025-09-17,3681.800048828125,64.05000305175781,3.0999999046325684,6600.35009765625,15.720000267028809,-0.0019265078645296421,-0.007311125238423738,-0.0009672807663532563,-0.0009706390782443865,-0.039905564494527264,53,Neutral,16671130155849.0,183528299.5658543,0.7094101383031092,0.7245472766357265,3.0203333333333333e-05,6.681666666666666e-05,1.141e-05,0.030251417153438636,0.04714802076038529,0.043333380955233834,0.07050971136997965,0.043674146814808454
2025-09-18,3643.699951171875,63.56999969482422,2.938999891281128,6631.9599609375,15.699999809265137,-0.01040214079746196,-0.007522419841542572,-0.05333273028242333,0.004777687836708263,-0.0012731037820809259,52,Neutral,13024006348952.0,149079727.41077143,-0.24688419351542953,-0.20788763053789636,0.0001,6.979666666666668e-05,1.145e-05,0.0034995661262645535,0.047203205113975126,0.04240617632637774,0.07066052433351522,0.043333380955233834
2025-09-19,3671.5,62.68000030517578,2.888000011444092,6664.35986328125,15.449999809265137,0.007600662414640123,-0.014099233791081182,-0.017505125451773743,0.004873523937481177,-0.016051709207089097,53,Neutral,8763516985545.0,96409668.93665665,-0.3961969899970542,-0.4358747493736475,0.0001,0.0,1.076e-05,-0.06215417526661026,0.04378253633160749,0.04338605427265601,0.07077361147871238,0.04240617632637774
2025-09-20,3671.5,62.68000030517578,2.888000011444092,6664.35986328125,15.449999809265137,0.0,0.0,0.0,0.0,0.0,48,Neutral,6248655012490.0,66937089.9265591,-0.33823106415567206,-0.36485327478422824,-6.145333333333333e-05,-0.00016145333333333333,1.072e-05,-0.0037243990909824397,0.03992347975079168,0.043156902987704845,0.07107337535994426,0.04338605427265601
2025-09-21,3671.5,62.68000030517578,2.888000011444092,6664.35986328125,15.449999809265137,0.0,0.0,0.0,0.0,0.0,49,Neutral,5451446907983.0,57628393.51210983,-0.13648518144546626,-0.14973783281136152,7.264000000000001e-05,0.00013409333333333333,1.041e-05,-0.029344273015778487,0.03977923947962646,0.03858699222937349,0.07110177491908813,0.043156902987704845
2025-09-22,3740.699951171875,62.63999938964844,2.805999994277954,6693.75,16.100000381469727,0.018672448725779663,-0.0006383804178616805,-0.028804245352164366,0.004400350714762291,0.041210304685733154,45,Fear,18737303161879.0,183591171.09985477,1.2346352971942287,1.1586960001747462,-7.097e-05,-0.00014361000000000002,9.66e-06,-0.07477323440245082,0.041316075879710444,0.04048802528733055,0.07024569862925407,0.03858699222937349
2025-09-23,3780.60009765625,63.40999984741211,2.8529999256134033,6656.919921875,16.639999389648438,0.010610006389506373,0.01221753336682196,0.01661106651719656,-0.005517351828739721,0.03299010302909157,43,Fear,8327840207519.0,80405773.51740076,-0.8109122145861142,-0.8256254058140853,-1.1053333333333331e-05,5.9916666666666675e-05,9.57e-06,-0.009360442759563808,0.037227763305507575,0.04001856155444526,0.07077447807452883,0.04048802528733055
2025-09-24,3732.10009765625,64.98999786376953,2.8580000400543213,6637.97021484375,16.18000030517578,-0.01291164894810577,0.024611803730545136,0.0017510473642359111,-0.0028506771652953692,-0.028033468221638266,44,Fear,6312684816539.0,60694679.30595964,-0.27704307171049175,-0.28122994488666286,9.348666666666667e-05,0.00010454,9.64e-06,0.007287903157591352,0.03271786735364364,0.03532083417379428,0.07114489557206462,0.04001856155444526
2025-09-25,3736.89990234375,64.9800033569336,2.9040000438690186,6604.72021484375,16.739999771118164,0.001285260502940439,-0.0001537971341351223,0.01596701854647731,-0.005021648742526333,0.0340251208969369,44,Fear,14302676089628.0,132449363.1783358,0.8178855868518891,0.7803443690529664,2.6843333333333334e-05,-6.664333333333334e-05,9.07e-06,-0.06094884449540902,0.0327309600114413,0.03639573059561027,0.07049004475509961,0.03532083417379428
2025-09-26,3775.300048828125,65.72000122070312,2.8350000381469727,6643.7001953125,15.289999961853027,0.010223498096000606,0.011323729841388266,-0.024047161433523312,0.005884489130413512,-0.09060203394250499,28,Fear,9406093662147.0,86875554.55725466,-0.41908891771685314,-0.42172372043349354,3.3973333333333336e-05,7.130000000000001e-06,9.37e-06,0.03254083212328557,0.0379629041565236,0.03698196744284856,0.07033017535421604,0.03639573059561027
2025-09-27,3775.300048828125,65.72000122070312,2.8350000381469727,6643.7001953125,15.289999961853027,0.0,0.0,0.0,0.0,0.0,33,Fear,3388308331976.0,31522391.40815796,-1.0210269614498333,-1.0137785555975534,7.017666666666667e-05,3.620333333333333e-05,9.23e-06,-0.015054047735570024,0.03740265767530346,0.036853661638190593,0.07039773232998733,0.03698196744284856
2025-09-28,3775.300048828125,65.72000122070312,2.8350000381469727,6643.7001953125,15.289999961853027,0.0,0.0,0.0,0.0,0.0,37,Fear,3785629544008.0,34893564.2791085,0.11088141935900732,0.10160427593380089,7.512333333333334e-05,4.946666666666671e-06,9.43e-06,0.02143704813060526,0.04040444789656797,0.03629582416066991,0.07019335622841653,0.036853661638190593
2025-09-29,3820.89990234375,63.45000076293945,3.2669999599456787,6661.2099609375,16.1200008392334,0.012006108728818521,-0.035151105558710066,0.14183016972321966,0.002632077259912619,0.0528617716940319,50,Neutral,5708082913201.0,53234511.96792951,0.4106710262129702,0.4224044996269514,4.760333333333333e-05,-2.7520000000000008e-05,9.39e-06,-0.0042508034251946,0.030287058185821895,0.03626535288786772,0.07024490353666667,0.03629582416066991
2025-09-30,3840.800048828125,62.369998931884766,3.302999973297119,6688.4599609375,16.280000686645508,0.005194719543134664,-0.017167832772092623,0.010959017965562767,0.004082503613507919,0.009876613611529673,50,Neutral,7044300680399.0,64789125.59370718,0.21033565045582536,0.19643086714316427,1.832e-05,-2.928333333333333e-05,9.31e-06,-0.0085562019311958,0.03026507237830765,0.036133515864011444,0.07167257276955709,0.03626535288786772
2025-10-01,3867.5,61.779998779296875,3.4760000705718994,6711.2001953125,16.290000915527344,0.006927612517481628,-0.009504705681003096,0.05105108938154326,0.0033941541712235066,0.00061407606411764,49,Neutral,8642799167633.0,82766869.83343624,0.20450763232835154,0.24489008417234182,0.0001,8.168e-05,9.77e-06,0.04822737476571562,0.036174030111788984,0.03706709194134561,0.07103296713149455,0.036133515864011444
2025-10-02,3839.699951171875,60.47999954223633,3.441999912261963,6715.35009765625,16.6299991607666,-0.0072140776340165556,-0.021266943429129492,-0.009829555406839175,0.0006181636213842448,0.020656763924054484,64,Greed,10754289894367.0,107851560.02670224,0.21857822682973568,0.2647279789760667,0.0001,0.0,1.021e-05,0.04405116612188294,0.026141427009069435,0.03744182502733934,0.07046714799222294,0.03706709194134561
2025-10-03,3880.800048828125,60.880001068115234,3.3239998817443848,6715.7900390625,16.649999618530273,0.010647104699776156,0.006592006795596239,-0.03488383088202106,6.55106568658717e-05,0.0012019507755499145,63,Greed,10150394691103.0,102352142.59483331,-0.05779214435682877,-0.0523365916246795,0.0001,0.0,1.011e-05,-0.009842599144194247,0.0268182428651204,0.03746682085364005,0.07052109397886994,0.03744182502733934
2025-10-04,3880.800048828125,60.880001068115234,3.3239998817443848,6715.7900390625,16.649999618530273,0.0,0.0,0.0,0.0,0.0,71,Greed,7740463922631.0,76731288.22640568,-0.2710509664248932,-0.28810969075502074,6.674333333333333e-05,-3.3256666666666676e-05,9.76e-06,-0.03523263260737894,0.030849331239963675,0.03707200205328698,0.07522734620230474,0.03746682085364005
2025-10-05,3880.800048828125,60.880001068115234,3.3239998817443848,6715.7900390625,16.649999618530273,0.0,0.0,0.0,0.0,0.0,74,Greed,8623185263951.0,85918576.34692842,0.10799291246993971,0.1130905059717759,5.0610000000000005e-05,-1.6133333333333323e-05,9.8e-06,0.004089985251525066,0.030279274447099047,0.036608151562754154,0.07511508174226328,0.03707200205328698
2025-10-06,3948.5,61.689998626708984,3.3570001125335693,6740.27978515625,16.3700008392334,0.017294429424654912,0.013217089862356094,0.009878910103058452,0.003639959282762629,-0.01695975086576718,71,Greed,10258403147006.0,103622220.53762205,0.17364265233652837,0.18735172967657973,8.28e-06,-4.233e-05,1.02e-05,0.040005334613699206,0.032447185968051344,0.03723284354672768,0.07482692122456205,0.036608151562754154
2025-10-07,3976.60009765625,61.72999954223633,3.497999906539917,6714.58984375,17.239999771118164,0.007091447444070091,0.0006482080298397469,0.04114359835830016,-0.003818687706853079,0.05178180930974778,70,Greed,10598541880650.0,104048211.67334259,0.032619244290454874,0.004102574725514381,0.00013478666666666666,0.00012650666666666667,9.46e-06,-0.07531533722643868,0.04629193555091446,0.039507798580681694,0.07417563020161037,0.03723284354672768
2025-10-08,4043.300048828125,62.54999923706055,3.3329999446868896,6753.72021484375,16.299999237060547,0.016633994907520277,0.01319619572542084,-0.048318567148251716,0.005810748494187323,-0.05606719095272428,60,Greed,8510480914185.0,80285508.85239384,-0.21941798058307674,-0.25926522344929176,-0.00011368333333333332,-0.00024847,9.56e-06,0.010515343999523127,0.04205432865788653,0.03873879493924327,0.07777278497630719,0.039507798580681694
2025-10-09,3946.300048828125,61.5099983215332,3.2690000534057617,6735.10986328125,16.43000030517578,-0.024282758867578195,-0.016766488783076145,-0.019388638650903102,-0.0027593739802789824,0.007943889616864368,70,Greed,6784208864962.0,62451560.98653846,-0.22670076675035272,-0.2511979100166536,5.5520000000000004e-05,0.00016920333333333333,9.25e-06,-0.032964175538976195,0.037487922351109676,0.039123548510034606,0.07769762033438288,0.03873879493924327
2025-10-10,3975.89990234375,58.900001525878906,3.1059999465942383,6552.509765625,21.65999984741211,0.007472669571045818,-0.04335861936876658,-0.05114843654699715,-0.027485975439899807,0.2763582839046803,64,Greed,43841583461154.0,317348502.0909778,1.865985075189829,1.6256093136472634,6.984000000000001e-05,1.4320000000000005e-05,6.71e-06,-0.3210246005407434,0.12164104922872335,0.06964698922081031,0.05170062414723755,0.039123548510034606
2025-10-11,3975.89990234375,58.900001525878906,3.1059999465942383,6552.509765625,21.65999984741211,0.0,0.0,0.0,0.0,0.0,27,Fear,22903012863648.0,158414641.4127282,-0.6493142930788475,-0.6947846374178941,-5.488666666666667e-05,-0.00012472666666666667,6.72e-06,0.0014892035514678331,0.12359101359057369,0.06948845747302344,0.051944836845318317,0.06964698922081031
2025-10-12,3975.89990234375,58.900001525878906,3.1059999465942383,6552.509765625,21.65999984741211,0.0,0.0,0.0,0.0,0.0,24,Extreme Fear,19071216942816.0,135242056.0400599,-0.18308823591224777,-0.15814972764669097,-0.00026259666666666667,-0.00020771,7.49e-06,0.10848064299406987,0.13721888495839427,0.0712104989431545,0.04863088564487314,0.06948845747302344
2025-10-13,4108.60009765625,59.4900016784668,3.118000030517578,6654.72021484375,19.030000686645508,0.03283124863445809,0.009967142850277801,0.0038560728910242374,0.015478263036934031,-0.1294505171378362,38,Fear,18286251470602.0,139923594.97728527,-0.04203074036070575,0.034030342848115604,-0.00011784333333333332,0.00014475333333333334,7.84e-06,0.045670036833188266,0.13777393730505522,0.07155091242947197,0.04757584748372512,0.0712104989431545
2025-10-14,4138.7001953125,58.70000076293945,3.0280001163482666,6644.31005859375,20.809999465942383,0.007299414410765657,-0.013368519582766103,-0.02928940642380191,-0.00156555149694257,0.08941689735171127,38,Fear,21731793832344.0,160149569.86666167,0.17262685008907586,0.1350116667649162,2.7733333333333334e-05,0.00014557666666666666,7.52e-06,-0.041672696400567956,0.13682221193188043,0.0716605405952446,0.04790244206019624,0.07155091242947197
2025-10-15,4176.89990234375,58.27000045776367,3.0160000324249268,6671.06005859375,20.639999389648438,0.009187545165353398,-0.00735235082042639,-0.003970913102651884,0.004017918503427979,-0.008202703699969066,34,Fear,10587422254072.0,77883124.17393295,-0.7191096250501317,-0.7208988953090472,-3.0086666666666664e-05,-5.782e-05,7.18e-06,-0.046266754901615664,0.13550397324606928,0.07120376358731932,0.050270206898815624,0.0716605405952446
2025-10-16,4280.2001953125,57.459999084472656,2.937999963760376,6629.06982421875,25.309999465942383,0.02443046188439831,-0.013998351393044674,-0.026202395479788292,-0.006314280275141975,0.20396864241431095,28,Fear,11989299142832.0,84671583.53394406,0.12434779708543188,0.08357075497270088,-2.7696666666666665e-05,2.389999999999999e-06,6.88e-06,-0.042680731114880445,0.1354589109255587,0.07098104305688471,0.05024851833878667,0.07120376358731932
2025-10-17,4189.89990234375,57.540000915527344,3.007999897003174,6664.009765625,20.780000686645508,-0.02132293911227755,0.0013913364167031342,0.0235463064297349,0.0052568739445263,-0.1972085347417192,22,Extreme Fear,14537077353875.0,95749558.98480079,0.19268793074614524,0.12295597224748268,-2.607e-05,1.6266666666666658e-06,6.65e-06,-0.03400179727748958,0.05873597381598352,0.07050971136997965,0.0501248892683534,0.07098104305688471
2025-10-18,4189.89990234375,57.540000915527344,3.007999897003174,6664.009765625,20.780000686645508,0.0,0.0,0.0,0.0,0.0,23,Extreme Fear,4918996324687.0,33171351.86273719,-1.0835979339556447,-1.06004941443433,6.903333333333332e-06,3.297333333333333e-05,6.75e-06,0.014925650216675574,0.05906033073861675,0.07066052433351522,0.050060030235266534,0.07050971136997965
2025-10-19,4189.89990234375,57.540000915527344,3.007999897003174,6664.009765625,20.780000686645508,0.0,0.0,0.0,0.0,0.0,29,Fear,7972367491805.0,55225560.66455382,0.4828769884598414,0.5097392939102532,-4.4890000000000006e-05,-5.179333333333334e-05,6.99e-06,0.03493805136128044,0.040212569364363786,0.07077361147871238,0.05001125928807587,0.07066052433351522
2025-10-20,4336.39990234375,57.52000045776367,3.3970000743865967,6735.1298828125,18.229999542236328,0.03436764429162454,-0.0003476526634173085,0.12161733922955234,0.010615724136144117,-0.13092245513454456,29,Fear,8490971214207.0,60684124.70253889,0.06302188975195874,0.09425622520975419,-8.711000000000001e-05,-4.2220000000000006e-05,7.15e-06,0.022631800460197343,0.035585962640938565,0.07107337535994426,0.04961152177065495,0.07077361147871238
2025-10-21,4087.699951171875,57.81999969482422,3.4739999771118164,6735.35009765625,17.8700008392334,-0.059062035540049886,0.005202009939038112,0.02241395015431072,3.269591641698797e-05,-0.019945187445519826,34,Fear,12063492705565.0,85089792.43698497,0.3511803712552866,0.3380249536905303,7.766666666666667e-05,0.0001647766666666667,6.92e-06,-0.03269658707633818,0.0345334990425383,0.07110177491908813,0.05038907326063128,0.07107337535994426
2025-10-22,4044.39990234375,58.5,3.450000047683716,6699.39990234375,18.600000381469727,-0.01064926865576389,0.011692022927642327,-0.006932416365854406,-0.005351834774743029,0.04003822509368809,25,Extreme Fear,10201874707237.0,69110386.95465802,-0.16761226188412745,-0.20800204332346342,-4.280333333333333e-05,-0.00012046999999999999,6.71e-06,-0.030816818645987773,0.0323969827092415,0.07024569862925407,0.05158616781846165,0.07110177491908813
2025-10-23,4125.5,61.790000915527344,3.3440001010894775,6738.43994140625,17.299999237060547,0.019854040473195667,0.05471479965183317,-0.03120651941207353,0.0058104798620133855,-0.07245514382509456,27,Fear,7318195535780.0,50241085.69650911,-0.33220771215038203,-0.3188719050723662,-1.5986666666666664e-05,2.6816666666666667e-05,6.95e-06,0.03514270859311032,0.032534281500259964,0.07077447807452883,0.05074656535765206,0.07024569862925407
2025-10-24,4118.39990234375,61.5,3.303999900817871,6791.68994140625,16.3700008392334,-0.0017225098547725875,-0.004704379077171698,-0.01203389981263457,0.007871361975244856,-0.055256014753595165,30,Fear,7994824627718.0,56708860.55203204,0.08843062472175828,0.12109733715598328,0.0001,0.00011598666666666667,7.18e-06,0.03255772348343202,0.030081470708778976,0.07114489557206462,0.05018526862405955,0.07077447807452883
2025-10-25,4118.39990234375,61.5,3.303999900817871,6791.68994140625,16.3700008392334,0.0,0.0,0.0,0.0,0.0,37,Fear,3633806949267.0,25999238.68162984,-0.7885135657195195,-0.7798632131666499,0.0001,0.0,7.15e-06,-0.004187026354216464,0.03052508740642433,0.07049004475509961,0.05385573633720748,0.07114489557206462
2025-10-26,4118.39990234375,61.5,3.303999900817871,6791.68994140625,16.3700008392334,0.0,0.0,0.0,0.0,0.0,40,Fear,7292118773198.0,53053317.21624594,0.6965132997538515,0.7132301369832886,6.932333333333333e-05,-3.067666666666667e-05,7.32e-06,0.02349797126730392,0.029130879914757945,0.07033017535421604,0.0534697327336896,0.07049004475509961
2025-10-27,4001.89990234375,61.310001373291016,3.441999912261963,6875.16015625,15.789999961853027,-0.028695490766858036,-0.003094190638740023,0.04091884665899705,0.012215141327379352,-0.03607361679793433,51,Neutral,7306398663323.0,53014413.30673386,0.0019563486143775563,-0.0007335673359812984,2.7680000000000003e-05,-4.164333333333333e-05,7.13e-06,-0.026299093547015595,0.030479407557521456,0.07039773232998733,0.05401625287401835,0.07033017535421604
2025-10-28,3966.199951171875,60.150001525878906,3.3450000286102295,6890.89013671875,16.420000076293945,-0.008960778782097539,-0.019101516385149182,-0.028585970165599425,0.0022853305022299255,0.03912328281902929,50,Neutral,6709797716554.0,47578969.82521475,-0.085181689484327,-0.10817297254854541,7.863e-05,5.094999999999999e-05,6.99e-06,-0.019830678180485735,0.028533034014652087,0.07019335622841653,0.05410376362548459,0.07039773232998733
2025-10-29,3983.699951171875,60.47999954223633,3.375999927520752,6890.58984375,16.920000076293945,0.004402578266743398,0.005471256513850732,0.009224853131414327,-4.3579204733175357e-05,0.029996250016490023,51,Neutral,10969918042107.0,77111050.35499375,0.49158799920103463,0.48285574205097775,-2.4646666666666662e-05,-0.00010327666666666666,7.03e-06,0.005706149576854689,0.0247389692171037,0.07024490353666667,0.05399066145540054,0.07019335622841653
2025-10-30,4001.300048828125,60.56999969482422,3.9560000896453857,6822.33984375,16.90999984741211,0.004408297096619672,0.0014869916520238826,0.15854188115633971,-0.009954191424534511,-0.0005912048002166111,34,Fear,11824779362292.0,78394283.61608806,0.0750404724579896,0.01650441637123913,-8.519e-05,-6.054333333333334e-05,6.44e-06,-0.08765816570631124,0.04000276322897127,0.07167257276955709,0.05216479203840355,0.07024490353666667
2025-10-31,3982.199951171875,60.97999954223633,4.124000072479248,6840.2001953125,17.440000534057617,-0.0047849023856938715,0.006746218098867316,0.04159014730862217,0.0026145009178832708,0.030861295216443967,29,Fear,5555371422126.0,36374982.1238477,-0.7554319920986339,-0.7678697775870518,-0.00013912333333333335,-5.393333333333335e-05,6.57e-06,0.0199852923802568,0.037956960661211514,0.07103296713149455,0.05183747914976141,0.07167257276955709
2025-11-01,3982.199951171875,60.97999954223633,4.124000072479248,6840.2001953125,17.440000534057617,0.0,0.0,0.0,0.0,0.0,33,Fear,3385202426448.0,22468229.95792014,-0.49535157793049145,-0.48177892452479254,7.87e-05,0.00021782333333333334,6.69e-06,0.018100041643617937,0.039683895096345366,0.07046714799222294,0.05470907586208157,0.07103296713149455
2025-11-02,3982.199951171875,60.97999954223633,4.124000072479248,6840.2001953125,17.440000534057617,0.0,0.0,0.0,0.0,0.0,37,Fear,3419758559162.0,22731763.56665016,0.010156246251349352,0.011660912950649964,9.617000000000001e-05,1.7470000000000007e-05,6.7e-06,0.001493652256783372,0.03744262943590807,0.07052109397886994,0.059978694476319816,0.07046714799222294
2025-11-03,4000.300048828125,61.04999923706055,4.265999794006348,6851.97021484375,17.170000076293945,0.0045349523774452045,0.0011472540064278913,0.03385298803214978,0.0017192339969181521,-0.015602769750574097,42,Fear,18634016921426.0,110709396.15669738,1.6954188252757603,1.5831454931000473,-6.931666666666667e-05,-0.00016548666666666668,5.72e-06,-0.15813872100521378,0.06697145271957666,0.07522734620230474,0.05448865503762813,0.07052109397886994
2025-11-04,3947.699951171875,60.560001373291016,4.3429999351501465,6771.5498046875,19.0,-0.013236252040332198,-0.00805855625402388,0.01788876685879337,-0.011806250392326715,0.10127529981361154,21,Extreme Fear,20901716446591.0,116437744.71757753,0.11484250510775652,0.05044803449036116,2.5656666666666668e-05,9.497333333333333e-05,5.6e-06,-0.02120220765060305,0.06693369523991391,0.07511508174226328,0.05441365875435582,0.07522734620230474
2025-11-05,3980.300048828125,59.599998474121094,4.23199987411499,6796.2900390625,18.010000228881836,0.008224087134207535,-0.015979083336420338,-0.02589067381063135,0.0036468976756877185,-0.05351180726997864,23,Extreme Fear,8562552975862.0,48329139.89290566,-0.8924328916985166,-0.8793220609150978,6.206333333333334e-05,3.640666666666667e-05,5.76e-06,0.02817087696669644,0.06951346425149442,0.07482692122456205,0.05582039118342456,0.07511508174226328
2025-11-06,3979.89990234375,59.43000030517578,4.35699987411499,6720.31982421875,19.5,-0.0001005367923334668,-0.0028563939556934584,0.02910905343270321,-0.011241134514722728,0.07948729367323931,27,Fear,9468611046030.0,52401135.11380176,0.10058383706404096,0.08089356441741033,5.421666666666667e-05,-7.846666666666667e-06,5.54e-06,-0.03894297394860741,0.06488397693533243,0.07417563020161037,0.055948100455172324,0.07482692122456205
2025-11-07,3999.39990234375,59.75,4.315000057220459,6728.7998046875,19.079999923706055,0.004887656635851291,0.005370036298004862,-0.009686380446499832,0.0012610463474931072,-0.021773803548195154,24,Extreme Fear,14844545285607.0,87393517.6825791,0.4496502493401097,0.5114928579498339,0.0001,4.578333333333333e-05,6.2e-06,0.11255479129185336,0.08194101717501247,0.07777278497630719,0.051249978835489665,0.07417563020161037
2025-11-08,3999.39990234375,59.75,4.315000057220459,6728.7998046875,19.079999923706055,0.0,0.0,0.0,0.0,0.0,20,Extreme Fear,8075024831364.0,49487258.46402,-0.6088565327398314,-0.5687058798462564,0.0001,0.0,6.09e-06,-0.017901210329240178,0.08113511408650766,0.07769762033438288,0.05343168626481682,0.07777278497630719
2025-11-09,3999.39990234375,59.75,4.315000057220459,6728.7998046875,19.079999923706055,0.0,0.0,0.0,0.0,0.0,22,Extreme Fear,6957360291286.0,41910403.68220449,-0.1489758102830571,-0.16618113766116782,3.491e-05,-6.509e-05,6.06e-06,-0.004938281640582677,0.08097428149665965,0.05170062414723755,0.054130704689046134,0.07769762033438288
2025-11-10,4111.7998046875,60.130001068115234,4.3379998207092285,6832.43017578125,17.600000381469727,0.027716515886168476,0.006339712003290341,0.005316033278181961,0.015283626703501816,-0.08074173830298387,29,Fear,8300786281422.0,51101830.71427281,0.17655010910468702,0.19828622866702206,6.055333333333333e-05,2.5643333333333326e-05,6.21e-06,0.024451095864164336,0.0506719631876363,0.051944836845318317,0.05465825561259572,0.05170062414723755
2025-11-11,4106.7998046875,61.040000915527344,4.565000057220459,6846.60986328125,17.280000686645508,-0.0012167524528548244,0.015020499160100932,0.05100515550713606,0.0020731999523923177,-0.018349120606183555,26,Fear,6955332520072.0,42141952.39254708,-0.17684160856576953,-0.1927765842763065,6.636666666666668e-06,-5.391666666666666e-05,5.83e-06,-0.06314389558298632,0.057267122674920276,0.04863088564487314,0.05371892428372843,0.051944836845318317
2025-11-12,4204.39990234375,58.4900016784668,4.5329999923706055,6850.919921875,17.510000228881836,0.02348748385555354,-0.04267357382343158,-0.007034556305900126,0.0006293191259445972,0.01322235625691449,24,Extreme Fear,5535370653088.0,32428280.52873043,-0.22835010520529483,-0.26201284049645046,-2.6546666666666668e-05,-3.318333333333334e-05,5.72e-06,-0.019048194970694474,0.0569661889642454,0.04757584748372512,0.05454201863521128,0.04863088564487314
2025-11-13,4186.89990234375,58.689998626708984,4.645999908447266,6737.490234375,20.0,-0.004170992761122764,0.003413503019600131,0.024622644366872306,-0.01669545163092778,0.13296011418473802,15,Extreme Fear,8950535719423.0,50506972.19629499,0.48055485816810645,0.44308049213824896,1.3253333333333332e-05,3.98e-05,5.42e-06,-0.05387298994015175,0.058871404952288715,0.04790244206019624,0.05400199462862789,0.04757584748372512
2025-11-14,4087.60009765625,60.09000015258789,4.565999984741211,6734.10986328125,19.829999923706055,-0.024002555332014903,0.023574109713979455,-0.01736906987673076,-0.0005018514712717733,-0.008536334869686581,16,Extreme Fear,13744512389927.0,71130983.56543723,0.4289262581228317,0.34241162632137084,-0.00015826666666666667,-0.00017152,4.9e-06,-0.10086061033497395,0.04174816280916542,0.050270206898815624,0.051681021644868354,0.04790244206019624
2025-11-15,4087.60009765625,60.09000015258789,4.565999984741211,6734.10986328125,19.829999923706055,0.0,0.0,0.0,0.0,0.0,10,Extreme Fear,5558922538996.0,27973749.46431379,-0.9052353440041924,-0.9332564650681716,-0.00014084666666666667,1.7420000000000006e-05,4.99e-06,0.01820070464684637,0.04602408748110194,0.05024851833878667,0.051594541298925614,0.050270206898815624
2025-11-16,4087.60009765625,60.09000015258789,4.565999984741211,6734.10986328125,19.829999923706055,0.0,0.0,0.0,0.0,0.0,10,Extreme Fear,8127351421781.0,39509522.83050494,0.3798307905708742,0.3452751758698789,1.1233333333333322e-06,0.00014197,4.87e-06,-0.024341972668928784,0.04494300818485815,0.0501248892683534,0.05154721008857847,0.05024851833878667
2025-11-17,4068.300048828125,59.90999984741211,4.361000061035156,6672.41015625,22.3799991607666,-0.0047327908648018505,-0.003000007336277463,-0.045936141909466974,-0.009204497894305158,0.12097172670021585,14,Extreme Fear,9415923236561.0,45578422.11167769,0.14716712537425714,0.14289267805340058,0.0001,9.887666666666667e-05,4.71e-06,-0.033406029066172085,0.03773877527295212,0.050060030235266534,0.05186990548490002,0.0501248892683534
2025-11-18,4061.300048828125,60.7400016784668,4.370999813079834,6617.31982421875,24.690000534057617,-0.0017221023533426794,0.013759053702352598,0.0022903702611606095,-0.008290709844169318,0.09823065960309084,11,Extreme Fear,7855443033621.0,37781502.67369498,-0.18119554588143078,-0.18761476962155108,7.270666666666667e-05,-2.7293333333333332e-05,4.87e-06,0.03340602906617204,0.04466374891884753,0.05001125928807587,0.051903742996457655,0.050060030235266534
2025-11-19,4077.699951171875,59.439998626708984,4.550000190734863,6642.16015625,23.65999984741211,0.004029960569867122,-0.021635109945549888,0.040135501765139345,0.00374680773726533,-0.042612472886562745,15,Extreme Fear,9496965329019.0,44536958.41623922,0.18976563692782145,0.16449973508441365,1.3206666666666668e-05,-5.95e-05,4.76e-06,-0.02284626885116973,0.044592440096112705,0.04961152177065495,0.05547415165876727,0.05001125928807587
2025-11-20,4056.5,59.13999938964844,4.473999977111816,6538.759765625,26.420000076293945,-0.0052125591455094164,-0.005059873201805662,-0.016844416930491615,-0.01568972611631523,0.1103354498808654,11,Extreme Fear,13748854846719.0,64748668.37582377,0.36998322824496194,0.37419376406006244,0.0001,8.679333333333334e-05,4.46e-06,-0.06509890221135606,0.04593330576638442,0.05038907326063128,0.05430250810799221,0.04961152177065495
2025-11-21,4076.699951171875,58.060001373291016,4.579999923706055,6602.990234375,23.43000030517578,0.004967292782076356,-0.018430521854432346,0.023416123515909937,0.009775103041592069,-0.12010403643720817,14,Extreme Fear,24090480094544.0,101743883.68200734,0.5608612088637074,0.4519455765387802,-9.276333333333333e-05,-0.00019276333333333333,4.13e-06,-0.07687135905903118,0.04010304154203622,0.05158616781846165,0.05254372198105157,0.05038907326063128
2025-11-22,4076.699951171875,58.060001373291016,4.579999923706055,6602.990234375,23.43000030517578,0.0,0.0,0.0,0.0,0.0,11,Extreme Fear,9470979655450.0,38541419.57198999,-0.9335843954802572,-0.9707252152438048,-2.8423333333333333e-05,6.434e-05,4.12e-06,-0.0024242436115063915,0.03709433427988525,0.05074656535765206,0.05254316088745717,0.05158616781846165
2025-11-23,4076.699951171875,58.060001373291016,4.579999923706055,6602.990234375,23.43000030517578,0.0,0.0,0.0,0.0,0.0,13,Extreme Fear,7685104585657.0,32101877.75573945,-0.20894836419077664,-0.18281897055018578,-1.5656666666666665e-05,1.2766666666666668e-05,4.17e-06,0.012062872449274944,0.040025646890560075,0.05018526862405955,0.052599364692633974,0.05074656535765206
2025-11-24,4091.89990234375,58.84000015258789,4.548999786376953,6705.1201171875,20.520000457763672,0.0037215603622990662,0.013344916077058603,-0.006791599840602078,0.015348818899081837,-0.13261722293396586,19,Extreme Fear,10926158387365.0,47629048.60936989,0.3518757802788914,0.3945283145155837,6.1600000000000045e-06,2.181666666666667e-05,4.56e-06,0.08940658771558471,0.057416999437924436,0.05385573633720748,0.04976946481279573,0.05018526862405955
2025-11-25,4139.2001953125,57.95000076293945,4.423999786376953,6765.8798828125,18.559999465942383,0.01149319363831883,-0.01524131537526606,-0.027863165694699425,0.009020886000832944,-0.10039134402734166,20,Extreme Fear,7379255466655.0,33105128.39649924,-0.3924870179948499,-0.3637546331724685,-1.7693333333333332e-05,-2.3853333333333338e-05,4.57e-06,0.0021905813798186818,0.05513808420339358,0.0534697327336896,0.04983407021579793,0.05385573633720748
2025-11-26,4165.2001953125,58.650001525878906,4.558000087738037,6812.60986328125,17.190000534057617,0.006261760929431564,0.012007018164936087,0.029839734140007165,0.006882969436149685,-0.07668084812071645,15,Extreme Fear,7923361292684.0,36421164.54932433,0.07114277318763339,0.09546184250084734,6.995333333333333e-05,8.764666666666666e-05,4.7e-06,0.028049303809899586,0.05636277608662866,0.05401625287401835,0.04995079133469715,0.0534697327336896
2025-11-27,4165.2001953125,58.650001525878906,4.558000087738037,6812.60986328125,17.190000534057617,0.0,0.0,0.0,0.0,0.0,22,Extreme Fear,5445202424769.0,25577088.39979202,-0.37508058947363315,-0.35345308296783146,8.755333333333334e-05,1.7600000000000008e-05,4.72e-06,0.004246290881451004,0.04899847603862282,0.05410376362548459,0.05057284571128673,0.05401625287401835
2025-11-28,4218.2998046875,58.54999923706055,4.849999904632568,6849.08984375,16.350000381469727,0.012667816416397979,-0.0017065241030113673,0.06209473521327111,0.005340487341137372,-0.050099929787937765,25,Extreme Fear,7388015529115.0,34709182.54856118,0.3051242323123668,0.3053073123402675,-4.645e-05,-0.00013400333333333335,4.64e-06,-0.017094433359300183,0.034904501705598646,0.05399066145540054,0.05051259235008371,0.05410376362548459
2025-11-29,4218.2998046875,58.54999923706055,4.849999904632568,6849.08984375,16.350000381469727,0.0,0.0,0.0,0.0,0.0,28,Fear,4582825297439.0,20988054.56243881,-0.4775434791667145,-0.5030508331870174,7.923333333333333e-06,5.437333333333333e-05,4.57e-06,-0.01520116133205044,0.03637050340803071,0.05216479203840355,0.050579590617000875,0.05399066145540054
2025-11-30,4218.2998046875,58.54999923706055,4.849999904632568,6849.08984375,16.350000381469727,0.0,0.0,0.0,0.0,0.0,28,Fear,4644567897154.0,21400385.94306043,0.013382657462496318,0.019455511069633256,0.0001,9.207666666666667e-05,4.54e-06,-0.006586192852856838,0.037276879469641803,0.05183747914976141,0.05068684211546821,0.05216479203840355
2025-12-01,4239.2998046875,59.31999969482422,4.921000003814697,6812.6298828125,17.239999771118164,0.004965958221290471,0.013065435111999804,0.014533077373024934,-0.005337548746055966,0.05300433128459449,24,Extreme Fear,13000664206605.0,54172019.71086357,1.0293021064039447,0.9287555770624665,-9.102999999999999e-05,-0.00019103,4.05e-06,-0.11421013093480879,0.04548003688793208,0.05470907586208157,0.046412505202304666,0.05183747914976141
2025-12-02,4186.60009765625,58.63999938964844,4.840000152587891,6829.3701171875,16.59000015258789,-0.01250914319860585,-0.01152946495521809,-0.016597010404065096,0.002454221195936617,-0.03843213855940299,23,Extreme Fear,11142060659039.0,47836695.31774656,-0.154273253209615,-0.12437150420000498,-0.00018944666666666668,-9.84166666666667e-05,4.56e-06,0.118605742407847,0.06889854611888577,0.059978694476319816,0.055094778157174853,0.05470907586208157
2025-12-03,4199.2998046875,58.95000076293945,4.994999885559082,6849.72021484375,16.079999923706055,0.0030288262173034956,0.005272592755579819,0.031522636934458316,0.0029753605210852863,-0.03122385439376344,28,Fear,11990900711482.0,56542993.40237726,0.07342089234716055,0.1672082645051291,0.0001,0.0002894466666666667,4.81e-06,0.05337446059137489,0.07126050179390597,0.05448865503762813,0.06532785891384135,0.059978694476319816
2025-12-04,4211.7998046875,59.66999816894531,5.063000202178955,6857.1201171875,15.779999732971191,0.0029722651693542806,0.012139710922112105,0.013521843730989231,0.001079738711974404,-0.018832960510421614,26,Fear,9413182540476.0,45379567.35843396,-0.2420369833522795,-0.21993934839877605,0.0001,0.0,4.77e-06,-0.008350779217419852,0.07139170688809791,0.05441365875435582,0.06527202483059806,0.05448865503762813
2025-12-05,4212.89990234375,60.08000183105469,5.289000034332275,6870.39990234375,15.40999984741211,0.00026116008896670296,0.006847687085184139,0.043669965654692056,0.0019347688846794776,-0.023726659065600814,28,Fear,8168163356997.0,37158440.76702884,-0.1418670244626583,-0.19987099247423115,3.455e-05,-6.545e-05,4.39e-06,-0.0830170778131698,0.07827080864311711,0.05582039118342456,0.06877793835534698,0.05441365875435582
2025-12-06,4212.89990234375,60.08000183105469,5.289000034332275,6870.39990234375,15.40999984741211,0.0,0.0,0.0,0.0,0.0,23,Extreme Fear,4557869397260.0,20218078.75090021,-0.583388803400835,-0.6086137612693902,-0.00015951333333333334,-0.00019406333333333334,4.52e-06,0.029182766757059702,0.07937191169536487,0.055948100455172324,0.06914884036607971,0.05582039118342456
2025-12-07,4212.89990234375,60.08000183105469,5.289000034332275,6870.39990234375,15.40999984741211,0.0,0.0,0.0,0.0,0.0,20,Extreme Fear,8027259283509.0,35842015.80700088,0.5659878831552029,0.5725436393272153,9.596666666666667e-06,0.00016911,4.42e-06,-0.022372297754532984,0.07976144105443676,0.051249978835489665,0.06961053805978173,0.055948100455172324
2025-12-08,4187.2001953125,58.880001068115234,4.9120001792907715,6846.509765625,16.65999984741211,-0.006118924040939417,-0.020175545371656393,-0.07394797122969814,-0.0034833153316476935,0.07799398814961006,20,Extreme Fear,12600167244475.0,60249989.65986571,0.45086692719128546,0.5193815696102229,3.705e-05,2.745333333333333e-05,4.75e-06,0.07200492195694304,0.066812622588609,0.05343168626481682,0.06902882169802771,0.051249978835489665
2025-12-09,4206.7001953125,58.25,4.573999881744385,6840.509765625,16.93000030517578,0.0046462393338665645,-0.010757400115354736,-0.07129315759868891,-0.0008767431610132386,0.016076586591024407,22,Extreme Fear,11775026332738.0,56585554.22309653,-0.06772921101444804,-0.06274867385710242,-3.233333333333333e-05,-6.938333333333333e-05,4.94e-06,0.03922071315328133,0.05318249762851736,0.054130704689046134,0.07057818922890072,0.05343168626481682
2025-12-10,4196.39990234375,58.459999084472656,4.59499979019165,6886.68017578125,15.770000457763672,-0.002451547168984526,0.0035986515765415294,0.0045806404007918385,0.006726880659139976,-0.07097778416833754,26,Fear,12732745686769.0,60947140.51956207,0.07819619939979504,0.07425321275000883,-5.3699999999999935e-06,2.6963333333333337e-05,4.65e-06,-0.06049811160056613,0.05557761043574291,0.05465825561259572,0.06942175337082986,0.054130704689046134
2025-12-11,4285.5,57.599998474121094,4.230999946594238,6901.0,14.850000381469727,0.021010239753042382,-0.014820202811459567,-0.08253035103206917,0.00207719198371703,-0.060109539065541076,29,Fear,9279261814339.0,41680359.3508403,-0.31639507786019405,-0.379976920573989,-6.386666666666667e-05,-5.849666666666668e-05,4.6e-06,-0.01081091610421573,0.05561133216116303,0.05371892428372843,0.0696971203809694,0.05465825561259572
2025-12-12,4300.10009765625,57.439998626708984,4.11299991607666,6827.41015625,15.739999771118164,0.003401069596484952,-0.002781640379193324,-0.02828569027156239,-0.010720913458554537,0.05820533751093889,29,Fear,8677108073318.0,38123347.89282254,-0.06709369588387641,-0.08920311903930121,6.747666666666667e-05,0.00013134333333333334,4.33e-06,-0.060488761480650834,0.0508000320450716,0.05454201863521128,0.06876090079091314,0.05371892428372843
2025-12-13,4300.10009765625,57.439998626708984,4.11299991607666,6827.41015625,15.739999771118164,0.0,0.0,0.0,0.0,0.0,23,Extreme Fear,3765281239588.0,16516892.18420738,-0.8348657449898343,-0.8364432740773227,-5.233333333333334e-07,-6.8e-05,4.38e-06,0.011481182373956452,0.049412681306984216,0.05400199462862789,0.06885779770458876,0.05454201863521128
2025-12-14,4300.10009765625,57.439998626708984,4.11299991607666,6827.41015625,15.739999771118164,0.0,0.0,0.0,0.0,0.0,21,Extreme Fear,6010856881879.0,25589758.58250854,0.467744757512106,0.43780859011870144,4.396333333333334e-05,4.4486666666666676e-05,4.17e-06,-0.049132688577644766,0.05199409340873479,0.051681021644868354,0.07164928435851776,0.05400199462862789
2025-12-15,4306.7001953125,56.81999969482422,4.01200008392334,6816.509765625,16.5,0.001533693992035725,-0.010852529776578733,-0.024862777826106897,-0.0015978388918367072,0.047155152458690654,16,Extreme Fear,10101607548651.0,41846278.6919917,0.5191272600109407,0.49181065676702823,-6.776666666666669e-06,-5.0740000000000005e-05,4.07e-06,-0.02427303635620642,0.038076597768064824,0.051594541298925614,0.0723361211541275,0.051681021644868354
2025-12-16,4304.5,55.27000045776367,3.885999917984009,6800.259765625,16.479999542236328,-0.0005110078294488002,-0.027658096927631208,-0.031909561168026186,-0.00238676400843967,-0.0012128842021314815,11,Extreme Fear,9275195152207.0,37620278.64112124,-0.08535092547349725,-0.10645964226446301,-0.00015316,-0.00014638333333333333,4.1e-06,0.007343974255758505,0.030720046126730675,0.05154721008857847,0.07340759183034241,0.051594541298925614
2025-12-17,4347.5,55.939998626708984,4.02400016784668,6721.43017578125,17.6200008392334,0.009939980130428714,0.012049389096967787,0.03489614465909521,-0.01165985661137129,0.06688717143322019,16,Extreme Fear,9191469882428.0,37017289.13306149,-0.009067781682439009,-0.016158153201508457,-2.012e-05,0.00013304000000000001,3.91e-06,-0.04744959971298764,0.028648132006381485,0.05186990548490002,0.07256539207092809,0.05154721008857847
2025-12-18,4339.5,56.150001525878906,3.9079999923706055,6774.759765625,16.8700008392334,-0.0018418331441386099,0.0037470451350424486,-0.029250742280552834,0.007902951520479156,-0.04349772183265853,17,Extreme Fear,13647210256590.0,52330863.9566425,0.3952592566776634,0.3462012526527475,-0.00013692333333333332,-0.00011680333333333332,3.72e-06,-0.04981370571221916,0.029268804546617563,0.051903742996457655,0.07193235077082209,0.05186990548490002
2025-12-19,4361.39990234375,56.65999984741211,3.9839999675750732,6834.5,14.90999984741211,0.005033950243312225,0.009041783349827094,0.01926059935527906,0.008779407421828872,-0.12350482776224771,16,Extreme Fear,12442390453984.0,49137922.11868851,-0.092425896405285,-0.06295524875303601,9.742333333333334e-05,0.00023434666666666666,4.11e-06,0.09969936022308797,0.053965033973315646,0.05547415165876727,0.07123211368438795,0.051903742996457655
2025-12-20,4361.39990234375,56.65999984741211,3.9839999675750732,6834.5,14.90999984741211,0.0,0.0,0.0,0.0,0.0,20,Extreme Fear,3957861180250.0,16181700.63546639,-1.1454054541721748,-1.1107500679050875,7.709e-05,-2.0333333333333344e-05,4.08e-06,-0.007326040092072786,0.05332990765208049,0.05430250810799221,0.0716433829301719,0.05547415165876727
2025-12-21,4361.39990234375,56.65999984741211,3.9839999675750732,6834.5,14.90999984741211,0.0,0.0,0.0,0.0,0.0,20,Extreme Fear,5228467567495.0,21093584.07462979,0.27841445365528217,0.2650879085833014,5.355e-05,-2.3539999999999995e-05,4.02e-06,-0.0148150857851407,0.05065797285786313,0.05254372198105157,0.07251172388945001,0.05430250810799221
2025-12-22,4444.60009765625,58.0099983215332,3.9649999141693115,6878.490234375,14.079999923706055,0.018896813791643464,0.023546888834552214,-0.00478049814383798,0.006415870575561936,-0.05727677323142513,25,Extreme Fear,7295491376213.0,29328648.78877567,0.33313831063747146,0.3295958907237445,1.4733333333333384e-06,-5.207666666666666e-05,4.02e-06,0.0,0.0499634795035715,0.05254316088745717,0.0726324319372168,0.05254372198105157
2025-12-23,4482.7998046875,58.380001068115234,4.4079999923706055,6909.7900390625,14.0,0.008557909489307347,0.006358003178000216,0.10591523668007992,0.004540067046788208,-0.005698015696033632,24,Extreme Fear,4244046221205.0,16810007.77057688,-0.5417394260063426,-0.5565904029943841,3.453e-05,3.3056666666666665e-05,3.94e-06,-0.02010117932108704,0.05020571804886884,0.052599364692633974,0.07298156041455085,0.05254316088745717
2025-12-24,4480.60009765625,58.349998474121094,4.242000102996826,6932.0498046875,13.470000267028809,-0.0004908198003828014,-0.0005140511397665496,-0.03838618969706519,0.003216304344700708,-0.038592319369021244,24,Extreme Fear,3615828373399.0,14157110.80119547,-0.16019613335070354,-0.17175738169650748,5.816666666666668e-06,-2.8713333333333335e-05,3.98e-06,0.010101095986503699,0.04682526761526136,0.04976946481279573,0.07299658286650464,0.052599364692633974
2025-12-25,4480.60009765625,58.349998474121094,4.242000102996826,6932.0498046875,13.470000267028809,0.0,0.0,0.0,0.0,0.0,23,Extreme Fear,3192201238679.0,12728260.52693414,-0.12461025599557385,-0.1063922683533403,7.797e-05,7.215333333333333e-05,3.9e-06,-0.02030526616074557,0.04245102471585971,0.04983407021579793,0.0728405108900782,0.04976946481279573
2025-12-26,4529.10009765625,56.7400016784668,4.366000175476074,6929.93994140625,13.600000381469727,0.010766277995574931,-0.027979873619687227,0.028812417896506317,-0.00030440987710828846,0.00960481054501314,20,Extreme Fear,3676407984327.0,14733394.99743814,0.1412254619788375,0.14629192612351094,6.292333333333333e-05,-1.5046666666666673e-05,4.03e-06,0.03278982282299097,0.01919863615955321,0.04995079133469715,0.07378550388709351,0.04983407021579793
2025-12-27,4529.10009765625,56.7400016784668,4.366000175476074,6929.93994140625,13.600000381469727,0.0,0.0,0.0,0.0,0.0,23,Extreme Fear,3090608509326.0,12662285.28135104,-0.17356818417186948,-0.15148877337249833,0.0001,3.707666666666668e-05,4.19e-06,0.038934357975454685,0.024589389292572227,0.05057284571128673,0.0742612252556212,0.04995079133469715
2025-12-28,4529.10009765625,56.7400016784668,4.366000175476074,6929.93994140625,13.600000381469727,0.0,0.0,0.0,0.0,0.0,24,Extreme Fear,3259552347370.0,13624696.98182085,0.053221869085906634,0.07325618805487262,0.0001,0.0,4.17e-06,-0.0047846981233362704,0.023595976407285835,0.05051259235008371,0.07423473681099399,0.05057284571128673
2025-12-29,4325.10009765625,58.08000183105469,4.686999797821045,6905.740234375,14.199999809265137,-0.04608798173882948,0.023341943080538913,0.07094537748520852,-0.003498162923937312,0.04317213038393171,24,Extreme Fear,4763289884004.0,19831542.08890188,0.3793487124172525,0.3753896045239213,4.893333333333335e-06,-9.510666666666668e-05,4.08e-06,-0.021819047394639725,0.02574574077638099,0.050579590617000875,0.07411181912388204,0.05051259235008371
2025-12-30,4370.10009765625,57.95000076293945,3.9719998836517334,6896.240234375,14.329999923706055,0.010350630404542907,-0.0022408190917251633,-0.16552295891364222,-0.0013766142506534472,0.009113285340826614,23,Extreme Fear,3917322385504.0,16126974.33438759,-0.1955302261246016,-0.20678041043094214,-5.7560000000000005e-05,-6.245333333333334e-05,4.14e-06,0.014598799421152851,0.02403897180769467,0.05068684211546821,0.0748462061283653,0.050579590617000875
2025-12-31,4325.60009765625,57.41999816894531,3.686000108718872,6845.5,14.949999809265137,-0.010235032825325435,-0.009187940147117662,-0.07472782814810122,-0.007384867434248815,0.0423560505625017,21,Extreme Fear,3087179342088.0,12582337.0922609,-0.23815051573778928,-0.24819928211187534,5.5769999999999996e-05,0.00011333,4.03e-06,-0.026929411878631293,0.027136619083589265,0.046412505202304666,0.07474785283980329,0.05068684211546821
2026-01-01,4325.60009765625,57.41999816894531,3.686000108718872,6845.5,14.949999809265137,0.0,0.0,0.0,0.0,0.0,20,Extreme Fear,13670199503143.0,62255109.01935289,1.4879604051137458,1.5989465921603494,5.902000000000001e-05,3.2500000000000112e-06,4.92e-06,0.1995421545456251,0.07760395879953091,0.055094778157174853,0.06806828371678014,0.046412505202304666
2026-01-02,4314.39990234375,57.31999969482422,3.618000030517578,6858.47021484375,14.510000228881836,-0.0025926392560806856,-0.001743045168221482,-0.018620493334679293,0.0018929140261155547,-0.029873204408338686,28,Fear,45131928010899.0,247909593.36073017,1.1943716893352796,1.381823532225693,0.0001,4.098e-05,6.01e-06,0.2001162180428994,0.09999885193700553,0.06532785891384135,0.05592895970473811,0.055094778157174853
2026-01-03,4314.39990234375,57.31999969482422,3.618000030517578,6858.47021484375,14.510000228881836,0.0,0.0,0.0,0.0,0.0,29,Fear,24212745558353.0,146918010.4529475,-0.6227107637134924,-0.523189457646333,0.0001,0.0,6.1e-06,0.01486402263214934,0.10113477358144353,0.06527202483059806,0.05605233066239615,0.06532785891384135
2026-01-04,4314.39990234375,57.31999969482422,3.618000030517578,6858.47021484375,14.510000228881836,0.0,0.0,0.0,0.0,0.0,25,Extreme Fear,32100871309470.0,216967478.5287082,0.2820040028822524,0.3898727946212984,9.087e-05,-9.130000000000002e-06,7.18e-06,0.16301061188086727,0.104793908555108,0.06877793835534698,0.04529280902349938,0.06527202483059806
2026-01-05,4436.89990234375,58.31999969482422,3.5230000019073486,6902.0498046875,14.899999618530273,0.027997669976117596,0.017295484831722364,-0.02660849550753415,0.006334024511051582,0.026523104679246158,26,Fear,23489967596872.0,161839501.14908686,-0.3123097541384235,-0.2931423632939521,0.0001,9.130000000000002e-06,7e-06,-0.025389234004819464,0.10536569736810497,0.06914884036607971,0.045789199465196,0.06877793835534698
2026-01-06,4482.2001953125,57.130001068115234,3.3499999046325684,6944.81982421875,14.75,0.010158128512449065,-0.020615691035027604,-0.050352582531414974,0.0061775920038938375,-0.0101181045635892,44,Fear,19082674353934.0,128612788.67021005,-0.2077925977279355,-0.22979885828863533,6.748000000000001e-05,-3.2519999999999994e-05,6.71e-06,-0.042311198071722816,0.11291839012830482,0.06961053805978173,0.056847358455152104,0.06914884036607971
2026-01-07,4449.2998046875,55.9900016784668,3.5250000953674316,6920.93017578125,15.380000114440918,-0.007367304357957669,-0.020156258093818158,0.050920145949737525,-0.0034458535710101927,0.04182488873256102,42,Fear,17888311008919.0,120032678.98573798,-0.06463333822121202,-0.06904222160565697,0.0001,3.2519999999999994e-05,6.56e-06,-0.022608348027592765,0.11231686317687074,0.06902882169802771,0.06357426772819916,0.06961053805978173
2026-01-08,4449.7001953125,57.7599983215332,3.4070000648498535,6921.4599609375,15.449999809265137,8.998553214307117e-05,0.031123332186466183,-0.034048305605694704,7.654532942294603e-05,0.004541019480065979,28,Fear,15628167002941.0,97755958.02357796,-0.135072620005001,-0.20528988193365072,7.29e-05,-2.7100000000000008e-05,6.08e-06,-0.07598590697792199,0.10736042465964543,0.07057818922890072,0.06259740789049792,0.06902882169802771
2026-01-09,4490.2998046875,59.119998931884766,3.1689999103546143,6966.27978515625,14.489999771118164,0.009082749101682023,0.023272793047802182,-0.07241610529256935,0.006454611138321038,-0.06415025046171281,27,Fear,13453951881487.0,82610910.71597324,-0.14980198019615562,-0.16833238585975774,3.418e-05,-3.8719999999999995e-05,6.12e-06,0.0065574005461590396,0.07692989192730607,0.06942175337082986,0.06248006301164654,0.07057818922890072
2026-01-10,4490.2998046875,59.119998931884766,3.1689999103546143,6966.27978515625,14.489999771118164,0.0,0.0,0.0,0.0,0.0,25,Extreme Fear,5462170707122.0,32645513.73539381,-0.901426606920471,-0.9284343212498115,4.3939999999999996e-05,9.759999999999995e-06,5.94e-06,-0.02985296314968116,0.07759465116378485,0.0696971203809694,0.06257289465933322,0.06942175337082986
2026-01-11,4490.2998046875,59.119998931884766,3.1689999103546143,6966.27978515625,14.489999771118164,0.0,0.0,0.0,0.0,0.0,29,Fear,6743097040537.0,39853756.30686503,0.21067304479346743,0.1995092203985765,5.655666666666667e-05,1.261666666666667e-05,5.8e-06,-0.0238512158221798,0.024882208057507064,0.06876090079091314,0.06280764802604309,0.0696971203809694
2026-01-12,4604.2998046875,59.5,3.4089999198913574,6977.27001953125,15.119999885559082,0.025071135876622564,0.006407053978539629,0.0730029172360459,0.0015763900591805138,0.04255962264580009,27,Fear,10693504392849.0,62658260.69533913,0.4611171700907017,0.4524788653793591,6.102666666666667e-05,4.470000000000003e-06,5.74e-06,-0.010398707220898622,0.02601388967164861,0.06885779770458876,0.06280382971093036,0.06876090079091314
2026-01-13,4589.2001953125,61.150001525878906,3.4189999103546143,6963.740234375,15.979999542236328,-0.003284847544970745,0.027353574534645247,0.002929114780792214,-0.0019410055882070072,0.05531954850954804,26,Fear,16346249555460.0,100083573.2915648,0.4243619950035904,0.46831004254921504,8.843333333333333e-05,2.7406666666666663e-05,6.57e-06,0.13505462216504413,0.06591970772689204,0.07164928435851776,0.057010673793393966,0.06885779770458876
2026-01-14,4626.2998046875,62.02000045776367,3.119999885559082,6926.60009765625,16.75,0.008051610829708839,0.014127033966977518,-0.09151511929578726,-0.005347633584135448,0.047060346578984245,48,Neutral,22693996052387.0,148762511.70964214,0.328101912375802,0.39634558334878706,0.0001,1.1566666666666672e-05,6.24e-06,-0.05153365011518279,0.06821931166269024,0.0723361211541275,0.05707257895229807,0.07164928435851776
2026-01-15,4616.2998046875,59.189998626708984,3.128000020980835,6944.47021484375,15.84000015258789,-0.002163894212595402,-0.04670433555197605,0.0025608642488838393,0.002576603920444464,-0.055859862251721834,61,Greed,12243657001654.0,73694870.7436217,-0.6170923913142896,-0.7024179528719197,-2.3279999999999997e-05,-0.00012328,5.91e-06,-0.0543343509633295,0.06499232385646515,0.07340759183034241,0.0739551872934958,0.0723361211541275
2026-01-16,4588.39990234375,59.439998626708984,3.1029999256134033,6940.009765625,15.859999656677246,-0.0060621179774391735,0.004214791804453334,-0.008024467896726974,-0.0006425086684515026,0.0012617985402639538,49,Neutral,8041778204580.0,47272660.54623789,-0.42035777864452073,-0.44400107309608866,2.77e-06,2.6049999999999996e-05,5.93e-06,0.0033783815916271906,0.0649169021125543,0.07256539207092809,0.07541784654783187,0.07340759183034241
2026-01-17,4588.39990234375,59.439998626708984,3.1029999256134033,6940.009765625,15.859999656677246,0.0,0.0,0.0,0.0,0.0,50,Neutral,3790959339961.0,22224874.61777105,-0.7520311173962138,-0.7547199873652765,-2.246e-05,-2.5229999999999997e-05,5.79e-06,-0.02389192142473024,0.06456713197460838,0.07193235077082209,,0.07256539207092809
2026-01-18,4588.39990234375,59.439998626708984,3.1029999256134033,6940.009765625,15.859999656677246,0.0,0.0,0.0,0.0,0.0,49,Neutral,6721557100796.0,38243378.4206661,0.5727007280579635,0.5427582922125885,-6.432999999999999e-05,-4.186999999999999e-05,5.47e-06,-0.05685367515101393,0.06742919916655106,0.07123211368438795,,0.07193235077082209
2026-01-19,4588.39990234375,59.439998626708984,3.1029999256134033,6940.009765625,15.859999656677246,0.0,0.0,0.0,0.0,0.0,44,Fear,13008200221364.0,67709252.33123386,0.6602601057361881,0.5712524051143228,-8.67666666666667e-06,5.565333333333332e-05,5.28e-06,-0.03535251871571972,0.0682095328661896,0.0716433829301719,,0.07123211368438795
2026-01-20,4759.60009765625,60.34000015258789,3.9070000648498535,6796.85986328125,20.09000015258789,0.036632293474919336,0.015027858954032521,0.23040047117754334,-0.020842460953261224,0.23642199186244148,32,Fear,9088814952822.0,46516241.11392119,-0.3585354133939668,-0.3754213143364279,8.877333333333333e-05,9.745e-05,4.99e-06,-0.056490187954742935,0.02256015535104023,0.07251172388945001,,0.0716433829301719
2026-01-21,4831.7998046875,60.619998931884766,4.875,6875.6201171875,16.899999618530273,0.015055377008505682,0.004629617750091477,0.2213502717785015,0.01152111763356032,-0.17290858706520473,24,Extreme Fear,12790092126164.0,64574558.5234375,0.3416262870843946,0.32801897943083425,4.995666666666667e-05,-3.8816666666666664e-05,5.15e-06,0.03156080491221751,0.03400599684085511,0.0726324319372168,,0.07251172388945001
2026-01-22,4908.7998046875,59.36000061035156,5.045000076293945,6913.35009765625,15.640000343322754,0.015810444337397162,-0.021004244868480324,0.03427756447844649,0.0054725007079021405,-0.07748184228810683,20,Extreme Fear,7338221766441.0,36930375.64272293,-0.5555742714259168,-0.5587861017476409,-1.4269999999999999e-05,-6.422666666666667e-05,4.95e-06,-0.03960913809504583,0.032485500917578715,0.07298156041455085,,0.0726324319372168
2026-01-23,4976.2001953125,61.06999969482422,5.275000095367432,6915.60986328125,16.09000015258789,0.013637113842028292,0.028400133096568393,0.04458102851300698,0.0003268164274822459,0.02836621341894342,24,Extreme Fear,7808994594744.0,39636335.09055333,0.062179675374645534,0.07071184979532634,6.296e-05,7.722999999999999e-05,5.03e-06,0.01603240753104901,0.03463009820631405,0.07299658286650464,,0.07298156041455085
2026-01-24,4976.2001953125,61.06999969482422,5.275000095367432,6915.60986328125,16.09000015258789,0.0,0.0,0.0,0.0,0.0,25,Extreme Fear,3045031273889.0,15304277.37967982,-0.941765050817214,-0.9516138937318737,-7.206666666666667e-06,-7.016666666666666e-05,5.01e-06,-0.003984069014874347,0.035402814171458526,0.0728405108900782,,0.07299658286650464
2026-01-25,4976.2001953125,61.06999969482422,5.275000095367432,6915.60986328125,16.09000015258789,0.0,0.0,0.0,0.0,0.0,25,Extreme Fear,8603501250317.0,41694204.98127219,1.0386580708573994,1.0022297932475144,6.186e-05,6.906666666666666e-05,4.71e-06,-0.0617480070684472,0.03627411574571983,0.07378550388709351,,0.0728405108900782
2026-01-26,5079.7001953125,60.630001068115234,6.800000190734863,6950.22998046875,16.149999618530273,0.02058565637353524,-0.007230904537314283,0.25394394279004123,0.00499359426016032,0.003722055560557878,20,Extreme Fear,6087669366945.0,29912678.91891546,-0.34590393243051576,-0.3320797152473534,6.854666666666667e-05,6.686666666666678e-06,5.01e-06,0.06174800706844725,0.047012499154336286,0.0742612252556212,,0.07378550388709351
2026-01-27,5079.89990234375,62.38999938964844,6.953999996185303,6978.60009765625,16.350000381469727,3.931395514705028e-05,0.02861515863927036,0.022394392805802858,0.004073587840441241,0.012307894626495038,29,Fear,7486069944089.0,37745649.38998232,0.20677864265088286,0.23258778647976056,4.3230000000000005e-05,-2.5316666666666668e-05,5.03e-06,0.003984069014874292,0.04177375211057809,0.07423473681099399,,0.0742612252556212
2026-01-28,5301.60009765625,63.209999084472656,7.460000038146973,6978.02978515625,16.350000381469727,0.04271712307880896,0.01305750566045477,0.07023838629209651,-8.172639170147053e-05,0.0,29,Fear,5074263997856.0,25428434.2995747,-0.3888624634002886,-0.3950022125971139,5.0886666666666675e-05,7.65666666666667e-06,4.98e-06,-0.00999009307508641,0.03962772718907286,0.07411181912388204,,0.07423473681099399
2026-01-29,5318.39990234375,65.41999816894531,3.9179999828338623,6969.009765625,16.8799991607666,0.0031638076649501356,0.03436549212071179,-0.6439741041882078,-0.0012934674424623016,0.0319015187754475,26,Fear,8331322121853.0,39603483.33160469,0.4958406723362724,0.4430490688023579,9.606666666666666e-06,-4.128000000000001e-05,4.73e-06,-0.05150468853272003,0.04157661660954258,0.0748462061283653,,0.07411181912388204
2026-01-30,4713.89990234375,65.20999908447266,4.354000091552734,6939.02978515625,17.440000534057617,-0.1206569177115754,-0.0032151767555849923,0.10551366869862883,-0.0043111794144580756,0.03263700965321155,16,Extreme Fear,11815918100081.0,54658794.1045578,0.34942545223832294,0.3221930411918986,8.118333333333333e-05,7.157666666666666e-05,4.64e-06,-0.019210836265677697,0.04051436832635778,0.07474785283980329,,0.0748462061283653
2026-01-31,4713.89990234375,65.20999908447266,4.354000091552734,6939.02978515625,17.440000534057617,0.0,0.0,0.0,0.0,0.0,20,Extreme Fear,16569956152851.0,69266682.6315632,0.33814357132591366,0.23685390197840828,-2.370333333333333e-05,-0.00010488666666666667,4.15e-06,-0.11160603199555688,0.055003407636043174,0.06806828371678014,,0.07474785283980329
2026-02-01,4713.89990234375,65.20999908447266,4.354000091552734,6939.02978515625,17.440000534057617,0.0,0.0,0.0,0.0,0.0,14,Extreme Fear,9965643703020.0,41929856.66062644,-0.5084476372903414,-0.5019658778445072,2.2516666666666667e-05,4.622e-05,4.15e-06,0.0,0.053412348834853705,0.05592895970473811,,0.06806828371678014
2026-02-02,4622.5,62.13999938964844,3.236999988555908,6976.43994140625,16.34000015258789,-0.0195798858862585,-0.04822292322273334,-0.296448012430919,0.005376785277364613,-0.0651503503332419,14,Extreme Fear,11418059555190.0,47822920.18563348,0.13605272546443672,0.1315068837276237,2.6633333333333334e-06,-1.9853333333333335e-05,4.24e-06,0.021454935001259466,0.04486204035364404,0.05605233066239615,,0.05592895970473811
2026-02-03,4903.7001953125,63.209999084472656,3.311000108718872,6917.81005859375,18.0,0.05905437776175919,0.017072607857606444,0.022603319992062554,-0.008439495590663714,0.09675565912600367,17,Extreme Fear,12453335998039.0,52483105.12497081,0.08679226523550308,0.09298628429847688,4.211000000000001e-05,3.9446666666666676e-05,4.12e-06,-0.028710105882431253,0.043151907071392936,0.04529280902349938,,0.05605233066239615
2026-02-04,4920.39990234375,65.13999938964844,3.4649999141693115,6882.72021484375,18.639999389648438,0.0033997461243729043,0.030076288477937793,0.04546231647033555,-0.005085300155013826,0.03493801861709743,14,Extreme Fear,12986768507323.0,54153508.67929628,0.041942493347329066,0.031331456239594796,3.592e-05,-6.190000000000007e-06,4.2e-06,0.019231361927887373,0.046523760721494334,0.045789199465196,,0.04529280902349938
2026-02-05,4861.39990234375,63.290000915527344,3.509000062942505,6798.39990234375,21.770000457763672,-0.012063365980342067,-0.028811437225438243,0.012618506667421,-0.01232667785383289,0.15522311976046393,12,Extreme Fear,25092001624518.0,95003686.6903817,0.6586181029618295,0.5620929312120045,-3.568333333333333e-05,-7.160333333333333e-05,3.43e-06,-0.20252426411147395,0.08240331470152915,0.056847358455152104,,0.045789199465196
2026-02-06,4951.2001953125,63.54999923706055,3.421999931335449,6932.2998046875,20.3700008392334,0.018303568705588632,0.00409963237731521,-0.025105959134144054,0.019504344282200718,-0.06646962483553287,9,Extreme Fear,24775724201974.0,88954980.69904739,-0.012684824028738223,-0.06578529120236117,-7.735666666666668e-05,-4.1673333333333347e-05,3.92e-06,0.13353139262452257,0.10715650614286737,0.06357426772819916,,0.056847358455152104
2026-02-07,4951.2001953125,63.54999923706055,3.421999931335449,6932.2998046875,20.3700008392334,0.0,0.0,0.0,0.0,0.0,6,Extreme Fear,14638607508805.0,56411026.4632973,-0.5262019224576107,-0.45546576284851514,9.118666666666667e-05,0.00016854333333333335,3.87e-06,-0.012837146760680606,0.09997404063723245,0.06259740789049792,,0.06357426772819916
2026-02-08,4951.2001953125,63.54999923706055,3.421999931335449,6932.2998046875,20.3700008392334,0.0,0.0,0.0,0.0,0.0,7,Extreme Fear,6654056603308.0,25393711.91347216,-0.7884357042716582,-0.7981630631497376,-2.4540000000000002e-05,-0.00011572666666666668,3.78e-06,-0.023530497410194272,0.09997817439276321,0.06248006301164654,,0.06259740789049792
2026-02-09,5050.89990234375,64.36000061035156,3.138000011444092,6964.81982421875,17.360000610351562,0.01993641500519393,0.012665345977459917,-0.08663949744660283,0.004680117860123293,-0.15989452704748955,14,Extreme Fear,8035589831795.0,30202606.75754651,0.18865372009148235,0.17342665621670106,1.5696666666666665e-05,4.023666666666667e-05,3.81e-06,0.007905179507113247,0.09932122763697288,0.06257289465933322,,0.06248006301164654
2026-02-10,5003.7998046875,63.959999084472656,3.115000009536743,6941.81005859375,17.790000915527344,-0.009368841148208894,-0.006234457955889157,-0.0073565026568077315,-0.0033091822845107053,0.024467808750071016,9,Extreme Fear,6548527304729.0,24120489.19104258,-0.20464021891602002,-0.2248665839251589,-4.848e-05,-6.417666666666666e-05,3.64e-06,-0.04564550748996038,0.09990752951974888,0.06280764802604309,,0.06257289465933322
2026-02-11,5071.60009765625,64.62999725341797,3.1589999198913574,6941.47021484375,17.649999618530273,0.013458784179660236,0.010420783126096593,0.014026341160115453,-4.89572699497733e-05,-0.007900791374484802,11,Extreme Fear,8402850872145.0,30082412.49918758,0.24933085241631905,0.22087904542545123,7.896666666666667e-06,5.6376666666666665e-05,3.57e-06,-0.019418085857101513,0.09858587875686002,0.06280382971093036,,0.06280764802604309
2026-02-12,4923.7001953125,62.84000015258789,3.2170000076293945,6832.759765625,20.81999969482422,-0.02959604886955879,-0.028086840962171712,0.018193754167389473,-0.01578494138611745,0.16517828676271432,5,Extreme Fear,7345946402814.0,27022356.97937936,-0.13442238654469665,-0.1072761389863815,7.947000000000001e-05,7.157333333333335e-05,3.71e-06,0.03846628082779614,0.06010011866201812,0.057010673793393966,,0.06280382971093036
2026-02-13,5022.0,62.88999938964844,3.243000030517578,6836.169921875,20.600000381469727,0.01976794067778529,0.0007953430347292803,0.008049586106997212,0.0004989646444475858,-0.010622954215521119,9,Extreme Fear,6793974903120.0,25410834.36997879,-0.07811247551150906,-0.06148892656766619,3.0456666666666666e-05,-4.901333333333335e-05,3.78e-06,0.018692133012152546,0.028523820072202992,0.05707257895229807,,0.057010673793393966
2026-02-14,5022.0,62.88999938964844,3.243000030517578,6836.169921875,20.600000381469727,0.0,0.0,0.0,0.0,0.0,9,Extreme Fear,22456280919579.0,98653330.37626602,1.1955341730049924,1.3564363583378465,-2.5699999999999995e-06,-3.302666666666667e-05,4.83e-06,0.2451224580329851,0.09829895451650682,0.0739551872934958,,0.05707257895229807
2026-02-15,5022.0,62.88999938964844,3.243000030517578,6836.169921875,20.600000381469727,0.0,0.0,0.0,0.0,0.0,8,Extreme Fear,22997497623626.0,108350944.17022765,0.02381506227780635,0.09376345060634682,0.0001,0.00010257,4.42e-06,-0.08870677157487457,0.1070910078509283,0.07541784654783187,,0.0739551872934958
