date,gold,crude_oil,natgas,sp500,vix,gold_lg_ret,crude_oil_lg_ret,natgas_lg_ret,sp500_lg_ret,vix_lg_ret,fear_greed,sentiment,volume_in_SOL,volume_in_USDT,delta_volume_in_SOL,delta_volume_in_USDT,funding_rate,funding_change,close_price,log_returns,7d_vol,30d_vol,30d_vol_target,benchmark
2023-06-04,1952.4000244140625,71.73999786376953,2.171999931335449,4282.3701171875,14.600000381469727,0.0,0.0,0.0,0.0,0.0,52,Neutral,2800007.16,61235931.7012,,,0.0001,,21.82,0.02929760812471709,0.025098139662031144,0.025965113512432803,0.04837671384454195,0.02696662553989994
2023-06-05,1958.0,72.1500015258789,2.244999885559082,4273.7900390625,14.729999542236328,0.0028641465728216076,0.00569886404184349,0.03305709976013099,-0.002005591490657713,0.008864644555221157,53,Neutral,6215040.24,128314404.5497,0.7973502252790533,0.739749401193766,0.0001,0.0,20.0,-0.08709470685093382,0.04366251582804499,0.029519435679505535,0.0457953506189998,0.025965113512432803
2023-06-06,1965.5,71.73999786376953,2.26200008392334,4283.85009765625,13.960000038146973,0.003823121771459306,-0.005698864041843443,0.007543944577009816,0.002351130233850576,-0.053690099330757315,44,Fear,4383534.14,87570026.4616,-0.3491169192866018,-0.38204476201496346,-8.306666666666666e-06,-0.00010830666666666667,20.38,0.018821754240587667,0.0420280959848765,0.029738347923199585,0.04605162326567864,0.029519435679505535
2023-06-07,1942.699951171875,72.52999877929688,2.3289999961853027,4267.52001953125,13.9399995803833,-0.011667932951336448,0.01095181021826159,0.029189574468975667,-0.003819293926420617,-0.0014337248360685253,53,Neutral,3842270.95,74564492.2795,-0.13179169528845577,-0.16077435661851192,9.387000000000001e-05,0.00010217666666666667,18.64,-0.08924421853713357,0.05266575035688659,0.03268132804426381,0.046003741474393504,0.029738347923199585
2023-06-08,1963.5999755859375,71.29000091552734,2.3519999980926514,4293.93017578125,13.649999618530273,0.010700777840001093,-0.017244174573166782,0.009827039961141109,0.00616957160752325,-0.02102288154628079,50,Neutral,2669714.01,49983556.2839,-0.36409223070907254,-0.39997034207699367,-4.366e-05,-0.00013753000000000002,18.89,0.013322872255973025,0.05380143127570321,0.03281325229387734,0.04601047150010843,0.03268132804426381
2023-06-09,1962.199951171875,70.16999816894531,2.253999948501587,4298.85986328125,13.829999923706055,-0.0007132429056668153,-0.015835234802188534,-0.04255963645541434,0.0011474010230505239,0.013100646475644259,50,Neutral,4755455.49,86834563.3293,0.5773211288920506,0.5523106604305918,1.67e-05,6.036e-05,17.4,-0.082162475292935,0.05472196602560028,0.03569876807378391,0.04333918414903595,0.03281325229387734
2023-06-10,1962.199951171875,70.16999816894531,2.253999948501587,4298.85986328125,13.829999923706055,0.0,0.0,0.0,0.0,0.0,49,Neutral,17211734.83,257899669.9241,1.2862989255379433,1.0885658955807385,-0.00019981666666666665,-0.00021651666666666665,15.61,-0.10855847169314264,0.060735185980699206,0.039991603065818025,0.03752811233984414,0.03569876807378391
2023-06-11,1962.199951171875,70.16999816894531,2.253999948501587,4298.85986328125,13.829999923706055,0.0,0.0,0.0,0.0,0.0,47,Neutral,6064017.28,94450259.4782,-1.0432189108054308,-1.00449729182808,-0.00025511,-5.529333333333336e-05,15.55,-0.003851095902097423,0.055132505351113484,0.039131235200080244,0.03770185028853523,0.039991603065818025
2023-06-12,1955.300048828125,67.12000274658203,2.2660000324249268,4338.93017578125,15.010000228881836,-0.003522608540493114,-0.044438740090224194,0.005309784145119211,0.00927797498175416,0.08187652073388114,47,Neutral,5195357.99,79018834.5821,-0.1546069652724036,-0.1783871047154373,-1.934333333333333e-05,0.0002357666666666667,15.19,-0.023423322017561712,0.052890376183717794,0.03918462239495127,0.03727280492873639,0.039131235200080244
2023-06-13,1944.5999755859375,69.41999816894531,2.3399999141693115,4369.009765625,14.609999656677246,-0.005487371483662416,0.03369288097774668,0.03213471577469008,0.006908570725908897,-0.027010458630547705,45,Fear,4814274.27,73501068.0974,-0.07618022151898661,-0.07238629843232136,-5.03e-06,1.431333333333333e-05,15.04,-0.009923998085987791,0.048564662187689074,0.03908465329658794,0.04684983522844135,0.03918462239495127
2023-06-14,1955.300048828125,68.2699966430664,2.3420000076293945,4372.58984375,13.880000114440918,0.005487371483662365,-0.016704601798411153,0.0008543757433382518,0.0008190899801265841,-0.05125723893976474,46,Fear,3978891.53,59168861.0578,-0.19058204069387355,-0.21690453019016637,-6.674666666666667e-05,-6.171666666666667e-05,14.48,-0.03794493156412337,0.044166116893498045,0.03929453923530752,0.04564002658285735,0.03908465329658794
2023-06-15,1957.800048828125,70.62000274658203,2.5329999923706055,4425.83984375,14.5,0.0012777594632126471,0.033843047133893404,0.07839909957437252,0.012104580493589997,0.04369968610284749,41,Fear,4700648.85,68956600.1054,0.16669728192406896,0.1530819148636884,-1.624333333333333e-05,5.0503333333333335e-05,14.77,0.019829709585718062,0.04542951348136811,0.03972524674568084,0.04566827623866691,0.03929453923530752
2023-06-16,1958.4000244140625,71.77999877929688,2.631999969482422,4409.58984375,13.539999961853027,0.0003064070167053769,0.016292439320637658,0.038339633860707455,-0.0036783764677510893,-0.06850038475975376,47,Neutral,2809890.09,42032019.3608,-0.5145551836773542,-0.4950456291605828,2.0023333333333332e-05,3.626666666666666e-05,15.31,0.03590811312630407,0.046957575452238616,0.040292300349879184,0.04574785792285885,0.03972524674568084
2023-06-17,1958.4000244140625,71.77999877929688,2.631999969482422,4409.58984375,13.539999961853027,0.0,0.0,0.0,0.0,0.0,47,Neutral,2500321.4,39363071.3267,-0.11672608509065666,-0.06560359274952891,2.7796666666666668e-05,7.773333333333336e-06,15.64,0.021325525447572723,0.026578963801810362,0.040434360099316925,0.046391656594004814,0.040292300349879184
2023-06-18,1958.4000244140625,71.77999877929688,2.631999969482422,4409.58984375,13.539999961853027,0.0,0.0,0.0,0.0,0.0,49,Neutral,1603688.44,24988841.2491,-0.4441130324351157,-0.454398725625657,-2.8293333333333332e-05,-5.609e-05,15.45,-0.01222273177341068,0.02698083435101772,0.04039651724927537,0.047644564256070304,0.040434360099316925
2023-06-19,1958.4000244140625,71.77999877929688,2.631999969482422,4409.58984375,13.539999961853027,0.0,0.0,0.0,0.0,0.0,47,Neutral,1890318.27,29630700.9155,0.16443896054388335,0.17038164171974277,-6.758666666666667e-05,-3.929333333333334e-05,16.1,0.0412102686466629,0.0289821254414745,0.04142709523071518,0.04748695053088185,0.04039651724927537
2023-06-20,1935.5,70.5,2.492000102996826,4388.7099609375,13.880000114440918,-0.011762134766634989,-0.017993158895064698,-0.054658359612050685,-0.004746353835236048,0.024800698656906404,49,Neutral,3005581.72,48599821.6509,0.46372592155902936,0.49480884425703214,-5.060666666666667e-05,1.6979999999999997e-05,16.64,0.03299016340264522,0.029020617499982526,0.04177378617035819,0.048317175782175543,0.04142709523071518
2023-06-21,1933.300048828125,72.52999877929688,2.5969998836517334,4365.68994140625,13.199999809265137,-0.0011372784228845022,0.028387542726777716,0.041271245623388145,-0.005259086366925201,-0.050232148180967114,59,Greed,4146918.99,70174971.8578,0.3218945131912903,0.36737186005386274,3.249333333333333e-05,8.31e-05,17.23,0.034842615146775786,0.018111078207413915,0.042418051739136424,0.04818347290077997,0.04177378617035819
2023-06-22,1912.699951171875,69.51000213623047,2.6080000400543213,4381.89013671875,12.90999984741211,-0.01071258172670636,-0.04252959469989951,0.004226771543074732,0.0037039303873345254,-0.022214622103519467,65,Greed,3547312.43,60681208.2693,-0.15617539167075195,-0.14535765478629592,1.9846666666666668e-05,-1.2646666666666662e-05,16.62,-0.036045261112536045,0.029450624373116675,0.04243991157917895,0.048297265463293375,0.042418051739136424
2023-06-23,1919.0999755859375,69.16000366210938,2.7290000915527344,4348.330078125,13.4399995803833,0.003340482534468814,-0.005047944078749438,0.04535161585163115,-0.007688288056502158,0.04023311083432769,65,Greed,4851596.52,81683374.9206,0.3131175753638275,0.29721642538253673,6.177666666666667e-05,4.193e-05,17.13,0.030224522908726185,0.028911308083902687,0.042425072184073986,0.048189488715058404,0.04243991157917895
2023-06-24,1919.0999755859375,69.16000366210938,2.7290000915527344,4348.330078125,13.4399995803833,0.0,0.0,0.0,0.0,0.0,62,Greed,2908701.89,49434893.8546,-0.5116009344163601,-0.502193963639492,1.475e-05,-4.702666666666667e-05,16.64,-0.029021876942965884,0.0333075171596935,0.04265768918359528,0.04931218417998109,0.042425072184073986
2023-06-25,1919.0999755859375,69.16000366210938,2.7290000915527344,4348.330078125,13.4399995803833,0.0,0.0,0.0,0.0,0.0,64,Greed,2723041.25,46423157.9487,-0.06595753343693257,-0.06285809972741267,-1.1030000000000003e-05,-2.578e-05,16.96,0.01904819497069441,0.03208411867198956,0.04284492778419808,0.04937012181125304,0.04265768918359528
2023-06-26,1923.699951171875,69.37000274658203,2.7909998893737793,4328.81982421875,14.25,0.0023940761271535643,0.003031823224082698,0.022464639643126144,-0.004496934363132171,0.05852160284113717,55,Greed,3056592.4,50708531.8759,0.11555133837578829,0.08829574956697249,5.626666666666665e-06,1.6656666666666666e-05,16.27,-0.041534709132810696,0.03518905021780683,0.041879001488353836,0.049864973589042995,0.04284492778419808
2023-06-27,1914.0,67.69999694824219,2.763000011444092,4378.41015625,13.739999771118164,-0.00505509651683476,-0.024368402149869475,-0.010082864834228464,0.01139073352418076,-0.03644563657852305,59,Greed,2951107.45,48945681.0979,-0.03512019400179013,-0.03538304382207759,5.704666666666667e-05,5.1420000000000006e-05,16.63,0.021885371973889758,0.0337538725717825,0.04195772376242661,0.04994309800260689,0.041879001488353836
2023-06-28,1912.300048828125,69.55999755859375,2.6029999256134033,4376.85986328125,13.430000305175781,-0.0008885614102553915,0.02710351954766955,-0.05965245264801524,-0.0003541393883898215,-0.02282023687755186,62,Greed,4040252.29,65244690.9615,0.31412663135916946,0.28743354412457284,4.552333333333333e-05,-1.1523333333333339e-05,15.97,-0.040496330977915114,0.03275692717603403,0.04238520977317848,0.0491264675417919,0.04195772376242661
2023-06-29,1909.199951171875,69.86000061035156,2.7009999752044678,4396.43994140625,13.539999961853027,-0.0016224510460784893,0.004303593727232923,0.036957468195175876,0.00446356811449,0.008157231408190429,54,Neutral,7948251.73,138922032.3826,0.6766448582637272,0.7557681793286717,7.233333333333333e-05,2.6810000000000003e-05,17.99,0.11910408573552049,0.056645331582433726,0.0478639804805837,0.04499828111646161,0.04238520977317848
2023-06-30,1921.0999755859375,70.63999938964844,2.7980000972747803,4450.3798828125,13.59000015258789,0.0062136453694543944,0.01110329953992615,0.035282845378766484,0.0121943502618858,0.0036859747242309056,56,Greed,11454016.49,213782011.5099,0.3653884573355682,0.43104400040708263,8.275666666666666e-05,1.0423333333333326e-05,18.86,0.04722722924286975,0.05794100468733979,0.04871887209770897,0.04530733963850463,0.0478639804805837
2023-07-01,1921.0999755859375,70.63999938964844,2.7980000972747803,4450.3798828125,13.59000015258789,0.0,0.0,0.0,0.0,0.0,59,Greed,3515091.93,64576714.604,-1.1812747750944201,-1.1971029672909868,7.400333333333334e-05,-8.753333333333323e-06,18.7,-0.008519753344770523,0.055901167621983334,0.04867517500125595,0.04553963664030472,0.04871887209770897
2023-07-02,1921.0999755859375,70.63999938964844,2.7980000972747803,4450.3798828125,13.59000015258789,0.0,0.0,0.0,0.0,0.0,63,Greed,4872775.08,93143280.6398,0.32659792787634656,0.36628506884474116,0.0001,2.5996666666666668e-05,19.45,0.0393235462039143,0.05656604388660109,0.04874599075124376,0.04516801764640344,0.04867517500125595
2023-07-03,1921.699951171875,69.79000091552734,2.7090001106262207,4455.58984375,13.569999694824219,0.00031225960354315117,-0.012105801508016404,-0.03232530706960484,0.0011699930926736418,-0.0014727880332322733,62,Greed,3065186.84,59024387.909,-0.4635550796770833,-0.4561882467191632,0.0001,0.0,19.26,-0.009816663694475652,0.05193646812445214,0.04876204771379934,0.045824539055331084,0.04874599075124376
2023-07-04,1921.699951171875,69.79000091552734,2.7090001106262207,4455.58984375,13.569999694824219,0.0,0.0,0.0,0.0,0.0,64,Greed,3096292.18,60240000.1787,0.01009679791240312,0.020385873569946474,8.775666666666667e-05,-1.2243333333333332e-05,19.13,-0.006772622917818084,0.053253059496019134,0.04837671384454195,0.04605275264881857,0.04876204771379934
2023-07-05,1919.5999755859375,71.79000091552734,2.6570000648498535,4446.81982421875,14.180000305175781,-0.0010933672637802037,0.028254457193867853,-0.019381912754662535,-0.0019702580976127164,0.04397109126777171,61,Greed,2415908.51,45542827.1218,-0.2481299136815461,-0.2796834477801358,8.101333333333334e-05,-6.743333333333334e-06,19.0,-0.006818804285721035,0.048153004333697486,0.0457953506189998,0.04599279916005071,0.04837671384454195
2023-07-06,1908.699951171875,71.80000305175781,2.6089999675750732,4411.58984375,15.4399995803833,-0.005694461811811971,0.00013931521652338637,-0.018230697458361197,-0.007954061175894762,0.08512897479383684,56,Greed,9598016.99,191792798.087,1.3794811026168774,1.4377624739892203,6.490333333333333e-05,-1.6110000000000007e-05,19.61,0.03160066104181435,0.025737777976849646,0.04605162326567864,0.04579016636475229,0.0457953506189998
2023-07-07,1926.199951171875,73.86000061035156,2.5820000171661377,4398.9501953125,14.829999923706055,0.009126768323334932,0.02828689913027681,-0.010402694653647343,-0.002869212795733482,-0.04030936641410981,55,Greed,9794096.48,201924527.8472,0.020223290565808787,0.05147839040017224,-1.3343333333333326e-05,-7.824666666666666e-05,21.5,0.09201329492536217,0.03834226166867929,0.046003741474393504,0.04291689979200807,0.04605162326567864
2023-07-08,1926.199951171875,73.86000061035156,2.5820000171661377,4398.9501953125,14.829999923706055,0.0,0.0,0.0,0.0,0.0,58,Greed,6473021.26,141295328.4756,-0.4141368401905928,-0.3570417749595019,1.8706666666666668e-05,3.204999999999999e-05,21.81,0.014315645079920522,0.03656927829793697,0.04601047150010843,0.04287132653003636,0.046003741474393504
2023-07-09,1926.199951171875,73.86000061035156,2.5820000171661377,4398.9501953125,14.829999923706055,0.0,0.0,0.0,0.0,0.0,55,Greed,3867361.76,83516230.0646,-0.5150704051645869,-0.5258112431077084,-9.866666666666662e-07,-1.9693333333333333e-05,21.32,-0.02272298091589383,0.039096458329487084,0.04333918414903595,0.043357353812294164,0.04601047150010843
2023-07-10,1925.0,72.98999786376953,2.6689999103546143,4409.52978515625,15.069999694824219,-0.0006231570554215221,-0.011849001491944946,0.03313953776191725,0.002402138610626312,0.016053841382581882,56,Greed,5671089.94,119669352.0442,0.3828087697373105,0.3596915550490135,4.8846666666666674e-05,4.983333333333334e-05,21.3,-0.0009385265822643885,0.0383657724161013,0.03752811233984414,0.04334805775162499,0.04333918414903595
2023-07-11,1931.300048828125,74.83000183105469,2.7309999465942383,4439.259765625,14.84000015258789,0.0032674088391857186,0.02489648236569345,0.02296398610142489,0.006719583998254874,-0.015379744366417212,57,Greed,4616810.71,101337891.1135,-0.20567718434234958,-0.1662721502287875,-4.479e-05,-9.363666666666668e-05,22.07,0.03551214755326548,0.03780453892436681,0.03770185028853523,0.0429662720894528,0.03752811233984414
2023-07-12,1956.199951171875,75.75,2.631999969482422,4472.16015625,13.539999961853027,0.012810414334619996,0.012219545827684955,-0.03692382106793469,0.007383905235389679,-0.09167798335466223,64,Greed,6086113.95,135359662.4727,0.27630563039834916,0.2894750124816781,9.676666666666667e-06,5.446666666666667e-05,21.94,-0.00590776542156076,0.03769653742429297,0.03727280492873639,0.0429345078102898,0.03770185028853523
2023-07-13,1959.199951171875,76.88999938964844,2.5450000762939453,4510.0400390625,13.609999656677246,0.0015324108197861239,0.01493737671662713,-0.03361332188778594,0.008434482989627111,0.005156526770827636,57,Greed,16102139.02,395883099.3332,0.9729423469517408,1.0731835616671934,-4.255666666666666e-05,-5.223333333333333e-05,26.01,0.17016962461347596,0.06836927627476093,0.04684983522844135,0.02937140705167482,0.03727280492873639
2023-07-14,1960.0999755859375,75.41999816894531,2.5390000343322754,4505.419921875,13.34000015258789,0.00045927816023401885,-0.019303353554000074,-0.0023603637359513995,-0.001024932196907484,-0.020037739511752393,60,Greed,19571913.81,548113747.1387,0.195143448126527,0.3253638692109071,0.00019145,0.00023400666666666665,26.67,0.02505825873336282,0.06451136838300063,0.04564002658285735,0.029308835199076202,0.04684983522844135
2023-07-15,1960.0999755859375,75.41999816894531,2.5390000343322754,4505.419921875,13.34000015258789,0.0,0.0,0.0,0.0,0.0,56,Greed,11042658.65,308185912.933,-0.5723297380742383,-0.5757796188890552,0.0001,-9.144999999999999e-05,27.46,0.029191062145902016,0.06412231317404954,0.04566827623866691,0.029708109253570272,0.04564002658285735
2023-07-16,1960.0999755859375,75.41999816894531,2.5390000343322754,4505.419921875,13.34000015258789,0.0,0.0,0.0,0.0,0.0,57,Greed,6708916.61,185949789.3068,-0.4983283526716187,-0.5052265269843911,0.0001,0.0,27.42,-0.0014577262056566255,0.061497407044492795,0.04574785792285885,0.031036985263625184,0.04566827623866691
2023-07-17,1952.4000244140625,74.1500015258789,2.51200008392334,4522.7900390625,13.479999542236328,-0.003936082358076451,-0.016982378389892278,-0.01069103422958422,0.0038479695744204137,0.01044001959958077,54,Neutral,8662837.64,233808383.0853,0.25560486202572075,0.22902521688528887,0.0001,0.0,26.8,-0.022870786617357405,0.06418962352296011,0.046391656594004814,0.03179592146474506,0.04574785792285885
2023-07-18,1977.199951171875,75.75,2.628999948501587,4554.97998046875,13.300000190734863,0.012622280219577665,0.021348355227265157,0.0455242441442257,0.007092066941428338,-0.013443021956755858,56,Greed,6327315.88,162539120.383,-0.3141662263233185,-0.3635831905771665,9.723666666666668e-05,-2.763333333333321e-06,25.54,-0.04815603691241778,0.07102884999154857,0.047644564256070304,0.03199008218290964,0.046391656594004814
2023-07-19,1977.5,75.3499984741211,2.6029999256134033,4565.72021484375,13.760000228881836,0.0001517429045972916,-0.005294539567523786,-0.009938928723978016,0.002355134827233639,0.03400179957037673,50,Neutral,4966905.24,130869739.9305,-0.24207915660469528,-0.2167162367848426,0.0001,2.763333333333321e-06,26.31,0.02970324444780808,0.07006074031462513,0.04748695053088185,0.03132740181011272,0.047644564256070304
2023-07-20,1968.300048828125,75.62999725341797,2.756999969482422,4534.8701171875,13.989999771118164,-0.004663169815610156,0.0037090887299437904,0.05747852353736224,-0.006779827396257691,0.01657692317794938,56,Greed,4977278.58,130841441.1932,0.002086313758965434,-0.0002162592923144034,9.055e-05,-9.45e-06,25.38,-0.03598763276595981,0.03270000317247415,0.048317175782175543,0.03138900942077264,0.04748695053088185
2023-07-21,1964.300048828125,77.06999969482422,2.7130000591278076,4536.33984375,13.600000381469727,-0.002034278228194697,0.0188611022782814,-0.016088065501487298,0.0003240420146130911,-0.028272951525750628,50,Neutral,3295444.38,83937045.0701,-0.4123422479800589,-0.4439191631336874,3.0253333333333334e-05,-6.0296666666666675e-05,25.5,0.004716989878138867,0.030573579040495593,0.04818347290077997,0.03133650405120935,0.048317175782175543
2023-07-22,1964.300048828125,77.06999969482422,2.7130000591278076,4536.33984375,13.600000381469727,0.0,0.0,0.0,0.0,0.0,52,Neutral,2382898.21,60174223.5534,-0.3242235416686537,-0.33282297396059995,7.366333333333334e-05,4.3410000000000006e-05,24.52,-0.03918934109636983,0.028129780359227873,0.048297265463293375,0.030946869897122642,0.04818347290077997
2023-07-23,1964.300048828125,77.06999969482422,2.7130000591278076,4536.33984375,13.600000381469727,0.0,0.0,0.0,0.0,0.0,54,Neutral,2341589.79,57939891.7406,-0.01748738601969803,-0.03783795657821348,8.277000000000001e-05,9.106666666666672e-06,24.76,0.009740336748384804,0.029396292577638147,0.048189488715058404,0.031129808757052294,0.048297265463293375
2023-07-24,1960.300048828125,78.73999786376953,2.684999942779541,4554.64013671875,13.90999984741211,-0.002038424953129538,0.02143716255522998,-0.01037434882137731,0.004026038496874852,0.02253817417444661,55,Greed,4042066.22,95589118.3535,0.5459259057064046,0.5006528649594675,8.109666666666667e-05,-1.6733333333333433e-06,23.37,-0.057776299265628765,0.03368517506132844,0.04931218417998109,0.031446741171620274,0.048189488715058404
2023-07-25,1962.0999755859375,79.62999725341797,2.7300000190734863,4567.4599609375,13.859999656677246,0.0009177681383586431,0.011239613392143006,0.01662090953382343,0.0028107195758387046,-0.003601025974701848,50,Neutral,2522195.44,58601388.8823,-0.471626273233395,-0.48930059145940136,1.7783333333333333e-05,-6.331333333333333e-05,23.27,-0.004288171236566258,0.03148832836538729,0.04937012181125304,0.03190060710059099,0.04931218417998109
2023-07-26,1968.9000244140625,78.77999877929688,2.6649999618530273,4566.75,13.1899995803833,0.0034597077644024344,-0.010731729729882442,-0.02409757287974662,-0.00015545097867591856,-0.049548034075017525,51,Neutral,6033716.58,148145864.3815,0.8722334405406653,0.9274389611887637,4.584e-05,2.805666666666667e-05,25.17,0.07848783183302423,0.04506395183506291,0.049864973589042995,0.028270754059694023,0.04937012181125304
2023-07-27,1945.4000244140625,80.08999633789062,2.492000102996826,4537.41015625,14.40999984741211,-0.012007399562659367,0.016491814562992667,-0.06711840104755121,-0.006445393055197076,0.08846346450642487,51,Neutral,4207657.06,105905173.1477,-0.360457194167177,-0.3356532577752406,4.507e-05,-7.700000000000011e-07,25.1,-0.0027849630094863333,0.04312758659834131,0.04994309800260689,0.02826000874862113,0.049864973589042995
2023-07-28,1960.4000244140625,80.58000183105469,2.638000011444092,4582.22998046875,13.329999923706055,0.007680922504028945,0.006099545875976461,0.056935416377097064,0.009829375810433848,-0.07790527095526234,52,Neutral,2736684.18,68413824.7713,-0.4301589406775069,-0.4369691800335817,0.0001,5.4930000000000004e-05,24.82,-0.011218066361277132,0.04316005947062128,0.0491264675417919,0.028821212117848723,0.04994309800260689
2023-07-29,1960.4000244140625,80.58000183105469,2.638000011444092,4582.22998046875,13.329999923706055,0.0,0.0,0.0,0.0,0.0,52,Neutral,1768964.07,44445373.719,-0.43635293022727945,-0.4313140425145034,9.518333333333335e-05,-4.816666666666657e-06,25.17,0.014003029370763406,0.040504315899704074,0.04499828111646161,0.02858684767556695,0.0491264675417919
2023-07-30,1960.4000244140625,80.58000183105469,2.638000011444092,4582.22998046875,13.329999923706055,0.0,0.0,0.0,0.0,0.0,52,Neutral,2774658.63,67970555.1828,0.4501336193538061,0.42481372115100474,9.737666666666668e-05,2.1933333333333315e-06,24.25,-0.03723619176373234,0.04314928884789823,0.04530733963850463,0.030326610927677224,0.04499828111646161
2023-07-31,1970.5,81.80000305175781,2.634000062942505,4588.9599609375,13.630000114440918,0.005138771146053185,0.015026778429613846,-0.0015174314160361743,0.0014676354365687912,0.022256125637552852,50,Neutral,3167365.08,76731579.0872,0.13237231378434253,0.12123874638499915,3.792333333333333e-05,-5.945333333333335e-05,23.73,-0.021676546935819996,0.03726355771824621,0.04553963664030472,0.031120467993411106,0.04530733963850463
2023-08-01,1940.699951171875,81.37000274658203,2.559999942779541,4576.72998046875,13.930000305175781,-0.015238610077067491,-0.0052705924534539855,-0.02849639107752737,-0.0026686453076827116,0.021771555594829822,53,Neutral,3598080.21,84313016.4271,0.12750039102097113,0.09422291333716609,8.304333333333335e-05,4.5120000000000015e-05,24.05,0.013394926104097928,0.037350964819087555,0.04516801764640344,0.03217111556760505,0.04553963664030472
2023-08-02,1937.4000244140625,79.48999786376953,2.4769999980926514,4513.39013671875,16.09000015258789,-0.0017018269642495524,-0.023375487751982435,-0.03295908640253019,-0.013936200638336184,0.14415316078816753,53,Neutral,3308680.67,77670104.6778,-0.08385090741303501,-0.08206582894821088,2.078e-05,-6.226333333333334e-05,23.15,-0.038140216019527225,0.021680956535551806,0.045824539055331084,0.031740488129324854,0.04516801764640344
2023-08-03,1932.0,81.55000305175781,2.565000057220459,4501.89013671875,15.920000076293945,-0.0027911448212779625,0.025585165778128107,0.034910351193704885,-0.0025512254502915274,-0.010621785279120641,52,Neutral,2981853.02,68128726.6414,-0.10400459474728406,-0.13107147567535662,1.4816666666666665e-05,-5.963333333333336e-06,22.65,-0.02183492860320007,0.021533734939581578,0.04605275264881857,0.031705971948292076,0.045824539055331084
2023-08-04,1939.5999755859375,82.81999969482422,2.5769999027252197,4478.02978515625,17.100000381469727,0.0039260178715701454,0.015453207943668348,0.004667392992028158,-0.0053141693739379705,0.07150230060821486,54,Neutral,3225053.92,74192665.6663,0.07840474342775257,0.08526634533986313,2.8753333333333335e-05,1.393666666666667e-05,22.8,0.006600684031352093,0.023012568809603322,0.04599279916005071,0.03167269912881103,0.04605275264881857
2023-08-05,1939.5999755859375,82.81999969482422,2.5769999027252197,4478.02978515625,17.100000381469727,0.0,0.0,0.0,0.0,0.0,50,Neutral,1781301.39,40302201.422,-0.5936054543428426,-0.6102592065033657,5.5039999999999995e-05,2.628666666666666e-05,22.65,-0.006600684031352136,0.020267319844771894,0.04579016636475229,0.03167465878525226,0.04599279916005071
2023-08-06,1939.5999755859375,82.81999969482422,2.5769999027252197,4478.02978515625,17.100000381469727,0.0,0.0,0.0,0.0,0.0,49,Neutral,2662470.7,61527018.5438,0.4019103111351849,0.4230703109357654,5.500666666666667e-05,-3.333333333332511e-08,23.2,0.023992426743221367,0.022224637199797708,0.04291689979200807,0.03217908836515197,0.04579016636475229
2023-08-07,1933.5,81.94000244140625,2.7249999046325684,4518.43994140625,15.770000457763672,-0.0031499215966817747,-0.01068227251884067,0.05584249919505223,0.008983618964856572,-0.08096905581433864,49,Neutral,3303008.9,75746901.1799,0.21557931464499974,0.20792113078398639,9.067666666666668e-05,3.567000000000001e-05,23.12,-0.003454234868087446,0.02116871390582162,0.04287132653003636,0.032540883401435516,0.04291689979200807
2023-08-08,1924.0999755859375,82.91999816894531,2.7769999504089355,4499.3798828125,15.989999771118164,-0.004873518808943379,0.011888963571621945,0.0189027973488947,-0.004227205100058866,0.013854082529355417,54,Neutral,4652753.86,111090298.3643,0.34262543133332957,0.38294583434249346,9.07e-05,2.3333333333316734e-08,24.22,0.04648069432076937,0.028164734782174995,0.043357353812294164,0.03127295194669565,0.04287132653003636
2023-08-09,1915.4000244140625,84.4000015258789,2.9590001106262207,4467.7099609375,15.960000038146973,-0.004531822404694159,0.01769115419565046,0.06348022033754672,-0.007063619102045116,-0.0018779181199778247,50,Neutral,3857674.95,94808230.4201,-0.18739461482369554,-0.15848714510915374,5.467333333333333e-05,-3.6026666666666665e-05,24.38,0.006584385928179238,0.022257687441062587,0.04334805775162499,0.03121553498993035,0.043357353812294164
2023-08-10,1914.4000244140625,82.81999969482422,2.763000011444092,4468.830078125,15.850000381469727,-0.0005222204866973095,-0.018897845248431876,-0.06853436072123821,0.00025068252108086326,-0.006916070021043906,53,Neutral,2556841.66,62687048.1736,-0.4112918871729577,-0.4137013661732922,0.0001,4.5326666666666674e-05,24.62,0.009795996703182108,0.018169768697257095,0.0429662720894528,0.031049320050924253,0.04334805775162499
2023-08-11,1912.9000244140625,83.19000244140625,2.7699999809265137,4464.0498046875,14.84000015258789,-0.0007838424255554935,0.004457603210535083,0.0025302632303245407,-0.0010702648992294865,-0.06584327636934278,51,Neutral,2415119.74,59437169.2551,-0.05702390260589333,-0.05323508238941692,8.339333333333334e-05,-1.6606666666666665e-05,24.62,0.0,0.018656246863917265,0.0429345078102898,0.03263101232645783,0.0429662720894528
2023-08-12,1912.9000244140625,83.19000244140625,2.7699999809265137,4464.0498046875,14.84000015258789,0.0,0.0,0.0,0.0,0.0,54,Neutral,1814019.36,44812274.9433,-0.2862038434730871,-0.28243767954570753,0.0001,1.6606666666666665e-05,24.91,0.011710208517781527,0.016991218038919335,0.02937140705167482,0.032542055363961556,0.0429345078102898
2023-08-13,1912.9000244140625,83.19000244140625,2.7699999809265137,4464.0498046875,14.84000015258789,0.0,0.0,0.0,0.0,0.0,54,Neutral,2013530.94,49547712.2162,0.10434484328608624,0.10045399233166713,7.539666666666666e-05,-2.4603333333333342e-05,24.23,-0.02767779444565464,0.02215597987355625,0.029308835199076202,0.032644000290282624,0.02937140705167482
2023-08-14,1910.5999755859375,82.51000213623047,2.7950000762939453,4489.72021484375,14.819999694824219,-0.0012031118637709465,-0.008207653636332482,0.00898482059013154,0.005734004879419051,-0.0013486487456545642,50,Neutral,2935003.9,72516463.8837,0.37681891460069916,0.38087753563795396,6.742e-05,-7.976666666666661e-06,25.18,0.03845849378776662,0.024635025568506077,0.029708109253570272,0.03209698995714324,0.029308835199076202
2023-08-15,1902.5,80.98999786376953,2.6589999198913574,4437.85986328125,16.459999084472656,-0.0042485053218494105,-0.018593860122389717,-0.049882051770118396,-0.011618139396096483,0.1049555403517943,53,Neutral,3856498.57,94605194.4731,0.2730508835196699,0.26589876028290266,9.075000000000001e-05,2.333000000000001e-05,23.9,-0.05217156967873616,0.029490570087767357,0.031036985263625184,0.03169922806584415,0.029708109253570272
2023-08-16,1896.0999755859375,79.37999725341797,2.5920000076293945,4404.330078125,16.780000686645508,-0.0033696785716191323,-0.020079251129936113,-0.02552030070005767,-0.007584081792624527,0.0192546023319537,52,Neutral,4333224.4,100697586.3594,0.11655226442660548,0.062409446397666275,8.635666666666668e-05,-4.393333333333331e-06,22.82,-0.04624111450353534,0.03345061065562156,0.03179592146474506,0.03111849997435967,0.031036985263625184
2023-08-17,1884.0999755859375,80.38999938964844,2.621000051498413,4370.35986328125,17.889999389648438,-0.00634889183821112,0.01264336999299781,0.011126162556185159,-0.0077428113775290805,0.06405412144418428,50,Neutral,6294552.09,140793386.6388,0.3733725816526155,0.3351716419142917,4.362666666666667e-05,-4.273000000000001e-05,21.66,-0.05217010286108505,0.03563739896887849,0.03199008218290964,0.02986988684342856,0.03179592146474506
2023-08-18,1886.0999755859375,81.25,2.5510001182556152,4369.7099609375,17.299999237060547,0.0010609517869105895,0.010641038462359106,-0.027070458473407267,-0.00014871788395720285,-0.03353540600052895,37,Fear,3890112.81,84162797.6669,-0.4812463544586646,-0.5145404820492656,-7.854e-05,-0.00012216666666666666,21.34,-0.014883995699237216,0.03479777587012622,0.03132740181011272,0.02988918056888383,0.03199008218290964
2023-08-19,1886.0999755859375,81.25,2.5510001182556152,4369.7099609375,17.299999237060547,0.0,0.0,0.0,0.0,0.0,39,Fear,1694233.32,36834078.2759,-0.8312078372884284,-0.8263295339064205,-6.257e-05,1.5969999999999998e-05,21.9,0.02590339094884768,0.03730546184590722,0.03138900942077264,0.030646158271659982,0.03132740181011272
2023-08-20,1886.0999755859375,81.25,2.5510001182556152,4369.7099609375,17.299999237060547,0.0,0.0,0.0,0.0,0.0,37,Fear,1053613.37,22975768.0599,-0.47500475872965486,-0.47198335884135745,-5.574e-05,6.8300000000000075e-06,21.77,-0.005953761575999059,0.03730837656256306,0.03133650405120935,0.03093471320556282,0.03138900942077264
2023-08-21,1893.300048828125,80.72000122070312,2.631999969482422,4399.77001953125,17.1299991607666,0.0038101719353384462,-0.006544430041808612,0.031258516352000824,0.006855634859799785,-0.0098751940591841,38,Fear,2646392.48,55880117.1629,0.9209718230552874,0.8887685331452156,-3.8419999999999995e-05,1.7320000000000004e-05,21.2,-0.02653169356848931,0.028824305379588213,0.030946869897122642,0.03072754823860694,0.03133650405120935
2023-08-22,1896.4000244140625,80.3499984741211,2.559999942779541,4387.5498046875,16.969999313354492,0.0016360008536025392,-0.004594317974920206,-0.027736765728517174,-0.0027813310465456837,-0.009384224560183918,37,Fear,3635900.71,74265939.7045,0.31765948421456114,0.284443799723955,2.9226666666666666e-05,6.764666666666666e-05,20.59,-0.02919566063826871,0.026361482871930915,0.031129808757052294,0.031200877956442327,0.030946869897122642
2023-08-23,1918.5,78.88999938964844,2.496999979019165,4436.009765625,15.979999542236328,0.011586265785144559,-0.018337603822861738,-0.024917233244509836,0.010984330710791359,-0.060109127091726666,37,Fear,3704350.5,78082936.8294,0.018651071275217444,0.05011912368087492,-4.154666666666667e-05,-7.077333333333334e-05,21.74,0.054348360653365305,0.03611080395878096,0.031446741171620274,0.029340768904944175,0.031129808757052294
2023-08-24,1918.199951171875,79.05000305175781,2.5190000534057617,4376.31005859375,17.200000762939453,-0.0001564098483359136,0.002026132890635851,0.00877201567642938,-0.01354935398400801,0.07357151648426023,41,Fear,2719332.54,58030701.1228,-0.3091214792478025,-0.2967993542746197,-5.851e-05,-1.6963333333333327e-05,21.06,-0.031778374987233945,0.03249399424678981,0.03190060710059099,0.02887890964321624,0.031446741171620274
2023-08-25,1911.0999755859375,79.83000183105469,2.5399999618530273,4405.7099609375,15.680000305175781,-0.0037082411186100178,0.009818794333739538,0.008302047440303339,0.006695501060295156,-0.09252339379134855,39,Fear,2321828.3,47660754.9463,-0.15803152482250843,-0.1968638884094922,-0.00010825666666666667,-4.974666666666667e-05,20.42,-0.030860693969309846,0.03391486831807705,0.028270754059694023,0.028395916863965562,0.03190060710059099
2023-08-26,1911.0999755859375,79.83000183105469,2.5399999618530273,4405.7099609375,15.680000305175781,0.0,0.0,0.0,0.0,0.0,38,Fear,743690.27,15106443.2397,-1.1384855702574899,-1.1489869543705784,-0.00018970999999999997,-8.14533333333333e-05,20.29,-0.006386658898796192,0.030864220087451388,0.02826000874862113,0.028388452544143118,0.028270754059694023
2023-08-27,1911.0999755859375,79.83000183105469,2.5399999618530273,4405.7099609375,15.680000305175781,0.0,0.0,0.0,0.0,0.0,38,Fear,1103526.81,22767336.9163,0.394641876434132,0.4102055600056522,-0.0001543666666666667,3.5343333333333283e-05,20.79,0.024343948032198078,0.03367155441042523,0.028821212117848723,0.028123874267841853,0.02826000874862113
2023-08-28,1917.9000244140625,80.0999984741211,2.5789999961853027,4433.31005859375,15.079999923706055,0.0035518704503101632,0.003376438430007358,0.0152376594081176,0.006245078594196461,-0.0390166768644729,39,Fear,1622343.78,33203550.06,0.3853606396042789,0.37732988229406206,-9.45e-06,0.00014491666666666667,20.56,-0.011124661282957242,0.032637702594036984,0.02858684767556695,0.028123596027591558,0.028821212117848723
2023-08-29,1936.5,81.16000366210938,2.555999994277954,4497.6298828125,14.449999809265137,0.009651369784435556,0.013146725055070738,-0.008958191143453304,0.014404068712056505,-0.04267495616173323,39,Fear,5271801.95,112370312.9134,1.1785003486586485,1.2191429828622578,-0.00010486666666666666,-9.541666666666666e-05,21.79,0.05810370836956416,0.03783917390936751,0.030326610927677224,0.02706005107449721,0.02858684767556695
2023-08-30,1944.300048828125,81.62999725341797,2.7960000038146973,4514.8701171875,13.880000114440918,0.004019820260445598,0.005774247736830996,0.08974629145928854,0.003825854181192944,-0.040245438035115294,49,Neutral,2462706.77,52276975.2441,-0.7611111720543813,-0.7652437523498004,6.985666666666667e-05,0.00017472333333333332,20.82,-0.04553708576970567,0.03629047750951613,0.031120467993411106,0.02602913722975951,0.030326610927677224
2023-08-31,1938.199951171875,83.62999725341797,2.7679998874664307,4507.66015625,13.569999694824219,-0.003142358107314131,0.02420546673482652,-0.010064828635673729,-0.0015982129743398576,-0.022587511965907553,52,Neutral,3342646.88,67332480.3367,0.3055019141330861,0.25308671014960127,-7.591333333333334e-05,-0.00014577,19.74,-0.053267029181487444,0.03957705971048443,0.03217111556760505,0.02584075791305589,0.031120467993411106
2023-09-01,1939.800048828125,85.55000305175781,2.765000104904175,4515.77001953125,13.09000015258789,0.0008252180232353599,0.022698761459047576,-0.0010843241859066373,0.001797512765518541,-0.036012859779136375,40,Fear,2517375.38,49096752.3059,-0.283546129289041,-0.3158498522558766,-5.911666666666667e-05,1.6796666666666668e-05,19.33,-0.02098874078509605,0.038847683212399266,0.031740488129324854,0.03210453798142698,0.03217111556760505
2023-09-02,1939.800048828125,85.55000305175781,2.765000104904175,4515.77001953125,13.09000015258789,0.0,0.0,0.0,0.0,0.0,39,Fear,1419243.59,27635764.6698,-0.5730927963072353,-0.5746821328893953,-4.380333333333334e-05,1.5313333333333328e-05,19.5,0.008756172349461763,0.03936012404241388,0.031705971948292076,0.03251144979217833,0.031740488129324854
2023-09-03,1939.800048828125,85.55000305175781,2.765000104904175,4515.77001953125,13.09000015258789,0.0,0.0,0.0,0.0,0.0,40,Fear,1032117.62,20100346.6546,-0.3185114131553586,-0.31837369382692526,-2.52e-05,1.8603333333333342e-05,19.57,0.0035833158382837763,0.03745751032245008,0.03167269912881103,0.03251507439115483,0.031705971948292076
2023-09-04,1939.800048828125,85.55000305175781,2.765000104904175,4515.77001953125,13.09000015258789,0.0,0.0,0.0,0.0,0.0,40,Fear,2206040.45,43282188.0348,0.7595866235854222,0.7670041271792423,-1.1276666666666665e-05,1.3923333333333334e-05,19.52,-0.00255820042303844,0.03750268402885086,0.03167465878525226,0.03283537609355954,0.03167269912881103
2023-09-05,1926.199951171875,86.69000244140625,2.5820000171661377,4496.830078125,14.010000228881836,-0.007035775353867591,0.013237529032623712,-0.0684763738414858,-0.004202997821381205,0.06792278510731134,40,Fear,4197171.75,83331680.1958,0.6432116485827769,0.6550876027539024,-5.084666666666667e-05,-3.957e-05,20.26,0.03720891783559097,0.031819578241080684,0.03217908836515197,0.032569884521590556,0.03167465878525226
2023-09-06,1918.0999755859375,87.54000091552734,2.509999990463257,4465.47998046875,14.449999809265137,-0.004214024777917077,0.009757277178099374,-0.02828154972864541,-0.006996014491432261,0.030923024672847757,42,Fear,3429947.48,67450770.1299,-0.20186595649410652,-0.21143079096891196,7.673333333333333e-06,5.852e-05,19.64,-0.031080195894217597,0.029546919264884786,0.032540883401435516,0.032243120163402465,0.03217908836515197
2023-09-07,1917.5,86.87000274658203,2.5789999961853027,4451.14013671875,14.399999618530273,-0.0003128457579778613,-0.007683062332156812,0.027118976075876395,-0.003216433115732967,-0.003466221267795236,41,Fear,2375627.15,46704804.4122,-0.36728348332130656,-0.36755096278923677,-8.22e-06,-1.5893333333333333e-05,19.92,0.01415594923013246,0.022640982518234362,0.03127295194669565,0.03225957419893633,0.032540883401435516
2023-09-08,1918.4000244140625,87.51000213623047,2.6050000190734863,4457.490234375,13.84000015258789,0.00046926375810114266,0.007340317070030951,0.01003095710713648,0.0014256060622570594,-0.03966521887634129,46,Fear,1972054.86,38871204.3314,-0.186185390519854,-0.18359330963379122,-0.00014541666666666666,-0.00013719666666666666,19.61,-0.015684611948197348,0.021845628955918586,0.03121553498993035,0.03206276293785011,0.03127295194669565
2023-09-09,1918.4000244140625,87.51000213623047,2.6050000190734863,4457.490234375,13.84000015258789,0.0,0.0,0.0,0.0,0.0,41,Fear,646379.52,12603416.1473,-1.1154445307115963,-1.1262858279431536,-0.00016211333333333335,-1.6696666666666686e-05,19.44,-0.00870684117596184,0.02194962813658193,0.031049320050924253,0.033520075023530514,0.03121553498993035
2023-09-10,1918.4000244140625,87.51000213623047,2.6050000190734863,4457.490234375,13.84000015258789,0.0,0.0,0.0,0.0,0.0,40,Fear,5630975.71,103500551.9531,2.1646511880876416,2.1056090455595227,-0.0003679566666666667,-0.00020584333333333336,18.24,-0.06371581438610786,0.032226546818421374,0.03263101232645783,0.03098325424444927,0.031049320050924253
2023-09-11,1923.300048828125,87.29000091552734,2.6080000400543213,4487.4599609375,13.800000190734863,0.0025509680494884674,-0.002517177723412052,0.001150976895452474,0.006700951498135517,-0.0028943552301342276,40,Fear,4755172.77,84740705.2826,-0.16904970292001748,-0.199980877506982,-0.00021933,0.0001486266666666667,17.72,-0.028923039469250476,0.03274098810845404,0.032542055363961556,0.030337307339487248,0.03263101232645783
2023-09-12,1911.300048828125,88.83999633789062,2.743000030517578,4461.89990234375,14.229999542236328,-0.006258821711373876,0.01760103856922371,0.05046856365842859,-0.005712169023003997,0.03068377394831886,30,Fear,4818249.11,87276943.0381,0.013177577160505898,0.02949024807731183,-5.6773333333333334e-05,0.00016255666666666668,17.92,0.011223462369849576,0.026952282246109033,0.032644000290282624,0.031230111547986456,0.032542055363961556
2023-09-13,1909.0999755859375,88.5199966430664,2.680000066757202,4467.43994140625,13.479999542236328,-0.001151750325271196,-0.003608480544858315,-0.023235403648918195,0.0012408621175346041,-0.0541453084074137,41,Fear,4063710.36,73823254.1175,-0.17031416883130293,-0.16741253772466932,-0.00012880000000000001,-7.202666666666669e-05,18.4,0.02643325706815543,0.030647233116273515,0.03209698995714324,0.031219756407944894,0.032644000290282624
2023-09-14,1910.0,90.16000366210938,2.7079999446868896,4505.10009765625,12.819999694824219,0.0004713280283196849,0.018357433089449215,0.01039351519204334,0.00839458553366625,-0.0502006438375704,45,Fear,4397747.38,83152569.967,0.07899601268616854,0.11900333434497037,-0.00018590333333333333,-5.710333333333332e-05,18.85,0.024162249279079995,0.03212239758523651,0.03169922806584415,0.031027345133034893,0.03209698995714324
2023-09-15,1923.699951171875,90.7699966430664,2.6440000534057617,4450.31982421875,13.789999961853027,0.00714714748905865,0.0067428872062673595,-0.023917392435921562,-0.012234145842493929,0.07293726135107188,45,Fear,2087888.26,39672434.6332,-0.7449392974747796,-0.7400205079687433,-0.00011389,7.201333333333334e-05,19.14,0.01526747213078838,0.03298882745592026,0.03111849997435967,0.031002787954223572,0.03169922806584415
2023-09-16,1923.699951171875,90.7699966430664,2.6440000534057617,4450.31982421875,13.789999961853027,0.0,0.0,0.0,0.0,0.0,43,Fear,1416418.73,27107934.4685,-0.38802148842891476,-0.38083013494524126,-6.071333333333334e-05,5.3176666666666655e-05,19.12,-0.0010454784015529453,0.032912960234090946,0.02986988684342856,0.03452285136755358,0.03111849997435967
2023-09-17,1923.699951171875,90.7699966430664,2.6440000534057617,4450.31982421875,13.789999961853027,0.0,0.0,0.0,0.0,0.0,46,Fear,1073239.72,20277133.883,-0.27744981514056594,-0.2903326283809451,-0.00011355000000000001,-5.283666666666667e-05,18.81,-0.016346264310316373,0.02086128018364532,0.02988918056888383,0.03426849601793832,0.02986988684342856
2023-09-18,1931.5,91.4800033569336,2.7279999256134033,4453.52978515625,14.0,0.00404651357660179,0.007791608294717611,0.031275770525110755,0.0007210276941755188,0.015113640576325997,46,Fear,3731851.86,72857443.4693,1.2462227379702413,1.2790108612366633,-0.00017588666666666666,-6.233666666666665e-05,19.64,0.043179659613380945,0.01941860515434283,0.030646158271659982,0.034015360332636566,0.02988918056888383
2023-09-19,1932.0,91.19999694824219,2.8480000495910645,4443.9501953125,14.109999656677246,0.00025883266612720474,-0.0030655422323710565,0.043048298248920876,-0.0021533273615331264,0.00782641191758886,46,Fear,3110481.29,62239325.0748,-0.1821271178187507,-0.15751766680630297,-2.2469999999999997e-05,0.00015341666666666666,20.03,0.019662846751407066,0.019429033157732357,0.03093471320556282,0.035480946321568826,0.030646158271659982
2023-09-20,1945.5999755859375,90.27999877929688,2.7330000400543213,4402.2001953125,15.140000343322754,0.007014664451038297,-0.010138925189995375,-0.04121708936058387,-0.009439204206291041,0.07045652915299092,47,Neutral,2588399.2,52138246.8347,-0.18373785471505033,-0.17708825214804944,-0.00010717666666666666,-8.470666666666667e-05,20.29,0.012897004159996416,0.0188718037878155,0.03072754823860694,0.03793676103092328,0.03093471320556282
2023-09-21,1919.199951171875,89.62999725341797,2.609999895095825,4330.0,17.540000915527344,-0.013661993139932882,-0.007225883702320368,-0.04604974046030737,-0.016536918318488084,0.1471437684547391,47,Neutral,2959370.24,58335226.1091,0.1339368738135976,0.11230734856415488,9.113333333333335e-06,0.00011629,19.46,-0.04176707707986425,0.027442121806653293,0.031200877956442327,0.0388396059452359,0.03072754823860694
2023-09-22,1925.4000244140625,90.02999877929688,2.63700008392334,4320.06005859375,17.200000762939453,0.003225343940292486,0.00445287983582428,0.010291758055027352,-0.0022982374027607495,-0.01957461096422612,43,Fear,1857771.33,36258735.7943,-0.4655989293227494,-0.47552579261672134,2.2743333333333333e-05,1.3629999999999998e-05,19.43,-0.0015428133685103705,0.02708105196200951,0.029340768904944175,0.038968960375655545,0.031200877956442327
2023-09-23,1925.4000244140625,90.02999877929688,2.63700008392334,4320.06005859375,17.200000762939453,0.0,0.0,0.0,0.0,0.0,47,Neutral,897913.0,17455702.8811,-0.7270596569537421,-0.7310139317695483,7.309e-05,5.034666666666668e-05,19.49,0.003083250130120565,0.02704483692627419,0.02887890964321624,0.0415193227348489,0.029340768904944175
2023-09-24,1925.4000244140625,90.02999877929688,2.63700008392334,4320.06005859375,17.200000762939453,0.0,0.0,0.0,0.0,0.0,44,Fear,1091026.97,21286773.3658,0.19480152431856063,0.1984195031653586,5.308666666666666e-05,-2.0003333333333346e-05,19.36,-0.006692431671038407,0.02614047840905181,0.028395916863965562,0.043349902067643,0.02887890964321624
2023-09-25,1916.5999755859375,89.68000030517578,2.6389999389648438,4337.43994140625,16.899999618530273,-0.004580980852414224,-0.003895152394691035,0.0007580951965906554,0.0040149942038066174,-0.017595828819496954,47,Neutral,1702995.14,33180641.1587,0.4452691209036931,0.4438806971327347,3.5200000000000015e-06,-4.956666666666666e-05,19.39,0.0015483874061295432,0.01971918053070657,0.028388452544143118,0.0445241841570806,0.028395916863965562
2023-09-26,1900.4000244140625,90.38999938964844,2.6559998989105225,4273.52978515625,18.940000534057617,-0.008488367011878772,0.00788585289105018,0.006421159160340801,-0.014844165482264943,0.1139625165984174,46,Fear,1977195.6,38045923.2588,0.14929092918993694,0.13682732865497257,-8.250000000000002e-06,-1.1770000000000004e-05,19.03,-0.018740787946502274,0.018011146162791116,0.028123874267841853,0.04403091181582023,0.028388452544143118
2023-09-27,1871.5999755859375,93.68000030517578,2.7639999389648438,4274.509765625,18.219999313354492,-0.015270736211994373,0.035751087489206496,0.03985769026984988,0.00022928777229479233,-0.03875626180982169,44,Fear,2446438.2,46717096.3049,0.21295369377267184,0.2053162487000234,4.4193333333333336e-05,5.244333333333334e-05,19.14,0.005763704716750134,0.016840661541158757,0.028123596027591558,0.04493636422396071,0.028123874267841853
2023-09-28,1860.4000244140625,91.70999908447266,2.944999933242798,4299.7001953125,17.34000015258789,-0.006002135474614082,-0.02125330795910164,0.06342991061233007,0.005875877143000698,-0.04950387399329117,46,Fear,2804835.46,54608721.0076,0.1367117068659259,0.15608340982964897,-3.348666666666666e-05,-7.768e-05,19.96,0.04194988485850975,0.018758823821607932,0.02706005107449721,0.0448220286859093,0.028123596027591558
2023-09-29,1848.0999755859375,90.79000091552734,2.928999900817871,4288.0498046875,17.520000457763672,-0.006633460391607215,-0.010082257120324335,-0.005447760452086495,-0.002713259648289315,0.01032713148414973,48,Neutral,2724984.42,55001555.0016,-0.028882167049909733,0.0071678621791345645,-4.784e-05,-1.4353333333333344e-05,20.28,0.015904907839664514,0.019113653997127472,0.02602913722975951,0.04500005416656916,0.02706005107449721
2023-09-30,1848.0999755859375,90.79000091552734,2.928999900817871,4288.0498046875,17.520000457763672,0.0,0.0,0.0,0.0,0.0,47,Neutral,3565357.52,75104202.503,0.26880162428527987,0.3115150583769395,-0.0001879833333333333,-0.0001401433333333333,21.37,0.052352890608073833,0.02573515283761157,0.02584075791305589,0.04531191169019175,0.02602913722975951
2023-10-01,1848.0999755859375,90.79000091552734,2.928999900817871,4288.0498046875,17.520000457763672,0.0,0.0,0.0,0.0,0.0,48,Neutral,6416328.5,147394194.9449,0.58758173442527,0.6742340800074923,-0.00011682000000000001,7.11633333333333e-05,23.87,0.11063437101968246,0.04304170921574312,0.03210453798142698,0.04423315054334795,0.02584075791305589
2023-10-02,1830.0,88.81999969482422,2.8399999141693115,4288.39013671875,17.610000610351562,-0.009842104245885983,-0.02193731103961071,-0.03085701203244205,7.936440615299324e-05,0.005123845531178813,50,Neutral,6313085.51,151138394.8727,-0.0162215250187277,0.02508534342694455,4.013666666666667e-05,0.00015695666666666667,23.37,-0.02116929179997209,0.04627238060465937,0.03251144979217833,0.04469867211344295,0.03210453798142698
2023-10-03,1824.5999755859375,89.2300033569336,2.9489998817443848,4229.4501953125,19.780000686645508,-0.002955195304593962,0.0046054971051253885,0.03766206778185505,-0.013839395863449198,0.11620440374120897,50,Neutral,5894722.26,141345651.82,-0.06856712598389798,-0.0669876175310564,-5.347999999999999e-05,-9.361666666666666e-05,23.6,0.009793563480797834,0.04272608841121105,0.03251507439115483,0.04531260812756229,0.03251144979217833
2023-10-04,1818.5,84.22000122070312,2.9619998931884766,4263.75,18.579999923706055,-0.0033487861038289848,-0.05778490630519061,0.004398590052101778,0.008077047607828946,-0.06258563162924412,49,Neutral,3945261.33,91358908.5365,-0.40154222292574265,-0.4364125228753144,-0.00011267666666666667,-5.919666666666668e-05,23.13,-0.020116235788216676,0.04622470750114758,0.03283537609355954,0.04529721708779996,0.03251507439115483
2023-10-05,1816.5999755859375,82.30999755859375,3.1659998893737793,4258.18994140625,18.489999771118164,-0.0010453767983573286,-0.022939859904561943,0.06660424673187004,-0.0013048811469951228,-0.0048556962591010805,48,Neutral,3287722.78,75895759.5138,-0.18232003446249775,-0.18543498553674043,-0.00017134666666666668,-5.8670000000000006e-05,22.7,-0.018765551755990754,0.048598315843636324,0.032569884521590556,0.04581289771376934,0.03283537609355954
2023-10-06,1830.199951171875,82.79000091552734,3.3380000591278076,4308.5,17.450000762939453,0.007458615173471331,0.00581471488570491,0.05290291643631898,0.011745642093961117,-0.057890340650457284,50,Neutral,4366362.12,101516273.266,0.2837350346080001,0.29085829991713236,-3.3583333333333334e-05,0.00013776333333333335,23.41,0.030798357015462362,0.04879769009211259,0.032243120163402465,0.04669899356006555,0.032569884521590556
2023-10-07,1830.199951171875,82.79000091552734,3.3380000591278076,4308.5,17.450000762939453,0.0,0.0,0.0,0.0,0.0,49,Neutral,2949841.72,69543092.1686,-0.3921786809203537,-0.37827252174086967,-5.312e-05,-1.9536666666666665e-05,23.3,-0.004709920931164497,0.04733482271693709,0.03225957419893633,0.046495079081588564,0.032243120163402465
2023-10-08,1830.199951171875,82.79000091552734,3.3380000591278076,4308.5,17.450000762939453,0.0,0.0,0.0,0.0,0.0,50,Neutral,1934466.13,45188043.053,-0.421920128069947,-0.4311140740165237,-4.790333333333334e-05,5.21666666666666e-06,23.22,-0.0034393843019094672,0.019037347406536353,0.03206276293785011,0.04629021993011743,0.03225957419893633
2023-10-09,1849.5,86.37999725341797,3.375999927520752,4335.66015625,17.700000762939453,0.010490108470351069,0.042448843526906935,0.011319712311552328,0.006284068119387409,0.014224990313812625,50,Neutral,4186290.48,93745879.4345,0.771983628226637,0.7297551935687334,-6.986666666666667e-05,-2.1963333333333327e-05,22.1,-0.04943636774603818,0.025275870831166728,0.033520075023530514,0.044491392402494244,0.03206276293785011
2023-10-10,1861.0,85.97000122070312,3.381999969482422,4358.240234375,17.030000686645508,0.006198645369741984,-0.004757723350522214,0.00177568618811972,0.005194476099985354,-0.03858814768935068,50,Neutral,2334716.24,51580637.1773,-0.5839246557208129,-0.5974413576236635,-0.00014308666666666667,-7.322000000000001e-05,22.11,0.0004523863456477932,0.024412826592394556,0.03098325424444927,0.044550076859468775,0.033520075023530514
2023-10-11,1872.800048828125,83.48999786376953,3.377000093460083,4376.9501953125,16.09000015258789,0.0063206856067081355,-0.029271573766282092,-0.001479472373952138,0.004283819500095073,-0.056778564506664936,47,Neutral,2734211.94,60337421.9816,0.15795289630339596,0.1568061543901795,-6.744333333333335e-05,7.564333333333333e-05,22.01,-0.0045330993309844955,0.023970391700861154,0.030337307339487248,0.05726751882369639,0.03098325424444927
2023-10-12,1869.300048828125,82.91000366210938,3.3440001010894775,4349.60986328125,16.690000534057617,-0.0018706079095983437,-0.006971112321425114,-0.009820043626344725,-0.006266024940654918,0.03661179918471129,45,Fear,2921129.02,62502282.2977,0.06612693682073471,0.035250564886413836,-1.5413333333333334e-05,5.2030000000000015e-05,21.28,-0.03372923106492673,0.025783733562284816,0.031230111547986456,0.056391370617617044,0.030337307339487248
2023-10-13,1927.4000244140625,87.69000244140625,3.2360000610351562,4327.77978515625,19.31999969482422,0.03060790174466398,0.05605216933477332,-0.03282970739501989,-0.005031495660219892,0.14633104331612187,44,Fear,2403623.09,51985427.7056,-0.19499297237981603,-0.18423962996174295,-6.486333333333333e-05,-4.9449999999999996e-05,21.84,0.02597548640326052,0.024571857522112744,0.031219756407944894,0.05671369670594142,0.031230111547986456
2023-10-14,1927.4000244140625,87.69000244140625,3.2360000610351562,4327.77978515625,19.31999969482422,0.0,0.0,0.0,0.0,0.0,47,Neutral,1303774.54,28705566.0171,-0.6117136700724531,-0.5938724010369871,-0.00018068,-0.00011581666666666669,22.0,0.007299302481611535,0.025401264098430174,0.031027345133034893,0.06057340318639017,0.031219756407944894
2023-10-15,1927.4000244140625,87.69000244140625,3.2360000610351562,4327.77978515625,19.31999969482422,0.0,0.0,0.0,0.0,0.0,45,Fear,1455965.78,31890986.6125,0.11040589696830852,0.10523237669325711,-1.6599999999999997e-05,0.00016408000000000001,21.93,-0.003186890928519019,0.025409331575971812,0.031002787954223572,0.06149585151038756,0.031027345133034893
2023-10-16,1921.0999755859375,86.66000366210938,3.1089999675750732,4373.6298828125,17.209999084472656,-0.003274031158004244,-0.01181543706247282,-0.04003689741030011,0.010538642302589985,-0.11565025596248249,47,Neutral,6973642.82,163524930.9762,1.5664682842458921,1.6346420432144522,-0.00010079,-8.419e-05,23.95,0.08811276142712733,0.038160182614567974,0.03452285136755358,0.06389541270754182,0.031002787954223572
2023-10-17,1922.699951171875,86.66000366210938,3.0789999961853027,4373.2001953125,17.8799991607666,0.0008324968566677746,0.0,-0.009696252943818777,-9.824987944376507e-05,0.03819216578233453,52,Neutral,4456015.31,107191830.7672,-0.44788279256098323,-0.42234542154475235,-3.675333333333333e-05,6.403666666666668e-05,23.93,-0.0008354219366422798,0.038225281681408055,0.03426849601793832,0.0698558725314042,0.03452285136755358
2023-10-18,1955.300048828125,88.31999969482422,3.055999994277954,4314.60009765625,19.219999313354492,0.016813236521731816,0.018974120503322253,-0.0074979982715461775,-0.013490408251151898,0.07226864500819706,50,Neutral,2982409.96,71109877.9128,-0.40152325334012323,-0.4103937831871854,4.659666666666666e-05,8.334999999999999e-05,23.42,-0.021542543750710547,0.03990334391002952,0.034015360332636566,0.06927660404953936,0.03426849601793832
2023-10-19,1968.4000244140625,89.37000274658203,2.9570000171661377,4278.0,21.399999618530273,0.006677383090401854,0.01181850705256384,-0.03293162275628217,-0.008519032328057976,0.10743953638554433,52,Neutral,5889168.99,144450495.7131,0.6803832143285445,0.7087106016184129,-9.112666666666666e-05,-0.00013772333333333332,24.93,0.06248153936589507,0.03935036998306421,0.035480946321568826,0.06920986099033774,0.034015360332636566
2023-10-20,1982.5,88.75,2.8989999294281006,4224.16015625,21.709999084472656,0.007137632114181281,-0.006961657770482004,-0.01980942107960855,-0.012665149196155915,0.014382037517315394,53,Neutral,7266627.01,192705209.5561,0.21017732434821484,0.2882247509618606,-0.00020756333333333337,-0.0001164366666666667,27.03,0.08087546275288987,0.04517214831791348,0.03793676103092328,0.06855906825768852,0.035480946321568826
2023-10-21,1982.5,88.75,2.8989999294281006,4224.16015625,21.709999084472656,0.0,0.0,0.0,0.0,0.0,63,Greed,9576358.72,275425425.7736,0.27600520409891943,0.35715529550733505,-3.951e-05,0.00016805333333333336,29.32,0.08132251673009445,0.047453965335874544,0.0388396059452359,0.07032065283458493,0.03793676103092328
2023-10-22,1982.5,88.75,2.8989999294281006,4224.16015625,21.709999084472656,0.0,0.0,0.0,0.0,0.0,53,Neutral,5567480.03,161191207.2513,-0.5423548946167499,-0.5357256221060906,-2.963333333333333e-05,9.87666666666667e-06,29.05,-0.009251393720530477,0.04844091629706038,0.038968960375655545,0.07309811578975356,0.0388396059452359
2023-10-23,1976.300048828125,85.48999786376953,2.9260001182556152,4217.0400390625,20.3700008392334,-0.0031322401557761035,-0.037424043305457406,0.009270517417398491,-0.0016869920654349177,-0.06370967028123974,53,Neutral,12178546.11,368359321.6522,0.7827333549071079,0.8264675963191648,5.363333333333333e-06,3.499666666666666e-05,31.88,0.09296037062409401,0.04926819384419766,0.0415193227348489,0.07368485920719021,0.038968960375655545
2023-10-24,1975.0,83.73999786376953,2.9709999561309814,4247.68017578125,18.969999313354492,-0.0006580360180047346,-0.020682649969346264,0.015262238701344093,0.0072395235196288195,-0.07120452368766046,66,Greed,11152278.09,348657613.8056,-0.08803209812031759,-0.0549684879255577,0.0001,9.463666666666667e-05,30.17,-0.05513080075104445,0.060025782090971,0.043349902067643,0.07269740369864575,0.0415193227348489
2023-10-25,1984.0999755859375,85.38999938964844,3.009999990463257,4186.77001953125,20.190000534057617,0.004597000160347399,0.01951225569098259,0.013041493877702266,-0.014443434657238052,0.0623287110258037,72,Greed,10582632.89,342328412.2615,-0.052429539183241454,-0.018319845321996125,0.0001,0.0,32.44,0.07254417607624238,0.056159860224295144,0.0445241841570806,0.07207942726667049,0.043349902067643
2023-10-26,1987.199951171875,83.20999908447266,3.2139999866485596,4137.22998046875,20.68000030517578,0.0015611896722705911,-0.025861468861977484,0.06557618756873906,-0.011903081205584871,0.023979605620941095,71,Greed,6940180.71,222596123.3402,-0.4218864377737054,-0.43041152274219285,8.323e-05,-1.6770000000000004e-05,32.77,0.01012123346351115,0.05716123846640473,0.04403091181582023,0.07211242624985764,0.0445241841570806
2023-10-27,1988.5999755859375,85.54000091552734,3.1640000343322754,4117.3701171875,21.270000457763672,0.0007042731011225338,0.02761659159195094,-0.01567920240485395,-0.00481183857862075,0.028130586336432287,70,Greed,6273331.35,202864018.835,-0.10102028374856072,-0.09282312669577134,0.0001,1.6770000000000004e-05,31.73,-0.03225085711561914,0.059320628897757896,0.04493636422396071,0.07187231278385359,0.04403091181582023
2023-10-28,1988.5999755859375,85.54000091552734,3.1640000343322754,4117.3701171875,21.270000457763672,0.0,0.0,0.0,0.0,0.0,65,Greed,2594478.41,82954765.4507,-0.8829220309942308,-0.8942404319678432,0.0001,0.0,31.63,-0.003156568277546769,0.05379004479042358,0.0448220286859093,0.07272252349461254,0.04493636422396071
2023-10-29,1988.5999755859375,85.54000091552734,3.1640000343322754,4117.3701171875,21.270000457763672,0.0,0.0,0.0,0.0,0.0,72,Greed,3483834.9,113025329.7575,0.2947481714658909,0.3093164860757011,0.0001,0.0,32.83,0.03723669419594381,0.05376675328030924,0.04500005416656916,0.07295449175665986,0.0448220286859093
2023-10-30,1996.199951171875,82.30999755859375,3.3519999980926514,4166.81982421875,19.75,0.003814487522985263,-0.03849153617823873,0.05772012129450242,0.011938474300285915,-0.07414415938657903,68,Greed,7627255.13,260895757.8188,0.7835943637130525,0.8365089814739685,9.792e-05,-2.080000000000007e-06,34.94,0.062289573192409284,0.04747121119142913,0.04531191169019175,0.0724970800840059,0.04500005416656916
2023-10-31,1985.199951171875,81.0199966430664,3.575000047683716,4193.7998046875,18.139999389648438,-0.0055257086747362814,-0.015796580982289202,0.06440800743325462,0.006454084821688244,-0.08503408030686435,66,Greed,9267665.69,337465622.3293,0.19480350097021087,0.25734271314662216,8.237333333333334e-05,-1.5546666666666658e-05,38.4,0.09442515488777076,0.045251408172224575,0.04423315054334795,0.07108556037706343,0.04531191169019175
2023-11-01,1978.800048828125,80.44000244140625,3.49399995803833,4237.85986328125,16.8700008392334,-0.0032290150880346837,-0.007184401086049107,-0.022917989781844953,0.010451194990191868,-0.07258246473530151,66,Greed,19486359.98,804674930.0029,0.743183198117587,0.868974736843388,-0.00013171,-0.00021408333333333332,41.15,0.06916646752939758,0.0447932919121106,0.04469867211344295,0.0703373495412981,0.04423315054334795
2023-11-02,1985.5999755859375,82.45999908447266,3.4719998836517334,4317.77978515625,15.65999984741211,0.003430498125606122,0.024801720920969248,-0.006316436414570557,0.018682938934086474,-0.07442726548610695,72,Greed,14743830.91,615193542.0957,-0.27888998070071913,-0.2685014613101999,0.0001,0.00023171,40.23,-0.022610941161382,0.04919113526991137,0.04531260812756229,0.0706118405993458,0.04469867211344295
2023-11-03,1991.5,80.51000213623047,3.515000104904175,4358.33984375,14.90999984741211,0.0029670004669155115,-0.02393188933045226,0.012308791819685487,0.00934988354455146,-0.04907756227614069,65,Greed,10290073.48,402362618.1382,-0.3596450611738663,-0.4245832036932412,0.0001,0.0,39.45,-0.019578938669813483,0.04671957378777753,0.04529721708779996,0.07047960269522488,0.04531260812756229
2023-11-04,1991.5,80.51000213623047,3.515000104904175,4358.33984375,14.90999984741211,0.0,0.0,0.0,0.0,0.0,68,Greed,7452581.71,307758388.5108,-0.3226191801179816,-0.26803869495704374,0.0001,0.0,42.41,0.07235013619461587,0.04620311212289395,0.04581289771376934,0.06995445796802138,0.04529721708779996
2023-11-05,1991.5,80.51000213623047,3.515000104904175,4358.33984375,14.90999984741211,0.0,0.0,0.0,0.0,0.0,70,Greed,4117962.39,170745448.0714,-0.5932020351264058,-0.5891411825866596,0.0001,0.0,41.15,-0.03016025636342049,0.05374317279087285,0.04669899356006555,0.06962631435728635,0.04581289771376934
2023-11-06,1981.5999755859375,80.81999969482422,3.2639999389648438,4365.97998046875,14.890000343322754,-0.004983536766927965,0.0038430290287168557,-0.0740861367049792,0.0017514577241005862,-0.0013422487895297923,74,Greed,4866558.59,197526734.9915,0.16702855677576048,0.14570010256972174,0.00011761999999999999,1.7619999999999984e-05,42.16,0.024247977110028,0.052099770529146903,0.046495079081588564,0.06959477229407125,0.04669899356006555
2023-11-07,1966.800048828125,77.37000274658203,3.140000104904175,4378.3798828125,14.8100004196167,-0.0074967054908099675,-0.043625311813656455,-0.03873058507322973,0.0028360934017119537,-0.005387213140145018,68,Greed,8826660.47,372908004.0304,0.5953897080958329,0.6354578090100068,0.00013526333333333334,1.7643333333333355e-05,42.93,0.01809897800336239,0.04274312235717701,0.04629021993011743,0.07104342930472263,0.046495079081588564
2023-11-08,1951.5,75.33000183105469,3.1059999465942383,4382.77978515625,14.449999809265137,-0.007809573743291399,-0.026720657915963647,-0.01088712579702475,0.0010044110324198868,-0.024608255254246005,66,Greed,4580371.01,197444613.609,-0.655996738965718,-0.6358736436469967,0.00012381,-1.1453333333333348e-05,43.13,0.004647928423282493,0.035731430335049975,0.044491392402494244,0.07270864397743332,0.04629021993011743
2023-11-09,1964.199951171875,75.73999786376953,3.0409998893737793,4347.35009765625,15.289999961853027,0.006486705243964605,0.005427908124148504,-0.021149335215120295,-0.008116690699068705,0.05650461608727744,69,Greed,12546941.33,572434384.9024,1.007696915753,1.0644400097473354,0.00016029666666666665,3.648666666666666e-05,45.29,0.048867446908370624,0.036165257836040604,0.044550076859468775,0.07312942645972453,0.044491392402494244
2023-11-10,1932.5999755859375,77.16999816894531,3.0329999923706055,4415.240234375,14.170000076293945,-0.01621877893218127,0.018704362473103198,-0.0026341461260066257,0.015495759270772258,-0.07607195835929698,70,Greed,14708555.35,748150174.9656,0.15895240394053395,0.2677056091579332,0.00012298999999999999,-3.7306666666666666e-05,56.67,0.2241587126134054,0.0826378509716008,0.05726751882369639,0.061803207043028045,0.044550076859468775
2023-11-11,1932.5999755859375,77.16999816894531,3.0329999923706055,4415.240234375,14.170000076293945,0.0,0.0,0.0,0.0,0.0,70,Greed,13790858.3,802941068.374,-0.06442339046648743,0.07067759543735995,0.00016884666666666667,4.5856666666666684e-05,56.34,-0.005840207733301346,0.08464838049730905,0.056391370617617044,0.06317865800593686,0.05726751882369639
2023-11-12,1932.5999755859375,77.16999816894531,3.0329999923706055,4415.240234375,14.170000076293945,0.0,0.0,0.0,0.0,0.0,73,Greed,10246085.39,593063677.35,-0.2971102111562278,-0.3029795469951658,0.00028254666666666664,0.00011369999999999997,56.28,-0.0010655302020382848,0.08124208158933591,0.05671369670594142,0.0634185038702053,0.056391370617617044
2023-11-13,1945.5,78.26000213623047,3.197000026702881,4411.5498046875,14.760000228881836,0.006652779492155402,0.014025887336881721,0.05266065223920243,-0.0008361884413700847,0.04079377559244869,72,Greed,11066863.24,619757525.5514,0.07705963028090469,0.044026538788100957,0.00031239666666666664,2.9849999999999994e-05,51.6,-0.08681755975867124,0.09550292191378981,0.06057340318639017,0.061015606446329786,0.05671369670594142
2023-11-14,1961.800048828125,78.26000213623047,3.1059999465942383,4495.7001953125,14.15999984741211,0.008343430595057662,0.0,-0.02887717089807556,0.01889537047457725,-0.04149975718963313,69,Greed,12213778.24,669746384.3861,0.09860932867475493,0.07757079623311344,0.0002819233333333333,-3.047333333333331e-05,56.81,0.09619069408151855,0.09854831229020837,0.06149585151038756,0.059896641991191345,0.06057340318639017
2023-11-15,1960.0999755859375,76.66000366210938,3.190000057220459,4502.8798828125,14.180000305175781,-0.0008669641439555301,-0.020656536355641606,0.026685227202091384,0.0015957382078471765,0.0014114651359527655,60,Greed,12800109.28,793157487.201,0.04688902996719075,0.1691226886825603,0.00016627666666666667,-0.00011564666666666665,65.43,0.14126850231261195,0.10376590842352347,0.06389541270754182,0.05518143530296138,0.06149585151038756
2023-11-16,1983.9000244140625,72.9000015258789,3.062000036239624,4508.240234375,14.319999694824219,0.01206913677911117,-0.050291447777470084,-0.0409526256634301,0.0011897193967137305,0.009824597595795924,70,Greed,13868327.04,873421967.7829,0.08015390150344172,0.09639699412533483,0.00025532,8.904333333333334e-05,57.8,-0.12399209320331572,0.1251031512526393,0.0698558725314042,0.04968297234524236,0.06389541270754182
2023-11-17,1981.5999755859375,75.88999938964844,2.9600000381469727,4514.02001953125,13.800000190734863,-0.0011600298000505828,0.04019625542750343,-0.03387902784731113,0.0012812279371779871,-0.03698853423681555,63,Greed,11968303.78,691077611.1932,-0.14734580629541674,-0.23416665809289522,0.0001,-0.00015532000000000002,58.51,0.01220890412181297,0.09323734435048966,0.06927660404953936,0.05042494133573756,0.0698558725314042
2023-11-18,1981.5999755859375,75.88999938964844,2.9600000381469727,4514.02001953125,13.800000190734863,0.0,0.0,0.0,0.0,0.0,69,Greed,7374946.5,423498344.4916,-0.48417315563486885,-0.489702529698417,0.0001,0.0,58.56,0.0008541898529113509,0.09314712224659927,0.06920986099033774,0.05100216249734003,0.06927660404953936
2023-11-19,1981.5999755859375,75.88999938964844,2.9600000381469727,4514.02001953125,13.800000190734863,0.0,0.0,0.0,0.0,0.0,66,Greed,7009650.09,420647369.4472,-0.050800863996143426,-0.006754724539305869,0.0001,0.0,61.1,0.04245999652449361,0.09408222048247987,0.06855906825768852,0.050808278745968896,0.06920986099033774
2023-11-20,1977.699951171875,77.5999984741211,2.881999969482422,4547.3798828125,13.40999984741211,-0.001970058216140758,0.02228249215254567,-0.02670479423515718,0.007363103793795633,-0.028667920069603205,69,Greed,7127562.28,419235822.3655,0.016681495787045583,-0.0033612969624077704,0.0001,0.0,56.57,-0.0770330568224853,0.09243213027888385,0.07032065283458493,0.05233989462877677,0.06855906825768852
2023-11-21,1999.300048828125,77.7699966430664,2.8459999561309814,4538.18994140625,13.350000381469727,0.010862615061766792,0.0021883020161747205,-0.012570002734914161,-0.002022975931757968,-0.004484272494153086,71,Greed,10741088.9,586407080.0082,0.4101071915252423,0.33558064071137805,0.0001,0.0,51.65,-0.09098861378941683,0.09147054513961535,0.07309811578975356,0.05299505115550335,0.07032065283458493
2023-11-22,1991.4000244140625,77.0999984741211,2.8970000743865967,4556.6201171875,12.850000381469727,-0.00395922248666503,-0.008652448763582765,0.017761260210937758,0.004052905094313324,-0.03817257239318107,62,Greed,7891464.65,437326650.2853,-0.3082947199348891,-0.2933338248240579,0.0001,0.0,57.56,0.10833768645351965,0.08259396843448844,0.07368485920719021,0.05050917571553954,0.07309811578975356
2023-11-23,1991.4000244140625,77.0999984741211,2.8970000743865967,4556.6201171875,12.850000381469727,0.0,0.0,0.0,0.0,0.0,66,Greed,4925635.15,284148025.1951,-0.47132852056768326,-0.4311850815080266,0.0001,0.0,56.51,-0.018410268377415166,0.06851869651579987,0.07269740369864575,0.052039369126281015,0.07368485920719021
2023-11-24,2002.199951171875,75.54000091552734,2.8550000190734863,4559.33984375,12.460000038146973,0.005408630384414501,-0.020440931374297266,-0.014603894675621842,0.0005966956096450322,-0.030820324606726488,66,Greed,3905651.92,224921680.8743,-0.23202851647558065,-0.23374306124564218,0.0001,0.0,56.86,0.006174492581101822,0.06832986206296925,0.07207942726667049,0.05207889775017048,0.07269740369864575
2023-11-25,2002.199951171875,75.54000091552734,2.8550000190734863,4559.33984375,12.460000038146973,0.0,0.0,0.0,0.0,0.0,73,Greed,4095129.28,239441357.6541,0.047373572713999675,0.06255627704507503,0.0001,0.0,58.82,0.03388982690299525,0.06985187227757117,0.07211242624985764,0.052836957641470825,0.07207942726667049
2023-11-26,2002.199951171875,75.54000091552734,2.8550000190734863,4559.33984375,12.460000038146973,0.0,0.0,0.0,0.0,0.0,73,Greed,3097837.47,178464407.2827,-0.2790940092750993,-0.29391935129013314,0.0001,0.0,57.57,-0.021480334438130737,0.06761550229286817,0.07187231278385359,0.05510470932687714,0.07211242624985764
2023-11-27,2011.800048828125,74.86000061035156,2.7939999103546143,4550.43017578125,12.6899995803833,0.004783316372955456,-0.009042618774556595,-0.02159762103889736,-0.0019560693168983586,0.018290732238712026,66,Greed,4618869.6,255149638.2161,0.3994457220919063,0.35746100722205315,0.0001,0.0,55.06,-0.04457809897325696,0.06309464657745824,0.07272252349461254,0.055379745223545274,0.07187231278385359
2023-11-28,2039.699951171875,76.41000366210938,2.7060000896453857,4554.89013671875,12.6899995803833,0.013772846290545529,0.02049391495704665,-0.032002665872835075,0.0009796385280502918,0.0,68,Greed,5642915.95,318405563.2279,0.2002509444853652,0.22147573668436393,0.0001,0.0,58.18,0.05511815335259422,0.052796006138890406,0.07295449175665986,0.056490788031835056,0.07272252349461254
2023-11-29,2047.0999755859375,77.86000061035156,2.803999900817871,4550.580078125,12.979999542236328,0.0036214312587581126,0.018798724434829987,0.0355753709237132,-0.0009466966151019382,0.022595427349522586,72,Greed,7574392.84,452934119.5893,0.2943722507312385,0.35242075726964694,0.0001,0.0,59.31,0.019236272783579665,0.03477090693325671,0.0724970800840059,0.056652035880183166,0.07295449175665986
2023-11-30,2038.0999755859375,75.95999908447266,2.802000045776367,4567.7998046875,12.920000076293945,-0.004406156206906349,-0.024705476130070746,-0.0007134695488366595,0.003776931264994605,-0.004633171749536602,74,Greed,4597104.01,275587046.658,-0.4993466528541419,-0.49684314601696294,0.0001,0.0,59.3,-0.0001686198469555516,0.033445360474618366,0.07108556037706343,0.057622547165594534,0.0724970800840059
2023-12-01,2071.0,74.06999969482422,2.813999891281128,4594.6298828125,12.630000114440918,0.016013593082084946,-0.0251962859862309,0.004273455805354645,0.005856558953846637,-0.0227015588361216,71,Greed,5422494.06,328236649.1286,0.1651293260890645,0.17483130196048435,0.0001,0.0,59.75,0.0075598848079402575,0.03344455758976433,0.0703373495412981,0.05770618732402638,0.07108556037706343
2023-12-02,2071.0,74.06999969482422,2.813999891281128,4594.6298828125,12.630000114440918,0.0,0.0,0.0,0.0,0.0,74,Greed,4898503.76,303922362.6854,-0.10162606489842956,-0.07696255659379038,0.00016724666666666666,6.724666666666665e-05,63.66,0.06338723104232659,0.038812636488634325,0.0706118405993458,0.05814483803967933,0.0703373495412981
2023-12-03,2071.0,74.06999969482422,2.813999891281128,4594.6298828125,12.630000114440918,0.0,0.0,0.0,0.0,0.0,73,Greed,4675198.65,297939228.062,-0.04665814956767663,-0.01988274985594318,0.00016214999999999998,-5.096666666666675e-06,62.98,-0.010739206181068186,0.03749065970545717,0.07047960269522488,0.0585623310752523,0.0706118405993458
2023-12-04,2024.0999755859375,73.04000091552734,2.694000005722046,4569.77978515625,13.079999923706055,-0.022906437155782732,-0.014003339083783048,-0.04357983994503447,-0.005423188063826943,0.0350093947727438,74,Greed,7696216.19,480297269.4067,0.4984571503685694,0.4775156904413596,0.00024617666666666666,8.402666666666668e-05,61.64,-0.021506205220963505,0.032250325356350536,0.06995445796802138,0.060840500400498085,0.07047960269522488
2023-12-05,2018.5,72.31999969482422,2.7100000381469727,4567.18017578125,12.850000381469727,-0.0027704839468059126,-0.009906536957191996,0.005921568855814618,-0.0005690315939348026,-0.017740499168593812,75,Greed,6032438.26,365959805.8631,-0.24357752028317953,-0.27188171614728696,0.0001,-0.00014617666666666667,61.03,-0.009945463895511457,0.028270075735785306,0.06962631435728635,0.06123543431663015,0.06995445796802138
2023-12-06,2030.5,69.37999725341797,2.569000005722046,4549.33984375,12.970000267028809,0.005927406833356961,-0.04150210991003878,-0.05343192861289295,-0.003913851944943747,0.009295177888952625,72,Greed,11121135.68,708229617.1834,0.6116961292020859,0.6602448518451084,0.0002765133333333333,0.00017651333333333332,61.85,0.01334655228209343,0.027924901604166805,0.06959477229407125,0.062430117904473344,0.06962631435728635
2023-12-07,2029.9000244140625,69.33999633789062,2.5850000381469727,4585.58984375,13.0600004196167,-0.00029552536040616107,-0.0005767145110153752,0.006208802362351621,0.007936610684821922,0.006915137061659103,72,Greed,10648583.32,693832168.8671,-0.043420551392944394,-0.020538259512412203,0.00018956,-8.695333333333331e-05,67.74,0.09096474855112859,0.042180171673541766,0.07104342930472263,0.06241279149020557,0.06959477229407125
2023-12-08,1998.300048828125,71.2300033569336,2.5810000896453857,4604.3701171875,12.350000381469727,-0.01568969924387106,0.02689223767527876,-0.0015485672481542563,0.0040871341465037936,-0.05589806201597754,72,Greed,11314830.348,813635345.247846,0.060687423713676254,0.1592821871618303,0.00035217,0.00016261000000000002,74.94,0.10101094597591577,0.051672899263677886,0.07270864397743332,0.06087829295439733,0.07104342930472263
2023-12-09,1998.300048828125,71.2300033569336,2.5810000896453857,4604.3701171875,12.350000381469727,0.0,0.0,0.0,0.0,0.0,73,Greed,8809964.3,661734151.0119,-0.2502308976982251,-0.20664839611289568,0.00027204999999999997,-8.012000000000004e-05,72.3,-0.035863664200822355,0.05523438266732697,0.07312942645972453,0.06223101018430826,0.07270864397743332
2023-12-10,1998.300048828125,71.2300033569336,2.5810000896453857,4604.3701171875,12.350000381469727,0.0,0.0,0.0,0.0,0.0,74,Greed,5886808.01,429356414.6488,-0.4031694707482567,-0.43257651332708147,0.00027911666666666663,7.066666666666658e-06,74.87,0.034929147077874936,0.05393080815024011,0.061803207043028045,0.06206295970989237,0.07312942645972453
2023-12-11,1978.0,71.31999969482422,2.430999994277954,4622.43994140625,12.630000114440918,-0.01021061033941788,0.0012626635976269154,-0.05987426248908394,0.003916813547781492,0.022418851461215666,74,Greed,12970688.47,901955694.2818,0.7899781616684025,0.7422780220556396,0.00015740333333333334,-0.00012171333333333328,70.25,-0.0636929680287388,0.06174636874193961,0.06317865800593686,0.06056273074192884,0.061803207043028045
2023-12-12,1977.800048828125,68.61000061035156,2.311000108718872,4643.7001953125,12.069999694824219,-0.00010109265866683018,-0.03873848311721898,-0.050622314643879535,0.0045888127956924,-0.04535193559782461,67,Greed,7763463.64,541671172.2283,-0.5132634986731375,-0.5099062754136452,0.00015620666666666666,-1.1966666666666885e-06,68.6,-0.023767773482015666,0.06302214504009201,0.0634185038702053,0.06050401890820487,0.06317865800593686
2023-12-13,1982.300048828125,69.47000122070312,2.3350000381469727,4707.08984375,12.1899995803833,0.0022726708042306704,0.012456716677692235,0.010331529121569918,0.01355834517501981,0.009892899244538936,65,Greed,8271925.44,559579173.0734,0.06343872421230673,0.03252590055336134,0.0001,-5.620666666666665e-05,70.62,0.029020855768400997,0.0631612802285286,0.061015606446329786,0.06276600381735115,0.0634185038702053
2023-12-14,2030.199951171875,71.58000183105469,2.3919999599456787,4719.5498046875,12.479999542236328,0.0238764749712153,0.029920708641966384,0.024117911885373888,0.002643565185154432,0.02351141719134706,72,Greed,7493589.41,543474285.6242,-0.09881939447994986,-0.02920263169141384,0.0001,0.0,75.68,0.0692005342433826,0.059451807514407255,0.059896641991191345,0.06201450220416014,0.061015606446329786
2023-12-15,2021.0999755859375,71.43000030517578,2.490999937057495,4719.18994140625,12.279999732971191,-0.0044923807443041424,-0.0020977774791577537,0.04055439166880894,-7.625240044859478e-05,-0.016155425287520307,70,Greed,8834567.44,673033918.0997,0.16462423504833695,0.21381333385683454,0.00021984,0.00011984,72.51,-0.04278944136012155,0.049048587429007764,0.05518143530296138,0.061534909298113026,0.059896641991191345
2023-12-16,2021.0999755859375,71.43000030517578,2.490999937057495,4719.18994140625,12.279999732971191,0.0,0.0,0.0,0.0,0.0,67,Greed,5513079.61,410808269.5864,-0.47154876483733377,-0.49366911844405437,0.0001,-0.00011984,73.72,0.016549649418121138,0.047475352395686246,0.04968297234524236,0.06151816473354959,0.05518143530296138
2023-12-17,2021.0999755859375,71.43000030517578,2.490999937057495,4719.18994140625,12.279999732971191,0.0,0.0,0.0,0.0,0.0,73,Greed,5108641.26,372478234.0344,-0.07618990929719177,-0.09794800430582505,0.0001,0.0,70.87,-0.039426919979457874,0.047401242032017406,0.05042494133573756,0.06101360459149959,0.04968297234524236
2023-12-18,2026.300048828125,72.47000122070312,2.503000020980835,4740.56005859375,12.5600004196167,0.0025695884133355284,0.014454746526187893,0.004805809819835922,0.004518122263400515,0.0225452934750457,65,Greed,7219822.33,509564447.4618,0.34589687394905017,0.3133777322569318,0.0001,0.0,74.42,0.04887751009631167,0.044289059740932946,0.05100216249734003,0.06093340215632721,0.05042494133573756
2023-12-19,2038.4000244140625,73.44000244140625,2.492000102996826,4768.3701171875,12.529999732971191,0.005953704386447858,0.013296079590339167,-0.0044043785757169,0.005849267450818904,-0.002391446852206076,73,Greed,6086806.16,452723595.9081,-0.17070684047937737,-0.11827456054769082,0.0001011,1.0999999999999996e-06,73.0,-0.019265281770085383,0.04377650021427833,0.050808278745968896,0.06285754218387311,0.05100216249734003
2023-12-20,2034.5,74.22000122070312,2.447000026702881,4698.35009765625,13.670000076293945,-0.0019151099131709602,0.010564892523759216,-0.018222846883163696,-0.014793147965305628,0.0870779087201619,74,Greed,10701294.29,844729188.4502,0.5642411917454951,0.6237343132498272,0.00019125333333333333,9.015333333333332e-05,82.21,0.11881750801565082,0.06058987320397926,0.05233989462877677,0.059356396498103,0.050808278745968896
2023-12-21,2039.0999755859375,73.88999938964844,2.572000026702881,4746.75,13.649999618530273,0.0022584336059977327,-0.0044561795392595365,0.0498210213844876,0.010248769307271876,-0.00146416263251253,70,Greed,12129644.35,1071627249.9601,0.12528770682319837,0.23791747762550997,0.0001,-9.125333333333332e-05,93.84,0.132314255181178,0.07238302535778567,0.05299505115550335,0.0542305770349278,0.05233989462877677
2023-12-22,2057.10009765625,73.55999755859375,2.609999895095825,4754.6298828125,13.029999732971191,0.008788749383462259,-0.004476125993481734,0.014666364383911437,0.0016586821527610754,-0.04648512304109983,74,Greed,11975121.56,1142233209.1915,-0.012821108264345472,0.06380701399409636,0.00026931000000000004,0.00016931000000000004,97.9,0.04235534519124476,0.06471860686554307,0.05050917571553954,0.05372429257943291,0.05299505115550335
2023-12-23,2057.10009765625,73.55999755859375,2.609999895095825,4754.6298828125,13.029999732971191,0.0,0.0,0.0,0.0,0.0,70,Greed,8336420.6,834085981.572,-0.362197354801398,-0.3144040881137975,0.00012898,-0.00014033000000000003,107.88,0.09707294873506445,0.06639134341414153,0.052039369126281015,0.052263539209964044,0.05050917571553954
2023-12-24,2057.10009765625,73.55999755859375,2.609999895095825,4754.6298828125,13.029999732971191,0.0,0.0,0.0,0.0,0.0,71,Greed,12261699.03,1381818060.2829,0.38584656451140703,0.5048188536279767,0.00024244999999999998,0.00011346999999999998,112.45,0.041489180133795614,0.0530345473747392,0.05207889775017048,0.05149189902284225,0.052039369126281015
2023-12-25,2057.10009765625,73.55999755859375,2.609999895095825,4754.6298828125,13.029999732971191,0.0,0.0,0.0,0.0,0.0,73,Greed,11114497.92,1304701622.3238,-0.0982301290978025,-0.057425694366049926,0.0003388833333333333,9.643333333333334e-05,120.91,0.07253778878083063,0.05251643893232622,0.052836957641470825,0.050450069586761244,0.05207889775017048
2023-12-26,2058.199951171875,75.56999969482422,2.549999952316284,4774.75,12.989999771118164,0.0005345192470838028,0.026958008447507856,-0.02325684067059258,0.004222761046978559,-0.003074557580709151,71,Greed,12300095.38,1381917663.7165,0.10135664181396234,0.0574977732068581,0.00018881333333333332,-0.00015007,112.49,-0.07218213838142092,0.06870779843603732,0.05510470932687714,0.04913501002865785,0.052836957641470825
2023-12-27,2081.89990234375,74.11000061035156,2.61899995803833,4781.580078125,12.430000305175781,0.011449100696166307,-0.019508890795290112,0.026699209032716793,0.0014294356164229985,-0.044066882988488563,73,Greed,8972638.9,984653333.0384,-0.3154271922647749,-0.3389377918530397,0.00039615,0.0002073366666666667,106.91,-0.050876969779326035,0.07488487578382086,0.055379745223545274,0.05000553903283178,0.05510470932687714
2023-12-28,2073.89990234375,71.7699966430664,2.556999921798706,4783.35009765625,12.470000267028809,-0.0038500458433421737,-0.03208396953053284,-0.023957883777725918,0.0003701061103271183,0.0032128510314717836,73,Greed,10194201.02,1043685011.5619,0.12763920661115777,0.05822337678412911,0.0007489633333333333,0.0003528133333333333,101.8,-0.048977254908986086,0.06763961960942276,0.056490788031835056,0.049515792908007054,0.055379745223545274
2023-12-29,2062.39990234375,71.6500015258789,2.5139999389648438,4769.830078125,12.449999809265137,-0.0055605396969713086,-0.0016733390980195589,-0.01695957983587868,-0.0028304770367338357,-0.0016051735149952427,65,Greed,9432538.67,998024734.4306,-0.07765375866286225,-0.04473494985178344,0.00045187000000000005,-0.0002970933333333333,106.17,0.04203147890905933,0.06761520756889713,0.056652035880183166,0.048958903083908274,0.056490788031835056
2023-12-30,2062.39990234375,71.6500015258789,2.5139999389648438,4769.830078125,12.449999809265137,0.0,0.0,0.0,0.0,0.0,68,Greed,4178339.62,432370368.8049,-0.8142513249752004,-0.8364955038642056,0.00033873666666666666,-0.00011313333333333339,101.9,-0.04104964279680258,0.057976587441294414,0.057622547165594534,0.049652107656189846,0.056652035880183166
2023-12-31,2062.39990234375,71.6500015258789,2.5139999389648438,4769.830078125,12.449999809265137,0.0,0.0,0.0,0.0,0.0,67,Greed,3821990.67,393154901.3442,-0.08914254284336764,-0.09507887092352416,0.0004268366666666667,8.810000000000003e-05,101.72,-0.0017679996747602916,0.05397121963411252,0.05770618732402638,0.04965360180968092,0.057622547165594534
2024-01-01,2062.39990234375,71.6500015258789,2.5139999389648438,4769.830078125,12.449999809265137,0.0,0.0,0.0,0.0,0.0,65,Greed,4403310.37,464763783.1089,0.1415852101790777,0.16732559798563224,0.0003562533333333333,-7.058333333333336e-05,109.91,0.07743790852689017,0.05530103384351793,0.05814483803967933,0.04806013575570547,0.05770618732402638
2024-01-02,2064.39990234375,70.37999725341797,2.568000078201294,4742.830078125,13.199999809265137,0.0009692741355228508,-0.017884082702064517,0.021252330389981228,-0.005676660799723162,0.05849620755206713,71,Greed,7831366.05,872701826.1161,0.5757803435233588,0.6300646634563192,0.0006703733333333333,0.00031412,106.73,-0.02935956815493531,0.049843111224643445,0.0585623310752523,0.04787472410622678,0.05814483803967933
2024-01-03,2034.199951171875,72.69999694824219,2.6679999828338623,4704.81005859375,14.039999961853027,-0.014736982781769346,0.032432249693658995,0.03820170533936121,-0.008048618327197648,0.06169358073792997,70,Greed,12221060.38,1229680872.7649,0.44502376573230423,0.34291601500887,0.00018585666666666665,-0.0004845166666666667,98.52,-0.0800427076735365,0.0550225109407689,0.060840500400498085,0.04589356996988526,0.0585623310752523
2024-01-04,2042.300048828125,72.19000244140625,2.821000099182129,4688.68017578125,14.130000114440918,0.0039740504436172235,-0.0070397765918172265,0.05576234555906608,-0.003434271663317429,0.006389808914936812,68,Greed,7235482.95,737464117.3016,-0.5241636143634223,-0.5112925291420335,0.0001,-8.585666666666664e-05,104.91,0.06284326649105705,0.05850954593937013,0.06123543431663015,0.04459991407858658,0.060840500400498085
2024-01-05,2042.4000244140625,73.80999755859375,2.8929998874664307,4697.240234375,13.350000381469727,4.895124937695209e-05,0.022192624734812802,0.025202519917066235,0.0018240216394339805,-0.05678379137481154,72,Greed,6703567.21,670654588.264,-0.07635730564113856,-0.09496319968137422,0.0001,0.0,99.94,-0.04853283382733521,0.0587876948682878,0.062430117904473344,0.0439708399032145,0.06123543431663015
2024-01-06,2042.4000244140625,73.80999755859375,2.8929998874664307,4697.240234375,13.350000381469727,0.0,0.0,0.0,0.0,0.0,70,Greed,5151478.03,489617161.2686,-0.2633561344983413,-0.3146304506481012,0.0001,0.0,93.77,-0.06372503048452523,0.061436329234422216,0.06241279149020557,0.042372638410390434,0.062430117904473344
2024-01-07,2042.4000244140625,73.80999755859375,2.8929998874664307,4697.240234375,13.350000381469727,0.0,0.0,0.0,0.0,0.0,71,Greed,5547334.15,518106999.3883,0.07403380941135797,0.056558001259532094,0.0001,0.0,89.44,-0.04727696602474476,0.06258531626105444,0.06087829295439733,0.04143699425072976,0.06241279149020557
2024-01-08,2026.5999755859375,70.7699966430664,2.9800000190734863,4763.5400390625,13.079999923706055,-0.007766098913480239,-0.0420590560517803,0.0296293198223867,0.014015945436353141,-0.020432073224587316,71,Greed,9677497.13,898941032.1847,0.5564858278774267,0.5510356561907406,0.0001,0.0,97.88,0.09017422916768186,0.06593088771494715,0.06223101018430826,0.03881484296897066,0.06087829295439733
2024-01-09,2026.4000244140625,72.23999786376953,3.190000057220459,4756.5,12.760000228881836,-9.866823194536253e-05,0.020558744884156332,0.06809762781638924,-0.0014789938523175842,-0.024769044342090624,76,Extreme Greed,8574930.67,856996851.9727,-0.12096039901730346,-0.04778319436450029,0.0001,0.0,99.36,0.015007379610697655,0.0666242618226602,0.06206295970989237,0.03882609322006788,0.06223101018430826
2024-01-10,2021.699951171875,71.37000274658203,3.0390000343322754,4783.4501953125,12.6899995803833,-0.0023221142671955622,-0.01211622807075257,-0.0484924095023172,0.005649980650495912,-0.005501047194517584,73,Greed,8634280.07,844272802.6054,0.006897426754733585,-0.01495857707477587,0.0001,0.0,102.0,0.026223195099102346,0.059823111464358154,0.06056273074192884,0.03920845106558396,0.06206295970989237
2024-01-11,2014.300048828125,72.0199966430664,3.0969998836517334,4780.240234375,12.4399995803833,-0.0036669527431482853,0.009066160142917532,0.018905338191126064,-0.0006712808369611647,-0.019897195079787117,76,Extreme Greed,8986682.95,917867725.4233,0.04000347467511808,0.0835776220801815,0.0001,0.0,99.9,-0.020803127629763173,0.0544463058429089,0.06050401890820487,0.039100777368418264,0.06056273074192884
2024-01-12,2046.699951171875,72.68000030517578,3.312999963760376,4783.830078125,12.699999809265137,0.015956951403282443,0.009122436117268835,0.06742024895613598,0.0007506937530339595,0.02068492486626542,71,Greed,6462190.24,617727525.6966,-0.3297755025470921,-0.39600582698271103,0.0001,0.0,92.12,-0.08107761070202343,0.059719106489764265,0.06276600381735115,0.03592704517632107,0.06050401890820487
2024-01-13,2046.699951171875,72.68000030517578,3.312999963760376,4783.830078125,12.699999809265137,0.0,0.0,0.0,0.0,0.0,64,Greed,4054010.92,378014581.5299,-0.46626156510878736,-0.49111469295149357,0.0001,0.0,95.85,0.03969239453916903,0.05743467699623355,0.06201450220416014,0.035877295181005665,0.06276600381735115
2024-01-14,2046.699951171875,72.68000030517578,3.312999963760376,4783.830078125,12.699999809265137,0.0,0.0,0.0,0.0,0.0,60,Greed,5767904.66,563898813.3397,0.3526021290577312,0.39994205607868183,0.0001,0.0,93.81,-0.021513009353793775,0.05441174104793003,0.061534909298113026,0.03552495168819914,0.06201450220416014
2024-01-15,2046.699951171875,72.68000030517578,3.312999963760376,4783.830078125,12.699999809265137,0.0,0.0,0.0,0.0,0.0,52,Neutral,3605978.31,343222588.9155,-0.46971576093183304,-0.49649564246396066,0.0001,0.0,94.36,0.005845794401614637,0.040414660052859416,0.06151816473354959,0.03603481220484956,0.061534909298113026
2024-01-16,2026.0,72.4000015258789,2.9000000953674316,4765.97998046875,13.84000015258789,-0.010165310319773104,-0.0038599272595207343,-0.133143342501397,-0.0037383190523568345,0.08596098276860784,64,Greed,3768288.08,364626155.0271,0.04402769835607923,0.060493411928955354,0.0001,0.0,97.61,0.03386269264739939,0.04255985454793797,0.06101360459149959,0.03629223030368089,0.06151816473354959
2024-01-17,2002.5999755859375,72.55999755859375,2.869999885559082,4739.2099609375,14.789999961853027,-0.011617081726109013,0.002207451692811289,-0.010398779981104425,-0.005632731271107821,0.06638831292880744,60,Greed,6932306.54,694509428.5928,0.6095717837356058,0.6443331422946137,0.0001,0.0,102.1,0.04497277798374611,0.04518095779160874,0.06093340215632721,0.03597625796057741,0.06101360459149959
2024-01-18,2018.5999755859375,74.08000183105469,2.697000026702881,4780.93994140625,14.130000114440918,0.007957865627687473,0.020731842895027334,-0.06217193583809484,0.008766720726243148,-0.04565106934788655,63,Greed,6216673.0,605242236.5343,-0.1089577156917272,-0.13757696932823593,0.0001,0.0,94.4,-0.0784116520191648,0.05401474128999729,0.06285754218387311,0.03273166480360403,0.06093340215632721
2024-01-19,2026.5,73.41000366210938,2.5190000534057617,4839.81005859375,13.300000190734863,0.0039059773581561485,-0.009085399046793905,-0.06827803548690115,0.012238308232548512,-0.06053615522690582,51,Neutral,6357442.75,586831116.74,0.022391336973567155,-0.030891696152709126,0.0001,0.0,93.62,-0.008297037279530455,0.04363038004048091,0.059356396498103,0.03295122640886968,0.06285754218387311
2024-01-20,2026.5,73.41000366210938,2.5190000534057617,4839.81005859375,13.300000190734863,0.0,0.0,0.0,0.0,0.0,52,Neutral,2799385.87,258219863.8251,-0.8202261521800299,-0.8209256653224138,0.0001,0.0,92.88,-0.007935698482288568,0.0404245874780925,0.0542305770349278,0.03292923437755914,0.059356396498103
2024-01-21,2026.5,73.41000366210938,2.5190000534057617,4839.81005859375,13.300000190734863,0.0,0.0,0.0,0.0,0.0,56,Greed,2013751.83,186423090.0921,-0.329400496720527,-0.32579263892201915,0.0001,0.0,91.09,-0.019460308632917454,0.04028778980771104,0.05372429257943291,0.03323999555576958,0.0542305770349278
2024-01-22,2019.800048828125,75.19000244140625,2.4189999103546143,4850.43017578125,13.1899995803833,-0.003311646301174295,0.02395805985137076,-0.04050782400262055,0.0021919211872316853,-0.008305114652697272,55,Greed,7065444.82,613926823.3588,1.255216410969289,1.191856972382813,0.0001,0.0,83.84,-0.08293780818398647,0.04951547010616828,0.052263539209964044,0.029604176805376022,0.05372429257943291
2024-01-23,2023.699951171875,74.37000274658203,2.450000047683716,4864.60009765625,12.550000190734863,0.0019289741822805175,-0.010965604213236486,0.012733849450348387,0.002917115340764486,-0.0497382541401881,50,Neutral,8284305.33,677658028.8172,0.15914682542202,0.09876703757412701,0.0001,0.0,84.35,0.006064588419245066,0.04573758437010019,0.05149189902284225,0.030455341723944006,0.052263539209964044
2024-01-24,2013.9000244140625,75.08999633789062,2.6410000324249268,4868.5498046875,13.140000343322754,-0.004854342213876016,0.009634673695664826,0.07506960157313708,0.0008115989762168653,0.04594035840873762,48,Neutral,6058894.15,522038046.019,-0.31283550072153704,-0.2609023081008322,0.0001,0.0,88.77,0.0510739460882507,0.04723479301948091,0.050450069586761244,0.029559195794291924,0.05149189902284225
2024-01-25,2016.9000244140625,77.36000061035156,2.571000099182129,4894.16015625,13.449999809265137,0.0014885385122534204,0.029782513692605563,-0.026862678731504594,0.00524657813497798,0.023318052682289685,52,Neutral,4002698.2,350394786.4719,-0.41455861621743545,-0.39867999015921274,0.0001,0.0,86.91,-0.021175654630859218,0.03980504681450007,0.04913501002865785,0.02988796886853168,0.050450069586761244
2024-01-26,2016.800048828125,78.01000213623047,2.7119998931884766,4890.97021484375,13.260000228881836,-4.9570163444326434e-05,0.0083671919494853,0.05339136383235922,-0.0006519977554263648,-0.014227089848027405,49,Neutral,4693818.55,425941268.207,0.15927775723766113,0.19524098854470429,9.333000000000002e-05,-6.669999999999989e-06,92.28,0.05995433285618432,0.04826821819035017,0.05000553903283178,0.028147833988149115,0.04913501002865785
2024-01-27,2016.800048828125,78.01000213623047,2.7119998931884766,4890.97021484375,13.260000228881836,0.0,0.0,0.0,0.0,0.0,55,Greed,2735837.45,253216534.3118,-0.5398088545052993,-0.520056479178617,0.0001,6.669999999999989e-06,94.28,0.021441644762377376,0.04894454434097192,0.049515792908007054,0.02982999610297178,0.05000553903283178
2024-01-28,2016.800048828125,78.01000213623047,2.7119998931884766,4890.97021484375,13.260000228881836,0.0,0.0,0.0,0.0,0.0,54,Neutral,5618408.23,541703113.8627,0.7196108042457852,0.7604731014357955,7.156666666666667e-05,-2.8433333333333338e-05,95.98,0.01787075836216913,0.04822760695011312,0.048958903083908274,0.02992956171626697,0.049515792908007054
2024-01-29,2025.199951171875,76.77999877929688,2.490000009536743,4927.93017578125,13.600000381469727,0.004156315901078261,-0.01589287731034141,-0.08540361638673473,0.007528365505246204,0.0253178187724606,55,Greed,5772519.82,569954869.7252,0.02706030507017804,0.0508390908101263,7.976333333333334e-05,8.196666666666669e-06,101.68,0.057690790451099073,0.030217807720717034,0.049652107656189846,0.03276506547533494,0.048958903083908274
2024-01-30,2031.5,77.81999969482422,2.0769999027252197,4924.97021484375,13.3100004196167,0.003105999442300761,0.013454289960908507,-0.1813582162469301,-0.0006008303969786162,-0.021554156857807073,61,Greed,6990527.25,726848061.3678,0.19144728682400672,0.24316027992589412,8.111e-05,1.346666666666665e-06,101.4,-0.0027575357241158703,0.031423659198902,0.04965360180968092,0.03392284004424075,0.049652107656189846
2024-01-31,2048.39990234375,75.8499984741211,2.0999999046325684,4845.64990234375,14.350000381469727,0.008284516486208303,-0.02564077795736542,0.011012801256610156,-0.016236851740733683,0.07523430485544245,60,Greed,8609956.87,859420024.3337,0.20836332654994097,0.16754030973525774,8.567333333333334e-05,4.563333333333338e-06,96.96,-0.04477456883607861,0.03883739036919774,0.04806013575570547,0.03268804822646123,0.04965360180968092
2024-02-01,2053.0,73.81999969482422,2.049999952316284,4906.18994140625,13.880000114440918,0.0022431851049437793,-0.027127992209682653,-0.024097529426346284,0.012416286114049784,-0.0333010054652046,63,Greed,6556006.07,627562058.6994,-0.272537722384984,-0.31441520699290854,7.533666666666667e-05,-1.0336666666666672e-05,97.81,0.00872829898139722,0.03604644657674796,0.04787472410622678,0.03270092291417839,0.04806013575570547
2024-02-02,2036.0999755859375,72.27999877929688,2.0789999961853027,4958.60986328125,13.850000381469727,-0.008265936631712222,-0.02108224463230448,0.01404723715103721,0.01062777072263312,-0.0021637031473936137,63,Greed,5487861.84,548625813.6662,-0.1778428715710106,-0.13442593333341757,0.0001,2.466333333333334e-05,100.58,0.027926609441417068,0.03140093029307293,0.04589356996988526,0.032545958884103214,0.04787472410622678
2024-02-03,2036.0999755859375,72.27999877929688,2.0789999961853027,4958.60986328125,13.850000381469727,0.0,0.0,0.0,0.0,0.0,60,Greed,2787373.11,274762025.0328,-0.6774391005056883,-0.69151127160182,9.908666666666667e-05,-9.133333333333302e-07,97.96,-0.02639419865985171,0.034164410773486656,0.04459991407858658,0.03196765831115826,0.04589356996988526
2024-02-04,2036.0999755859375,72.27999877929688,2.0789999961853027,4958.60986328125,13.850000381469727,0.0,0.0,0.0,0.0,0.0,60,Greed,2914876.34,282911440.8033,0.04472778227332773,0.029228559140424482,0.0001,9.133333333333302e-07,95.49,-0.02553770212185586,0.03545362594023724,0.0439708399032145,0.033974214893206796,0.04459991407858658
2024-02-05,2025.699951171875,72.77999877929688,2.0820000171661377,4942.81005859375,13.670000076293945,-0.005120905671782916,0.006893726576010502,0.001441971396795338,-0.0031914247092839714,-0.013081603859306986,60,Greed,3891146.06,375072768.1381,0.28887633425866377,0.28198613686698226,0.0001,0.0,95.66,0.0017787082900397946,0.024793598974273336,0.042372638410390434,0.03449272001098706,0.0439708399032145
2024-02-06,2034.5,73.30999755859375,2.009000062942505,4954.22998046875,13.0600004196167,0.004334792726306237,0.007255816521489378,-0.035691861274736926,0.0023077459317481074,-0.045649500338780576,64,Greed,4279238.07,408309176.2014,0.09507124151216433,0.08490461672384636,8.538666666666667e-05,-1.4613333333333338e-05,96.88,0.012672860992685917,0.02606524688399175,0.04143699425072976,0.037792271175952234,0.042372638410390434
2024-02-07,2035.199951171875,73.86000061035156,1.9670000076293945,4995.06005859375,12.829999923706055,0.0003439817122514089,0.007474425755050153,-0.021127573877445384,0.008207682594008628,-0.017767983297182415,62,Greed,4577672.06,446039059.9197,0.06741561234523336,0.08838185424302587,0.0001,1.4613333333333338e-05,101.14,0.04303259640700026,0.025709868473344246,0.03881484296897066,0.0373821116601892,0.04143699425072976
2024-02-08,2032.199951171875,76.22000122070312,1.9170000553131104,4997.91015625,12.789999961853027,-0.0014751441294395143,0.031452493773191474,-0.025748050368114776,0.000570420540090595,-0.003122560072828745,66,Greed,5082811.46,521415121.7323,0.10467396044520731,0.15613997676989919,0.0001,0.0,102.76,0.015890476589846006,0.025976302900968015,0.03882609322006788,0.037478749277016235,0.03881484296897066
2024-02-09,2023.300048828125,76.83999633789062,1.847000002861023,5026.60986328125,12.930000305175781,-0.004389060106493958,0.008101378780224825,-0.03719879015138931,0.0057259171287955156,0.010886603777725476,72,Greed,6686758.45,705846559.5141,0.27426467458402676,0.30285137282273505,6.714666666666667e-05,-3.285333333333334e-05,106.94,0.0398717572789025,0.027897416149400493,0.03920845106558396,0.037130322271855025,0.03882609322006788
2024-02-10,2023.300048828125,76.83999633789062,1.847000002861023,5026.60986328125,12.930000305175781,0.0,0.0,0.0,0.0,0.0,74,Greed,3939526.49,429171975.2434,-0.5290686842079341,-0.4975401627807705,0.0001,3.285333333333334e-05,109.01,0.019171691619681634,0.023258134890322395,0.039100777368418264,0.03728006433819922,0.03920845106558396
2024-02-11,2023.300048828125,76.83999633789062,1.847000002861023,5026.60986328125,12.930000305175781,0.0,0.0,0.0,0.0,0.0,71,Greed,2755398.4,300070898.8657,-0.35749849393432603,-0.35783893700535957,0.0001,0.0,107.46,-0.01432093583959186,0.020157947446989455,0.03592704517632107,0.03699279323730514,0.039100777368418264
2024-02-12,2018.199951171875,76.91999816894531,1.7680000066757202,5021.83984375,13.930000305175781,-0.002523865081532603,0.0010406066744543267,-0.043713734774802185,-0.0009494041426524416,0.07449459331360889,70,Greed,6169652.05,665452212.1685,0.8060804005356855,0.7964480515595681,0.0001,0.0,111.64,0.038160723367446074,0.020307787939282857,0.035877295181005665,0.03888319406563102,0.03592704517632107
2024-02-13,1992.9000244140625,77.87000274658203,1.6890000104904175,4953.169921875,15.850000381469727,-0.012615124246704407,0.012274907944354303,-0.045712323954625725,-0.013768609419845444,0.1291247146912568,79,Extreme Greed,5622825.56,631903077.7933,-0.09280813624289107,-0.051730803382337535,0.00011388666666666665,1.388666666666665e-05,112.48,0.0074960193942334346,0.020795382701027838,0.03552495168819914,0.04048149041249965,0.035877295181005665
2024-02-14,1990.300048828125,76.63999938964844,1.6089999675750732,5000.6201171875,14.380000114440918,-0.0013054709316034623,-0.01592167916154222,-0.0485237961786628,0.009534168304216807,-0.09733116413954013,74,Greed,4884824.42,563977441.6739,-0.1407009640759322,-0.11372177079827116,0.00016408333333333333,5.0196666666666673e-05,116.97,0.03914206360026086,0.02016095120548653,0.03603481220484956,0.04050997286226474,0.03552495168819914
2024-02-15,2002.0999755859375,78.02999877929688,1.5809999704360962,5029.72998046875,14.010000228881836,0.005911211825204104,0.017974226785918826,-0.017555308330184576,0.00580437267404004,-0.02606698356529103,72,Greed,4927735.5,567749563.9749,0.00874620973405341,0.006666159331462135,0.0001383466666666667,-2.573666666666664e-05,113.5,-0.03011465474115827,0.02799450956851506,0.03629223030368089,0.039906369908166914,0.03603481220484956
2024-02-16,2011.5,79.19000244140625,1.6089999675750732,5005.56982421875,14.239999771118164,0.004684094906416618,0.014756706567403265,0.017555308330184618,-0.0048150435759610425,0.016283513224718212,72,Greed,3947132.77,438070793.2023,-0.22189011757997634,-0.2592998873657755,0.0002379066666666667,9.956e-05,110.33,-0.02832696214924265,0.02940337492770151,0.03597625796057741,0.04207004041361114,0.03629223030368089
2024-02-17,2011.5,79.19000244140625,1.6089999675750732,5005.56982421875,14.239999771118164,0.0,0.0,0.0,0.0,0.0,76,Extreme Greed,2897705.67,314210779.8993,-0.3090701587275839,-0.33231649136217056,0.00029328666666666667,5.5379999999999975e-05,108.92,-0.012862206966655871,0.029224047137998158,0.03273166480360403,0.042640703275067436,0.03597625796057741
2024-02-18,2011.5,79.19000244140625,1.6089999675750732,5005.56982421875,14.239999771118164,0.0,0.0,0.0,0.0,0.0,72,Greed,3083833.73,343205223.4657,0.06225426490569894,0.08826455311680899,0.00021454666666666667,-7.874e-05,112.24,0.03002576798864668,0.030414484473254302,0.03295122640886968,0.05187521176748612,0.03273166480360403
2024-02-19,2011.5,79.19000244140625,1.6089999675750732,5005.56982421875,14.239999771118164,0.0,0.0,0.0,0.0,0.0,75,Greed,3746704.95,422129836.0457,0.1947032332174566,0.2069843476841596,0.0003058,9.125333333333334e-05,111.53,-0.006345822787759885,0.02709463174093217,0.03292923437755914,0.05530473417956742,0.03295122640886968
2024-02-20,2027.5,78.18000030517578,1.5759999752044678,4975.509765625,15.420000076293945,0.007922794599725029,-0.012836194783739074,-0.020722872155541413,-0.0060234264658172495,0.0796104831722431,72,Greed,5676734.13,614703000.8099,0.41549931654089184,0.3758262905775306,0.00036382,5.801999999999999e-05,108.31,-0.029296127158799805,0.028876299846542556,0.03323999555576958,0.05679243619632872,0.03292923437755914
2024-02-21,2022.300048828125,77.91000366210938,1.7730000019073486,4981.7998046875,15.34000015258789,-0.002568005317217988,-0.0034595029211889807,0.117783052465364,0.0012634014951035982,-0.005201567196740616,78,Extreme Greed,4752688.01,493622986.4706,-0.1776657354282353,-0.2193671851164882,0.00019765000000000003,-0.00016616999999999996,105.03,-0.030751462212961798,0.022227286955493974,0.029604176805376022,0.05660964070049859,0.03323999555576958
2024-02-22,2019.699951171875,78.61000061035156,1.7319999933242798,5087.02978515625,14.539999961853027,-0.0012865403339371805,0.008944564222842582,-0.023396221881944092,0.02090288866640342,-0.05356033640438439,74,Greed,3905642.33,408028903.1197,-0.19628809594810376,-0.19043402765687625,0.00018579666666666668,-1.1853333333333358e-05,101.76,-0.03162892404287193,0.022401259860119066,0.030455341723944006,0.05619078054813408,0.029604176805376022
2024-02-23,2038.5999755859375,76.48999786376953,1.6030000448226929,5088.7998046875,13.75,0.009314324420003009,-0.02733894016442214,-0.07739990469673122,0.000347887026502183,-0.055864645369204845,76,Extreme Greed,3546853.99,359325149.9384,-0.09636124830135755,-0.12711032415955478,0.00025362333333333334,6.782666666666667e-05,99.9,-0.018447413937304195,0.021767892877217292,0.029559195794291924,0.05635578255142465,0.030455341723944006
2024-02-24,2038.5999755859375,76.48999786376953,1.6030000448226929,5088.7998046875,13.75,0.0,0.0,0.0,0.0,0.0,72,Greed,2334116.02,237972991.0225,-0.4184277692963575,-0.4120705045821189,0.00028825000000000004,3.46266666666667e-05,104.01,0.04031736271053387,0.030022117436038227,0.02988796886853168,0.05624715344522161,0.029559195794291924
2024-02-25,2038.5999755859375,76.48999786376953,1.6030000448226929,5088.7998046875,13.75,0.0,0.0,0.0,0.0,0.0,74,Greed,1967184.81,202983222.2078,-0.17102975102837714,-0.15903385772954912,0.0003715533333333333,8.330333333333328e-05,103.47,-0.005205332748182605,0.025468553950084395,0.028147833988149115,0.056097250857935516,0.02988796886853168
2024-02-26,2028.5,77.58000183105469,1.659000039100647,5069.52978515625,13.739999771118164,-0.004966682111913958,0.014149700208427214,0.03433813318794164,-0.003793939244668484,-0.0007275539764438033,72,Greed,5392138.71,570413289.4648,1.008338608172265,1.0332378409258896,0.00049793,0.00012637666666666673,109.9,0.06028914579271653,0.037418827940259664,0.02982999610297178,0.05608640292732446,0.028147833988149115
2024-02-27,2034.0,78.87000274658203,1.6150000095367432,5078.18017578125,13.430000305175781,0.0027076939620032797,0.016491276620096248,-0.026880072197387854,0.001704895538720964,-0.02282023687755186,79,Extreme Greed,6198163.52,679932921.2006,0.13931094329414923,0.17563298068176858,0.0006029366666666667,0.00010500666666666669,108.36,-0.014111844192681426,0.03599265755454648,0.02992956171626697,0.05576610502211921,0.02982999610297178
2024-02-28,2033.0,78.54000091552734,1.8849999904632568,5069.759765625,13.84000015258789,-0.0004917629801586159,-0.0041929014273732485,0.15459285326096994,-0.001659531321112244,0.03007192795607551,82,Extreme Greed,11832282.01,1332835060.4958,0.6465785179193893,0.6730694289496417,0.00050635,-9.658666666666671e-05,119.03,0.09391654496289407,0.047277112460836004,0.03276506547533494,0.0539279620264951,0.02992956171626697
2024-02-29,2045.699951171875,78.26000213623047,1.8600000143051147,5096.27001953125,13.399999618530273,0.006227470697706523,-0.0035714167278449132,-0.013351320424662099,0.0052154704557999644,-0.03230828272568483,80,Extreme Greed,13847087.32,1758043857.4217,0.15724334907074164,0.2768934483120016,0.0008981733333333334,0.0003918233333333334,125.68,0.05436343176757736,0.043272439681888264,0.03392284004424075,0.053440762995271535,0.03276506547533494
2024-03-01,2086.89990234375,79.97000122070312,1.8350000381469727,5137.080078125,13.109999656677246,0.019939659139843434,0.02161493552946405,-0.013531993120957394,0.007975936433387976,-0.021879406901220193,80,Extreme Greed,8376631.09,1112504025.3327,-0.502629092948398,-0.45758839296236004,0.0006281699999999999,-0.0002700033333333335,129.43,0.029401200506981078,0.037739951022353196,0.03268804822646123,0.05360425090356431,0.03392284004424075
2024-03-02,2086.89990234375,79.97000122070312,1.8350000381469727,5137.080078125,13.109999656677246,0.0,0.0,0.0,0.0,0.0,80,Extreme Greed,4693251.94,605833422.1776,-0.5793200961815087,-0.6077635649228464,0.0007063833333333334,7.821333333333342e-05,130.02,0.00454809032197586,0.039591384390196264,0.03270092291417839,0.054948118889995595,0.03268804822646123
2024-03-03,2086.89990234375,79.97000122070312,1.8350000381469727,5137.080078125,13.109999656677246,0.0,0.0,0.0,0.0,0.0,83,Extreme Greed,5228370.86,674383368.58,0.10797401092508858,0.10719367793428537,0.0006297066666666667,-7.667666666666666e-05,130.16,0.0010761781344596146,0.03867106814304771,0.032545958884103214,0.05640165229759681,0.03270092291417839
2024-03-04,2117.699951171875,78.73999786376953,1.9160000085830688,5130.9501953125,13.489999771118164,0.014650906546489963,-0.015500321222901771,0.04319518173327539,-0.0011939745749630112,0.028573381665131348,82,Extreme Greed,8053684.79,1054037091.2205,0.43202999408169174,0.44658417407154005,0.0007200266666666667,9.031999999999996e-05,133.27,0.02361268268085325,0.03676063996991052,0.03196765831115826,0.05637363729623803,0.032545958884103214
2024-03-05,2133.5,78.1500015258789,1.9570000171661377,5078.64990234375,14.460000038146973,0.007433252615668022,-0.0075211819929224405,0.021173013157248764,-0.010245406275917994,0.06943756611583544,90,Extreme Greed,17035242.52,2212988765.0951,0.7491545629947133,0.7417163438689258,0.0010181633333333333,0.0002981366666666666,125.31,-0.061586478414442,0.04829613543659536,0.033974214893206796,0.05479547268217779,0.03196765831115826
2024-03-06,2150.300048828125,79.12999725341797,1.9290000200271606,5104.759765625,14.5,0.00784356635087546,0.012461958518870208,-0.014410952879860179,0.005127932853001643,0.0027624300578069465,75,Greed,9581617.48,1233993440.9801,-0.5754378706038932,-0.5840883740622655,0.0002818333333333333,-0.0007363299999999999,130.79,0.042802316323867336,0.03820125695227557,0.03449272001098706,0.055799369315196856,0.033974214893206796
2024-03-07,2158.0,78.93000030517578,1.8179999589920044,5157.35986328125,14.4399995803833,0.0035744768391498196,-0.0025306473246359336,-0.05926477110710492,0.010251402284983627,-0.004146545021177181,82,Extreme Greed,10952975.3,1553231320.4747,0.13376471926967548,0.23008187358076812,0.00048551999999999997,0.00020368666666666666,143.82,0.09496953417328696,0.04741871773735067,0.037792271175952234,0.053516751707398766,0.03449272001098706
2024-03-08,2178.60009765625,78.01000213623047,1.8049999475479126,5123.68994140625,14.739999771118164,0.009500646655496024,-0.01172433660244081,-0.007176410473117975,-0.006549922992050337,0.020562766827898746,81,Extreme Greed,8096745.65,1186459433.4229,-0.3021489269075181,-0.26936387760928177,0.0005610333333333333,7.551333333333335e-05,144.79,0.00672189911898227,0.047385146999685,0.0373821116601892,0.053518708306289464,0.037792271175952234
2024-03-09,2178.60009765625,78.01000213623047,1.8049999475479126,5123.68994140625,14.739999771118164,0.0,0.0,0.0,0.0,0.0,84,Extreme Greed,3686876.81,539026432.734,-0.7866825026358706,-0.7889642751421789,0.0004047933333333334,-0.00015623999999999993,144.29,-0.003459253484165936,0.04780306745903829,0.037478749277016235,0.05348143733723641,0.0373821116601892
2024-03-10,2178.60009765625,78.01000213623047,1.8049999475479126,5123.68994140625,14.739999771118164,0.0,0.0,0.0,0.0,0.0,79,Extreme Greed,4489519.25,651013489.9828,0.19696591804638913,0.18876575390427788,0.0005298766666666667,0.00012508333333333333,144.39,0.000692808673963239,0.04782172958320639,0.037130322271855025,0.054384867549032594,0.037478749277016235
2024-03-11,2182.5,77.93000030517578,1.7589999437332153,5117.93994140625,15.220000267028809,0.001788495240181465,-0.0010260592127867838,-0.02581512895803399,-0.0011228682680281005,0.03204549874488908,82,Extreme Greed,7743384.35,1126194337.6658,0.5450932218035608,0.5480690210512764,0.0005700566666666666,4.01799999999999e-05,148.83,0.030286742997939774,0.0480919721901134,0.03728006433819922,0.05418970000830938,0.037130322271855025
2024-03-12,2160.39990234375,77.55999755859375,1.7139999866485596,5175.27001953125,13.84000015258789,-0.010177664197878154,-0.004759192874689783,-0.025915621381532188,0.011139512586668012,-0.0950474087634793,81,Extreme Greed,8930538.0,1337735992.299,0.1426377928785526,0.1721345210613941,0.00066976,9.97033333333334e-05,151.05,0.014806192851613695,0.03430116479668937,0.03699279323730514,0.05419040443630066,0.03728006433819922
2024-03-13,2175.39990234375,79.72000122070312,1.6579999923706055,5165.31005859375,13.75,0.006919166252700285,0.02746871176017195,-0.033217760274411076,-0.0019263840021219723,-0.006524137102079705,81,Extreme Greed,7627285.95,1188025236.9035,-0.15774456514952148,-0.11868616316460692,0.0006616399999999999,-8.120000000000132e-06,163.9,0.08164557791710296,0.040009361081925945,0.03888319406563102,0.05659450712559074,0.03699279323730514
2024-03-14,2163.0,81.26000213623047,1.7410000562667847,5150.47998046875,14.399999618530273,-0.0057163638155206895,0.01913340619143594,0.04884764099317167,-0.002875221051495188,0.04618935597842095,88,Extreme Greed,10423585.86,1755161226.801,0.31233903527812534,0.39026825592179604,0.0005240833333333333,-0.00013755666666666658,176.65,0.07491388805537026,0.03519707444469543,0.04048149041249965,0.057420445989110995,0.03888319406563102
2024-03-15,2157.300048828125,81.04000091552734,1.6549999713897705,5117.08984375,14.40999984741211,-0.0026386845425951824,-0.0027110456107564012,-0.05065870156283177,-0.0065040228597376655,0.0006942193314014823,83,Extreme Greed,17484961.6,3111253071.4139,0.5172700647819287,0.5724648420739079,0.00041595,-0.00010813333333333332,183.95,0.04049360774562904,0.03386418354468629,0.04050997286226474,0.05944266745535126,0.04048149041249965
2024-03-16,2157.300048828125,81.04000091552734,1.6549999713897705,5117.08984375,14.40999984741211,0.0,0.0,0.0,0.0,0.0,81,Extreme Greed,13017058.01,2445058679.4621,-0.29508052239040256,-0.24095643947644302,0.00016905666666666667,-0.00024689333333333336,182.05,-0.010382606929340826,0.03522120351297604,0.039906369908166914,0.061276857377229446,0.04050997286226474
2024-03-17,2157.300048828125,81.04000091552734,1.6549999713897705,5117.08984375,14.40999984741211,0.0,0.0,0.0,0.0,0.0,79,Extreme Greed,10524537.06,2004364577.5184,-0.21255125815139508,-0.1987420308331753,0.00018322,1.4163333333333327e-05,201.86,0.10329301318927102,0.04040221821743729,0.04207004041361114,0.05748566684296759,0.039906369908166914
2024-03-18,2160.699951171875,82.72000122070312,1.7029999494552612,5149.419921875,14.329999923706055,0.0015747582428707817,0.020518554279512564,0.02859038045884932,0.006298184238480456,-0.00556716290639392,77,Extreme Greed,11583736.08,2344955653.1751,0.09589265843166357,0.15693939890778294,0.00027027,8.705000000000003e-05,195.92,-0.02986797516680125,0.05001756128093304,0.042640703275067436,0.057516243582604626,0.04207004041361114
2024-03-19,2156.300048828125,83.47000122070312,1.74399995803833,5178.509765625,13.819999694824219,-0.0020384080923120792,0.009025874969930351,0.023789929425469362,0.00563325304434312,-0.036238440258669194,79,Extreme Greed,16935298.87,3057454424.4943,0.37979808194549564,0.26531619184031435,0.00017075666666666666,-9.951333333333337e-05,169.82,-0.14296736007269487,0.08570003199372313,0.05187521176748612,0.05421847431859994,0.042640703275067436
2024-03-20,2157.89990234375,81.68000030517578,1.6990000009536743,5224.6201171875,13.039999961853027,0.0007416687251718953,-0.021678122894452184,-0.026141458175087,0.008864765516360184,-0.05809524268421421,74,Greed,12365784.68,2168361320.8378,-0.31446677545478424,-0.3436109517397087,0.00016192,-8.836666666666663e-06,191.77,0.12155768471420704,0.09184589373634787,0.05530473417956742,0.04863807842382925,0.05187521176748612
2024-03-21,2182.39990234375,81.06999969482422,1.6829999685287476,5241.52978515625,12.920000076293945,0.01128966261576579,-0.007496202357379792,-0.009461946741937635,0.003231309094528888,-0.009245049313565606,78,Extreme Greed,8064316.56,1503728905.9272,-0.42748439221446183,-0.3660237700317801,0.00020401333333333333,4.209333333333334e-05,179.46,-0.06634439541551264,0.09388912554105897,0.05679243619632872,0.049022333705085505,0.05530473417956742
2024-03-22,2158.10009765625,80.62999725341797,1.659000039100647,5234.18017578125,13.0600004196167,-0.011196893703511956,-0.00544222060235778,-0.01436286173206055,-0.0014031718343267125,0.010777651718640221,75,Greed,6152106.89,1071851931.7356,-0.2706543596210456,-0.3385600308345511,0.00015018333333333332,-5.383000000000002e-05,175.21,-0.023967087370915522,0.09266675145950869,0.05660964070049859,0.048942509146436615,0.05679243619632872
2024-03-23,2158.10009765625,80.62999725341797,1.659000039100647,5234.18017578125,13.0600004196167,0.0,0.0,0.0,0.0,0.0,73,Greed,3504716.61,614080772.8799,-0.5626849427391325,-0.5570167372932561,0.00015725333333333334,7.0700000000000255e-06,172.65,-0.014718830662994795,0.09270797447349798,0.05619078054813408,0.05006180134007665,0.05660964070049859
2024-03-24,2158.10009765625,80.62999725341797,1.659000039100647,5234.18017578125,13.0600004196167,0.0,0.0,0.0,0.0,0.0,74,Greed,3578259.38,633069986.073,0.0207668113211714,0.030454507132570908,0.00019611333333333333,3.885999999999999e-05,183.88,0.06301694710202592,0.08566260961541074,0.05635578255142465,0.04850129672167227,0.05619078054813408
2024-03-25,2174.800048828125,81.94999694824219,1.6150000095367432,5218.18994140625,13.1899995803833,0.00770847852509448,0.016238513317663482,-0.026880072197387854,-0.0030596403820319297,0.009904778937777805,75,Greed,5240091.85,990571953.4972,0.3814625513333882,0.44770152856251644,0.00019777666666666665,1.6633333333333214e-06,188.99,0.02741073266891904,0.08655036608520371,0.05624715344522161,0.04862465311564342,0.05635578255142465
2024-03-26,2175.60009765625,81.62000274658203,1.5750000476837158,5203.580078125,13.239999771118164,0.0003678047123048936,-0.004034904322067613,-0.025079660026752947,-0.002803721982805726,0.003783598305736472,81,Extreme Greed,4465611.36,855869951.7265,-0.1599328991175168,-0.14616406806496351,0.0002838233333333333,8.604666666666666e-05,190.46,0.007748095158953927,0.06174124377874475,0.056097250857935516,0.048575470796442095,0.05624715344522161
2024-03-27,2190.60009765625,81.3499984741211,1.718000054359436,5248.490234375,12.779999732971191,0.006870990033479146,-0.0033135487204207707,0.08690555265020734,0.008593595582706042,-0.03536110516659866,83,Extreme Greed,5173929.09,963119325.2371,0.1472262509183782,0.11805887497872604,0.0003258966666666667,4.2073333333333377e-05,186.33,-0.02192290352657861,0.04150796859195491,0.05608640292732446,0.04884046606300929,0.056097250857935516
2024-03-28,2217.39990234375,83.16999816894531,1.7630000114440918,5254.35009765625,13.010000228881836,0.012159770828042574,0.022125868956704677,0.025856054703814992,0.0011158627007616052,0.017836882062060327,80,Extreme Greed,3602194.14,670716258.4836,-0.3620892354702771,-0.3618311301466316,0.00034406,1.816333333333329e-05,189.63,0.01755550991299571,0.031433321820305844,0.05576610502211921,0.04879048224146272,0.05608640292732446
2024-03-29,2217.39990234375,83.16999816894531,1.7630000114440918,5254.35009765625,13.010000228881836,0.0,0.0,0.0,0.0,0.0,79,Extreme Greed,3580115.76,671638567.4255,-0.006148008050496171,0.0013741658602237636,0.0004041333333333333,6.0073333333333326e-05,192.01,0.012472648852508154,0.02812435213819725,0.0539279620264951,0.04866846527666213,0.05576610502211921
2024-03-30,2217.39990234375,83.16999816894531,1.7630000114440918,5254.35009765625,13.010000228881836,0.0,0.0,0.0,0.0,0.0,75,Greed,3491334.38,684129474.8723,-0.02511112810627104,0.018426840719243293,0.00055206,0.00014792666666666674,194.2,0.01134110185239936,0.025426660379005775,0.053440762995271535,0.04852066373977299,0.0539279620264951
2024-03-31,2217.39990234375,83.16999816894531,1.7630000114440918,5254.35009765625,13.010000228881836,0.0,0.0,0.0,0.0,0.0,75,Greed,2398135.45,474008544.464,-0.37559246739849267,-0.36692184263033045,0.0004789866666666666,-7.307333333333343e-05,202.45,0.04160438662094563,0.019548987472762822,0.05360425090356431,0.04916216462432255,0.053440762995271535
2024-04-01,2236.5,83.70999908447266,1.8370000123977661,5243.77001953125,13.649999618530273,0.008576849575533693,0.006471749870282901,0.041116903074915175,-0.0020156145269577246,0.04802118356729221,79,Extreme Greed,4599776.65,898620905.5771,0.6513162083878181,0.6396359131458702,0.0005307166666666667,5.17300000000001e-05,192.24,-0.05174835104995661,0.030277372420286674,0.054948118889995595,0.050554529037824945,0.05360425090356431
2024-04-02,2261.0,85.1500015258789,1.8619999885559082,5205.81005859375,14.609999656677246,0.010895049405066982,0.01705599129351878,0.013517359726837996,-0.007265388203672426,0.0679667085789778,79,Extreme Greed,5766777.4,1054470061.6503,0.22610566699497756,0.1599323475038402,0.00013903333333333334,-0.00039168333333333336,181.53,-0.05732366212587374,0.03750195913262657,0.05640165229759681,0.05015971015518653,0.054948118889995595
2024-04-03,2294.39990234375,85.43000030517578,1.840999960899353,5211.490234375,14.329999923706055,0.014664135564459967,0.003282905707169063,-0.011342291696614739,0.001090527523337898,-0.01935096574743714,71,Greed,5010275.57,936613348.8762,-0.14062249738727498,-0.11852305934613384,0.00012371333333333333,-1.532000000000001e-05,185.05,0.019205129529825175,0.0379676429126098,0.05637363729623803,0.050824822319605584,0.05640165229759681
2024-04-04,2288.800048828125,86.58999633789062,1.7740000486373901,5147.2099609375,16.350000381469727,-0.002443644773025144,0.013486962431428861,-0.03707196970795173,-0.01241103561926225,0.13187268415873488,70,Greed,3773747.36,698792503.645,-0.28342241510685245,-0.29291669839769574,0.00012271666666666668,-9.966666666666566e-07,184.0,-0.005690301223179418,0.0370820197315354,0.05479547268217779,0.05102376778483809,0.05637363729623803
2024-04-05,2325.699951171875,86.91000366210938,1.784999966621399,5204.33984375,16.030000686645508,0.015993363911782323,0.0036888494189806584,0.006181485227925788,0.011038050135699558,-0.019765911218254613,79,Extreme Greed,5000847.22,873276254.3407,0.2815388396108143,0.22289809759213333,0.0001,-2.2716666666666672e-05,174.37,-0.053756279279583215,0.040389169183701404,0.055799369315196856,0.050281892621295066,0.05479547268217779
2024-04-06,2325.699951171875,86.91000366210938,1.784999966621399,5204.33984375,16.030000686645508,0.0,0.0,0.0,0.0,0.0,75,Greed,2641869.38,467410701.0699,-0.6381205770204613,-0.6250436315969111,0.0001,0.0,178.68,0.02441701815451563,0.04201365433946052,0.053516751707398766,0.05093564061999205,0.055799369315196856
2024-04-07,2325.699951171875,86.91000366210938,1.784999966621399,5204.33984375,16.030000686645508,0.0,0.0,0.0,0.0,0.0,78,Extreme Greed,2235798.23,402864467.6964,-0.1668884508687905,-0.1486081197924088,0.0001,0.0,179.52,0.004690125850413624,0.03607587709819624,0.053518708306289464,0.051127162528235355,0.053516751707398766
2024-04-08,2331.699951171875,86.43000030517578,1.843999981880188,5202.39013671875,15.1899995803833,0.002576546332762105,-0.005538301290720926,0.03251871877593392,-0.0003747011900415767,-0.05382472047334399,76,Extreme Greed,3690701.97,666300708.1333,0.5012183615414282,0.5031408854157505,0.00019217666666666668,9.217666666666667e-05,180.68,0.0064408884520718145,0.033384587161558184,0.05348143733723641,0.05143317095767928,0.053518708306289464
2024-04-09,2343.5,85.2300033569336,1.871999979019165,5209.91015625,14.979999542236328,0.005047944048811655,-0.013981317374481906,0.015070251539649507,0.0014444494736345207,-0.013921341452394936,80,Extreme Greed,3401885.89,595711370.2435,-0.08148672435523775,-0.11198481070250979,0.00012474333333333334,-6.743333333333334e-05,172.42,-0.04679415000462452,0.030988195887387236,0.054384867549032594,0.05282240445110719,0.05348143733723641
2024-04-10,2329.60009765625,86.20999908447266,1.8849999904632568,5160.64013671875,15.800000190734863,-0.005948917440644637,0.011432645681132773,0.006920448993004578,-0.009501981832212592,0.053294004573997446,78,Extreme Greed,4653467.65,789367464.6301,0.3132827214856965,0.28147567541417123,0.0002843333333333333,0.00015958999999999998,173.31,0.005148537679505055,0.0293946438983317,0.05418970000830938,0.05328526149906303,0.054384867549032594
2024-04-11,2354.800048828125,85.0199966430664,1.7640000581741333,5199.06005859375,14.90999984741211,0.010759197967561912,-0.013899686155501469,-0.06634382527756119,0.007417221983342437,-0.0579778335620304,76,Extreme Greed,3761197.49,651891318.369,-0.2128752847823708,-0.19135408864977324,0.00026361,-2.072333333333332e-05,172.37,-0.005438569294983824,0.029400040119323918,0.05419040443630066,0.05328611272015691,0.05418970000830938
2024-04-12,2356.199951171875,85.66000366210938,1.7699999809265137,5123.41015625,17.309999465942383,0.0005943121990892287,0.007499531492312272,0.00339554524662417,-0.014657587802248536,0.14925221979285147,79,Extreme Greed,6842096.22,1093302149.2422,0.5983567615156092,0.5170800318544492,0.00027194666666666666,8.33666666666665e-06,153.16,-0.11816020255720636,0.04909898844505561,0.05659450712559074,0.04891612714735199,0.05419040443630066
2024-04-13,2356.199951171875,85.66000366210938,1.7699999809265137,5123.41015625,17.309999465942383,0.0,0.0,0.0,0.0,0.0,72,Greed,15444420.06,2156725925.997,0.8141536273483443,0.6793886854589593,0.0001,-0.00017194666666666666,138.47,-0.10082943094247125,0.0534673562018668,0.057420445989110995,0.04549796336359912,0.05659450712559074
2024-04-14,2356.199951171875,85.66000366210938,1.7699999809265137,5123.41015625,17.309999465942383,0.0,0.0,0.0,0.0,0.0,72,Greed,12428370.68,1742133326.178,-0.21726595965939077,-0.2134808849764989,0.0001,0.0,151.25,0.08828040124432822,0.07072785047703757,0.05944266745535126,0.043027418363309144,0.057420445989110995
2024-04-15,2365.800048828125,85.41000366210938,1.690999984741211,5061.81982421875,19.229999542236328,0.00406612066202905,-0.002922782104032367,-0.04565947491684348,-0.012094195787459195,0.10518719746045613,74,Greed,9332424.74,1359049188.7721,-0.2864869498022836,-0.24832508242645535,5.099333333333333e-05,-4.900666666666667e-05,138.51,-0.08799157172394369,0.07282223331706562,0.061276857377229446,0.04454256859645654,0.05944266745535126
2024-04-16,2390.800048828125,85.36000061035156,1.7319999933242798,5051.41015625,18.399999618530273,0.010511806622644015,-0.0005856186910562605,0.023956745392988282,-0.0020586245275039964,-0.04412089191313562,65,Greed,9794711.9,1308017674.4311,0.04834777051550471,-0.03827256383689754,3.866666666666667e-06,-4.7126666666666664e-05,136.22,-0.016671299373834925,0.07310331190647126,0.05748566684296759,0.04436276639999604,0.061276857377229446
2024-04-17,2371.699951171875,82.69000244140625,1.7120000123977661,5022.2099609375,18.209999084472656,-0.00802108139040866,-0.031778908884939415,-0.011614521324665379,-0.005797375076004185,-0.010379800419449975,67,Greed,9559485.27,1287664513.08,-0.024308754434570028,-0.015682642963252044,2.578e-05,2.1913333333333332e-05,131.84,-0.032682159652010746,0.07112724718428051,0.057516243582604626,0.044906872695014005,0.05748566684296759
2024-04-18,2382.300048828125,82.7300033569336,1.7569999694824219,5011.1201171875,18.0,0.004459451082454631,0.0004836285201896646,0.025945506874584426,-0.0022106017004853043,-0.01159908556727462,57,Greed,7805067.82,1057713479.8153,-0.20276064033219218,-0.19672063881184357,6.893666666666667e-05,4.315666666666667e-05,142.07,0.07473082772282405,0.08292161975939333,0.05421847431859994,0.04317083325902749,0.057516243582604626
2024-04-19,2398.39990234375,83.13999938964844,1.7519999742507935,4967.22998046875,18.709999084472656,0.006735379565596977,0.004943592704169771,-0.0028498140186565615,-0.008797129654056974,0.03868633345731804,66,Greed,11145361.53,1564359376.953,0.3562501618421101,0.3913669126574522,1.6733333333333335e-05,-5.2203333333333336e-05,142.5,0.0030221058247194843,0.07291425117309389,0.04863807842382925,0.04333589904284679,0.05421847431859994
2024-04-20,2398.39990234375,83.13999938964844,1.7519999742507935,4967.22998046875,18.709999084472656,0.0,0.0,0.0,0.0,0.0,66,Greed,4855973.67,705680673.9451,-0.8308137734891411,-0.796068843390821,6.926e-05,5.252666666666666e-05,151.22,0.059393730421418614,0.06441415141269564,0.049022333705085505,0.0452367687174811,0.04863807842382925
2024-04-21,2398.39990234375,83.13999938964844,1.7519999742507935,4967.22998046875,18.709999084472656,0.0,0.0,0.0,0.0,0.0,72,Greed,3646801.53,546975842.8448,-0.2863591413099165,-0.2547581935220179,2.780333333333333e-05,-4.145666666666667e-05,148.8,-0.01613260773113224,0.05542589399976861,0.048942509146436615,0.046119144013333224,0.049022333705085505
2024-04-22,2332.199951171875,82.8499984741211,1.7910000085830688,5010.60009765625,16.940000534057617,-0.02798980048135961,-0.003494201028036716,0.022016150053744146,0.00869335115683908,-0.09938037060315114,73,Greed,4967360.16,760453706.3163,0.3090380537917838,0.3295105986952734,3.076333333333333e-05,2.960000000000002e-06,156.95,0.053324160888970996,0.04347341977458541,0.05006180134007665,0.04529034887215062,0.048942509146436615
2024-04-23,2327.699951171875,83.36000061035156,1.812000036239624,5070.5498046875,15.6899995803833,-0.001931372558694458,0.006136859871728367,0.011657099749672016,0.01189356656772209,-0.07665418074960349,71,Greed,4102272.11,641853097.1333,-0.1913475506824607,-0.16955578031076762,-1.3023333333333333e-05,-4.3786666666666665e-05,154.75,-0.014116371723256981,0.04314471824992896,0.04850129672167227,0.045191473833010344,0.05006180134007665
2024-04-24,2324.5,82.80999755859375,1.652999997138977,5071.6298828125,15.970000267028809,-0.0013756724603899396,-0.006619787763346306,-0.09183941051249919,0.00021298737793290078,0.01768843894684457,72,Greed,6491963.0,1000742354.2504,0.45902395693011183,0.44413790098203576,3.873333333333334e-05,5.175666666666667e-05,147.78,-0.046086230204203944,0.0459844057701545,0.04862465311564342,0.04531529211461412,0.04850129672167227
2024-04-25,2329.800048828125,83.56999969482422,1.6380000114440918,5048.419921875,15.369999885559082,0.0022774857931127522,0.009135802798020112,-0.009115824690578039,-0.0045869342701194095,-0.03829442884280131,72,Greed,5417465.27,792818208.0524,-0.18093690661207767,-0.23290340830546888,7.413000000000001e-05,3.539666666666667e-05,144.84,-0.02009499646306108,0.03940014824493802,0.048575470796442095,0.045082604129221805,0.04862465311564342
2024-04-26,2334.800048828125,83.8499984741211,1.6139999628067017,5099.9599609375,15.029999732971191,0.0021438073190774686,0.003344869709890436,-0.014760445613920785,0.010157381332325343,-0.022369364106276213,70,Greed,3749353.51,536537208.9817,-0.3680446159149254,-0.3904580348075332,7.698333333333334e-05,2.8533333333333286e-06,139.23,-0.03950244297624637,0.04250846493418382,0.04884046606300929,0.04478560025834141,0.048575470796442095
2024-04-27,2334.800048828125,83.8499984741211,1.6139999628067017,5099.9599609375,15.029999732971191,0.0,0.0,0.0,0.0,0.0,67,Greed,3821061.91,527111064.541,0.018944943111418873,-0.01772463971927715,1.727e-05,-5.9713333333333336e-05,141.31,0.01482881667346084,0.03404601720087248,0.04879048224146272,0.04521422699892705,0.04884046606300929
2024-04-28,2334.800048828125,83.8499984741211,1.6139999628067017,5099.9599609375,15.029999732971191,0.0,0.0,0.0,0.0,0.0,65,Greed,2951913.56,420263449.8182,-0.25807474643159034,-0.22652949888856347,5.254e-05,3.5270000000000006e-05,137.99,-0.023774839831191746,0.03440791998638684,0.04866846527666213,0.04495245607741886,0.04879048224146272
2024-04-29,2345.39990234375,82.62999725341797,2.0299999713897705,5116.169921875,14.670000076293945,0.004529666146779777,-0.014656692597930232,0.22932023215640493,0.0031734080766393944,-0.0242435886429269,67,Greed,4267883.497,578946009.02877,0.36866441173989867,0.3203274484670251,0.0001,4.746e-05,137.77,-0.0015955907069554328,0.021008548777554634,0.04852066373977299,0.04495600402755736,0.04866846527666213
2024-04-30,2291.39990234375,81.93000030517578,1.9910000562667847,5035.68994140625,15.649999618530273,-0.02329297954868033,-0.008507549595007585,-0.019398725617362993,-0.015855551118928123,0.0646662952555313,67,Greed,6026555.488,780739771.36254,0.34505758213156273,0.2990326704666588,6.828666666666667e-05,-3.1713333333333334e-05,126.77,-0.08321120710587246,0.03193182755972307,0.04916216462432255,0.04176205955659171,0.04852066373977299
2024-05-01,2299.89990234375,79.0,1.9320000410079956,5018.39013671875,15.390000343322754,0.0037026594091494527,-0.03641737541153739,-0.03008129632662707,-0.0034413534856316866,-0.01675292245214082,54,Neutral,7991325.271,1008351786.04678,0.2821809938935169,0.2558304868043141,5.179666666666667e-05,-1.649e-05,134.64,0.06023012893191515,0.04484220941356754,0.050554529037824945,0.04072279103997222,0.04916216462432255
2024-05-02,2299.199951171875,78.94999694824219,2.0350000858306885,5064.2001953125,14.680000305175781,-0.0003043861623244103,-0.0006331504196816675,0.05194010405580334,0.009087024725084856,-0.047231926184048506,43,Fear,5743465.621,775239966.24235,-0.3302938173692482,-0.26289976655329533,3.9359999999999996e-05,-1.2436666666666676e-05,137.58,0.02160101621531763,0.0465272785621348,0.05015971015518653,0.04063302006064022,0.050554529037824945
2024-05-03,2299.0,78.11000061035156,2.1419999599456787,5127.7900390625,13.489999771118164,-8.696932457233537e-05,-0.010696604611133635,0.05124409225426044,0.012478557659508005,-0.08453739072202397,48,Neutral,4524855.556,636701248.97452,-0.23847713954599,-0.1968720666293368,1.1996666666666666e-05,-2.736333333333333e-05,143.69,0.04345263514324716,0.047525717202077745,0.050824822319605584,0.040245007867844504,0.05015971015518653
2024-05-04,2299.0,78.11000061035156,2.1419999599456787,5127.7900390625,13.489999771118164,0.0,0.0,0.0,0.0,0.0,67,Greed,2808003.24,409395252.13994,-0.47711201530737335,-0.4416194726163735,-2.1273333333333332e-05,-3.327e-05,146.05,0.01629082759263478,0.047581830651565814,0.05102376778483809,0.04019965159746941,0.050824822319605584
2024-05-05,2299.0,78.11000061035156,2.1419999599456787,5127.7900390625,13.489999771118164,0.0,0.0,0.0,0.0,0.0,69,Greed,2131850.263,310504070.39615,-0.2754833692863621,-0.2764840655881087,7.145e-05,9.272333333333333e-05,145.73,-0.0021934342881448177,0.046104548931260717,0.050281892621295066,0.040736508058526334,0.05102376778483809
2024-05-06,2321.60009765625,78.4800033569336,2.194999933242798,5180.740234375,13.489999771118164,0.00978239943094232,0.004725760595283706,0.02444206278776975,0.010273173691247842,0.0,71,Greed,4787441.567,729944626.53061,0.8090058783832171,0.8547716667437602,7.024666666666667e-05,-1.2033333333333292e-06,152.82,0.04750516367381544,0.048128208907247894,0.05093564061999205,0.039971659813613815,0.050281892621295066
2024-05-07,2315.199951171875,78.37999725341797,2.2070000171661377,5187.7001953125,13.229999542236328,-0.002760589407145369,-0.0012751003018784941,0.005452118938810627,0.0013425282288256131,-0.019461709726451316,68,Greed,4486379.596,692683918.35024,-0.0649500986653605,-0.05239488833262773,2.839333333333333e-05,-4.185333333333334e-05,148.03,-0.03184580229401987,0.03185792297701531,0.051127162528235355,0.039654407112508686,0.05093564061999205
2024-05-08,2313.60009765625,78.98999786376953,2.187000036239624,5187.669921875,13.0,-0.0006912606128823438,0.0077524774024004825,-0.009103376787537407,-5.835635193424912e-06,-0.01753758606489831,64,Greed,4533265.341,661888498.59383,0.010396455212049818,-0.04547667824133833,0.0001,7.160666666666667e-05,142.18,-0.04032109542406368,0.034393480631556506,0.05143317095767928,0.039889411555481424,0.051127162528235355
2024-05-09,2332.10009765625,79.26000213623047,2.3010001182556152,5214.080078125,12.6899995803833,0.007964395898361993,0.0034123795824652194,0.05081310418126414,0.005078032639106711,-0.02413510880196279,55,Greed,3912139.908,571152033.41234,-0.14735799031585506,-0.14744167824293328,7.103333333333334e-05,-2.896666666666666e-05,152.57,0.07052964662377363,0.041836099677879234,0.05282240445110719,0.038316361457525636,0.05143317095767928
2024-05-10,2367.300048828125,78.26000213623047,2.252000093460083,5222.68017578125,12.550000190734863,0.01498089474872309,-0.012696970635629665,-0.021525110667999448,0.001648040080166728,-0.011093567883784123,66,Greed,4124775.208,618548257.76221,0.05292700793469086,0.07971978027578502,5.722666666666667e-05,-1.3806666666666671e-05,146.01,-0.0439483946116381,0.044788637541541165,0.05328526149906303,0.03761744039926612,0.05282240445110719
2024-05-11,2367.300048828125,78.26000213623047,2.252000093460083,5222.68017578125,12.550000190734863,0.0,0.0,0.0,0.0,0.0,53,Neutral,2017032.814,292868240.91002,-0.7153839957157778,-0.7476523945071742,6.425e-05,7.023333333333331e-06,145.42,-0.004049005291561865,0.04438677507771576,0.05328611272015691,0.037821617783769836,0.05328526149906303
2024-05-12,2367.300048828125,78.26000213623047,2.252000093460083,5222.68017578125,12.550000190734863,0.0,0.0,0.0,0.0,0.0,56,Greed,1422547.627,206518187.5423,-0.34917815990270995,-0.34933433436136113,4.528e-05,-1.8970000000000003e-05,143.43,-0.013778995915788949,0.04467042233033649,0.04891612714735199,0.03961066295797181,0.05328611272015691
2024-05-13,2336.10009765625,79.12000274658203,2.38100004196167,5221.419921875,13.600000381469727,-0.013267171767020015,0.010929077949739378,0.055701833349906416,-0.00024133317386520824,0.08034914001546065,57,Greed,4407929.923,636617019.96036,1.1309558063852732,1.1257797664241187,6.351333333333333e-05,1.8233333333333334e-05,147.54,0.028252214150034496,0.0415805704383514,0.04549796336359912,0.03990411784308091,0.04891612714735199
2024-05-14,2353.39990234375,78.0199966430664,2.3440001010894775,5246.68017578125,13.420000076293945,0.007378135479851928,-0.014000560976655058,-0.015661670286598987,0.004826148527454041,-0.013323683562621993,66,Greed,3389933.371,491650914.90056,-0.26259490741128466,-0.25839930810997025,7.844333333333334e-05,1.4930000000000008e-05,142.03,-0.038061022563119516,0.04230876987117724,0.043027418363309144,0.0404802579050713,0.04549796336359912
2024-05-15,2388.699951171875,78.62999725341797,2.4159998893737793,5308.14990234375,12.449999809265137,0.014888214910604233,0.007788110021032777,0.030254319441893322,0.01164782778729962,-0.07502552963798141,64,Greed,4885274.203,734214270.26841,0.3654151489199223,0.40103196525816465,3.9976666666666666e-05,-3.8466666666666676e-05,158.52,0.10984246542919768,0.057349350427470566,0.04454256859645654,0.035233846651502004,0.043027418363309144
2024-05-16,2380.0,79.2300033569336,2.494999885559082,5297.10009765625,12.420000076293945,-0.0036487767790969396,0.00760178627366133,0.03217544905180873,-0.0020838374740880464,-0.0024125249424847843,70,Greed,4200112.765,675510074.16727,-0.1511140418084325,-0.08333283642622392,0.0001,6.002333333333334e-05,159.37,0.005347774549307929,0.05197256176650973,0.04436276639999604,0.03540004533081332,0.04454256859645654
2024-05-17,2412.199951171875,80.05999755859375,2.625999927520752,5303.27001953125,11.989999771118164,0.013438686241467436,0.010421265723094177,0.05117306494459885,0.0011640956878937513,-0.03523513269813392,74,Greed,4097186.841,682669638.66178,-0.024810771868893633,0.010542980056125615,4.974333333333333e-05,-5.0256666666666676e-05,169.44,0.061270338981553915,0.05022786591124304,0.044906872695014005,0.034216845927331346,0.04436276639999604
2024-05-18,2412.199951171875,80.05999755859375,2.625999927520752,5303.27001953125,11.989999771118164,0.0,0.0,0.0,0.0,0.0,73,Greed,2874473.997,496940232.56438,-0.3544309019242107,-0.31754128853473024,4.6613333333333337e-05,-3.129999999999992e-06,172.4,0.01731847637649635,0.04906929411553454,0.04317083325902749,0.03519035669802329,0.044906872695014005
2024-05-19,2412.199951171875,80.05999755859375,2.625999927520752,5303.27001953125,11.989999771118164,0.0,0.0,0.0,0.0,0.0,72,Greed,2696984.074,460508285.32582,-0.06373556088487971,-0.07613891490071693,4.823e-05,1.6166666666666608e-06,169.93,-0.01443077068357859,0.04915416686891808,0.04333589904284679,0.03576076467989162,0.04317083325902749
2024-05-20,2433.89990234375,79.80000305175781,2.750999927520752,5308.1298828125,12.149999618530273,0.008955695038778591,-0.0032527803713785952,0.04650270731595106,0.0009159703084911664,0.013256188439843044,70,Greed,5690568.998,1022051849.6692,0.7466761037266745,0.7972366554534227,8.920666666666667e-05,4.097666666666667e-05,186.7,0.09411646300166264,0.055896229599809284,0.0452367687174811,0.030228103743632214,0.04333589904284679
2024-05-21,2421.699951171875,79.26000213623047,2.6710000038146973,5321.41015625,11.859999656677246,-0.005025116242057949,-0.006789927983864295,-0.029511520039913013,0.0024987497668926086,-0.024157773768248323,76,Extreme Greed,4727780.064,854999395.09577,-0.18535448153179926,-0.17846674156207196,0.0001,1.0793333333333337e-05,178.15,-0.0468771584958318,0.05784607662185578,0.046119144013333224,0.02946396036707808,0.0452367687174811
2024-05-22,2389.199951171875,77.56999969482422,2.8420000076293945,5307.009765625,12.289999961853027,-0.01351119128257647,-0.02155286414589558,0.06205509680341045,-0.0027097912093521476,0.03561455585241666,76,Extreme Greed,4272900.127,766148690.37294,-0.10116297790659935,-0.10972449778462774,0.0001,0.0,176.95,-0.006758685260372728,0.04772096165173595,0.04529034887215062,0.029632494566206573,0.046119144013333224
2024-05-23,2335.0,76.87000274658203,2.6570000648498535,5267.83984375,12.770000457763672,-0.02294667031813439,-0.00906503147732145,-0.0673103411745777,-0.007408162283471933,0.038312785417210074,76,Extreme Greed,5598921.63,977277434.41105,0.270281229777733,0.24339431369093953,0.0001,0.0,176.16,-0.004474533817102543,0.04821833049247714,0.045191473833010344,0.029623012685680773,0.04529034887215062
2024-05-24,2332.5,77.72000122070312,2.5199999809265137,5304.72021484375,11.930000305175781,-0.0010712373814988035,0.010996921124401168,-0.05293879723035906,0.0069766490766732595,-0.06804244420089076,74,Greed,4819660.642,810028558.31071,-0.1498704937666404,-0.18770107313381332,0.0001,0.0,167.7,-0.04921600414520672,0.048367083421013944,0.04531529211461412,0.02917183855291213,0.045191473833010344
2024-05-25,2332.5,77.72000122070312,2.5199999809265137,5304.72021484375,11.930000305175781,0.0,0.0,0.0,0.0,0.0,76,Extreme Greed,1911443.135,321691312.78369,-0.9248449945362921,-0.9234770744300487,0.0001,0.0,168.35,0.003868476777920332,0.04775942147699175,0.045082604129221805,0.029854085034147965,0.04531529211461412
2024-05-26,2332.5,77.72000122070312,2.5199999809265137,5304.72021484375,11.930000305175781,0.0,0.0,0.0,0.0,0.0,75,Greed,3126117.989,512894771.41766,0.4919334508652584,0.466478270399161,0.0001,0.0,163.41,-0.029782765543390686,0.048693940813146104,0.04478560025834141,0.03041026195907502,0.045082604129221805
2024-05-27,2332.5,77.72000122070312,2.5199999809265137,5304.72021484375,11.930000305175781,0.0,0.0,0.0,0.0,0.0,74,Greed,3260017.055,547344142.9486,0.04194045127124935,0.06500705056303348,0.0001,0.0,170.15,0.04041802088322203,0.031596717951101735,0.04521422699892705,0.029169413329975562,0.04478560025834141
2024-05-28,2355.199951171875,79.83000183105469,2.5899999141693115,5306.0400390625,12.920000076293945,0.0096849750810076,0.026786756378970412,0.027398948617695804,0.00024877090688591537,0.07972024256920057,72,Greed,3779251.343,637522900.01295,0.14779350564810692,0.15251244722553084,0.00011376333333333334,1.3763333333333331e-05,168.68,-0.0086769720685556,0.027906302568141216,0.04495245607741886,0.03415468077362164,0.04521422699892705
2024-05-29,2340.300048828125,79.2300033569336,2.493000030517578,5266.9501953125,14.279999732971191,-0.0063464816760843545,-0.00754433924800599,-0.03817102578945623,-0.007394317215742535,0.10008343395238188,72,Greed,2946277.294,500443628.716,-0.24898349340320183,-0.2420952355023719,0.00014086,2.7096666666666668e-05,168.32,-0.002136499329014181,0.027989696976201715,0.04495600402755736,0.03602632384300749,0.04495245607741886
2024-05-30,2342.89990234375,77.91000366210938,2.572000026702881,5235.47998046875,14.470000267028809,0.001110289464388048,-0.016800695999504067,0.03119699997479177,-0.005992957535754186,0.013217620885411141,73,Greed,3307767.047,555770168.75021,0.1157309143764714,0.10485988076032736,0.0001,-4.086e-05,166.88,-0.008591938296882713,0.02796753034514533,0.04176205955659171,0.036051705295150796,0.04495600402755736
2024-05-31,2322.89990234375,76.98999786376953,2.5869998931884766,5277.509765625,12.920000076293945,-0.00857307357068379,-0.011878845804020198,0.005815045158577769,0.007995824231928897,-0.1133010548377929,73,Greed,2592736.388,432816352.94655,-0.24355951513158056,-0.2500413323434058,0.0001,0.0,165.65,-0.007397862506557391,0.021300968891269395,0.04072279103997222,0.03718234100548968,0.04176205955659171
2024-06-01,2322.89990234375,76.98999786376953,2.5869998931884766,5277.509765625,12.920000076293945,0.0,0.0,0.0,0.0,0.0,72,Greed,1070498.928,178824432.11781,-0.8845890108039347,-0.8839090125323699,0.00012942,2.9419999999999986e-05,166.14,0.0029536776650205335,0.02126347595096656,0.04063302006064022,0.03716866629073983,0.04072279103997222
2024-06-02,2322.89990234375,76.98999786376953,2.5869998931884766,5277.509765625,12.920000076293945,0.0,0.0,0.0,0.0,0.0,73,Greed,1669577.986,274722936.49486,0.4444460638539853,0.42935858778002095,0.00012228,-7.139999999999989e-06,163.15,-0.018160783371595778,0.019062164510102095,0.040245007867844504,0.038299571231751275,0.04063302006064022
2024-06-03,2346.60009765625,74.22000122070312,2.75600004196167,5283.39990234375,13.109999656677246,0.010151150585457774,-0.036641843463558636,0.06328150646088464,0.0011154602235352391,0.014598767328195046,73,Greed,2378016.532,392561788.00562,0.3536958588051097,0.35693086036478366,0.00011437333333333335,-7.906666666666656e-06,164.89,0.010608561873547147,0.009297099682215077,0.04019965159746941,0.041407339820715344,0.040245007867844504
2024-06-04,2325.5,73.25,2.5859999656677246,5291.33984375,13.15999984741211,-0.009032443941432378,-0.013155424182366147,-0.06366810130352463,0.0015016810037827531,0.0038066427145914943,73,Greed,2124954.015,356126382.83239,-0.11251658816274768,-0.09740827069557392,0.00015039,3.601666666666666e-05,171.78,0.04093600342520185,0.019203179344564635,0.040736508058526334,0.04367496249313201,0.04019965159746941
2024-06-05,2354.10009765625,74.06999969482422,2.756999969482422,5354.02978515625,12.630000114440918,0.012223460620860391,0.011132340007921552,0.06403085389907728,0.011778015849957281,-0.04110696887890819,75,Greed,2560223.589,443704811.3612,0.18634443198849623,0.21987382624424426,0.00022261999999999998,7.222999999999998e-05,173.54,0.010193532027265013,0.019261542194921828,0.039971659813613815,0.04486060100315087,0.040736508058526334
2024-06-06,2370.300048828125,75.55000305175781,2.821000099182129,5352.9599609375,12.579999923706055,0.00685801971176186,0.019784141207531986,0.02294834620582441,-0.00019983660163685183,-0.003966700215845465,78,Extreme Greed,2116238.234,363765530.70853,-0.1904544995155891,-0.198649988371838,0.00019068666666666666,-3.1933333333333314e-05,170.15,-0.019727719418428883,0.020899999603472923,0.039654407112508686,0.04665429765952903,0.039971659813613815
2024-06-07,2305.199951171875,75.52999877929688,2.9179999828338623,5346.990234375,12.220000267028809,-0.027849130615993235,-0.0002648169491050799,0.033806977039391596,-0.0011158420502790662,-0.029034269612359193,77,Extreme Greed,3538852.091,584574048.04206,0.514162311865186,0.47437394533635674,0.00014466,-4.602666666666668e-05,162.5,-0.04600239917712255,0.02793889134186196,0.039889411555481424,0.04822364560127711,0.039654407112508686
2024-06-08,2305.199951171875,75.52999877929688,2.9179999828338623,5346.990234375,12.220000267028809,0.0,0.0,0.0,0.0,0.0,72,Greed,1789882.65,287653524.77527,-0.6816523474359423,-0.7091267420876406,0.0001,-4.465999999999998e-05,157.83,-0.029159497358966575,0.029443629732554454,0.038316361457525636,0.04955110515022419,0.039889411555481424
2024-06-09,2305.199951171875,75.52999877929688,2.9179999828338623,5346.990234375,12.220000267028809,0.0,0.0,0.0,0.0,0.0,75,Greed,1444905.0,231109362.89601,-0.21410648358585196,-0.2188656859906204,0.0001,0.0,162.12,0.026818297349282202,0.03152083200869492,0.03761744039926612,0.0492998709196942,0.038316361457525636
2024-06-10,2307.699951171875,77.73999786376953,2.9059998989105225,5360.7900390625,12.739999771118164,0.0010839169709689002,0.02883998578138424,-0.004120913856128262,0.002577529978240972,0.041672656583176315,72,Greed,1760276.954,281863612.18113,0.19742758143898032,0.19853227825823308,0.0001,0.0,159.05,-0.019118183564954584,0.03171306314834277,0.037821617783769836,0.04924474763026036,0.03761744039926612
2024-06-11,2307.5,77.9000015258789,3.128999948501587,5375.31982421875,12.850000381469727,-8.664897474244984e-05,0.0020560745194554914,0.07393591786669747,0.0027067148552095224,0.008597208849178589,74,Greed,3646582.777,554100633.37648,0.7283193466846307,0.6759230097486619,0.0001,0.0,149.31,-0.06319393665658064,0.030903576509715106,0.03961066295797181,0.04859617690046835,0.037821617783769836
2024-06-12,2336.0,78.5,3.0450000762939453,5421.02978515625,12.039999961853027,0.012275377571110555,0.007672652323997818,-0.02721252201097664,0.008467720241887338,-0.06510940431526659,72,Greed,3851856.394,598161585.14139,0.05476470876574457,0.07651460777205661,0.0001,0.0,155.22,0.03881878388742018,0.036884236752344327,0.03990411784308091,0.04829333011346627,0.03961066295797181
2024-06-13,2300.199951171875,78.62000274658203,2.9590001106262207,5433.740234375,11.9399995803833,-0.015444010517410593,0.0015275301402533966,-0.028649515412917312,0.00234191143711672,-0.008340363891643488,70,Greed,2573289.111,385605225.31535,-0.40337032197153233,-0.4390468129436267,0.0001,0.0,147.29,-0.0524400329245411,0.03942896513845883,0.0404802579050713,0.04753284998811411,0.03990411784308091
2024-06-14,2331.39990234375,78.44999694824219,2.88100004196167,5431.60009765625,12.65999984741211,0.013472849167638714,-0.0021647146502484236,-0.02671394013706729,-0.00039393828099749413,0.058553331842595924,74,Greed,3183461.493,460357684.10748,0.21278423421893136,0.17718964770208634,9.391333333333333e-05,-6.086666666666677e-06,143.05,-0.029209213005332302,0.038115566405329177,0.035233846651502004,0.047801537684890615,0.0404802579050713
2024-06-15,2331.39990234375,78.44999694824219,2.88100004196167,5431.60009765625,12.65999984741211,0.0,0.0,0.0,0.0,0.0,74,Greed,1346924.922,194646238.58695,-0.8601449659141979,-0.8608200115876888,0.0001,6.086666666666677e-06,145.52,0.017119314713747606,0.039873275155561924,0.03540004533081332,0.04967582257685138,0.035233846651502004
2024-06-16,2331.39990234375,78.44999694824219,2.88100004196167,5431.60009765625,12.65999984741211,0.0,0.0,0.0,0.0,0.0,71,Greed,1405879.427,206570978.08947,0.042838874984606,0.05946032301665756,7.730666666666668e-05,-2.269333333333333e-05,151.3,0.038951086584443344,0.04202718012934778,0.034216845927331346,0.04922243635134375,0.03540004533081332
2024-06-17,2312.39990234375,80.33000183105469,2.7880001068115234,5473.22998046875,12.75,-0.008182999621581656,0.023681732701511034,-0.032812939457918244,0.007635164372320518,0.007083866941161012,71,Greed,3412959.812,494336447.73763,0.8869168612115251,0.8725722807563111,9.053666666666668e-05,1.3230000000000007e-05,143.27,-0.054533658889029286,0.045328463530542526,0.03519035669802329,0.04850652086955136,0.034216845927331346
2024-06-18,2330.39990234375,81.56999969482422,2.9089999198913574,5487.02978515625,12.300000190734863,0.007753980763100305,0.01531837059133567,0.042484820765417666,0.0025181541815171163,-0.035931993719163995,74,Greed,6557976.71,888291180.97423,0.6531022321513129,0.5860832420841331,2.9143333333333336e-05,-6.139333333333335e-05,137.41,-0.041761804561598004,0.04213628582800364,0.03576076467989162,0.04790389125738674,0.03519035669802329
2024-06-19,2330.39990234375,81.56999969482422,2.9089999198913574,5487.02978515625,12.300000190734863,0.0,0.0,0.0,0.0,0.0,64,Greed,3536777.468,488039592.77287,-0.617466134249533,-0.5989030604517376,7.033e-05,4.118666666666666e-05,135.62,-0.013112300087986912,0.03582419813796663,0.030228103743632214,0.048820845872496244,0.03576076467989162
2024-06-20,2353.800048828125,82.16999816894531,2.740999937057495,5473.169921875,13.279999732971191,0.009991179448078678,0.007328706088144798,-0.059486557617545614,-0.0025291273954115403,0.07665984605542543,60,Greed,3507680.508,475840535.65983,-0.008260997673222052,-0.02531374630803093,1.9703333333333335e-05,-5.062666666666667e-05,133.55,-0.015380917699726122,0.032710698984187644,0.02946396036707808,0.04874173567445771,0.030228103743632214
2024-06-21,2316.39990234375,80.7300033569336,2.7049999237060547,5464.6201171875,13.199999809265137,-0.016016849994939065,-0.017679954670203727,-0.013220910263653346,-0.0015633517188252497,-0.006042308797982368,63,Greed,3230074.027,426673566.8023,-0.0824499395579872,-0.10906354867764999,3.147e-05,1.1766666666666667e-05,134.6,0.007831477654657346,0.03283408557919509,0.029632494566206573,0.049659787371303346,0.02946396036707808
2024-06-22,2316.39990234375,80.7300033569336,2.7049999237060547,5464.6201171875,13.199999809265137,0.0,0.0,0.0,0.0,0.0,53,Neutral,1399215.891,188365519.2827,-0.8365930536859105,-0.8176349135846935,4.899333333333334e-05,1.7523333333333336e-05,133.69,-0.006783730215596228,0.03088679880665042,0.029623012685680773,0.050138555544158865,0.029632494566206573
2024-06-23,2316.39990234375,80.7300033569336,2.7049999237060547,5464.6201171875,13.199999809265137,0.0,0.0,0.0,0.0,0.0,55,Greed,1492401.231,197001384.22396,0.06447438534853187,0.044826428507884354,5.303333333333334e-05,4.040000000000002e-06,128.69,-0.03811727548945773,0.022151629732002312,0.02917183855291213,0.04998943404450131,0.029623012685680773
2024-06-24,2330.0,81.62999725341797,2.811000108718872,5447.8701171875,13.329999923706055,0.005854053366742159,0.011086512827385236,0.03843844650696162,-0.0030698791558664423,0.009800313324426333,51,Neutral,5583497.777,709427098.28488,1.3194290345558501,1.2812469852582622,5.3966666666666666e-05,9.333333333333267e-07,132.33,0.027892391279384688,0.024459027050480583,0.029854085034147965,0.04999911591384337,0.02917183855291213
2024-06-25,2316.60009765625,80.83000183105469,2.75600004196167,5469.2998046875,12.84000015258789,-0.0057676319065113404,-0.009848601417630847,-0.01975996222363866,0.003925873679181344,-0.03745181832153341,30,Fear,3963661.704,541175887.65102,-0.34264715101907073,-0.2707133986753864,2.0696666666666664e-05,-3.327e-05,136.58,0.031611720747985184,0.024969398898343938,0.03041026195907502,0.05049279348907767,0.029854085034147965
2024-06-26,2299.199951171875,80.9000015258789,2.628000020980835,5477.89990234375,12.550000190734863,-0.0075394205654809275,0.0008656365268328098,-0.04755725977104267,0.0015711962247204525,-0.022844629369817324,46,Fear,2503428.066,343612682.12807,-0.459507251745417,-0.4542292428153129,0.0001,7.930333333333334e-05,136.81,0.0016825783990794068,0.024379173725393936,0.029169413329975562,0.05148098499561213,0.03041026195907502
2024-06-27,2324.5,81.73999786376953,2.684999942779541,5482.8701171875,12.239999771118164,0.010943747042885628,0.010329609075931839,0.021457598043730836,0.0009069098567990731,-0.025011422391106403,40,Fear,4450967.436,646251166.23058,0.5754604548964409,0.6316731314346974,0.0001,0.0,149.71,0.09010698752972261,0.0399912175598182,0.03415468077362164,0.049192215598436964,0.029169413329975562
2024-06-28,2327.699951171875,81.54000091552734,2.6010000705718994,5460.47998046875,12.4399995803833,0.0013756724603899051,-0.0024497433826135406,-0.03178469305055309,-0.0040920134623695995,0.016207795195103535,47,Neutral,3339031.267,481073901.27222,-0.2874407487996485,-0.2951673312303332,9.331e-05,-6.690000000000005e-06,140.03,-0.0668434040940596,0.05106029732693365,0.03602632384300749,0.04718744146233098,0.03415468077362164
2024-06-29,2327.699951171875,81.54000091552734,2.6010000705718994,5460.47998046875,12.4399995803833,0.0,0.0,0.0,0.0,0.0,30,Fear,1468985.543,208157309.84296,-0.8211086693439527,-0.8377268080282566,0.0001,6.690000000000005e-06,140.28,0.0017837399042916566,0.050814679564225945,0.036051705295150796,0.0473401835341278,0.03602632384300749
2024-06-30,2327.699951171875,81.54000091552734,2.6010000705718994,5460.47998046875,12.4399995803833,0.0,0.0,0.0,0.0,0.0,47,Neutral,2086670.189,296853184.38976,0.3509975287070284,0.35494359675346726,0.0001,0.0,146.61,0.044135574678195934,0.04811535652997412,0.03718234100548968,0.04711448761635341,0.036051705295150796
2024-07-01,2327.60009765625,83.37999725341797,2.4779999256134033,5475.08984375,12.220000267028809,-4.2898852745440194e-05,0.02231473089305164,-0.04844426041097068,0.0026719909814295235,-0.017843077984553226,53,Neutral,2280252.836,336552447.23335,0.08871674533899133,0.12551631003206812,8.183333333333333e-05,-1.816666666666667e-05,146.67,0.0004091653084905851,0.048353750017373,0.03716866629073983,0.0479543947836631,0.03718234100548968
2024-07-02,2323.0,82.80999755859375,2.434999942779541,5509.009765625,12.029999732971191,-0.0019782819678747557,-0.006859641948526388,-0.017505020152755044,0.0061762057711850496,-0.015670467805554818,51,Neutral,2776061.292,417015417.22148,0.1967467918509021,0.21436919490943962,6.778333333333333e-05,-1.4050000000000003e-05,154.03,0.04896222337770248,0.04978866403070876,0.038299571231751275,0.047541398267255,0.03716866629073983
2024-07-03,2359.800048828125,83.87999725341797,2.4179999828338623,5537.02001953125,12.09000015258789,0.01571743658704651,0.01283837572594993,-0.007005987942102696,0.0050715622695336636,0.0049751694580224505,50,Neutral,4189341.933,607418245.77144,0.4115105433845917,0.37609439842735554,0.0001,3.221666666666667e-05,140.84,-0.08952289434951448,0.06432968831706914,0.041407339820715344,0.047659506896478014,0.038299571231751275
2024-07-04,2359.800048828125,83.87999725341797,2.4179999828338623,5537.02001953125,12.09000015258789,0.0,0.0,0.0,0.0,0.0,44,Fear,5230812.158,702763141.49909,0.2220228893212389,0.14580231842035796,7.949e-05,-2.0510000000000005e-05,127.86,-0.096688578948271,0.06140578174724072,0.04367496249313201,0.04592867122803256,0.041407339820715344
2024-07-05,2388.5,83.16000366210938,2.319000005722046,5567.18994140625,12.479999542236328,0.012088663472560882,-0.008620666262815612,-0.041804684352431114,0.00543397436096954,0.03174864901379818,29,Fear,7669471.231,983389317.89722,0.3826811187496375,0.3359851827826832,-2.3756666666666672e-05,-0.00010324666666666668,134.32,0.0492890974307046,0.06310499584018232,0.04486060100315087,0.04548541402757633,0.04367496249313201
2024-07-06,2388.5,83.16000366210938,2.319000005722046,5567.18994140625,12.479999542236328,0.0,0.0,0.0,0.0,0.0,26,Fear,2873919.136,398979042.90841,-0.9815710222412739,-0.902096201028553,-4.589999999999999e-06,1.9166666666666674e-05,143.05,0.06296920672683406,0.06837197301886144,0.04665429765952903,0.04541653456697652,0.04486060100315087
2024-07-07,2388.5,83.16000366210938,2.319000005722046,5567.18994140625,12.479999542236328,0.0,0.0,0.0,0.0,0.0,29,Fear,2590805.369,357932288.7914,-0.10370787020838171,-0.10856506041358864,6.784e-05,7.243e-05,131.64,-0.0831232954209803,0.0723502100721366,0.04822364560127711,0.04709972476512359,0.04665429765952903
2024-07-08,2355.199951171875,82.33000183105469,2.365999937057495,5572.85009765625,12.369999885559082,-0.01403992502750996,-0.010030923475955026,0.020064678212418956,0.0010161824764044329,-0.00885314910859194,28,Fear,5708358.008,778233609.89992,0.7899626373828323,0.7766829178429143,4.790333333333334e-05,-1.993666666666666e-05,139.81,0.06021343392459412,0.07784837967984375,0.04955110515022419,0.04584788428976806,0.04822364560127711
2024-07-09,2360.10009765625,81.41000366210938,2.3440001010894775,5576.97998046875,12.510000228881836,0.002078403578812869,-0.011237422981347668,-0.009341824111600837,0.0007407974780654752,0.011254165621822165,27,Fear,3363673.606,474835006.13947,-0.528897706201567,-0.4940593607037864,6.607333333333334e-05,1.8169999999999997e-05,141.42,0.011449828176361485,0.07458954607278256,0.0492998709196942,0.05066625781318089,0.04955110515022419
2024-07-10,2372.199951171875,82.0999984741211,2.3289999961853027,5633.91015625,12.850000381469727,0.00511374163037859,0.008439837303350642,-0.0064199255773836,0.010156314878105886,0.026815498252858585,28,Fear,2700825.893,384433518.86052,-0.21947609930570858,-0.21119651703411207,8.382333333333333e-05,1.7749999999999998e-05,141.98,0.00395201643514512,0.06635232957158015,0.04924474763026036,0.0514086215542902,0.0492998709196942
2024-07-11,2415.0,82.62000274658203,2.2679998874664307,5584.5400390625,12.920000076293945,0.017881513074975274,0.006313817339398577,-0.02654065301676331,-0.008801649969266724,0.0054326632319714845,29,Fear,3363094.13,472185792.21612,0.21930380972349744,0.20560166454828768,3.5906666666666666e-05,-4.791666666666667e-05,135.73,-0.045018584301366155,0.0556677185025392,0.04859617690046835,0.050720593572392905,0.04924474763026036
2024-07-12,2414.0,82.20999908447266,2.3289999961853027,5615.35009765625,12.460000038146973,-0.0004141644291962591,-0.004974877184572584,0.026540653016763362,0.00550186402496512,-0.03625298783869797,25,Extreme Fear,2929528.431,400570824.13592,-0.1380199572316652,-0.1644819455461939,4.495666666666667e-05,9.050000000000003e-06,139.46,0.027110203482991136,0.05355239624345063,0.04829333011346627,0.05300878191601634,0.04859617690046835
2024-07-13,2414.0,82.20999908447266,2.3289999961853027,5615.35009765625,12.460000038146973,0.0,0.0,0.0,0.0,0.0,25,Extreme Fear,1357177.621,190214241.6967,-0.7694342003279413,-0.7447395653767439,4.685666666666666e-05,1.899999999999992e-06,141.9,0.017344762373132188,0.04784528256935191,0.04753284998811411,0.05325260243293937,0.04829333011346627
2024-07-14,2414.0,82.20999908447266,2.3289999961853027,5615.35009765625,12.460000038146973,0.0,0.0,0.0,0.0,0.0,33,Fear,2997466.757,435942051.37289,0.7923602529193715,0.8293583000324192,4.7306666666666665e-05,4.5000000000000416e-07,147.66,0.03978974946502237,0.03299999281672659,0.047801537684890615,0.05274909409764623,0.04753284998811411
2024-07-15,2422.89990234375,81.91000366210938,2.1579999923706055,5631.22021484375,13.119999885559082,0.0036800068503831792,-0.0036558097911436604,-0.07625712596374949,0.0028222164233526843,0.05161425837245012,52,Neutral,3428848.522,526088294.36737,0.13445697932745931,0.1879597338442539,1.7246666666666665e-05,-3.006e-05,159.38,0.07637895433858262,0.03691054921559444,0.04967582257685138,0.050825073020662456,0.047801537684890615
2024-07-16,2462.39990234375,80.76000213623047,2.187999963760376,5667.2001953125,13.1899995803833,0.016171314917783012,-0.014139308340223741,0.013806004696292772,0.0063690499714532745,0.005321160122665793,65,Greed,3988105.454,629159430.00225,0.15109179763484556,0.1789156317409373,4.671666666666667e-05,2.9470000000000008e-05,160.62,0.0077500387907141624,0.03705812115576062,0.04922243635134375,0.050786439674426656,0.04967582257685138
2024-07-17,2454.800048828125,82.8499984741211,2.0350000858306885,5588.27001953125,14.479999542236328,-0.00309113301982428,0.025549905558976974,-0.07249200692503521,-0.014025441523645543,0.09330942042807858,69,Greed,2840583.09,453684708.7259,-0.3393069500989832,-0.3269822077953144,8.361000000000001e-05,3.6893333333333335e-05,155.5,-0.032395595141027335,0.041647399624940816,0.04850652086955136,0.050663561380221905,0.04922243635134375
2024-07-18,2451.800048828125,82.81999969482422,2.125,5544.58984375,15.930000305175781,-0.0012228428297097356,-0.00036215102259073414,0.04327594130458014,-0.007847112145350072,0.09543578773519995,61,Greed,2584704.124,409279722.45088,-0.09439830187077837,-0.10300364236013368,8.291666666666667e-05,-6.933333333333357e-07,159.22,0.023641162041143284,0.032867045203380095,0.04790389125738674,0.050609460926286334,0.04850652086955136
2024-07-19,2395.5,80.12999725341797,2.128000020980835,5505.0,16.520000457763672,-0.02323049125293214,-0.03301929291921077,0.001410778962432597,-0.007165879226406085,0.03636765272324057,60,Greed,4685513.24,774783060.77819,0.5948644167080206,0.638184228341166,7.498e-05,-7.936666666666668e-06,169.13,0.06038075632551852,0.035862876146441375,0.048820845872496244,0.04916540795863851,0.04790389125738674
2024-07-20,2395.5,80.12999725341797,2.128000020980835,5505.0,16.520000457763672,0.0,0.0,0.0,0.0,0.0,74,Greed,2047796.046,350329363.85493,-0.8277113440126379,-0.7937093170226529,4.228e-05,-3.27e-05,173.6,0.0260861522402991,0.03559928798550685,0.04874173567445771,0.048931495894270836,0.048820845872496244
2024-07-21,2395.5,80.12999725341797,2.128000020980835,5505.0,16.520000457763672,0.0,0.0,0.0,0.0,0.0,74,Greed,3684536.411,651749302.14181,0.5873805980812502,0.620786230499021,8.487666666666666e-05,4.259666666666666e-05,184.49,0.06084145924342437,0.0375194126139034,0.049659787371303346,0.04727776655312107,0.04874173567445771
2024-07-22,2392.0,79.77999877929688,2.250999927520752,5564.41015625,14.90999984741211,-0.0014621412526544951,-0.0043774503370086724,0.05619194838709325,0.010734217246220293,-0.10253967725977965,70,Greed,3345609.525,602525041.9877,-0.0964958166742084,-0.07853075410169351,9.035e-05,5.473333333333341e-06,178.9,-0.030768270955000534,0.038158019244422935,0.050138555544158865,0.04714022481366465,0.049659787371303346
2024-07-23,2404.60009765625,76.95999908447266,2.187000036239624,5555.740234375,14.720000267028809,0.005253774082549602,-0.035987036715088364,-0.028843771460802588,-0.0015593176939461904,-0.012824987101443355,71,Greed,3895827.332,682470078.60841,0.15225716878517645,0.12458945726514206,0.0001,9.650000000000004e-06,173.03,-0.0333620006461165,0.04263180765487565,0.04998943404450131,0.046919733626476,0.050138555544158865
2024-07-24,2413.300048828125,77.58999633789062,2.117000102996826,5427.1298828125,18.040000915527344,0.0036115155414233003,0.008152711246337686,-0.032530717460120394,-0.02342124222289286,0.20338443394305505,69,Greed,3845177.713,682705655.25175,-0.013086244361006775,0.00034512281435327433,7.234666666666667e-05,-2.7653333333333335e-05,178.06,0.028655582276968107,0.03839670958658409,0.04999911591384337,0.048442547202489465,0.04998943404450131
2024-07-25,2351.89990234375,78.27999877929688,2.0409998893737793,5399.22021484375,18.459999084472656,-0.025771655108934748,0.00885362122617054,-0.03656021117924674,-0.005155889019717259,0.023014614095178493,68,Greed,4859387.428,829732654.80752,0.23409256521153382,0.19503973821727302,8.581666666666666e-05,1.3469999999999991e-05,171.85,-0.03549856884968233,0.04346755694489183,0.05049279348907767,0.048997541115832606,0.04999911591384337
2024-07-26,2380.0,77.16000366210938,2.00600004196167,5459.10009765625,16.389999389648438,0.011877017079959726,-0.014410891435045557,-0.01729711916791206,0.011029420409570924,-0.11893482396303547,68,Greed,3030603.246,541455609.23512,-0.4721506955524527,-0.4268424605873231,5.620333333333333e-05,-2.961333333333333e-05,183.06,0.06319196466079043,0.04401044985251954,0.05148098499561213,0.04742797699376758,0.05049279348907767
2024-07-27,2380.0,77.16000366210938,2.00600004196167,5459.10009765625,16.389999389648438,0.0,0.0,0.0,0.0,0.0,72,Greed,3518852.056,647090166.85253,0.14937312517223467,0.17822456055673042,5.625333333333333e-05,5.0000000000001215e-08,183.92,0.004686912498292673,0.043553579623289575,0.049192215598436964,0.04740892324876857,0.05148098499561213
2024-07-28,2380.0,77.16000366210938,2.00600004196167,5459.10009765625,16.389999389648438,0.0,0.0,0.0,0.0,0.0,71,Greed,1901473.957,350662180.92843,-0.6155054637036852,-0.6126623337137759,9.644e-05,4.018666666666667e-05,184.9,0.0053142579381531855,0.03693175976376498,0.04718744146233098,0.04871742490058895,0.049192215598436964
2024-07-29,2377.300048828125,75.80999755859375,1.906999945640564,5463.5400390625,16.600000381469727,-0.0011350772219737724,-0.017651057634833576,-0.05061141234475294,0.0008129795718284517,0.0127313628261293,74,Greed,4024560.314,759977442.45996,0.7497863138828396,0.7734654393476164,7.898e-05,-1.746e-05,182.57,-0.012681477267660285,0.03497536734808468,0.0473401835341278,0.048757689171298524,0.04718744146233098
2024-07-30,2405.0,74.7300033569336,2.125999927520752,5436.43994140625,17.690000534057617,0.011584493096314897,-0.014348515000907594,0.10871094771484612,-0.0049725143613676215,0.06359682001889519,67,Greed,3074498.493,555301399.55814,-0.2692738698955096,-0.3137777232577461,9.261000000000001e-05,1.3630000000000003e-05,179.16,-0.018854399786319566,0.03283261661903652,0.04711448761635341,0.048854437317886606,0.0473401835341278
2024-07-31,2426.5,77.91000366210938,2.0360000133514404,5522.2998046875,16.360000610351562,0.008899986305409351,0.041672698484094266,-0.04325514058195915,0.015669980701917767,-0.07816016987934357,61,Greed,3250862.527,582939536.24755,0.05577855780398551,0.04857244095296688,6.619333333333333e-05,-2.641666666666668e-05,171.71,-0.04247225401338802,0.03520274551513196,0.0479543947836631,0.048443203812372215,0.04711448761635341
2024-08-01,2435.0,76.30999755859375,1.968000054359436,5446.68017578125,18.59000015258789,0.0034968666714193194,-0.020750402038847978,-0.03396927899423228,-0.013788123791990166,0.1277844414592625,52,Neutral,5523497.615,917091024.19327,0.5300909314844122,0.45312326079313076,9.763666666666667e-05,3.144333333333334e-05,167.37,-0.025600076800164583,0.03395908811972823,0.047541398267255,0.048374838024879616,0.0479543947836631
2024-08-02,2425.699951171875,73.5199966430664,1.9670000076293945,5346.56005859375,23.389999389648438,-0.003826634135013617,-0.03724652692098453,-0.0005082829661082405,-0.01855290660855327,0.22968474456012009,57,Greed,5553017.934,880989082.65712,0.005330266321210681,-0.04016149648475253,7.879666666666666e-05,-1.8840000000000003e-05,152.77,-0.09127340814791517,0.033373257367062724,0.047659506896478014,0.04651115611112502,0.047541398267255
2024-08-03,2425.699951171875,73.5199966430664,1.9670000076293945,5346.56005859375,23.389999389648438,0.0,0.0,0.0,0.0,0.0,37,Fear,5444954.693,803132863.9915,-0.019652116354380068,-0.09252507409371505,9.291666666666667e-05,1.4120000000000007e-05,142.52,-0.06945118163999618,0.03383161992250642,0.04592867122803256,0.045938992532036184,0.047659506896478014
2024-08-04,2425.699951171875,73.5199966430664,1.9670000076293945,5346.56005859375,23.389999389648438,0.0,0.0,0.0,0.0,0.0,34,Fear,7037715.285,979026258.03256,0.25659414861142177,0.1980383036742193,3.7823333333333334e-05,-5.509333333333334e-05,138.33,-0.029840205850911353,0.02884348434576322,0.04548541402757633,0.04674641752518137,0.04592867122803256
2024-08-05,2401.699951171875,72.94000244140625,1.9420000314712524,5186.330078125,38.56999969482422,-0.00994332279261066,-0.00792021353532362,-0.012791157210896409,-0.0304270413923931,0.500166209806343,26,Fear,24267557.819,3003271600.88404,1.2378568050537704,1.1208990436281663,1.972333333333333e-05,-1.8100000000000003e-05,129.78,-0.06380142569370156,0.026739423390051142,0.04541653456697652,0.04611638536662082,0.04548541402757633
2024-08-06,2389.10009765625,73.19999694824219,2.009999990463257,5240.02978515625,27.709999084472656,-0.005260032745343863,0.0035581604246189076,0.03441633125161479,0.010300849493599515,-0.33068143847259307,17,Extreme Fear,8362643.634,1184669504.90055,-1.0653657878997187,-0.9302383912267986,8.126666666666666e-06,-1.1596666666666665e-05,144.4,0.10674651726570339,0.0649657424528749,0.04709972476512359,0.04191239929141173,0.04541653456697652
2024-08-07,2390.5,75.2300033569336,2.111999988555908,5199.5,27.850000381469727,0.0005857822224360302,0.02735475291781767,0.04950064309907494,-0.007764715388769489,0.0050396542353046,29,Fear,8372307.587,1249654524.5767,0.0011549426044452772,0.05340329590600026,-1.3346666666666664e-05,-2.147333333333333e-05,144.77,0.0025590497072263047,0.0658424465883149,0.04584788428976806,0.04226211924153072,0.04709972476512359
2024-08-08,2422.199951171875,76.19000244140625,2.127000093460083,5319.31005859375,23.790000915527344,0.013173648862206806,0.012680120334172904,0.007077219732548592,0.02278113959089888,-0.15756761727201954,20,Extreme Fear,7303133.96,1137205545.63164,-0.13662597825902123,-0.09429315542597788,2.2409999999999997e-05,3.575666666666666e-05,163.13,0.11940115278225889,0.08532223808103223,0.05066625781318089,0.035574272277568486,0.04584788428976806
2024-08-09,2432.10009765625,76.83999633789062,2.1429998874664307,5344.16015625,20.3700008392334,0.0040789238864625725,0.008495037712886217,0.007494083821314175,0.004660798434381699,-0.1552020913603775,48,Neutral,4098735.233,639908115.46544,-0.5776251192518939,-0.5750046598702763,2.455e-05,2.1400000000000032e-06,156.28,-0.042898158761341405,0.07874967344187354,0.0514086215542902,0.03528199626323141,0.05066625781318089
2024-08-10,2432.10009765625,76.83999633789062,2.1429998874664307,5344.16015625,20.3700008392334,0.0,0.0,0.0,0.0,0.0,40,Fear,1885839.233,291664636.47097,-0.7763055080983349,-0.7857199594670491,9.366666666666665e-06,-1.5183333333333336e-05,154.01,-0.014631734816495781,0.07281779460081435,0.050720593572392905,0.03610830254006162,0.0514086215542902
2024-08-11,2432.10009765625,76.83999633789062,2.1429998874664307,5344.16015625,20.3700008392334,0.0,0.0,0.0,0.0,0.0,39,Fear,3468314.255,517779240.96725,0.6092957321753891,0.5739443386875744,-8.716666666666667e-06,-1.808333333333333e-05,141.57,-0.08422324096396835,0.08041552944537657,0.05300878191601634,0.032824263801735996,0.050720593572392905
2024-08-12,2462.39990234375,80.05999755859375,2.188999891281128,5344.39013671875,20.709999084472656,0.012381322610815695,0.04105103282825877,0.02123810489545183,4.30330517200971e-05,0.016553359762280576,25,Extreme Fear,4946945.239,721770026.12754,0.35510159220565896,0.3321575891025315,3.219666666666667e-05,4.091333333333334e-05,146.29,0.03279665858358878,0.07509208690288165,0.05325260243293937,0.03241652359410466,0.05300878191601634
2024-08-13,2466.699951171875,78.3499984741211,2.1480000019073486,5434.43017578125,18.1200008392334,0.0017447607257966857,-0.021590373742851835,-0.018907591340142384,0.016707233419049988,-0.1336002842703326,31,Fear,2865655.423,418947930.81089,-0.5459731697087029,-0.543959922725535,4.4120000000000004e-05,1.1923333333333335e-05,146.65,0.0024578424334653353,0.06384693726295994,0.05274909409764623,0.032875179628648075,0.05325260243293937
2024-08-14,2439.39990234375,76.9800033569336,2.2190001010894775,5455.2099609375,16.190000534057617,-0.011129137775200023,-0.01764025786340206,0.032519511972194146,0.00381643656119841,-0.11262254625371607,30,Fear,3927148.647,575678706.56274,0.31511653450018023,0.31780306190173385,1.1516666666666666e-05,-3.260333333333334e-05,143.71,-0.020251415337304575,0.06440573957078553,0.050825073020662456,0.032983653299687395,0.05274909409764623
2024-08-15,2453.10009765625,78.16000366210938,2.197000026702881,5543.22021484375,15.229999542236328,0.005600503269123787,0.015212363125069652,-0.009963883950057224,0.01600448993130413,-0.06112666382606371,29,Fear,4229038.816,603098548.3133,0.07406110953874409,0.04653090945196784,7.4233333333333314e-06,-4.0933333333333345e-06,142.58,-0.007894134396673068,0.03676984234619127,0.050786439674426656,0.033040747131242026,0.050825073020662456
2024-08-16,2498.60009765625,76.6500015258789,2.122999906539917,5554.25,14.800000190734863,0.01837804343675201,-0.019508429363616648,-0.03426266685825073,0.0019878023683961516,-0.028639943192801342,27,Fear,4035320.605,567440808.99247,-0.046888982402068284,-0.060944170831651004,-2.475666666666667e-05,-3.218e-05,139.04,-0.02514158417240065,0.03545425237805258,0.050663561380221905,0.0336399407172986,0.050786439674426656
2024-08-17,2498.60009765625,76.6500015258789,2.122999906539917,5554.25,14.800000190734863,0.0,0.0,0.0,0.0,0.0,25,Extreme Fear,1561594.103,218485355.29024,-0.949378594160926,-0.9544174541347892,6.000000000000027e-08,2.481666666666667e-05,141.93,0.020572316794084628,0.038187696204557864,0.050609460926286334,0.03337718269214085,0.050663561380221905
2024-08-18,2498.60009765625,76.6500015258789,2.122999906539917,5554.25,14.800000190734863,0.0,0.0,0.0,0.0,0.0,31,Fear,2352046.743,339317046.09327,0.4095787431489525,0.4402159210837766,-3.951e-05,-3.957e-05,142.42,0.0034464602428121117,0.02088132105580245,0.04916540795863851,0.03336336139458355,0.050609460926286334
2024-08-19,2501.800048828125,74.37000274658203,2.234999895095825,5608.25,14.649999618530273,0.0012798782157230325,-0.030196953578393984,0.0514110424300707,0.009675327436177775,-0.010186884233373265,28,Fear,2940357.953,420454387.86405,0.22324542309702744,0.21440109280832964,2.2626666666666668e-05,6.213666666666667e-05,144.29,0.013044724755185755,0.016776817241388617,0.048931495894270836,0.03352514293592396,0.04916540795863851
2024-08-20,2511.300048828125,74.04000091552734,2.197999954223633,5597.1201171875,15.880000114440918,0.0037900744796478744,-0.004447171575921042,-0.016693345973483393,-0.001986527237609709,0.08062015360140978,30,Fear,3021467.596,437968467.22535,0.027211345626952013,0.040810912810407045,-9.760000000000001e-06,-3.2386666666666666e-05,142.27,-0.014098502646088614,0.017210558556476588,0.04727776655312107,0.03541475321572908,0.048931495894270836
2024-08-21,2508.39990234375,71.93000030517578,2.177000045776367,5620.85009765625,16.270000457763672,-0.0011555060403106994,-0.028912071948661716,-0.009600031875376332,0.004230714721006796,0.0242624863407933,26,Fear,2519581.859,357577461.78616,-0.18164971350002598,-0.20279490016060395,6.706666666666668e-06,1.646666666666667e-05,142.79,0.0036483587791281825,0.015842272951396244,0.04714022481366465,0.03572577506196001,0.04727776655312107
2024-08-22,2478.89990234375,73.01000213623047,2.052999973297119,5570.64013671875,17.549999237060547,-0.011830186756921601,0.014903019205474667,-0.05864567824964521,-0.00897294225665722,0.07573095707315049,39,Fear,1825402.718,260990437.28999,-0.32229232869909763,-0.31486824707225275,3.4636666666666667e-05,2.793e-05,143.22,0.0030068901365898452,0.015575710802512945,0.046919733626476,0.03587037533874225,0.04714022481366465
2024-08-23,2508.39990234375,74.83000183105469,2.0220000743865967,5634.60986328125,15.859999656677246,0.011830186756921704,0.024622451234376702,-0.015214967643132661,0.01141793740166443,-0.10125371187992283,34,Fear,3781090.162,557770796.32283,0.7282117406087041,0.7594643508027196,1.3193333333333333e-05,-2.1443333333333332e-05,153.26,0.06775391596346456,0.026020643791943812,0.048442547202489465,0.034103393744581316,0.046919733626476
2024-08-24,2508.39990234375,74.83000183105469,2.0220000743865967,5634.60986328125,15.859999656677246,0.0,0.0,0.0,0.0,0.0,56,Greed,3739086.949,588656966.40684,-0.011170920358825016,0.05389549528392192,5.1263333333333334e-05,3.807e-05,160.67,0.047216746512985526,0.02894231812584273,0.048997541115832606,0.03282711514609815,0.048442547202489465
2024-08-25,2508.39990234375,74.83000183105469,2.0220000743865967,5634.60986328125,15.859999656677246,0.0,0.0,0.0,0.0,0.0,54,Neutral,2629083.703,416869258.12242,-0.35220606675563554,-0.3450709710468008,6.141666666666666e-05,1.015333333333333e-05,158.92,-0.010951641108845516,0.030590228918568566,0.04742797699376758,0.03438605185090048,0.048997541115832606
2024-08-26,2517.699951171875,77.41999816894531,1.9559999704360962,5616.83984375,16.149999618530273,0.003700706198852698,0.03402622293678218,-0.03318560088874722,-0.0031587101696058145,0.018119831488631097,55,Greed,3318398.041,526697469.93657,0.2328467651256628,0.23385367990827866,4.3673333333333334e-05,-1.774333333333333e-05,157.12,-0.01139108634024231,0.03228569448628418,0.04740892324876857,0.03478552831211813,0.04742797699376758
2024-08-27,2516.0,75.52999877929688,1.9040000438690186,5625.7998046875,15.430000305175781,-0.0006754281156969496,-0.024715209335050777,-0.02694459708853098,0.0015939251127232035,-0.04560633989509903,48,Neutral,3650375.766,559434487.43673,0.09534796317634346,0.06030010676643695,6.770333333333333e-05,2.403e-05,146.79,-0.06800685063701396,0.04392654677193995,0.04871742490058895,0.03371420558955459,0.04740892324876857
2024-08-28,2501.0,74.5199966430664,1.9299999475479126,5592.18017578125,17.110000610351562,-0.005979686942712076,-0.013462411477556464,0.013563016329922153,-0.005993900794735212,0.10334943742316474,30,Fear,4270867.034,619453816.72578,0.1569867472026933,0.10191171938754891,8.973333333333333e-06,-5.873e-05,143.95,-0.019536976910957064,0.04486279847990201,0.048757689171298524,0.03352616440419285,0.04871742490058895
2024-08-29,2525.699951171875,75.91000366210938,2.13700008392334,5591.9599609375,15.649999618530273,0.009827580801596993,0.018480975585486233,0.10188303986903097,-3.937984343658622e-05,-0.08919223096521478,29,Fear,2921816.829,418889238.56372,-0.379611234581901,-0.3912316111449235,-6.691e-05,-7.588333333333333e-05,140.0,-0.027823594448880554,0.046145815985838,0.048854437317886606,0.03306389597429035,0.048757689171298524
2024-08-30,2493.800048828125,73.55000305175781,2.127000093460083,5648.39990234375,15.0,-0.012710561536922458,-0.03158298773172092,-0.004690435450617835,0.010042457079144168,-0.04242069150888951,34,Fear,4038797.169,552772623.16571,0.32374129269171764,0.2773402094136526,-2.1553333333333333e-05,4.535666666666666e-05,137.99,-0.014461203845841226,0.033900299825722104,0.048443203812372215,0.0329052779237868,0.048854437317886606
2024-08-31,2493.800048828125,73.55000305175781,2.127000093460083,5648.39990234375,15.0,0.0,0.0,0.0,0.0,0.0,29,Fear,1230210.745,168333087.14831,-1.1887614250908813,-1.1890020691657488,1.7133333333333317e-06,2.3266666666666665e-05,135.35,-0.019317202703152934,0.020048126986132574,0.048374838024879616,0.03356181563047853,0.048443203812372215
2024-09-01,2493.800048828125,73.55000305175781,2.127000093460083,5648.39990234375,15.0,0.0,0.0,0.0,0.0,0.0,26,Fear,2928444.741,386814972.37561,0.867285984876488,0.8320017930224644,-2.1556666666666666e-05,-2.327e-05,128.5,-0.05193511172503564,0.0213731780458717,0.04651115611112502,0.03342289249195624,0.048374838024879616
2024-09-02,2493.800048828125,73.55000305175781,2.127000093460083,5648.39990234375,15.0,0.0,0.0,0.0,0.0,0.0,26,Fear,3146315.554,411715340.55512,0.07176062586565211,0.06238571842754886,-3.1536666666666666e-05,-9.98e-06,134.94,0.048901330864004826,0.03684037214460032,0.045938992532036184,0.03303804301789701,0.04651115611112502
2024-09-03,2489.89990234375,70.33999633789062,2.203000068664551,5528.93017578125,20.719999313354492,-0.0015651613535240963,-0.04462491355686993,0.03510751883090268,-0.021377963372397696,0.32304918314980974,26,Fear,2627381.925,347419442.89269,-0.1802442182431835,-0.16979937045408247,1.7166666666666632e-06,3.325333333333333e-05,127.54,-0.056400194312153644,0.034604285622567836,0.04674641752518137,0.03159300367695044,0.045938992532036184
2024-09-04,2493.39990234375,69.19999694824219,2.1449999809265137,5520.06982421875,21.31999969482422,0.0014046919562063706,-0.016339756459787656,-0.026680555500950325,-0.0016038290273809634,0.02854620073156293,27,Fear,3814059.109,493863453.34695,0.3727061203555196,0.3517262496339039,3.7216666666666666e-05,3.55e-05,133.64,0.04671957660143001,0.042855844185288365,0.04611638536662082,0.03155150948250975,0.04674641752518137
2024-09-05,2511.39990234375,69.1500015258789,2.253999948501587,5503.41015625,19.899999618530273,0.0071931259247034075,-0.0007227383460925007,0.04956684928210662,-0.003022581014674196,-0.0689258724224691,29,Fear,2762037.052,363814655.91648,-0.32272553514675245,-0.3056145178363697,4.4346666666666673e-05,7.130000000000008e-06,129.41,-0.03216395865497694,0.04317649204702924,0.04191239929141173,0.03090723712354698,0.04611638536662082
2024-09-06,2493.5,67.66999816894531,2.2750000953674316,5408.419921875,22.3799991607666,-0.007152981683501989,-0.021635156991438764,0.009273701552644432,-0.017410944507424406,0.11744795282340682,22,Extreme Fear,5494252.37,698281647.27321,0.6877340523703002,0.6519779765833887,2.8003333333333333e-05,-1.634333333333334e-05,125.05,-0.03427200150995066,0.044063247042776005,0.04226211924153072,0.03036099514468904,0.04191239929141173
2024-09-07,2493.5,67.66999816894531,2.2750000953674316,5408.419921875,22.3799991607666,0.0,0.0,0.0,0.0,0.0,23,Extreme Fear,2111596.965,268366867.55258,-0.9562580055165881,-0.9562675743100344,-1.3143333333333333e-05,-4.114666666666667e-05,127.71,0.021048411184542638,0.0458660374601435,0.035574272277568486,0.03048222062577695,0.04226211924153072
2024-09-08,2493.5,67.66999816894531,2.2750000953674316,5408.419921875,22.3799991607666,0.0,0.0,0.0,0.0,0.0,29,Fear,1971919.866,254464239.08089,-0.06843689721541427,-0.053194641487146206,6.941333333333333e-05,8.255666666666665e-05,130.15,0.018925562932403855,0.04231250557721598,0.03528199626323141,0.03037645015552192,0.035574272277568486
2024-09-09,2501.800048828125,68.70999908447266,2.1700000762939453,5471.0498046875,19.450000762939453,0.0033231463116611603,0.01525181253292539,-0.04725289161179527,0.011513534435818254,-0.14032055609438693,26,Fear,3664956.878,481085523.61761,0.6198089499236621,0.6368847463787909,-2.1306666666666667e-05,-9.072e-05,135.08,0.037179564076792605,0.04032404162609672,0.03610830254006162,0.030244833844913492,0.03528199626323141
2024-09-10,2512.300048828125,65.75,2.2320001125335693,5495.52001953125,19.079999923706055,0.004188195346663044,-0.04403506466059675,0.028170892226461287,0.004462699977793541,-0.019206447268627396,33,Fear,2305171.22,311229293.36815,-0.4636616136903054,-0.43551513984472634,3.421333333333333e-05,5.552e-05,135.63,0.004063394457256417,0.031758258217260894,0.032824263801735996,0.030244656567123163,0.03610830254006162
2024-09-11,2512.10009765625,67.30999755859375,2.2699999809265137,5554.1298828125,17.690000534057617,-7.959205722123827e-05,0.023449106693669394,0.01688172815356528,0.01060855564984334,-0.07564112366000948,37,Fear,3139383.418,414398406.21866,0.30887146125851744,0.28629792670580395,-3.490333333333333e-05,-6.911666666666666e-05,132.42,-0.023951900477923473,0.0287831328908018,0.03241652359410466,0.030942057445257187,0.032824263801735996
2024-09-12,2551.199951171875,68.97000122070312,2.3570001125335693,5595.759765625,17.06999969482422,0.015444721969289848,0.024362867390701433,0.037609848607506366,0.00746735215680267,-0.035677019433049094,31,Fear,2273359.309,306779738.70621,-0.32276780757570384,-0.3006978183510327,-7.833333333333333e-06,2.7069999999999997e-05,136.05,0.02704377573255555,0.026839039596289666,0.032875179628648075,0.0306183118656906,0.03241652359410466
2024-09-13,2581.300048828125,68.6500015258789,2.305000066757202,5626.02001953125,16.559999465942383,0.011729349341314652,-0.00465049070133241,-0.022308966287879536,0.0053931422343560355,-0.030332402221190383,32,Fear,2714532.025,368359528.65679,0.1773609626782685,0.18292941469076018,2.0640000000000002e-05,2.8473333333333337e-05,139.02,0.021595342443084517,0.019871338523647468,0.032983653299687395,0.030433327163478956,0.032875179628648075
2024-09-14,2581.300048828125,68.6500015258789,2.305000066757202,5626.02001953125,16.559999465942383,0.0,0.0,0.0,0.0,0.0,50,Neutral,1396833.298,192268912.45152,-0.6644118274531817,-0.6501644634726578,1.214e-05,-8.500000000000002e-06,137.14,-0.01361550581612167,0.022318840476230468,0.033040747131242026,0.03233403553339985,0.032983653299687395
2024-09-15,2581.300048828125,68.6500015258789,2.305000066757202,5626.02001953125,16.559999465942383,0.0,0.0,0.0,0.0,0.0,51,Neutral,1850456.74,248848021.94444,0.2812247505118635,0.25794737867880757,9.286666666666667e-06,-2.8533333333333337e-06,131.37,-0.04298453237480154,0.029413334317542013,0.0336399407172986,0.031375872672189005,0.033040747131242026
2024-09-16,2580.39990234375,70.08999633789062,2.372999906539917,5633.08984375,17.139999389648438,-0.0003487790851909712,0.02075892382264858,0.02907423265832455,0.0012558408673102855,0.034424760852599955,39,Fear,2136388.305,279606319.67364,0.14368420020108644,0.11654025617026904,1.2793333333333337e-05,3.50666666666667e-06,131.47,0.0007609192270961293,0.024888865011241414,0.03337718269214085,0.03140378537208986,0.0336399407172986
2024-09-17,2564.300048828125,71.19000244140625,2.3239998817443848,5634.580078125,17.610000610351562,-0.00625883189495714,0.015572315146450825,-0.0208651499636982,0.00026451509389645083,0.02705207960763049,33,Fear,2339845.911,310574750.11516,0.09096838189505058,0.1050420008550865,4.786333333333333e-05,3.5069999999999995e-05,131.54,0.0005322991646921247,0.02473659695215915,0.03336336139458355,0.03187456535380044,0.03337718269214085
2024-09-18,2570.699951171875,70.91000366210938,2.2839999198913574,5618.259765625,18.229999542236328,0.00249266043134922,-0.00394087444963749,-0.017361531385220792,-0.0029006587083132912,0.034601606412624705,45,Fear,3309787.258,430929910.80921,0.3467988376144489,0.3275208434357971,-5.330000000000001e-06,-5.319333333333333e-05,134.34,0.021062911965513555,0.024649821127664784,0.03352514293592396,0.03205130016959972,0.03336336139458355
2024-09-19,2588.0,71.94999694824219,2.3480000495910645,5713.64013671875,16.329999923706055,0.006707160271705417,0.014559871958021912,0.027635666366478774,0.016834356892725128,-0.11006466126974973,49,Neutral,4130435.35,577699422.06203,0.22149889822395033,0.2931082454273272,5.5559999999999997e-05,6.0889999999999995e-05,142.89,0.06170120364216006,0.03267828187502937,0.03541475321572908,0.030623509157731304,0.03352514293592396
2024-09-20,2619.89990234375,71.91999816894531,2.434000015258789,5702.5498046875,16.149999618530273,0.01225073519220459,-0.0004170262146349265,0.03597207774794766,-0.0019429136300157343,-0.011083876262113658,54,Neutral,4488100.615,664077947.16975,0.08304677360131202,0.1393458305278257,0.0001,4.444000000000001e-05,146.66,0.026041879184774713,0.03305021023379728,0.03572577506196001,0.03135778120136712,0.03541475321572908
2024-09-21,2619.89990234375,71.91999816894531,2.434000015258789,5702.5498046875,16.149999618530273,0.0,0.0,0.0,0.0,0.0,54,Neutral,1916733.216,282626113.20776,-0.8508072997114347,-0.8542746634966379,8.024666666666667e-05,-1.9753333333333333e-05,149.41,0.018577222197340072,0.031815863981948814,0.03587037533874225,0.031311378620985986,0.03572577506196001
2024-09-22,2619.89990234375,71.91999816894531,2.434000015258789,5702.5498046875,16.149999618530273,0.0,0.0,0.0,0.0,0.0,52,Neutral,2165962.888,314113730.48354,0.12224272761498198,0.10563024991621804,6.522e-05,-1.502666666666667e-05,144.63,-0.03251544777735283,0.02889954826934114,0.034103393744581316,0.030569280672786574,0.03587037533874225
2024-09-23,2626.5,70.37000274658203,2.61299991607666,5718.56982421875,15.890000343322754,0.002516049581020544,-0.02178728969472246,0.07096295358650237,0.0028053344257131223,-0.01623002389340957,50,Neutral,3226373.773,467054364.81911,0.3984938211250327,0.3966905444601308,-4.893333333333334e-06,-7.011333333333333e-05,144.79,0.0011056597076896262,0.028874031737340353,0.03282711514609815,0.030670950936164332,0.034103393744581316
2024-09-24,2651.199951171875,71.55999755859375,2.5510001182556152,5732.93017578125,15.390000343322754,0.009360187860914403,0.016769149514567056,-0.024013468904610112,0.002508031103345345,-0.03197203199588042,54,Neutral,4015502.931,592206584.36052,0.21880376689797268,0.2374098702977187,4.101333333333333e-05,4.5906666666666665e-05,152.73,0.05338723978902404,0.03161146272412302,0.03438605185090048,0.029905244642264836,0.03282711514609815
2024-09-25,2659.199951171875,69.69000244140625,2.63700008392334,5722.259765625,15.40999984741211,0.003012958044237874,-0.026479354040803024,0.03315645368021288,-0.001862983206212128,0.0012986692711907113,59,Greed,2728253.346,411459401.65579,-0.3865009981301604,-0.3641451782327799,8.594333333333333e-05,4.4930000000000005e-05,147.98,-0.03159452708494948,0.03741944429388984,0.03478552831211813,0.03240332111687333,0.03438605185090048
2024-09-26,2669.89990234375,67.66999816894531,2.5850000381469727,5745.3701171875,15.369999885559082,0.004015674633472966,-0.029413947297257197,-0.019916416479016423,0.004030542158199222,-0.0025990893253781478,50,Neutral,4251220.763,653415043.08504,0.443544575606722,0.46250216583558157,6.771e-05,-1.8233333333333334e-05,155.55,0.04989009384624139,0.03509434400785919,0.03371420558955459,0.031799697252844386,0.03478552831211813
2024-09-27,2644.300048828125,68.18000030517578,2.9019999504089355,5738.169921875,16.959999084472656,-0.00963458348443632,0.0075083480002425705,0.11567461465597245,-0.0012540029000721238,0.09844002627741914,61,Greed,3725660.998,588310567.9394,-0.1319618948274235,-0.10495753645278873,6.993666666666667e-05,2.22666666666667e-06,157.64,0.013346728983156763,0.03457968875497924,0.03352616440419285,0.03222005804208609,0.03371420558955459
2024-09-28,2644.300048828125,68.18000030517578,2.9019999504089355,5738.169921875,16.959999084472656,0.0,0.0,0.0,0.0,0.0,64,Greed,1580834.341,248277861.32032,-0.857291513630569,-0.8627064577046318,9.933333333333333e-05,2.9396666666666656e-05,156.75,-0.005661772813772763,0.03482703425430738,0.03306389597429035,0.032184756541186896,0.03352616440419285
2024-09-29,2644.300048828125,68.18000030517578,2.9019999504089355,5738.169921875,16.959999084472656,0.0,0.0,0.0,0.0,0.0,63,Greed,2350658.476,371044350.37015,0.3967427198736188,0.4017730707140226,9.771333333333334e-05,-1.6199999999999879e-06,158.46,0.010850016024065844,0.03020801441859558,0.0329052779237868,0.03216354235176372,0.03306389597429035
2024-09-30,2636.10009765625,68.16999816894531,2.9230000972747803,5762.47998046875,16.729999542236328,-0.0031058092325682647,-0.00014671267121886113,0.0072103820347843685,0.004227603658441509,-0.013654088745303506,61,Greed,3240682.206,505193825.22015,0.32108837358769027,0.3086205697159309,0.0001,2.2866666666666662e-06,152.49,-0.038403175410175044,0.03595509790801211,0.03356181563047853,0.031663424015245314,0.0329052779237868
2024-10-01,2667.300048828125,69.83000183105469,2.8959999084472656,5708.75,19.260000228881836,0.01176615388576509,0.024059184564979595,-0.009280076498242213,-0.009367848694454447,0.14082693061688453,50,Neutral,4991241.419,745512858.98242,0.4319007951376555,0.38913021490336136,0.0001,0.0,145.13,-0.049469127644649405,0.035035618853135206,0.03342289249195624,0.03095756898250856,0.03356181563047853
2024-10-02,2647.10009765625,70.0999984741211,2.885999917984009,5709.5400390625,18.899999618530273,-0.007602005078805537,0.0038590291938212363,-0.0034590109768468306,0.00013838132698647728,-0.018868516371758504,42,Fear,3817606.119,550570685.31102,-0.2680611044255454,-0.30311703292064096,6.106e-05,-3.894e-05,140.18,-0.0347025814100927,0.0354126076097442,0.03303804301789701,0.03029892244020477,0.03342289249195624
2024-10-03,2657.10009765625,73.70999908447266,2.9700000286102295,5699.93994140625,20.489999771118164,0.003770601213994833,0.05021569050716062,0.028690530514572807,-0.0016828286544586894,0.08077504919837869,37,Fear,3742347.845,514812941.95153,-0.019910375253109874,-0.06715173476614303,1.6213333333333333e-05,-4.4846666666666665e-05,136.82,-0.024261117739326817,0.024803190937088014,0.03159300367695044,0.02978937846617094,0.03303804301789701
2024-10-04,2645.800048828125,74.37999725341797,2.8540000915527344,5751.06982421875,19.209999084472656,-0.004261843753354774,0.00904858879004115,-0.03984041131429432,0.008930255699186382,-0.06450602195882109,41,Fear,3120151.953,439091983.66735,-0.18183147698648636,-0.1590946940511682,-2.3333333333333327e-06,-1.8546666666666666e-05,143.24,0.0458553517973802,0.03330785107308565,0.03155150948250975,0.02927255514129389,0.03159300367695044
2024-10-05,2645.800048828125,74.37999725341797,2.8540000915527344,5751.06982421875,19.209999084472656,0.0,0.0,0.0,0.0,0.0,49,Neutral,1475217.816,211080413.77507,-0.7490760527662859,-0.7324697523091893,5.256333333333333e-05,5.4896666666666666e-05,142.59,-0.004548165836204241,0.0333551825999683,0.03090723712354698,0.029843930873173805,0.03155150948250975
2024-10-06,2645.800048828125,74.37999725341797,2.8540000915527344,5751.06982421875,19.209999084472656,0.0,0.0,0.0,0.0,0.0,50,Neutral,1409071.4,203954747.24911,-0.04587474488407863,-0.03434102678492564,7.835666666666667e-05,2.5793333333333343e-05,146.48,0.026915521072227513,0.03577673714959966,0.03036099514468904,0.03093703606433822,0.03090723712354698
2024-10-07,2644.800048828125,77.13999938964844,2.746000051498413,5695.93994140625,22.639999389648438,-0.00037802895454220627,0.036434893297252344,-0.038576225033634504,-0.009632263829388773,0.16428729725441985,50,Neutral,3607754.951,535056906.3955,0.9401547757868838,0.9644749663071441,4.019666666666667e-05,-3.816000000000001e-05,143.96,-0.017353417155425196,0.03395017235317467,0.03048222062577695,0.03647350415049463,0.03036099514468904
2024-10-08,2615.0,73.56999969482422,2.7330000400543213,5751.1298828125,21.420000076293945,-0.011331369029670978,-0.04738461507175182,-0.004745404498015166,0.009642706804694385,-0.05539315779457903,49,Neutral,2153828.153,309326890.82457,-0.5158388865135504,-0.54797449150836,2.496666666666667e-05,-1.5229999999999998e-05,143.49,-0.0032701368505147796,0.028676645063225314,0.03037645015552192,0.03720014270847608,0.03048222062577695
2024-10-09,2606.0,73.23999786376953,2.6600000858306885,5792.0400390625,20.860000610351562,-0.0034476188142327953,-0.004495639157300412,-0.027073766540954846,0.007088231016994585,-0.02649158974936262,49,Neutral,2071518.061,293977143.09486,-0.03896509384291762,-0.05089659708435135,2.3903333333333335e-05,-1.0633333333333339e-06,139.33,-0.029420126234814863,0.0277144377896145,0.030244833844913492,0.036445431717529966,0.03037645015552192
2024-10-10,2620.60009765625,75.8499984741211,2.674999952316284,5780.0498046875,20.93000030517578,0.0055868577505378105,0.035015995038710473,0.005623207461498323,-0.0020722685059824846,0.003350072206641976,39,Fear,2289782.907,316766669.27985,0.10017531133551094,0.07466342405760318,3.813666666666667e-05,1.4233333333333335e-05,139.03,-0.0021554829440484564,0.025797900609446613,0.030244656567123163,0.03641635489238399,0.030244833844913492
2024-10-11,2657.60009765625,75.55999755859375,2.631999969482422,5815.02978515625,20.459999084472656,0.014020160169731887,-0.0038306753550031453,-0.01620536065403536,0.00603360870729872,-0.022711835262393478,32,Fear,2269088.918,325024798.54017,-0.009078619417124607,0.0257360388206068,-1.8333333333333333e-05,-5.6470000000000007e-05,145.53,0.04569251374378298,0.025752101172436793,0.030942057445257187,0.03654998715699588,0.030244656567123163
2024-10-12,2657.60009765625,75.55999755859375,2.631999969482422,5815.02978515625,20.459999084472656,0.0,0.0,0.0,0.0,0.0,49,Neutral,1347679.548,197164215.71221,-0.5209941330248276,-0.4998645188226168,-3.550000000000003e-06,1.478333333333333e-05,146.4,0.005960350601976317,0.02559449154664522,0.0306183118656906,0.03737909166905054,0.030942057445257187
2024-10-13,2657.60009765625,75.55999755859375,2.631999969482422,5815.02978515625,20.459999084472656,0.0,0.0,0.0,0.0,0.0,50,Neutral,1599054.833,234391884.38395,0.17102846512772457,0.1729574703714003,3.951333333333333e-05,4.306333333333334e-05,147.74,0.009111370573380479,0.02372724670361391,0.030433327163478956,0.039068291742441134,0.0306183118656906
2024-10-14,2647.800048828125,73.83000183105469,2.49399995803833,5859.85009765625,19.700000762939453,-0.0036943716604866234,-0.023161832450447797,-0.05385617143544974,0.007678114574594323,-0.037853041304464326,48,Neutral,3987055.145,612698964.45627,0.9136401741835783,0.9608792954303165,5.388666666666667e-05,1.4373333333333334e-05,157.59,0.06454275153338805,0.031843276247849245,0.03233403553339985,0.037802855883588046,0.030433327163478956
2024-10-15,2661.39990234375,70.58000183105469,2.497999906539917,5815.259765625,20.639999389648438,0.0051231384715043505,-0.04501833368193956,0.0016025438566243464,-0.0076385660375134215,0.0466122365702319,65,Greed,4480025.111,692975854.02436,0.11657575204014121,0.12312142630677225,0.0001,4.611333333333334e-05,154.76,-0.018121193801667743,0.03355091420049204,0.031375872672189005,0.03804037297975274,0.03233403553339985
2024-10-16,2674.0,70.38999938964844,2.367000102996826,5842.47021484375,19.579999923706055,0.004723215245810717,-0.0026956452410497786,-0.05386700024391796,0.004668232782779766,-0.05272227783622492,73,Greed,2851816.35,442239613.5375,-0.4516725444745432,-0.44914330864136837,6.311666666666666e-05,-3.688333333333334e-05,154.28,-0.0031063964922850907,0.02952603302297469,0.03140378537208986,0.03837639122072269,0.031375872672189005
2024-10-17,2691.0,70.66999816894531,2.3469998836517334,5841.47021484375,19.110000610351562,0.006337393065017404,0.003969929843791636,-0.00848550674980333,-0.00017117512853816633,-0.024296843014801575,71,Greed,2664809.948,404740607.93776,-0.0678233660670264,-0.08860545957627333,8.161333333333334e-05,1.8496666666666675e-05,150.5,-0.024806049151096583,0.03273054369670675,0.03187456535380044,0.03804091051459986,0.03140378537208986
2024-10-18,2713.699951171875,69.22000122070312,2.257999897003174,5864.669921875,18.030000686645508,0.00840012761358353,-0.020731272950513795,-0.03865844718241387,0.003963686942774387,-0.05817471489231307,73,Greed,1829394.118,281306391.09424,-0.3761479120304204,-0.3638019525982843,6.980333333333333e-05,-1.181000000000001e-05,154.94,0.029074861014826137,0.030337559717809413,0.03205130016959972,0.04093683124749122,0.03187456535380044
2024-10-19,2713.699951171875,69.22000122070312,2.257999897003174,5864.669921875,18.030000686645508,0.0,0.0,0.0,0.0,0.0,72,Greed,1724504.166,269205539.47737,-0.05904525980859527,-0.04396925997702746,5.4840000000000003e-05,-1.4963333333333326e-05,159.79,0.030822507947540594,0.03136699297764387,0.030623509157731304,0.040823089172325494,0.03205130016959972
2024-10-20,2713.699951171875,69.22000122070312,2.257999897003174,5864.669921875,18.030000686645508,0.0,0.0,0.0,0.0,0.0,73,Greed,3094698.825,499091756.88122,0.5847510220593827,0.6173147852606358,7.304333333333333e-05,1.820333333333333e-05,167.4,0.04652570490407798,0.033787148409962754,0.03135778120136712,0.04053408770152564,0.030623509157731304
2024-10-21,2723.10009765625,70.55999755859375,2.312000036239624,5853.97998046875,18.3700008392334,0.0034579737223619676,0.019173521255786898,0.023633546371422946,-0.001824432756419033,0.018681869613305074,72,Greed,4807758.742,802248688.37832,0.4405404262974357,0.474628684686893,0.0001,2.6956666666666672e-05,166.17,-0.007374797342252887,0.027587024239151974,0.031311378620985986,0.04056306702403177,0.03135778120136712
2024-10-22,2744.199951171875,72.08999633789062,2.311000108718872,5851.2001953125,18.200000762939453,0.007718602631013913,0.021451910519248066,-0.00043258814838486014,-0.0004749666671957937,-0.009297308909531486,70,Greed,4115685.502,688160680.55922,-0.15542561111800698,-0.15339628706990674,0.0001,0.0,167.59,0.008509159683659855,0.025184683660952816,0.030569280672786574,0.042707807991357864,0.031311378620985986
2024-10-23,2714.39990234375,70.7699966430664,2.3420000076293945,5797.419921875,19.239999771118164,-0.01091867720094922,-0.018480152964077994,0.013324890096842276,-0.009233824267679564,0.05556979733891606,71,Greed,4509792.292,757152123.98221,0.09144569106177024,0.09554183164192773,0.0001,0.0,170.85,0.019265458164518676,0.024449030214119528,0.030670950936164332,0.042752475824328874,0.030569280672786574
2024-10-24,2734.89990234375,70.19000244140625,2.5220000743865967,5809.85986328125,19.079999923706055,0.007523937915991553,-0.008229249128125489,0.07404699860464296,0.0021434731305568283,-0.008350771319909049,69,Greed,3893052.12,680676981.90358,-0.147057640793866,-0.10647632508152732,0.0001,0.0,177.19,0.03643662460867724,0.018156392179475535,0.029905244642264836,0.042701274281414285,0.030670950936164332
2024-10-25,2740.89990234375,71.77999877929688,2.559999942779541,5808.1201171875,20.329999923706055,0.002191461563702766,0.022399983188136557,0.01495496910191978,-0.00029949201318627087,0.06345696186597276,72,Greed,5718307.066,975203392.12616,0.38447933743092566,0.35955819200098926,7.72e-05,-2.28e-05,164.9,-0.07188337360442476,0.03990190821961406,0.03240332111687333,0.039876403583800006,0.029905244642264836
2024-10-27,2740.89990234375,71.77999877929688,2.559999942779541,5808.1201171875,20.329999923706055,0.0,0.0,0.0,0.0,0.0,74,Greed,2606131.771,456430957.53051,-0.14430649665918685,-0.10246345020128744,4.3723333333333335e-05,-2.666666666666666e-05,176.63,0.03309559339552217,0.038612510920572135,0.03222005804208609,0.04294610771936272,0.031799697252844386
2024-10-28,2742.89990234375,67.37999725341797,2.309000015258789,5823.52001953125,19.799999237060547,0.00072942126259476,-0.06325767149745264,-0.10319269915897362,0.002647934626732945,-0.026415724719285577,72,Greed,3877330.221,682720697.43,0.39727978753235244,0.40264839547630354,6.996e-05,2.6236666666666666e-05,178.29,0.009354288879326792,0.038039798073357466,0.032184756541186896,0.04352671495087478,0.03222005804208609
2024-10-29,2768.39990234375,67.20999908447266,2.3459999561309814,5832.919921875,19.34000015258789,0.009253781457162933,-0.002526164855852338,0.015897194551031776,0.0016128259449012198,-0.023506401253288445,72,Greed,4046109.939,729686178.77882,0.04260908122202001,0.06652870864319968,0.0001,3.0040000000000004e-05,179.42,0.0063179880844584,0.03806366729850759,0.03216354235176372,0.043831381432840995,0.032184756541186896
2024-10-30,2788.5,68.61000061035156,2.8450000286102295,5813.669921875,20.350000381469727,0.007234316137240295,0.02061627323877297,0.19285134610282678,-0.0033056916724881185,0.05090543271914016,77,Extreme Greed,2893112.751,510367902.92025,-0.3354229116810674,-0.357482705703408,0.0001,0.0,174.87,-0.025686585405569246,0.03993550425051262,0.031663424015245314,0.04339669513849852,0.03216354235176372
2024-10-31,2738.300048828125,69.26000213623047,2.7070000171661377,5705.4501953125,23.15999984741211,-0.01816650912342701,0.009429264219159237,-0.04972206066106166,-0.018790134928745348,0.12934571548232596,77,Extreme Greed,2661529.298,458128321.23974,-0.08343211731599642,-0.10798252167395009,0.0001,0.0,168.69,-0.03598012975334807,0.03930232347893064,0.03095756898250856,0.042997870667271385,0.031663424015245314
2024-11-01,2738.60009765625,69.48999786376953,2.6630001068115234,5728.7998046875,21.8799991607666,0.0001095688511384859,0.003315256766768306,-0.01638767003228602,0.004084158004525459,-0.056853706918779355,75,Greed,3325662.447,557854086.52407,0.2227680047959354,0.19694811225023595,0.0001,0.0,166.1,-0.01547269435297089,0.027922369284744196,0.03029892244020477,0.04279319778844912,0.03095756898250856
2024-11-02,2738.60009765625,69.48999786376953,2.6630001068115234,5728.7998046875,21.8799991607666,0.0,0.0,0.0,0.0,0.0,72,Greed,1603273.603,264909940.27946,-0.729621345534709,-0.7447075142786485,7.699999999999999e-05,-2.3000000000000017e-05,166.17,0.00042134409387303064,0.023470152284319347,0.02978937846617094,0.04412664842040422,0.03029892244020477
2024-11-03,2738.60009765625,69.48999786376953,2.6630001068115234,5728.7998046875,21.8799991607666,0.0,0.0,0.0,0.0,0.0,74,Greed,2745309.829,443630725.97122,0.5378463979923093,0.5156025978935536,5.078333333333333e-05,-2.6216666666666656e-05,162.53,-0.022148760598037623,0.01743166487627351,0.02927255514129389,0.04392708537878519,0.02978937846617094
2024-11-04,2736.10009765625,71.47000122070312,2.7809998989105225,5712.68994140625,21.979999542236328,-0.0009132920834320161,0.028094971727141534,0.04335719196051501,-0.0028160448131902913,0.004559988951510874,70,Greed,3019251.325,486901138.20844,0.09511495612218554,0.09306858273327226,5.919666666666666e-05,8.41333333333333e-06,157.95,-0.02858407286699046,0.015520508641894118,0.029843930873173805,0.04369550172676681,0.02927255514129389
2024-11-05,2740.300048828125,71.98999786376953,2.6700000762939453,5782.759765625,20.489999771118164,0.0015338367843668287,0.007249392495397435,-0.04073203791511217,0.012191031029563081,-0.07019597706871061,70,Greed,3438156.871,563101491.3414,0.1299266394588651,0.14539877985606284,3.6983333333333336e-05,-2.2213333333333326e-05,166.62,0.05343724329866906,0.030480960008701583,0.03093703606433822,0.04312517616934416,0.029843930873173805
2024-11-06,2667.60009765625,71.69000244140625,2.746999979019165,5929.0400390625,16.270000457763672,-0.02688819289182318,-0.004175888887395827,0.028430898488741013,0.024981280957186654,-0.2306140017140018,70,Greed,10385235.992,1909187913.25849,1.1054496469009722,1.2209733736174926,6.0360000000000005e-05,2.337666666666667e-05,186.59,0.11319792586239448,0.05463500454581292,0.03647350415049463,0.03862507796596665,0.03093703606433822
2024-11-07,2698.39990234375,72.36000061035156,2.693000078201294,5973.10009765625,15.199999809265137,0.011479740190580862,0.009302367042198464,-0.019853556607221007,0.007403754173995657,-0.06802753406250556,77,Extreme Greed,4210329.82,805298768.52591,-0.9028441947153288,-0.8632199047344024,0.0001,3.964e-05,196.35,0.05098508461486104,0.052476234047842525,0.03720014270847608,0.0377608760096374,0.03647350415049463
2024-11-08,2687.5,70.37999725341797,2.6689999103546143,5995.5400390625,14.9399995803833,-0.004047575121093911,-0.02774457609362235,-0.0089520060334332,0.0037497940357180464,-0.017253263686007284,75,Greed,5129244.188,1026696176.73963,0.19741732988593919,0.24288798087523913,0.0001,0.0,199.85,0.017668304133313897,0.05000112976345668,0.036445431717529966,0.03775232951353032,0.03720014270847608
2024-11-09,2687.5,70.37999725341797,2.6689999103546143,5995.5400390625,14.9399995803833,0.0,0.0,0.0,0.0,0.0,75,Greed,2833304.996,565544974.68205,-0.5935144431880252,-0.5963115072443104,0.0001,0.0,199.89,0.00020013008522283156,0.05002037032921262,0.03641635489238399,0.04159651460787087,0.036445431717529966
2024-11-10,2687.5,70.37999725341797,2.6689999103546143,5995.5400390625,14.9399995803833,0.0,0.0,0.0,0.0,0.0,78,Extreme Greed,7968628.23,1650287820.01631,1.0340684879343867,1.0709151648362194,0.00023682,0.00013682,210.07,0.0496735932650337,0.04557208039244649,0.03654998715699588,0.040732565323273864,0.03641635489238399
2024-11-11,2611.199951171875,68.04000091552734,2.9200000762939453,6001.35009765625,14.970000267028809,-0.0288015263656269,-0.03381331188501914,0.08987980557349741,0.0009685941909569238,0.0020060646512555826,76,Extreme Greed,8935306.968,1923338631.62358,0.11449814240039062,0.15311283751797813,0.00022707333333333332,-9.74666666666668e-06,222.13,0.055821987561942114,0.0354836080292665,0.03737909166905054,0.04104236473240694,0.03654998715699588
2024-11-12,2600.0,68.12000274658203,2.9070000648498535,5983.990234375,14.710000038146973,-0.00429842206071789,0.001175115130863235,-0.004461998523343721,-0.0028968514769364996,-0.017520679062518398,80,Extreme Greed,9001990.659,1932232237.824,0.007435233510745401,0.00461338788748456,0.0004284033333333333,0.00020133,211.64,-0.04837607803360012,0.0507895052834129,0.039068291742441134,0.03998552877210216,0.03737909166905054
2024-11-13,2580.800048828125,68.43000030517578,2.9830000400543213,5985.3798828125,14.020000457763672,-0.00741199771886598,0.004540433309838222,0.025807875075231364,0.00023220076414018386,-0.04804262294940944,84,Extreme Greed,10834052.799,2287313943.88454,0.1852484734658688,0.16870224437361078,0.00025258333333333334,-0.00017581999999999998,215.13,0.016355778526662364,0.0369889120588943,0.037802855883588046,0.03995243489994551,0.039068291742441134
2024-11-14,2568.199951171875,68.69999694824219,2.7850000858306885,5949.169921875,14.3100004196167,-0.004894201906120731,0.003937825382707094,-0.0686816147619756,-0.006068108582244,0.020473708634473634,88,Extreme Greed,7458523.708,1606845662.13136,-0.3733367104157515,-0.3531051376982591,0.00017742,-7.516333333333335e-05,209.57,-0.0261846841307417,0.037821146651875026,0.03804037297975274,0.03985686605265368,0.037802855883588046
2024-11-15,2565.699951171875,67.0199966430664,2.822999954223633,5870.6201171875,16.139999389648438,-0.0009739185590534588,-0.024758122586163202,0.013552228857682867,-0.013291430866793769,0.12034200213404177,80,Extreme Greed,5271091.924,1117551465.38711,-0.34711996296598635,-0.363132940671755,0.0001,-7.741999999999999e-05,218.45,0.04149934296559328,0.03972377717638998,0.03837639122072269,0.039296729242706836,0.03804037297975274
2024-11-16,2565.699951171875,67.0199966430664,2.822999954223633,5870.6201171875,16.139999389648438,0.0,0.0,0.0,0.0,0.0,86,Extreme Greed,4204469.3,915510373.4512,-0.2260894587324362,-0.1994136845011999,0.00016573666666666665,6.573666666666665e-05,215.71,-0.012622242390819386,0.04068104067235706,0.03804091051459986,0.03982404960285448,0.03837639122072269
2024-11-17,2565.699951171875,67.0199966430664,2.822999954223633,5870.6201171875,16.139999389648438,0.0,0.0,0.0,0.0,0.0,90,Extreme Greed,8433424.204,1960587171.68452,0.6960548036215796,0.7615175897865261,0.00025381666666666667,8.808000000000001e-05,237.47,0.09610638670008557,0.05062965829597645,0.04093683124749122,0.03602274544680777,0.03804091051459986
2024-11-18,2610.60009765625,69.16000366210938,2.9730000495910645,5893.6201171875,15.579999923706055,0.017348790536743833,0.031431681545723344,0.05177142764059131,0.003910159746206537,-0.03531258948003348,83,Extreme Greed,7485850.361,1804490953.93808,-0.11918826208253006,-0.08296547373731224,0.00020807333333333332,-4.5743333333333347e-05,239.79,0.009722240599326389,0.04773157256168873,0.040823089172325494,0.038467751938911124,0.04093683124749122
2024-11-19,2627.10009765625,69.38999938964844,2.997999906539917,5916.97998046875,16.350000381469727,0.006300496006653572,0.003320042349147119,0.008373807809822099,0.003955750520596487,0.04823988512905733,90,Extreme Greed,5595613.402,1350659078.09119,-0.29103165038923146,-0.28968585272078934,0.00017948666666666664,-2.8586666666666682e-05,237.63,-0.009048698161739362,0.04149480014145632,0.04053408770152564,0.039926838110691865,0.040823089172325494
2024-11-20,2648.199951171875,68.87000274658203,3.193000078201294,5917.10986328125,17.15999984741211,0.007999532098494133,-0.007522046678218695,0.06301556971786235,2.19506213354446e-05,0.04835316449300409,83,Extreme Greed,5472203.476,1289751835.31258,-0.022301605142990132,-0.04614285516972412,0.0001,-7.948666666666663e-05,235.48,-0.009088857984237447,0.04261372036781546,0.04056306702403177,0.03996761023124998,0.04053408770152564
2024-11-21,2672.10009765625,70.0999984741211,3.3389999866485596,5948.7099609375,16.8700008392334,0.008984571185138249,0.017702062836089758,0.044710418738758806,0.005326251844288491,-0.0170441388627829,82,Extreme Greed,8595939.994,2120001679.0177,0.45160863349677965,0.49696705653277357,0.0001,0.0,256.37,0.08499572936068567,0.046183033311161255,0.042707807991357864,0.037667999219284334,0.04056306702403177
2024-11-22,2709.89990234375,71.23999786376953,3.128999948501587,5969.33984375,15.239999771118164,0.014046981134497769,0.01613165616169969,-0.06495790873456347,0.0034619595915364653,-0.10161341106495818,94,Extreme Greed,5155181.905,1326798359.45141,-0.5112875941209553,-0.4686480890532389,0.00027852666666666666,0.00017852666666666667,256.9,0.0020651905950916133,0.04677633849003558,0.042752475824328874,0.037601303357379184,0.042707807991357864
2024-11-23,2709.89990234375,71.23999786376953,3.128999948501587,5969.33984375,15.239999771118164,0.0,0.0,0.0,0.0,0.0,93,Extreme Greed,4836783.227,1248450578.228,-0.06375252669782806,-0.060865546585165936,0.00021507666666666667,-6.345e-05,254.89,-0.007854824574334979,0.046199648903894136,0.042701274281414285,0.03934958067986651,0.042752475824328874
2024-11-24,2709.89990234375,71.23999786376953,3.128999948501587,5969.33984375,15.239999771118164,0.0,0.0,0.0,0.0,0.0,80,Extreme Greed,3665245.812,918826601.65279,-0.2773544740361254,-0.3065611010167407,0.00025536,4.028333333333333e-05,252.73,-0.008510354346510644,0.03432091207429287,0.039876403583800006,0.040230394160853174,0.042701274281414285
2024-11-25,2616.800048828125,68.94000244140625,3.36899995803833,5987.3701171875,14.600000381469727,-0.03495948190340738,-0.032817831932857484,0.07390250374086611,0.0030159278201245415,-0.04290198039765308,82,Extreme Greed,4699636.317,1149248739.7001,0.24858972314807568,0.2237663150575072,0.00014939333333333332,-0.00010596666666666668,234.18,-0.07623167477441364,0.04700772262993103,0.04292051737870226,0.0381549651664022,0.039876403583800006
2024-11-26,2620.300048828125,68.7699966430664,3.430999994277954,6021.6298828125,14.100000381469727,0.001336617767776714,-0.0024690419843932956,0.01823581023937819,0.005705697155263866,-0.03484673040364113,79,Extreme Greed,5012621.456,1157330881.01868,0.06447389660219874,0.00700793011682662,0.0001,-4.939333333333331e-05,230.69,-0.015015232517584834,0.04718137304419288,0.04294610771936272,0.0388488149243399,0.04292051737870226
2024-11-27,2639.89990234375,68.72000122070312,3.2039999961853027,5998.740234375,14.100000381469727,0.007452166991228204,-0.0007272590783860844,-0.06845173419305577,-0.003808481083577712,0.0,75,Greed,3807284.297,898274398.45495,-0.2750428709141313,-0.25339608033987504,0.0001,0.0,241.96,0.04769760533571974,0.05093979261450937,0.04352671495087478,0.03755240527876659,0.04294610771936272
2024-11-28,2639.89990234375,68.72000122070312,3.2039999961853027,5998.740234375,14.100000381469727,0.0,0.0,0.0,0.0,0.0,77,Extreme Greed,2694033.06,640996914.88985,-0.34587680242064345,-0.3374509438898036,0.0001,0.0,237.59,-0.01822592417801664,0.03641333050814635,0.043831381432840995,0.039525407933639234,0.04352671495087478
2024-11-29,2657.0,68.0,3.36299991607666,6032.3798828125,13.510000228881836,0.006456666117155565,-0.010532590263326157,0.04843337978772082,0.005592120396801623,-0.04274465552494473,78,Extreme Greed,2890806.079,699720103.9149,0.07049603367477641,0.08765575958657945,0.0001,0.0,243.33,0.02387204768966619,0.038572979072492665,0.04339669513849852,0.03929991792032558,0.043831381432840995
2024-11-30,2657.0,68.0,3.36299991607666,6032.3798828125,13.510000228881836,0.0,0.0,0.0,0.0,0.0,84,Extreme Greed,2279256.816,550410857.7652,-0.23768595136678283,-0.24001539006242498,0.0001,0.0,237.6,-0.023829959261873247,0.039049670832945964,0.042997870667271385,0.03928877416168961,0.04339669513849852
2024-12-01,2657.0,68.0,3.36299991607666,6032.3798828125,13.510000228881836,0.0,0.0,0.0,0.0,0.0,81,Extreme Greed,2435872.954,577329157.83331,0.06645576302143928,0.04774755456888651,0.00014393666666666667,4.393666666666666e-05,236.8,-0.0033726844786391187,0.03913129530993597,0.04279319778844912,0.039287377727376456,0.042997870667271385
2024-12-02,2634.89990234375,68.0999984741211,3.2130000591278076,6047.14990234375,13.34000015258789,-0.008352473231234763,0.0014694855729147065,-0.04562830926682871,0.0024454638805813736,-0.012663116987917826,80,Extreme Greed,5868060.275,1332640777.80382,0.8792189370839747,0.83650523180545,0.00029959,0.00015565333333333336,225.72,-0.047920609908911296,0.031845451821745266,0.04412664842040422,0.03897685822040818,0.04279319778844912
2024-12-03,2644.699951171875,69.94000244140625,3.0420000553131104,6049.8798828125,13.300000190734863,0.003712425318383127,0.026660575793360352,-0.05468988651615979,0.0004513472420221813,-0.0030030023571751023,76,Extreme Greed,6918604.728,1569314471.01514,0.1646899883567995,0.16347636047744415,0.00031498,1.539e-05,233.92,0.035683883460474276,0.03487708927623389,0.04392708537878519,0.04066132747082374,0.04412664842040422
2024-12-04,2653.800048828125,68.54000091552734,3.0429999828338623,6086.490234375,13.449999809265137,0.003434974654697664,-0.020220236738356396,0.0003286532534048113,0.00603318162813612,0.011215042298142144,78,Extreme Greed,4966864.205,1160635660.55354,-0.3314254240868261,-0.3016710430724352,0.0003166,1.6199999999999743e-06,229.15,-0.02060236560628058,0.029019491363870668,0.04369550172676681,0.04150227133307486,0.04392708537878519
2024-12-05,2626.60009765625,68.30000305175781,3.0789999961853027,6075.10986328125,13.539999961853027,-0.010302322170881693,-0.0035077185456156065,0.011761002429777765,-0.0018715258393823342,0.006669172799957789,84,Extreme Greed,7391549.993,1743320226.07373,0.39754875860474403,0.4068236326098069,0.00044690333333333333,0.00013030333333333334,235.84,0.028776798045838648,0.03152669439063232,0.04312517616934416,0.041106681131080215,0.04369550172676681
2024-12-06,2638.60009765625,67.19999694824219,3.0759999752044678,6090.27001953125,12.770000457763672,0.004558239129528256,-0.01623660914236962,-0.0009748241209917851,0.0024923453675383123,-0.058549558775524854,72,Greed,5136553.827,1225759651.15259,-0.36395506198194016,-0.35223069568640164,0.0002565933333333333,-0.00019031,236.87,0.004357858433518819,0.029768808011207095,0.03862507796596665,0.041143503186103936,0.04312517616934416
2024-12-07,2638.60009765625,67.19999694824219,3.0759999752044678,6090.27001953125,12.770000457763672,0.0,0.0,0.0,0.0,0.0,75,Greed,2933621.438,701579666.62957,-0.5601447474409538,-0.5579815949624142,0.00038184333333333336,0.00012525000000000004,238.14,0.005347268588538437,0.028520486655431162,0.0377608760096374,0.04138434662336976,0.03862507796596665
2024-12-08,2638.60009765625,67.19999694824219,3.0759999752044678,6090.27001953125,12.770000457763672,0.0,0.0,0.0,0.0,0.0,79,Extreme Greed,2222837.551,526456056.82991,-0.2774530896544187,-0.28716659392959765,0.00026065666666666665,-0.00012118666666666671,237.02,-0.004714210262726297,0.028553957010180424,0.03775232951353032,0.043506831751302634,0.0377608760096374
2024-12-09,2664.89990234375,68.37000274658203,3.181999921798706,6052.85009765625,14.1899995803833,0.00991798633808684,0.017260969981989026,0.03387986175701848,-0.006163167285227462,0.1054387557094042,78,Extreme Greed,7391583.708,1645628210.24901,1.201557460356495,1.1397096157470203,0.00018143666666666666,-7.921999999999999e-05,216.63,-0.0899536966291027,0.04172530907295468,0.04159651460787087,0.040645344111176394,0.03775232951353032
2024-12-10,2697.60009765625,68.58999633789062,3.1630001068115234,6034.91015625,14.180000305175781,0.012196028210303023,0.0032125260218978198,-0.005988927246882665,-0.002968284314279252,-0.0007049189751086937,78,Extreme Greed,7018707.73,1494401948.21546,-0.05176289914851635,-0.09639610987555182,0.0001,-8.143666666666665e-05,213.6,-0.014085722045160193,0.03748936870444393,0.040732565323273864,0.04218271283179803,0.04159651460787087
2024-12-11,2733.800048828125,70.29000091552734,3.378000020980835,6084.18994140625,13.579999923706055,0.013330075570755336,0.02448285609288817,0.06576284650406404,0.008132626411368235,-0.043234426113106225,74,Greed,4688484.808,1044765862.39521,-0.40346965544303776,-0.35793328698048604,0.0001,0.0,227.29,0.06212162808402803,0.04661472365608317,0.04104236473240694,0.040440162212739925,0.040732565323273864
2024-12-12,2687.5,70.0199966430664,3.4549999237060547,6051.25,13.920000076293945,-0.017081207143532985,-0.0038486866287931534,0.022538610540818103,-0.005428731461463251,0.02472854387472121,83,Extreme Greed,3559104.067,818643376.99027,-0.27560061498599137,-0.2438995322781359,0.0001,0.0,226.96,-0.001452944669471963,0.04474122027431417,0.03998552877210216,0.04046088403949777,0.04104236473240694
2024-12-13,2656.0,71.29000091552734,3.2799999713897705,6051.08984375,13.8100004196167,-0.011790161839593786,0.017975210387811715,-0.05197902146402772,-2.646698937187397e-05,-0.007933662580971048,76,Extreme Greed,2889526.771,648285519.70338,-0.2084161049600551,-0.23331733575708585,0.0001,0.0,224.79,-0.009607157456266889,0.044540190475592406,0.03995243489994551,0.040484848952435294,0.03998552877210216
2024-12-14,2656.0,71.29000091552734,3.2799999713897705,6051.08984375,13.8100004196167,0.0,0.0,0.0,0.0,0.0,83,Extreme Greed,2155654.471,478317134.38287,-0.29299836536904356,-0.30405724258488886,0.0001,0.0,219.93,-0.021857319140724054,0.044421336249952315,0.03985686605265368,0.04063047231644264,0.03995243489994551
2024-12-15,2656.0,71.29000091552734,3.2799999713897705,6051.08984375,13.8100004196167,0.0,0.0,0.0,0.0,0.0,80,Extreme Greed,2130908.009,469130131.65022,-0.011546192099991004,-0.019393777385689964,8.920333333333333e-05,-1.0796666666666678e-05,224.27,0.019541369234592747,0.04594637289624214,0.039296729242706836,0.04077143218540014,0.03985686605265368
2024-12-16,2651.39990234375,70.70999908447266,3.2139999866485596,6074.080078125,14.6899995803833,-0.0017334660635325901,-0.008169085303320521,-0.02032715051225124,0.0037921550087844295,0.06177396381481069,83,Extreme Greed,3863409.201,847551475.44925,0.5950018221797412,0.5914713792385327,0.0001,1.0796666666666678e-05,216.19,-0.03669303247182461,0.03255075104753998,0.03982404960285448,0.044140200139918734,0.039296729242706836
2024-12-17,2644.39990234375,70.08000183105469,3.308000087738037,6050.60986328125,15.869999885559082,-0.00264360600282425,-0.00894951991231415,0.028827540523260184,-0.0038714794806554956,0.07726356570616974,87,Extreme Greed,5177736.748,1148991395.56908,0.2928180331897649,0.3042882137916806,8.021333333333333e-05,-1.978666666666667e-05,223.15,0.03168654040890594,0.03388762585903065,0.03602274544680777,0.043989642627119775,0.03982404960285448
2024-12-18,2636.5,70.58000183105469,3.374000072479248,5872.16015625,27.6200008392334,-0.0029918795594432402,0.007109371433892709,0.019755201921043596,-0.02993650530451818,0.554109651038965,81,Extreme Greed,5565926.563,1191309782.42507,0.07229542960313229,0.03616884913123986,6.575e-05,-1.4463333333333334e-05,206.53,-0.07739851077572038,0.03647919054054498,0.038467751938911124,0.042188654846801156,0.03602274544680777
2024-12-19,2592.199951171875,69.91000366210938,3.5840001106262207,5867.080078125,24.09000015258789,-0.01694536281780769,-0.009538091283001255,0.06038052037390054,-0.0008654867505367934,-0.13674335540527865,75,Greed,7402649.886,1481798971.45023,0.28517455965182903,0.2182035115341932,-1.3103333333333334e-05,-7.885333333333333e-05,193.81,-0.06356738258690231,0.040356933604796745,0.039926838110691865,0.05117318645742062,0.038467751938911124
2024-12-20,2628.699951171875,69.45999908447266,3.747999906539917,5930.85009765625,18.360000610351562,0.01398249166131256,-0.006457718771803879,0.04474281346081278,0.010810479402397299,-0.271622404524963,74,Greed,9793383.668,1829760754.5958,0.2798689929383383,0.21092835223486736,-3.532333333333333e-05,-2.2219999999999994e-05,194.48,0.003451032295211555,0.04134497007401928,0.03996761023124998,0.05188507918705266,0.039926838110691865
2024-12-21,2628.699951171875,69.45999908447266,3.747999906539917,5930.85009765625,18.360000610351562,0.0,0.0,0.0,0.0,0.0,73,Greed,5243572.617,988401321.05068,-0.6247039585989983,-0.6158516914270479,-0.00012257,-8.724666666666667e-05,181.45,-0.06934919634878861,0.045277816058322255,0.037667999219284334,0.05067123224567869,0.03996761023124998
2024-12-22,2628.699951171875,69.45999908447266,3.747999906539917,5930.85009765625,18.360000610351562,0.0,0.0,0.0,0.0,0.0,73,Greed,3573368.972,650666980.95565,-0.38349422272000294,-0.4180908493373638,-6.516666666666666e-05,5.7403333333333326e-05,180.52,-0.005138558700278808,0.04183662231223628,0.037601303357379184,0.050767267218476256,0.037667999219284334
2024-12-23,2612.300048828125,69.23999786376953,3.6559998989105225,5974.06982421875,16.780000686645508,-0.006258330803749558,-0.003172334679827193,-0.024852713498578975,0.007260849585616372,-0.08998667647636249,70,Greed,4217664.03,778371475.46434,0.16577258695836147,0.1792059237825129,-3.265333333333333e-05,3.251333333333333e-05,190.11,0.05176127704473492,0.05196365477810068,0.03934958067986651,0.05028717522491495,0.037601303357379184
2024-12-24,2620.0,70.0999984741211,3.946000099182129,6040.0400390625,14.270000457763672,0.00294323974486273,0.012344072817910593,0.07633280679366752,0.010982233165126825,-0.1620282783920423,73,Greed,2709577.672,525181703.2473,-0.4424886452338383,-0.3934595809776553,-9.863333333333333e-06,2.2789999999999997e-05,197.09,0.03605762520086761,0.05268659571657277,0.040230394160853174,0.05026961787563852,0.03934958067986651
2024-12-25,2620.0,70.0999984741211,3.946000099182129,6040.0400390625,14.270000457763672,0.0,0.0,0.0,0.0,0.0,73,Greed,1958644.487,388541679.68554,-0.32454013643715984,-0.30134385646468054,2.15e-06,1.2013333333333332e-05,197.44,0.0017742635126199444,0.04579217789257968,0.0381549651664022,0.05027316932614607,0.040230394160853174
2024-12-26,2638.800048828125,69.62000274658203,3.7149999141693115,6037.58984375,14.729999542236328,0.007149969097485895,-0.006870850439029008,-0.06032377766937305,-0.0004057410882578191,0.031726735830086665,79,Extreme Greed,2045566.1,392011204.61471,0.043421926983014024,0.008889974911671338,4.752333333333334e-05,4.537333333333334e-05,188.46,-0.04654895793841273,0.04259307641068342,0.0388488149243399,0.04919472148288686,0.0381549651664022
2024-12-27,2617.199951171875,70.5999984741211,3.5139999389648438,5970.83984375,15.949999809265137,-0.008219261513672152,0.013978201051839344,-0.05562368267013716,-0.01111730496491221,0.07957261787497986,74,Greed,1946509.645,366402095.63853,-0.04963672959903284,-0.06755907026166989,-2.3480000000000002e-05,-7.100333333333335e-05,184.22,-0.02275508721852076,0.042979071914510905,0.03755240527876659,0.050705370363165025,0.0388488149243399
2024-12-28,2617.199951171875,70.5999984741211,3.5139999389648438,5970.83984375,15.949999809265137,0.0,0.0,0.0,0.0,0.0,72,Greed,1494847.867,283725173.66562,-0.26401340264300455,-0.25572528104272,3.2183333333333334e-05,5.566333333333333e-05,195.5,0.05942968386533102,0.03964597472475309,0.039525407933639234,0.050114041732148805,0.03755240527876659
2024-12-29,2617.199951171875,70.5999984741211,3.5139999389648438,5970.83984375,15.949999809265137,0.0,0.0,0.0,0.0,0.0,73,Greed,1560190.019,302551036.41535,0.0427831804342374,0.06424390738432302,1.3969999999999998e-05,-1.8213333333333337e-05,189.94,-0.028852146610614058,0.042154146360363264,0.03929991792032558,0.05024389630973832,0.039525407933639234
2024-12-30,2606.10009765625,70.98999786376953,3.936000108718872,5906.93994140625,17.399999618530273,-0.004250136932791706,0.00550886907312227,0.1134100344159054,-0.010759673941729728,0.08701136702438074,65,Greed,2415985.488,462392599.37737,0.43729965253716085,0.42416433376066914,6.888666666666667e-05,5.4916666666666676e-05,191.38,0.007552747536310258,0.037423131340644726,0.03928877416168961,0.05024335884425153,0.03929991792032558
2024-12-31,2629.199951171875,71.72000122070312,3.632999897003174,5881.6298828125,17.350000381469727,0.008824710411780469,0.010230673798029735,-0.08010628192295799,-0.0042940064589823065,-0.002877655917339942,64,Greed,2461978.262,476451076.66598,0.018857924884284116,0.02995073313526528,5.938e-05,-9.506666666666675e-06,189.31,-0.010875097329298127,0.0341459428937491,0.039287377727376456,0.05059898678371006,0.03928877416168961
2025-01-01,2629.199951171875,71.72000122070312,3.632999897003174,5881.6298828125,17.350000381469727,0.0,0.0,0.0,0.0,0.0,66,Greed,1655160.102,316558431.70699,-0.39706745579754416,-0.40885720266674813,-3.2456666666666664e-05,-9.183666666666666e-05,194.28,0.02591453445572557,0.03619074454879005,0.03897685822040818,0.050881426764146614,0.039287377727376456
2025-01-02,2658.89990234375,73.12999725341797,3.6600000858306885,5868.5498046875,17.93000030517578,0.011232867866452192,0.019468975967998597,0.00740444597556923,-0.002226363149448992,0.032882776257846205,70,Greed,3224923.982,660170412.599,0.6670116359783039,0.7349901597080487,9.779e-05,0.00013024666666666665,208.31,0.06972693731827936,0.039068804898594316,0.04066132747082374,0.051976934010024234,0.03897685822040818
2025-01-03,2645.0,73.95999908447266,3.3540000915527344,5942.47021484375,16.1299991607666,-0.005241401391997348,0.011285752414910675,-0.08730948016668419,0.01251735670782609,-0.10579446452967473,74,Greed,3251086.556,694370536.02236,0.008079886893542998,0.05050772900262166,1.8766666666666661e-06,-9.591333333333334e-05,217.99,0.0454218353815003,0.036717151319293644,0.04150227133307486,0.0519391827806353,0.04066132747082374
2025-01-04,2645.0,73.95999908447266,3.3540000915527344,5942.47021484375,16.1299991607666,0.0,0.0,0.0,0.0,0.0,73,Greed,1943711.39,420200326.94243,-0.5143900323080718,-0.5022741651281032,1.1233333333333335e-05,9.356666666666668e-06,216.67,-0.00607373145870815,0.034474787809286984,0.041106681131080215,0.05319351366731623,0.04150227133307486
2025-01-05,2645.0,73.95999908447266,3.3540000915527344,5942.47021484375,16.1299991607666,0.0,0.0,0.0,0.0,0.0,72,Greed,2101040.545,451130694.57664,0.07783348654748873,0.0710255194659474,5.4913333333333335e-05,4.368e-05,213.41,-0.015160260592736171,0.031883806642718435,0.041143503186103936,0.05377845680165016,0.041106681131080215
2025-01-06,2638.39990234375,73.55999755859375,3.671999931335449,5975.3798828125,16.040000915527344,-0.0024984295005021796,-0.005423027593440198,0.09058276336114922,0.005522766496818171,-0.005595180591635829,76,Extreme Greed,2855362.858,621928433.92415,0.30676621102370977,0.32106794217934587,1.3909999999999999e-05,-4.1003333333333334e-05,218.22,0.0222885301010731,0.031669271361661984,0.04138434662336976,0.05438039080152566,0.041143503186103936
2025-01-07,2656.699951171875,74.25,3.4489998817443848,5909.02978515625,17.81999969482422,0.006912096917743294,0.009336411136007488,-0.06265215439097231,-0.011166021516637011,0.10523574540106705,78,Extreme Greed,3742298.284,786521513.88121,0.2705010064745372,0.23479504795388764,3.8433333333333335e-06,-1.0066666666666666e-05,202.17,-0.07639480060071738,0.04757300666107535,0.043506831751302634,0.05295716324200324,0.04138434662336976
2025-01-08,2664.5,73.31999969482422,3.6510000228881836,5918.25,17.700000762939453,0.0029316900271960217,-0.012604358873549463,0.056916809274742436,0.0015591440938312422,-0.006756722233491995,70,Greed,4446830.23,873913213.74813,0.1724915973729351,0.10536099688053835,2.557666666666667e-05,2.1733333333333334e-05,197.48,-0.02347161423557316,0.048369145988085435,0.040645344111176394,0.05286796190266089,0.043506831751302634
2025-01-09,2664.5,73.31999969482422,3.6510000228881836,5918.25,17.700000762939453,0.0,0.0,0.0,0.0,0.0,69,Greed,3607147.193,684344914.22428,-0.2092743258160627,-0.2445190218664361,1.3283333333333335e-05,-1.2293333333333333e-05,184.95,-0.06555179511219913,0.043760222748074784,0.04218271283179803,0.05186265701313684,0.040645344111176394
2025-01-10,2708.5,76.56999969482422,3.989000082015991,5827.0400390625,19.540000915527344,0.016378553361116682,0.043371932330193555,0.08853948454129108,-0.015531637650233373,0.09889901078493853,50,Neutral,3642892.082,687353802.31763,0.009860685515192223,0.004387104665172105,-1.0413333333333332e-05,-2.3696666666666666e-05,187.68,0.014652866626702456,0.03755091047147485,0.040440162212739925,0.051816142878270695,0.04218271283179803
2025-01-11,2708.5,76.56999969482422,3.989000082015991,5827.0400390625,19.540000915527344,0.0,0.0,0.0,0.0,0.0,69,Greed,2204486.056,411533204.16097,-0.5022834936482962,-0.5129594483419487,-2.3106666666666663e-05,-1.2693333333333331e-05,188.09,0.0021821867775477454,0.03823546068829477,0.04046088403949777,0.05181769683035677,0.040440162212739925
2025-01-12,2708.5,76.56999969482422,3.989000082015991,5827.0400390625,19.540000915527344,0.0,0.0,0.0,0.0,0.0,62,Greed,1330917.135,250109405.58559,-0.5046261207781245,-0.4979912629350777,4.28e-06,2.7386666666666663e-05,188.51,0.0022304841961075634,0.03917162592342072,0.040484848952435294,0.05188734606630253,0.04046088403949777
2025-01-13,2673.5,78.81999969482422,3.934000015258789,5836.22021484375,19.190000534057617,-0.013006500709167285,0.028961416755598178,-0.013883869638245575,0.0015742043780551176,-0.018074355619041128,61,Greed,5669925.613,1015651889.57331,1.4493077184793413,1.401387496579312,4.492333333333334e-05,4.064333333333334e-05,182.87,-0.030375537992279225,0.03504615930845674,0.04063047231644264,0.051558563188948456,0.040484848952435294
2025-01-14,2677.5,77.5,3.9679999351501465,5842.91015625,18.709999084472656,0.001495047933117684,-0.016888831535749937,0.008605449233854201,0.001145623334164268,-0.02533124649612117,63,Greed,2737355.064,510258589.71248,-0.7281838491697809,-0.6883683051855585,-1.5536666666666666e-05,-6.046e-05,187.57,0.025376591185708227,0.031188663343153764,0.04077143218540014,0.05144534749323678,0.04063047231644264
2025-01-15,2712.5,80.04000091552734,4.083000183105469,5949.91015625,16.1200008392334,0.012987195526811112,0.03224858479460386,0.02856988410383702,0.018147132504516373,-0.14899730221337662,70,Greed,3768610.58,735465044.82904,0.319714238027432,0.3655853773171762,-1.5843333333333335e-05,-3.0666666666666825e-07,205.86,0.09304421702616351,0.04915725856598693,0.044140200139918734,0.04870168634394995,0.04077143218540014
2025-01-16,2746.39990234375,78.68000030517578,4.257999897003174,5937.33984375,16.600000381469727,0.012420208736854522,-0.017137523754351097,0.041967485099018174,-0.0021149243408667613,0.029341929202495187,75,Greed,5710255.657,1196137559.83409,0.41555740910988037,0.4863499312935575,0.0001,0.00011584333333333334,211.14,0.025325094463135276,0.03782429813091032,0.043989642627119775,0.048626973273026036,0.044140200139918734
2025-01-17,2744.300048828125,77.87999725341797,3.947999954223633,5996.66015625,15.970000267028809,-0.000764876477197021,-0.010219852162402603,-0.07559043230586174,0.009941478308394033,-0.03869073939502857,75,Greed,4384472.838,952526271.30062,-0.2641943970078269,-0.2277352564418948,9.406666666666667e-05,-5.933333333333333e-06,219.51,0.03887636900249958,0.03847145334145606,0.042188654846801156,0.048264441456717676,0.043989642627119775
2025-01-18,2744.300048828125,77.87999725341797,3.947999954223633,5996.66015625,15.970000267028809,0.0,0.0,0.0,0.0,0.0,77,Extreme Greed,19971981.58,4849480490.65198,1.5162609711337771,1.6275091748263142,5.851333333333334e-05,-3.555333333333333e-05,261.97,0.1768322038241924,0.06827683757724973,0.05117318645742062,0.034974838404059405,0.042188654846801156
2025-01-19,2744.300048828125,77.87999725341797,3.947999954223633,5996.66015625,15.970000267028809,0.0,0.0,0.0,0.0,0.0,77,Extreme Greed,25051667.6,6733958631.98131,0.22661002582668635,0.3282915936804483,8.306333333333333e-05,2.4549999999999994e-05,252.42,-0.03713562655775609,0.07399261692305995,0.05188507918705266,0.035266679128102545,0.05117318645742062
2025-01-20,2744.300048828125,77.87999725341797,3.947999954223633,5996.66015625,15.970000267028809,0.0,0.0,0.0,0.0,0.0,76,Extreme Greed,16879575.561,4215741222.97163,-0.39483605181225434,-0.46833774795840977,-0.00023316333333333334,-0.00031622666666666666,242.19,-0.041371824755450606,0.07587088931661204,0.05067123224567869,0.03491427051998104,0.05188507918705266
2025-01-21,2755.0,75.88999938964844,3.75600004196167,6049.240234375,15.0600004196167,0.003891391478642485,-0.025884229863912228,-0.04985453745849059,0.00873000944059605,-0.05866972871283094,76,Extreme Greed,7882737.257,1907066376.77776,-0.7614291331699506,-0.793259296681945,-7.068666666666666e-05,0.0001624766666666667,250.33,0.03305750535311045,0.07567716395818629,0.050767267218476256,0.03529578520627459,0.05067123224567869
2025-01-22,2767.60009765625,75.44000244140625,3.9600000381469727,6086.3701171875,15.100000381469727,0.004563111323176753,-0.005947244685812746,0.05288946238154303,0.006119181086994129,0.002652518849032259,84,Extreme Greed,6223427.616,1612462526.67869,-0.23635439255435226,-0.16780360277401501,5.516000000000001e-05,0.00012584666666666668,257.36,0.027695835502626588,0.07216986398755204,0.05028717522491495,0.03487316294108244,0.050767267218476256
2025-01-23,2763.10009765625,74.62000274658203,3.944999933242798,6118.7099609375,15.020000457763672,-0.0016272807543716752,-0.010929066086829906,-0.0037950975236033416,0.005299419459529372,-0.005312092270843689,75,Greed,6802762.723,1698329260.27982,0.08900799382881294,0.051882449589905934,3.367e-05,-2.1490000000000006e-05,253.11,-0.016651706085125853,0.07451287083772337,0.05026961787563852,0.0353647496995457,0.05028717522491495
2025-01-24,2777.300048828125,74.66000366210938,4.0269999504089355,6101.240234375,14.850000381469727,0.005125977145751084,0.0005359179363270571,0.020572732178815143,-0.002859215984467759,-0.01138278587602501,75,Greed,5214294.569,1357937147.07766,-0.26592500276959774,-0.22367823512120596,8.655666666666666e-05,5.2886666666666656e-05,253.37,0.0010266941353610753,0.07478711529059412,0.05027316932614607,0.03532393459712057,0.05026961787563852
2025-01-25,2777.300048828125,74.66000366210938,4.0269999504089355,6101.240234375,14.850000381469727,0.0,0.0,0.0,0.0,0.0,75,Greed,3703989.301,934052018.21903,-0.34199338141523306,-0.3741898928969166,-4.656333333333333e-05,-0.00013311999999999997,256.41,0.011926854865030211,0.029736008096404136,0.04919472148288686,0.044947601484081355,0.05027316932614607
2025-01-26,2777.300048828125,74.66000366210938,4.0269999504089355,6101.240234375,14.850000381469727,0.0,0.0,0.0,0.0,0.0,73,Greed,3028015.524,766488890.38499,-0.2015029659024004,-0.19771192644886137,7.011e-05,0.00011667333333333333,240.5,-0.06405763630022053,0.0359656180377021,0.050705370363165025,0.04464331763407786,0.04919472148288686
2025-01-27,2737.5,73.16999816894531,3.697000026702881,6012.27978515625,17.899999618530273,-0.014434155176814617,-0.020159046665649796,-0.08549998237732871,-0.014688059032112328,0.18680080059864573,71,Greed,8916620.842,2058026956.44399,1.080009583067306,0.9876828104237136,-5.725333333333334e-05,-0.00012736333333333334,234.89,-0.02360277009407171,0.033682590442188666,0.050114041732148805,0.045466652100566295,0.050705370363165025
2025-01-28,2766.800048828125,73.7699966430664,3.4709999561309814,6067.7001953125,16.40999984741211,0.010646340249542608,0.008166623519532719,-0.06307896293642307,0.009175644177716802,-0.08690979573202155,72,Greed,3483450.087,819684554.0642,-0.9398938384657023,-0.9205834385970523,2.4916666666666668e-05,8.217000000000001e-05,227.06,-0.03390301971535649,0.03065306124786811,0.05024389630973832,0.045823329110323885,0.050114041732148805
2025-01-29,2769.10009765625,72.62000274658203,3.5350000858306885,6039.31005859375,16.559999465942383,0.000830957531606674,-0.015711695583328272,0.01827059938786406,-0.004689876056919602,0.00909922090372748,72,Greed,3844193.838,886979893.13737,0.09854070897527405,0.07890273758141295,4.292666666666666e-05,1.8009999999999995e-05,228.16,0.004832837489543593,0.026400621525442817,0.05024335884425153,0.04856729840650404,0.05024389630973832
2025-01-30,2823.0,72.7300033569336,3.046999931335449,6071.169921875,15.84000015258789,0.019277756347583747,0.001513596515076029,-0.14855584616034856,0.005261548152180238,-0.044451720687903346,70,Greed,3341265.973,799766743.7033,-0.14021414694955078,-0.10350219887971099,4.801666666666667e-05,5.090000000000007e-06,238.31,0.04352520990934149,0.035005662873308065,0.05059898678371006,0.04739455377057725,0.05024335884425153
2025-01-31,2812.5,72.52999877929688,3.0439999103546143,6040.52978515625,16.43000030517578,-0.0037263817408137866,-0.0027537477775536725,-0.0009850669188635375,-0.005059603990267195,0.0365705546041249,76,Extreme Greed,2942165.567,694071690.64743,-0.12720387138758057,-0.14174485896577543,-6.900000000000019e-07,-4.870666666666667e-05,231.77,-0.027826846520804412,0.035378942201605534,0.050881426764146614,0.0638732154916886,0.05059898678371006
2025-02-01,2812.5,72.52999877929688,3.0439999103546143,6040.52978515625,16.43000030517578,0.0,0.0,0.0,0.0,0.0,68,Greed,2849748.65,640184468.98493,-0.03191510020931397,-0.08081888820479145,-2.9653333333333333e-05,-2.896333333333333e-05,213.03,-0.08431249975235626,0.04223563586092494,0.051976934010024234,0.07436150053444295,0.050881426764146614
2025-02-02,2812.5,72.52999877929688,3.0439999103546143,6040.52978515625,16.43000030517578,0.0,0.0,0.0,0.0,0.0,60,Greed,7255500.333,1496343825.74038,0.9345290504363528,0.8490235945563251,-1.4389999999999998e-05,1.5263333333333333e-05,203.51,-0.045717857137654985,0.04002703322726159,0.0519391827806353,0.07432352928319481,0.051976934010024234
2025-02-03,2833.89990234375,73.16000366210938,3.3519999980926514,5994.56982421875,18.6200008392334,0.007580052840268373,0.008648621033832713,0.09638477150124344,-0.007637690729495203,0.12512736629705268,44,Fear,12836970.265,2538322103.03744,0.5705694619037083,0.5284785902040531,-6.801333333333333e-05,-5.362333333333334e-05,216.28,0.06085872078934718,0.05126842161202779,0.05319351366731623,0.07319374202571369,0.0519391827806353
2025-02-04,2853.300048828125,72.69999694824219,3.253000020980835,6037.8798828125,17.209999084472656,0.006822415916365941,-0.006307531016772015,-0.029979528109916203,0.007198907403029114,-0.0787457598944896,72,Greed,6024194.387,1265056545.46502,-0.756545551013667,-0.6963864522370045,-0.00018146999999999998,-0.00011345666666666665,206.64,-0.04559571572621912,0.05228921311129489,0.05377845680165016,0.07295183450401724,0.05319351366731623
2025-02-05,2871.60009765625,71.02999877929688,3.359999895095825,6061.47998046875,15.770000457763672,0.006393163440626415,-0.023239036738083033,0.032363288812729374,0.003901053915613614,-0.08738112702359498,54,Neutral,3154802.037,639424685.67492,-0.6468580105110079,-0.6823032566928146,-6.418333333333333e-05,0.00011728666666666666,196.12,-0.0522514320045525,0.05339996638764001,0.05438039080152566,0.07262426807881334,0.05377845680165016
2025-02-06,2856.0,70.61000061035156,3.4079999923706055,6083.56982421875,15.5,-0.005447355250461389,-0.005930519651740896,0.014184663974765447,0.003637674355266266,-0.017269406077245503,49,Neutral,3444767.147,674411227.22245,0.08793056237494566,0.05327121082705566,2.1600000000000018e-06,6.634333333333333e-05,189.54,-0.03412663274098373,0.04502016049915562,0.05295716324200324,0.07250719218610287,0.05438039080152566
2025-02-07,2867.300048828125,71.0,3.309000015258789,6025.990234375,16.540000915527344,0.00394879297438717,0.005508090869077976,-0.02947957317762293,-0.0095098456936602,0.06494172102266113,44,Fear,3925596.773,767993723.82559,0.1306620731540707,0.12994150674298854,1.375e-05,1.1589999999999999e-05,191.99,0.01284320329601559,0.04826294518770553,0.05286796190266089,0.0734295686020468,0.05295716324200324
2025-02-08,2867.300048828125,71.0,3.309000015258789,6025.990234375,16.540000915527344,0.0,0.0,0.0,0.0,0.0,44,Fear,1967596.752,382617624.43681,-0.6907055085576113,-0.6967454401511219,1.7803333333333333e-05,4.053333333333332e-06,199.32,0.03746828607513934,0.04601517504026344,0.05186265701313684,0.07338475161744597,0.05286796190266089
2025-02-09,2867.300048828125,71.0,3.309000015258789,6025.990234375,16.540000915527344,0.0,0.0,0.0,0.0,0.0,46,Fear,2879138.46,578324813.09662,0.3806782283658166,0.4130995503454897,-0.00012102333333333333,-0.00013882666666666666,200.47,0.005753036203181105,0.043295785704513964,0.051816142878270695,0.0745536504879607,0.05186265701313684
2025-02-10,2914.300048828125,72.31999969482422,3.444000005722046,6066.43994140625,15.8100004196167,0.016258833046568513,0.018420834822807805,0.03998755467616356,0.006690112295455172,-0.045139067185260916,43,Fear,4040840.548,819921205.01373,0.33896162320648265,0.3490725729879975,-7.908333333333334e-05,4.1939999999999995e-05,200.47,0.0,0.033547361274216286,0.05181769683035677,0.07464928357460437,0.051816142878270695
2025-02-11,2912.5,73.31999969482422,3.5190000534057617,6068.5,16.020000457763672,-0.0006178516064746903,0.013732706945136314,0.02154328528891293,0.00033952514367385523,0.013195292452123142,47,Neutral,3930238.335,792182733.69756,-0.027752657687461865,-0.03441615462729045,-0.00019267666666666666,-0.00011359333333333333,197.96,-0.012599619532699466,0.02997896582568173,0.05188734606630253,0.07467257046241567,0.05181769683035677
2025-02-12,2909.0,71.37000274658203,3.565000057220459,6051.97021484375,15.890000343322754,-0.0012024393787544148,-0.026955767342579182,0.012987196401027887,-0.0027275831896475754,-0.008147968059884936,46,Fear,3898533.321,756076037.68729,-0.008099658215997915,-0.04665013949400774,-4.4943333333333334e-05,0.00014773333333333334,196.78,-0.00597863664606599,0.022208957942729486,0.051558563188948456,0.0766511397392204,0.05188734606630253
2025-02-13,2925.89990234375,71.29000091552734,3.628000020980835,6115.06982421875,15.100000381469727,0.005792712774394366,-0.001121573494846507,0.017517468119041996,0.010372313214235747,-0.050995233071065085,50,Neutral,2427771.876,468975077.17204,-0.47362649760029385,-0.4775923233970943,-4.150666666666667e-05,3.436666666666667e-06,194.25,-0.012940364189862559,0.017690834040382023,0.05144534749323678,0.07684848842214802,0.051558563188948456
2025-02-14,2883.60009765625,70.73999786376953,3.7249999046325684,6114.6298828125,14.770000457763672,-0.014562544873085503,-0.007744924392838291,0.026385288193606714,-7.19463955744955e-05,-0.022096641547685154,48,Neutral,3727686.063,744993253.44044,0.4288137694445562,0.46282553587775466,5.075666666666667e-05,9.226333333333333e-05,199.39,0.026116716571051156,0.019479350313587315,0.04870168634394995,0.07732049176889992,0.05144534749323678
2025-02-15,2883.60009765625,70.73999786376953,3.7249999046325684,6114.6298828125,14.770000457763672,0.0,0.0,0.0,0.0,0.0,50,Neutral,1633300.399,319980278.83566,-0.8251849303411397,-0.8451157972978244,2.2176666666666667e-05,-2.858e-05,194.48,-0.024933375810940028,0.0163934661938741,0.048626973273026036,0.07748922588927674,0.04870168634394995
2025-02-16,2883.60009765625,70.73999786376953,3.7249999046325684,6114.6298828125,14.770000457763672,0.0,0.0,0.0,0.0,0.0,54,Neutral,2009380.862,383704847.67239,0.20722389339700414,0.18161426593418586,-8.418666666666666e-05,-0.00010636333333333333,188.27,-0.032452227271247386,0.018954635001395204,0.048264441456717676,0.07742359669285356,0.048626973273026036
2025-02-17,2883.60009765625,70.73999786376953,3.7249999046325684,6114.6298828125,14.770000457763672,0.0,0.0,0.0,0.0,0.0,51,Neutral,4287573.73,779271190.58224,0.7578943630810274,0.708485480648218,-9.812333333333332e-05,-1.3936666666666651e-05,177.53,-0.058737494017914206,0.026010200150748595,0.034974838404059405,0.07864035761055418,0.048264441456717676
2025-02-18,2931.60009765625,71.8499984741211,4.006999969482422,6129.580078125,15.350000381469727,0.01650883496677148,0.015569437709031842,0.07297599780841364,0.002442003655551809,0.038517371348564894,47,Neutral,6319186.166,1061518548.68995,0.38786941981885337,0.3090966431888438,4.830666666666666e-05,0.00014642999999999997,169.32,-0.04734919306598339,0.028175992157315897,0.035266679128102545,0.07886049638494254,0.034974838404059405
2025-02-19,2919.39990234375,72.25,4.28000020980835,6144.14990234375,15.270000457763672,-0.004170300117599673,0.005551735704514271,0.0659102345764056,0.0023741488668242434,-0.005225349676138614,44,Fear,3478319.262,590112452.81958,-0.5970412222356934,-0.5871426382897728,-1.526e-05,-6.356666666666666e-05,168.93,-0.0023059877180860036,0.028562647835981236,0.03491427051998104,0.07890688022443984,0.035266679128102545
2025-02-20,2940.0,72.56999969482422,4.1519999504089355,6117.52001953125,15.65999984741211,0.0070314990870447855,0.004419282092243165,-0.030362924694657154,-0.004343604884290259,0.02521953161034285,49,Neutral,2938753.335,508528834.82322,-0.16856375072107987,-0.14879119720626868,-2.614333333333333e-05,-1.0883333333333331e-05,176.0,0.040999567103514885,0.037293042459068435,0.03529578520627459,0.07836307960740106,0.03491427051998104
2025-02-21,2937.60009765625,70.4000015258789,4.234000205993652,6013.1298828125,18.209999084472656,-0.0008166266630073181,-0.030358324246371943,0.019557087445238895,-0.017211396672539132,0.15086116264458116,55,Greed,4103682.857,715436161.65543,0.3338993726152889,0.3413704534797026,1.4746666666666666e-05,4.0889999999999996e-05,168.94,-0.040940372738801224,0.03367985683628299,0.03487316294108244,0.07853718813065241,0.03529578520627459
2025-02-22,2937.60009765625,70.4000015258789,4.234000205993652,6013.1298828125,18.209999084472656,0.0,0.0,0.0,0.0,0.0,49,Neutral,1886813.457,324983318.38902,-0.7769954237390201,-0.7891185200323718,-8.256000000000001e-05,-9.730666666666667e-05,172.07,0.01835774846571574,0.03720071719338857,0.0353647496995457,0.0793737028876595,0.03487316294108244
2025-02-23,2937.60009765625,70.4000015258789,4.234000205993652,6013.1298828125,18.209999084472656,0.0,0.0,0.0,0.0,0.0,50,Neutral,1488310.759,252136318.55605,-0.23724764656387826,-0.2538039650751054,3.753e-05,0.00012009000000000001,167.94,-0.024294598009649043,0.03677925821416852,0.03532393459712057,0.07942971254792136,0.0353647496995457
2025-02-24,2947.89990234375,70.69999694824219,3.99399995803833,5983.25,18.979999542236328,0.003500064634192458,0.004252244899222221,-0.05835399687748168,-0.004981493566252351,0.0414149256001298,49,Neutral,7997237.915,1226692646.03078,1.6814544634185353,1.58210703319652,-2.1069999999999996e-05,-5.86e-05,141.81,-0.16911863928216248,0.06821893164989419,0.044947601484081355,0.07361452497776125,0.03532393459712057
2025-02-25,2904.5,68.93000030517578,4.173999786376953,5955.25,19.43000030517578,-0.01483176087132524,-0.02535402841274555,0.04408153298810564,-0.004690715138395557,0.02343251003220151,25,Extreme Fear,11747010.145,1635111010.70032,0.38450253102746734,0.2873890563792501,2.2533333333333343e-06,2.332333333333333e-05,144.33,0.017614210906217453,0.07018797148083221,0.04464331763407786,0.07355087578584943,0.044947601484081355
2025-02-26,2916.800048828125,68.62000274658203,3.9059998989105225,5956.06005859375,19.100000381469727,0.0042258832321174136,-0.004507423868616894,-0.066360950901628,0.00013601502958346571,-0.017129924070949657,21,Extreme Fear,5368401.059,736842199.24,-0.7830686426591573,-0.797092220508342,-1.657e-05,-1.8823333333333333e-05,135.32,-0.06446000046696441,0.0710870600934345,0.045466652100566295,0.07362008375814126,0.04464331763407786
2025-02-27,2883.199951171875,70.3499984741211,3.934000015258789,5861.56982421875,21.1299991607666,-0.011586370186078948,0.024898684414304355,0.007142917271638818,-0.015991742678524653,0.10100543688551947,10,Extreme Fear,4322990.459,599160525.54253,-0.2165827111560683,-0.2068442055386119,6.777666666666666e-05,8.434666666666666e-05,137.68,0.017289807990776423,0.06752169986552907,0.045823329110323885,0.07383680075353241,0.045466652100566295
2025-02-28,2836.800048828125,69.76000213623047,3.8340001106262207,5954.5,19.6299991607666,-0.016224097946286358,-0.008421951647283326,-0.025748050368114776,0.015729780420663385,-0.07363482637456453,16,Extreme Fear,10039960.613,1368611824.73409,0.8426257925970144,0.8260226870707233,0.0001,3.222333333333334e-05,148.18,0.07349559908522685,0.078780635269617,0.04856729840650404,0.07241132784198324,0.045823329110323885
2025-03-01,2836.800048828125,69.76000213623047,3.8340001106262207,5954.5,19.6299991607666,0.0,0.0,0.0,0.0,0.0,20,Extreme Fear,4151855.758,597723583.50179,-0.8830177863538816,-0.8284238263627712,8.864333333333333e-05,-1.1356666666666673e-05,143.66,-0.030978354341855335,0.07709847352508228,0.04739455377057725,0.07225555525548864,0.04856729840650404
2025-03-02,2836.800048828125,69.76000213623047,3.8340001106262207,5954.5,19.6299991607666,0.0,0.0,0.0,0.0,0.0,26,Fear,13474639.846,2212052717.47645,1.1772539839742615,1.308547782711823,3.193e-05,-5.671333333333333e-05,178.71,0.21831498366205024,0.12030250690244777,0.0638732154916886,0.05894548781912366,0.04739455377057725
2025-03-03,2890.199951171875,68.37000274658203,4.122000217437744,5849.72021484375,22.780000686645508,0.01864901343751476,-0.020126638125264197,0.07242986174136191,-0.017753402648308866,0.14882402262573163,33,Fear,11096202.04,1748078985.39323,-0.19420649765816547,-0.2354034535057596,-1.9543333333333333e-05,-5.1473333333333334e-05,142.16,-0.22881119646230996,0.13610086867178597,0.07436150053444295,0.044290570379751835,0.0638732154916886
2025-03-04,2909.60009765625,68.26000213623047,4.349999904632568,5778.14990234375,23.510000228881836,0.00668996126638687,-0.0016101973239740863,0.053837287958234635,-0.012310288231505477,0.031542884125980525,15,Extreme Fear,10389598.334,1438316454.58464,-0.06579774574906408,-0.1950441615011473,-3.8723333333333336e-05,-1.9180000000000003e-05,144.79,0.018331232946934468,0.13611629461009542,0.07432352928319481,0.04405392892539092,0.07436150053444295
2025-03-05,2915.300048828125,66.30999755859375,4.449999809265137,5842.6298828125,21.93000030517578,0.001957098953760298,-0.02898329621135002,0.022728230139335913,0.011097472528735688,-0.06957029594178693,20,Extreme Fear,4895520.585,706791297.23729,-0.7524845247758873,-0.7104931523825265,-6.152666666666666e-05,-2.2803333333333326e-05,146.28,0.01023817648785012,0.13307302060812362,0.07319374202571369,0.045045461791585036,0.07432352928319481
2025-03-06,2916.60009765625,66.36000061035156,4.302000045776367,5738.52001953125,24.8700008392334,0.0004458405723709752,0.0007537959571209369,-0.03382401183012501,-0.017979677107455568,0.12580671521442058,25,Extreme Fear,4451879.661,656676724.6538,-0.09499421796066046,-0.07354357778437726,-5.668e-05,4.846666666666662e-06,143.31,-0.020512477211200347,0.1335473761161361,0.07295183450401724,0.045043320782154055,0.07319374202571369
2025-03-07,2904.699951171875,67.04000091552734,4.39900016784668,5770.2001953125,23.3700008392334,-0.004088489842890409,0.010194995310435618,0.02229723903597061,0.005505435045454467,-0.062209107098641185,34,Fear,7267412.771,1039508735.19796,0.4900739480399603,0.4593116608533014,-4.945333333333333e-05,7.22666666666667e-06,139.39,-0.027734356328185276,0.13043021188741247,0.07262426807881334,0.050119122589706695,0.07295183450401724
2025-03-08,2904.699951171875,67.04000091552734,4.39900016784668,5770.2001953125,23.3700008392334,0.0,0.0,0.0,0.0,0.0,28,Fear,2135751.393,295310260.9805,-1.2245818254852088,-1.2584769747372553,-1.1713333333333334e-05,3.7739999999999994e-05,137.01,-0.017221843876777693,0.1301425460227787,0.07250719218610287,0.05021622544982825,0.07262426807881334
2025-03-09,2904.699951171875,67.04000091552734,4.39900016784668,5770.2001953125,23.3700008392334,0.0,0.0,0.0,0.0,0.0,27,Fear,3909495.652,514516598.4873,0.6045898511398583,0.5552012803535399,-1.0123333333333332e-05,1.5900000000000017e-06,126.51,-0.07973255943843903,0.08523690339767324,0.0734295686020468,0.04839609225976063,0.07250719218610287
2025-03-10,2891.0,66.02999877929688,4.491000175476074,5614.56005859375,27.860000610351562,-0.004727634903135915,-0.015180304110880534,0.020698152656202642,-0.027343541788428148,0.17573880579798803,20,Extreme Fear,6654109.331,820279149.5914,0.5318262319108177,0.46641689250949264,-8.590999999999998e-05,-7.578666666666665e-05,118.32,-0.06692853802403392,0.03640198236694213,0.07338475161744597,0.05232000336983792,0.0734295686020468
2025-03-11,2912.89990234375,66.25,4.453000068664551,5572.06982421875,26.920000076293945,0.007546651957820141,0.0033262991469503343,-0.008497391419023143,-0.007596646918536578,-0.03432248264884245,24,Extreme Fear,6435277.863,783022212.27215,-0.03343958826070761,-0.04648364490527857,2.0753333333333333e-05,0.00010666333333333331,125.35,0.057717006201757945,0.04616971979864686,0.0745536504879607,0.05205513059853294,0.07338475161744597
2025-03-12,2939.10009765625,67.68000030517578,4.084000110626221,5599.2998046875,24.229999542236328,0.008954330271122598,0.02135525494073462,-0.08650111436927402,0.004874967940490777,-0.10527799167462569,34,Fear,4410502.14,552333767.76339,-0.3778064731469168,-0.3490085484579452,-1.4439999999999999e-05,-3.5193333333333334e-05,126.62,0.010080650511678226,0.04615222086216143,0.07464928357460437,0.0538803971793606,0.0745536504879607
2025-03-13,2984.300048828125,66.55000305175781,4.111000061035156,5521.52001953125,24.65999984741211,0.015261784579635519,-0.016837129109330447,0.006589395372399955,-0.013988366806464148,0.017590975612529973,45,Fear,2824584.961,352338027.09973,-0.4456271095773787,-0.4495614962326173,4.336666666666666e-06,1.8776666666666666e-05,123.37,-0.026002505032607256,0.046196737499175605,0.07467257046241567,0.05592875196826212,0.07464928357460437
2025-03-14,2994.5,67.18000030517578,4.104000091552734,5638.93994140625,21.770000457763672,0.003412042879592822,0.009421998029069015,-0.0017041925858926159,0.02104290595319694,-0.12464959527480426,27,Fear,3607725.492,468530950.60997,0.24471607881240195,0.28501114363650587,7.647333333333333e-05,7.213666666666667e-05,133.54,0.0792130883463494,0.05951808181838372,0.0766511397392204,0.054274054301531385,0.07467257046241567
2025-03-15,2994.5,67.18000030517578,4.104000091552734,5638.93994140625,21.770000457763672,0.0,0.0,0.0,0.0,0.0,46,Fear,1918077.49,257628407.34355,-0.6317541390523654,-0.5980838975931262,4.967333333333334e-05,-2.6799999999999994e-05,135.86,0.017223885333433248,0.05987060876399958,0.07684848842214802,0.054191901953693854,0.0766511397392204
2025-03-16,2994.5,67.18000030517578,4.104000091552734,5638.93994140625,21.770000457763672,0.0,0.0,0.0,0.0,0.0,30,Fear,2764260.892,360794496.2616,0.365449913636934,0.33679026870334605,9.149999999999999e-06,-4.052333333333334e-05,126.13,-0.07431182266405416,0.058709399568000496,0.07732049176889992,0.05265165635230903,0.07684848842214802
2025-03-17,3000.0,67.58000183105469,4.01800012588501,5675.1201171875,20.510000228881836,0.0018350159457296321,0.005936519653962617,-0.021177832453630915,0.0063956349746060355,-0.059620313029912886,32,Fear,2707611.094,347309564.93446,-0.020706559742404398,-0.03809203359538063,-5.809333333333334e-05,-6.724333333333334e-05,128.01,0.014795264768916476,0.05088608534239428,0.07748922588927674,0.05310950492787573,0.07732049176889992
2025-03-18,3035.10009765625,66.9000015258789,4.052000045776367,5614.66015625,21.700000762939453,0.011632116405335577,-0.010113118438230645,0.00842629996065624,-0.010710667074319702,0.05639971246110034,34,Fear,3181789.699,395405699.24355,0.16137710590860588,0.12969582428811655,-5.7186666666666666e-05,9.066666666666761e-07,125.33,-0.021158127244587332,0.047500763033275925,0.07742359669285356,0.053138068087850036,0.07748922588927674
2025-03-19,3035.89990234375,67.16000366210938,4.247000217437744,5675.2900390625,19.899999618530273,0.00026348367390129166,0.0038788967949342436,0.047002304845430026,0.010740608172953766,-0.0865925831437999,32,Fear,4170497.991,541158128.72602,0.2705916140744741,0.31379920133406575,3.4953333333333336e-05,9.214e-05,135.33,0.07676598146498344,0.0558227781107668,0.07864035761055418,0.05126078702876229,0.07742359669285356
2025-03-20,3040.0,68.26000213623047,3.9749999046325684,5662.89013671875,19.799999237060547,0.001349626670783865,0.016246088036584214,-0.06618817841460645,-0.002187283513782985,-0.005037813392920311,49,Neutral,2593287.986,340143750.52064,-0.4751088877315382,-0.4643432019288123,6.043000000000001e-05,2.5476666666666673e-05,127.6,-0.05881586917772486,0.0604843648001998,0.07886049638494254,0.05060931762855416,0.07864035761055418
2025-03-21,3018.199951171875,68.27999877929688,3.9800000190734863,5667.56005859375,19.280000686645508,-0.007196904393713174,0.00029290527428279986,0.0012570999741912314,0.0008243136078323211,-0.02661357437140071,31,Fear,2400422.348,306105567.68726,-0.07728186304619188,-0.10543828900805462,-2.981e-05,-9.024e-05,128.48,0.0068728792877620504,0.05110752724195614,0.07890688022443984,0.050703854477298284,0.07886049638494254
2025-03-22,3018.199951171875,68.27999877929688,3.9800000190734863,5667.56005859375,19.280000686645508,0.0,0.0,0.0,0.0,0.0,32,Fear,1498168.196,194061126.95637,-0.47140154103897275,-0.45575683806051176,-2.4846666666666667e-05,4.963333333333334e-06,128.51,0.00023347212059823054,0.05024359691684372,0.07836307960740106,0.05074878032402621,0.07890688022443984
2025-03-23,3018.199951171875,68.27999877929688,3.9800000190734863,5667.56005859375,19.280000686645508,0.0,0.0,0.0,0.0,0.0,30,Fear,1763485.986,232208409.45648,0.16304936479959475,0.17946208820648152,5.703333333333333e-06,3.055e-05,132.84,0.03313867418949608,0.04238819306244051,0.07853718813065241,0.05273251532351502,0.07836307960740106
2025-03-24,3013.10009765625,69.11000061035156,3.9140000343322754,5767.56982421875,17.479999542236328,-0.0016911295043418105,0.012082566886560389,-0.01672194634313559,0.01749211712863917,-0.09801098075725649,45,Fear,4554131.645,638280711.52939,0.9487423508120465,1.0111428882580287,4.254333333333333e-05,3.684e-05,141.01,0.059685413340592915,0.046853208631769505,0.0793737028876595,0.05172379925719202,0.07853718813065241
2025-03-25,3023.699951171875,69.0,3.8399999141693115,5776.64990234375,17.149999618530273,0.0035117493782604987,-0.0015929423376389708,-0.019087533497650484,0.0015730954906538206,-0.019059192670720065,46,Fear,3529958.67,505738904.94536,-0.2547487121161652,-0.2327576353192794,4.2800000000000004e-05,2.566666666666738e-07,143.64,0.018479359508743253,0.044244267151541214,0.07942971254792136,0.05165315299352499,0.0793737028876595
2025-03-26,3020.89990234375,69.6500015258789,3.8610000610351562,5712.2001953125,18.329999923706055,-0.0009264629905246514,0.00937621753636423,0.005453888842327021,-0.011219640357598032,0.06654090632055294,47,Neutral,3099523.287,437189263.88719,-0.13003784138247088,-0.1456543385072327,-5.547333333333332e-05,-9.827333333333333e-05,137.34,-0.04485056616535167,0.04181133291004461,0.07361452497776125,0.05096328404819832,0.07942971254792136
2025-03-27,3060.199951171875,69.91999816894531,3.950000047683716,5693.31005859375,18.690000534057617,0.012925489441903849,0.0038689830258029543,0.022789357894636857,-0.0033124610071321114,0.01944959235261349,40,Fear,2466162.683,341254155.91117,-0.22858494831528897,-0.2477386745564008,-7.299666666666666e-05,-1.7523333333333336e-05,138.43,0.007905179507113247,0.03208140376889144,0.07355087578584943,0.05101652161755793,0.07361452497776125
2025-03-28,3086.5,69.36000061035156,4.065000057220459,5580.93994140625,21.649999618530273,0.008557505502098309,-0.008041363887377214,0.028698166091290295,-0.019934601126853548,0.14701678678666755,44,Fear,3892191.365,515501341.03969,0.456308958959217,0.4125123799692458,-7.571666666666667e-05,-2.7200000000000146e-06,129.49,-0.0667611246188949,0.043826200519268735,0.07362008375814126,0.049369458712226214,0.07355087578584943
2025-03-29,3086.5,69.36000061035156,4.065000057220459,5580.93994140625,21.649999618530273,0.0,0.0,0.0,0.0,0.0,26,Fear,2610065.515,329643079.8165,-0.39959700937069237,-0.4471294120673884,-3.852333333333334e-05,3.7193333333333335e-05,124.58,-0.03865557825474937,0.04634934024882433,0.07383680075353241,0.04870978777026203,0.07362008375814126
2025-03-30,3086.5,69.36000061035156,4.065000057220459,5580.93994140625,21.649999618530273,0.0,0.0,0.0,0.0,0.0,32,Fear,1743775.296,218155180.69158,-0.4033228494031462,-0.4128038452338066,-0.0002797233333333333,-0.00024119999999999998,124.82,0.0019246196798973169,0.04354867388000743,0.07241132784198324,0.04879471253741711,0.07383680075353241
2025-03-31,3122.800048828125,71.4800033569336,4.11899995803833,5611.85009765625,22.280000686645508,0.01169228804819296,0.030107395982433494,0.013196648190452097,0.005523240357645722,0.02868400904935161,34,Fear,3730628.853,468042537.66829,0.7605243395940736,0.7633525366534548,-8.192666666666666e-05,0.00019779666666666667,124.54,-0.0022457500615909124,0.03207231691191783,0.07225555525548864,0.04877663268404219,0.07241132784198324
2025-04-01,3118.89990234375,71.19999694824219,3.9509999752044678,5633.06982421875,21.770000457763672,-0.0012497066576345498,-0.003924961698320787,-0.04164170011310713,0.0037741045552120668,-0.02315654960427546,34,Fear,3554277.848,452578878.01829,-0.04842490711312186,-0.033597120229568476,-5.008666666666666e-05,3.183999999999999e-05,126.67,0.016958330051235104,0.03178991534037122,0.05894548781912366,0.048827747049838735,0.07225555525548864
2025-04-02,3139.89990234375,71.70999908447266,4.054999828338623,5670.97021484375,21.510000228881836,0.006710576935193882,0.007137419571240765,0.025981940080620877,0.006705661429484109,-0.01201494235336976,44,Fear,6288908.68,796943491.9591,0.5706356492344958,0.5658217113357937,-5.178666666666667e-05,-1.7000000000000074e-06,117.42,-0.07582802885950128,0.037753739483762275,0.044290570379751835,0.0465972754021076,0.05894548781912366
2025-04-03,3097.0,66.94999694824219,4.138000011444092,5396.52001953125,30.020000457763672,-0.013757020186500003,-0.06868416857286343,0.020261936854847156,-0.04960591182899663,0.3333458875335828,25,Extreme Fear,5854867.278,683637733.06036,-0.0715142262185612,-0.15335562805670244,-8.683e-05,-3.5043333333333324e-05,117.17,-0.002131378955975606,0.03658408538056726,0.04405392892539092,0.04666533496082998,0.044290570379751835
2025-04-04,3012.0,61.9900016784668,3.8369998931884766,5074.080078125,45.310001373291016,-0.02782959105341858,-0.07697291776429961,-0.0755217986613945,-0.061609061898230934,0.41166394753389157,28,Fear,5721072.32,677703415.89485,-0.02311707229272554,-0.008718394737677479,-0.00011074666666666665,-2.391666666666666e-05,122.79,0.04684970749235716,0.03944761617918581,0.045045461791585036,0.04629743706163977,0.04405392892539092
2025-04-05,3012.0,61.9900016784668,3.8369998931884766,5074.080078125,45.310001373291016,0.0,0.0,0.0,0.0,0.0,30,Fear,1784381.3,213707959.9349,-1.1650845118491546,-1.1540993427466846,5.2616666666666674e-05,0.00016336333333333332,120.32,-0.020320718970891768,0.037606855882969525,0.045043320782154055,0.04610384613534844,0.045045461791585036
2025-04-06,3012.0,61.9900016784668,3.8369998931884766,5074.080078125,45.310001373291016,0.0,0.0,0.0,0.0,0.0,34,Fear,4934346.985,547868774.14022,1.0171485964243454,0.9414253852183908,-3.606666666666665e-06,-5.622333333333334e-05,105.91,-0.12756518334595185,0.05926241784354289,0.050119122589706695,0.038558740509932715,0.045043320782154055
2025-04-07,2951.300048828125,60.70000076293945,3.6549999713897705,5062.25,46.97999954223633,-0.02035854214521939,-0.021029398155768406,-0.04859469805352062,-0.0023341946059635883,0.03619418049913722,23,Extreme Fear,12630664.993,1310680814.72602,0.9399072459086518,0.8722661920682437,-7.299999999999999e-06,-3.6933333333333337e-06,106.99,0.010145695294937352,0.06017999539870685,0.05021622544982825,0.03858568816267796,0.050119122589706695
2025-04-08,2968.39990234375,59.58000183105469,3.4649999141693115,4982.77001953125,52.33000183105469,0.0057772864227977104,-0.018623732616628662,-0.05338347750294086,-0.015825083277054855,0.1078478858876829,24,Extreme Fear,5839129.782,630835932.39869,-0.7715458110314425,-0.7312561704068138,-0.00013184,-0.00012454000000000002,105.4,-0.014972736043253174,0.05792955690111774,0.04839609225976063,0.042295544030289685,0.05021622544982825
2025-04-09,3056.5,62.349998474121094,3.815999984741211,5456.89990234375,33.619998931884766,0.02924741627141751,0.04544366963540521,0.09649014171630077,0.09089487983303646,-0.4424487591644147,18,Extreme Fear,9334586.139,1033143449.36244,0.46914466587218967,0.4933155095521528,-2.7666666666666667e-05,0.00010417333333333334,119.05,0.12178093682560974,0.07529476321977703,0.05232000336983792,0.03780935925898391,0.04839609225976063
2025-04-10,3155.199951171875,60.06999969482422,3.556999921798706,5268.0498046875,40.720001220703125,0.03178139946409088,-0.037253103871513815,-0.07028527860627012,-0.03522060702411168,0.19159830601000538,39,Fear,5566324.629,632204181.15054,-0.5169914567031048,-0.49114891282667816,7.818666666666667e-05,0.00010585333333333334,112.81,-0.053838585316042735,0.07824276630978537,0.05205513059853294,0.035775925671937006,0.05232000336983792
2025-04-11,3222.199951171875,61.5,3.5269999504089355,5363.35986328125,37.560001373291016,0.0210124709703548,0.02352663103073811,-0.008469833787630185,0.01793038083577807,-0.08077971131758639,25,Extreme Fear,4344066.889,514950895.3424,-0.24792400444128695,-0.20514086614320792,2.729666666666667e-05,-5.0889999999999996e-05,121.41,0.07346825993905484,0.08177352024902763,0.0538803971793606,0.034812712218370054,0.05205513059853294
2025-04-12,3222.199951171875,61.5,3.5269999504089355,5363.35986328125,37.560001373291016,0.0,0.0,0.0,0.0,0.0,43,Fear,4620265.855,588559519.13812,0.06164126727698416,0.13360651134143436,2.3216666666666667e-05,-4.080000000000002e-06,132.24,0.08544520595688501,0.08732399921500668,0.05592875196826212,0.03192251210497706,0.0538803971793606
2025-04-13,3222.199951171875,61.5,3.5269999504089355,5363.35986328125,37.560001373291016,0.0,0.0,0.0,0.0,0.0,45,Fear,4054370.603,525575877.83406,-0.13065678733320987,-0.113183487024106,5.946333333333334e-05,3.624666666666667e-05,128.38,-0.029623837629136753,0.06626188579980062,0.054274054301531385,0.03203381222109052,0.05592875196826212
2025-04-14,3204.800048828125,61.529998779296875,3.325000047683716,5405.97021484375,30.889999389648438,-0.00541463975573675,0.0004876661007729428,-0.05897794874472076,0.007913319326342991,-0.19550720373103717,31,Fear,4150251.45,546940838.03531,0.023373462291412683,0.03984606783055454,-1.4513333333333336e-05,-7.397666666666668e-05,129.42,0.00806831374548794,0.06635707783537262,0.054191901953693854,0.03337968937849797,0.054274054301531385
2025-04-15,3218.699951171875,61.33000183105469,3.3289999961853027,5396.6298828125,30.1200008392334,0.004327834993182707,-0.003255691419578087,0.0012022689982044514,-0.001729275225300909,-0.025243056376930858,38,Fear,3431482.497,446714548.40398,-0.1901765400998189,-0.20242084296500049,-5.725000000000001e-05,-4.2736666666666674e-05,126.11,-0.025908387661336827,0.06763162652073947,0.05265165635230903,0.034171372063751634,0.054191901953693854
2025-04-16,3326.60009765625,62.470001220703125,3.246999979019165,5275.7001953125,32.63999938964844,0.03297325457193712,0.018417311552440873,-0.0249404707878863,-0.022663253964902527,0.08034908060172265,29,Fear,5320768.994,680727729.62112,0.4386254579831833,0.4212426200927846,-4.890666666666667e-05,8.343333333333339e-06,131.33,0.04055869762928561,0.053974112431319984,0.05310950492787573,0.03385532538506993,0.05265165635230903
2025-04-17,3308.699951171875,64.68000030517578,3.244999885559082,5282.7001953125,29.649999618530273,-0.005395442489893157,0.0347655783810385,-0.0006161717698969011,0.0013259586237727749,-0.09607639881843334,30,Fear,3817459.718,508520833.35897,-0.33203263452880954,-0.2916562316702162,7.204666666666666e-05,0.00012095333333333333,134.83,0.026301486048914607,0.044920497815908934,0.053138068087850036,0.03381008264284919,0.05310950492787573
2025-04-18,3308.699951171875,64.68000030517578,3.244999885559082,5282.7001953125,29.649999618530273,0.0,0.0,0.0,0.0,0.0,33,Fear,2556341.874,343312222.8375,-0.40100792503087535,-0.39286588108937975,-1.5493333333333333e-05,-8.753999999999999e-05,134.04,-0.005876462776873703,0.040593416309781576,0.05126078702876229,0.03435938259993619,0.053138068087850036
2025-04-19,3308.699951171875,64.68000030517578,3.244999885559082,5282.7001953125,29.649999618530273,0.0,0.0,0.0,0.0,0.0,32,Fear,2816038.068,389745180.09418,0.096753675578121,0.1268528374170921,-8.121333333333333e-05,-6.572e-05,139.87,0.04257515692210305,0.029856172361373497,0.05060931762855416,0.034750254994808105,0.05126078702876229
2025-04-20,3308.699951171875,64.68000030517578,3.244999885559082,5282.7001953125,29.649999618530273,0.0,0.0,0.0,0.0,0.0,37,Fear,3498098.615,482908343.29459,0.21688861135259632,0.21433372900800277,-0.0001283,-4.708666666666667e-05,137.86,-0.014474742333706771,0.02709462122843179,0.050703854477298284,0.03454363751229291,0.05060931762855416
2025-04-21,3406.199951171875,63.08000183105469,3.0160000324249268,5158.2001953125,33.81999969482422,0.029041937846947277,-0.025048248304809336,-0.07318385399252582,-0.02384964833401801,0.13159022186892802,39,Fear,4657400.503,645692434.21612,0.2862378924942364,0.29049641217340416,-0.00015359666666666665,-2.529666666666665e-05,136.56,-0.009474598971320703,0.028114380438829124,0.05074878032402621,0.03463373076134633,0.050703854477298284
2025-04-22,3400.800048828125,64.30999755859375,3.006999969482422,5287.759765625,30.56999969482422,-0.0015865736672474797,0.019311311061345086,-0.0029885670391334444,0.02480695212545062,-0.10103320852701309,47,Neutral,5078409.536,727917404.64025,0.08654066858779956,0.11986430421306321,-6.008333333333333e-05,9.351333333333333e-05,148.79,0.08577183735342071,0.03636106354216365,0.05273251532351502,0.03182315123703785,0.05074878032402621
2025-04-23,3276.300048828125,62.27000045776367,3.0220000743865967,5375.85986328125,28.450000762939453,-0.03729596062718759,-0.03223532594805014,0.0049759946080229845,0.016523864366879457,-0.07187093853069917,72,Greed,4801378.47,724657996.32039,-0.05609507116976053,-0.004487772253479298,4.1926666666666666e-05,0.00010201,151.1,0.015405953439087912,0.035644611540193695,0.05172379925719202,0.032526572368295176,0.05273251532351502
2025-04-24,3332.0,62.790000915527344,2.930000066757202,5484.77001953125,26.469999313354492,0.016857972511505684,0.008316063471168578,-0.030916442652565854,0.020056628082583162,-0.07213619709070036,63,Greed,3535860.484,527261359.19678,-0.3059463698205629,-0.31800345098251187,8.387666666666668e-05,4.195000000000001e-05,152.55,0.00955054188398481,0.03571582698150477,0.05165315299352499,0.03253272765176312,0.05172379925719202
2025-04-25,3282.39990234375,63.02000045776367,2.937000036239624,5525.2099609375,24.84000015258789,-0.01499789191023496,0.003656303886111966,0.0023862187424727064,0.0073460847957005125,-0.063556727090384,60,Greed,4226767.973,647250679.34811,0.17848094031448739,0.20503730486293512,7.078333333333334e-05,-1.3093333333333339e-05,150.82,-0.01140533838817783,0.03637755457833356,0.05096328404819832,0.032408223561778075,0.05165315299352499
2025-04-26,3282.39990234375,63.02000045776367,2.937000036239624,5525.2099609375,24.84000015258789,0.0,0.0,0.0,0.0,0.0,65,Greed,1766805.88,264884274.04215,-0.8722642996437181,-0.8934406393460972,-3.592666666666667e-05,-0.00010671000000000001,149.21,-0.010732363122170581,0.03566741705711011,0.05101652161755793,0.032325592627531,0.05096328404819832
2025-04-27,3282.39990234375,63.02000045776367,2.937000036239624,5525.2099609375,24.84000015258789,0.0,0.0,0.0,0.0,0.0,61,Greed,1599977.891,237125168.081,-0.0991835177601451,-0.11070489179291293,2.7666666666666573e-07,3.620333333333333e-05,147.98,-0.00827758015492547,0.03505245256711817,0.049369458712226214,0.0322341038383725,0.05101652161755793
2025-04-28,3332.5,62.04999923706055,3.1700000762939453,5528.75,25.149999618530273,0.015147940676365497,-0.015511644237855738,0.07634294740120305,0.0006405015390019333,0.012402618169858071,54,Neutral,3507950.445,522023426.4148,0.7850421371021129,0.7891243279813109,-2.3746666666666667e-05,-2.4023333333333334e-05,147.84,-0.0009465216040307133,0.03440004898265013,0.04870978777026203,0.0327318987858935,0.049369458712226214
2025-04-29,3318.800048828125,60.41999816894531,3.385999917984009,5560.830078125,24.170000076293945,-0.004119486550149282,-0.026620353701971432,0.06591764753217541,0.005785641545556399,-0.03974568350601866,60,Greed,2498992.492,369541045.06508,-0.33914430068083606,-0.34545064812577875,-6.059666666666667e-05,-3.685e-05,146.31,-0.010402949503303114,0.010886517371025878,0.04879471253741711,0.03333396329719376,0.04870978777026203
2025-04-30,3305.0,58.209999084472656,3.3259999752044678,5569.06005859375,24.700000762939453,-0.004166813216927875,-0.03726300009744934,-0.017878886173179828,0.0014788972519335208,0.021691076650220915,56,Greed,2780816.363,403132464.35529,0.10685689290298764,0.08700338666965422,-9.055e-05,-2.9953333333333337e-05,147.54,0.008371667066085161,0.00915595489151817,0.04877663268404219,0.03564830844453451,0.04879471253741711
2025-05-01,3210.0,59.2400016784668,3.4790000915527344,5604.14013671875,24.600000381469727,-0.02916553616172506,0.017539872177297182,0.04497454916994852,0.006279345716451974,-0.004056816076951518,53,Neutral,3037281.454,458689825.21601,0.08821831642825098,0.12910901596503757,4.646333333333333e-05,0.00013701333333333333,150.85,0.02218664014891393,0.012697060916571355,0.048827747049838735,0.03544190079905692,0.04877663268404219
2025-05-02,3231.89990234375,58.290000915527344,3.630000114440918,5686.669921875,22.68000030517578,0.006799232227835648,-0.016166449969052803,0.04248775731755899,0.014619191109112719,-0.08126296612994292,67,Greed,2216263.073,332262056.95998,-0.31514037968613334,-0.3224502338202961,-2.8783333333333336e-05,-7.524666666666667e-05,148.05,-0.018735911057469704,0.01388702431505106,0.0465972754021076,0.03525763740322201,0.048827747049838735
2025-05-03,3231.89990234375,58.290000915527344,3.630000114440918,5686.669921875,22.68000030517578,0.0,0.0,0.0,0.0,0.0,65,Greed,1406583.56,207747277.73483,-0.454658720025882,-0.4696016556666187,-8.767333333333333e-05,-5.889e-05,146.71,-0.0090922053960477,0.013740958825916751,0.04666533496082998,0.03522368652435212,0.0465972754021076
2025-05-04,3231.89990234375,58.290000915527344,3.630000114440918,5686.669921875,22.68000030517578,0.0,0.0,0.0,0.0,0.0,64,Greed,1613358.553,235442072.04033,0.13715430689728036,0.12514257451453722,-5.5643333333333336e-05,3.2029999999999997e-05,143.95,-0.01899183209336793,0.015038455240668195,0.04629743706163977,0.035081308014544794,0.04666533496082998
2025-05-05,3311.300048828125,57.130001068115234,3.549999952316284,5650.3798828125,23.639999389648438,0.024270706904035648,-0.020101176331286184,-0.022285089747890917,-0.006402047029318447,0.04145667440402957,52,Neutral,2030995.801,295411016.24423,0.23020815117860927,0.22690275743497149,-4.8123333333333334e-05,7.5200000000000025e-06,146.72,0.019059991449969886,0.017416310710337134,0.04610384613534844,0.03504115837904162,0.04629743706163977
2025-05-06,3411.39990234375,59.09000015258789,3.4630000591278076,5606.91015625,24.760000228881836,0.029781859324395553,0.03373231650728526,-0.024812307560849376,-0.007722985278391797,0.046289290341108305,59,Greed,2352310.935,339458035.32269,0.14687200641214446,0.13898267002538078,-1.916666666666668e-06,4.6206666666666666e-05,146.88,0.0010899183640256005,0.016926485412486272,0.038558740509932715,0.036811557493840685,0.04610384613534844
2025-05-07,3381.39990234375,58.06999969482422,3.621000051498413,5631.27978515625,23.549999237060547,-0.008832939557882192,-0.017412533811229817,0.04461496251121383,0.004336938106710132,-0.05010366899456484,67,Greed,2440566.284,358909988.86087,0.03683187443063487,0.055721297582057606,6.324e-05,6.515666666666667e-05,147.32,0.0029911647046841332,0.01663199428326343,0.03858568816267796,0.037086250088154055,0.038558740509932715
2025-05-08,3296.60009765625,59.90999984741211,3.5920000076293945,5663.93994140625,22.479999542236328,-0.025398132101867026,0.031194259420231813,-0.008041092441706782,0.005783021147465641,-0.04649978340350906,65,Greed,6040622.618,947386329.98644,0.9062769930999901,0.9706353317639005,5.976333333333333e-05,-3.4766666666666667e-06,164.46,0.11006028796588499,0.04512041925346314,0.042295544030289685,0.030915750919293293,0.03858568816267796
2025-05-09,3335.39990234375,61.02000045776367,3.7950000762939453,5659.91015625,21.899999618530273,0.011700918988177024,0.01835825324150491,0.05497527838744996,-0.0007117341348763632,-0.026139385258591493,73,Greed,6318574.649,1066435830.02627,0.04498656341705833,0.11837040594169314,0.0001,4.0236666666666674e-05,172.78,0.049351729387988735,0.04464109934653507,0.03780935925898391,0.02953043197597937,0.042295544030289685
2025-05-10,3335.39990234375,61.02000045776367,3.7950000762939453,5659.91015625,21.899999618530273,0.0,0.0,0.0,0.0,0.0,70,Greed,3339701.179,576546707.44572,-0.6376123168805862,-0.6150210119356965,0.0001,0.0,177.89,0.029146272806440294,0.04248000098646096,0.035775925671937006,0.030919277544473437,0.03780935925898391
2025-05-11,3335.39990234375,61.02000045776367,3.7950000762939453,5659.91015625,21.899999618530273,0.0,0.0,0.0,0.0,0.0,70,Greed,3210729.52,560754526.1296,-0.03938315950219586,-0.027773110481859497,8.372333333333333e-05,-1.6276666666666673e-05,173.19,-0.026776123996226437,0.043976348188711746,0.034812712218370054,0.030986998698665905,0.035775925671937006
2025-05-12,3220.0,61.95000076293945,3.6459999084472656,5844.18994140625,18.389999389648438,-0.03521122337030222,0.015125933600171835,-0.04005377980538777,0.03203997667702081,-0.1746796139768351,70,Greed,6245732.977,1096750784.26202,0.6654003307876688,0.6708240101923736,6.819e-05,-1.5533333333333336e-05,174.22,0.005929610649794066,0.04461783854695649,0.03192251210497706,0.03125298873078441,0.034812712218370054
2025-05-13,3240.300048828125,63.66999816894531,3.6470000743865967,5886.5498046875,18.219999313354492,0.006284573623097743,0.027385844879859716,0.0002742810771851462,0.007222059020245977,-0.009287151281460961,70,Greed,4587043.398,805977156.69272,-0.30866283025041297,-0.3080518545915808,7.627666666666667e-05,8.086666666666672e-06,183.75,0.05325726970220016,0.04440404748082515,0.03203381222109052,0.0308364814307698,0.03192251210497706
2025-05-14,3181.39990234375,63.150001525878906,3.492000102996826,5892.580078125,18.6200008392334,-0.018344612393290653,-0.008200592311148426,-0.0434302647507596,0.001023891242276054,0.02171646277508113,73,Greed,3619155.253,650301806.43098,-0.23699503357477525,-0.21461882781893937,7.431666666666667e-05,-1.9600000000000016e-06,176.64,-0.039462375004215657,0.05137723333160944,0.03337968937849797,0.030403550557436345,0.03203381222109052
2025-05-15,3220.699951171875,61.619998931884766,3.361999988555908,5916.93017578125,17.829999923706055,0.012277391287757004,-0.024526397124652956,-0.03793863588996701,0.004123817438757677,-0.04335388932444697,70,Greed,3546037.724,607575969.68482,-0.020409797019875702,-0.06795935233839219,6.6033333333333325e-06,-6.771333333333333e-05,169.16,-0.04326875048444258,0.041210020068480735,0.034171372063751634,0.029851827096176863,0.03337968937849797
2025-05-16,3182.0,62.4900016784668,3.3340001106262207,5958.3798828125,17.239999771118164,-0.012088782158285714,0.014020094966139728,-0.008363214072638675,0.006980849368100189,-0.03365017563674573,71,Greed,2766386.671,473923633.57258,-0.24828882830126933,-0.248431022266362,2.0719999999999995e-05,1.4116666666666663e-05,167.4,-0.01045885454891279,0.036133699548301375,0.03385532538506993,0.031848403452445294,0.034171372063751634
2025-05-17,3182.0,62.4900016784668,3.3340001106262207,5958.3798828125,17.239999771118164,0.0,0.0,0.0,0.0,0.0,74,Greed,2262121.706,377239175.69118,-0.20123883691582145,-0.22816679354019634,-7.36666666666667e-07,-2.145666666666666e-05,165.94,-0.008759880819235797,0.032947514823711714,0.03381008264284919,0.03190530753331762,0.03385532538506993
2025-05-18,3182.0,62.4900016784668,3.3340001106262207,5958.3798828125,17.239999771118164,0.0,0.0,0.0,0.0,0.0,74,Greed,3194610.936,544510554.62809,0.34516212680042513,0.3670079216899728,4.9766666666666666e-05,5.0503333333333335e-05,173.3,0.04339791948542134,0.03735060428260312,0.03435938259993619,0.03081126368792783,0.03381008264284919
2025-05-19,3228.89990234375,62.689998626708984,3.11299991607666,5963.60009765625,18.139999389648438,0.014631561796196542,0.003195352579058796,-0.0685859530093522,0.0008757295660482738,0.05088715908092825,74,Greed,4076352.744,670683465.64664,0.24373734567887784,0.20840996415992075,-8.483333333333334e-05,-0.00013460000000000002,166.86,-0.037869059247631925,0.039797844501729955,0.034750254994808105,0.030202617615292603,0.03435938259993619
2025-05-20,3280.300048828125,62.560001373291016,3.427000045776367,5940.4599609375,18.09000015258789,0.015793404801633753,-0.0020758051911769233,0.09609839174955477,-0.0038877770695725784,-0.0027601031981324977,71,Greed,3135420.426,526700156.84318,-0.2624393810531634,-0.2416658661447359,4.994e-05,0.00013477333333333335,168.59,0.010314594353781239,0.03157064902869945,0.03454363751229291,0.03012652307205342,0.034750254994808105
2025-05-21,3309.300048828125,61.56999969482422,3.368000030517578,5844.60986328125,20.8700008392334,0.008801804902702907,-0.015951384222085634,-0.017366150808915484,-0.016266719267758897,0.14295345345940377,70,Greed,4400610.4,749188809.37931,0.3389799863048507,0.3523596094242896,8.792666666666668e-05,3.798666666666668e-05,173.53,0.028880763274702622,0.03232946562487251,0.03463373076134633,0.030464919052268946,0.03454363751229291
2025-05-22,3292.300048828125,61.20000076293945,3.253000020980835,5842.009765625,20.280000686645508,-0.005150277910234424,-0.006027531981941245,-0.03474145150021651,-0.0004449700224211693,-0.028677548720296264,72,Greed,3608222.862,640424778.4173,-0.19852788943543734,-0.15685936122973618,9.202333333333333e-05,4.096666666666651e-06,179.68,0.03482699588772073,0.02926025764732771,0.03182315123703785,0.0297793586003609,0.03463373076134633
2025-05-23,3363.60009765625,61.529998779296875,3.3340001106262207,5802.81982421875,22.290000915527344,0.021425434503964738,0.005377638928633734,0.02459516356892924,-0.006730899591473139,0.0945029758899914,78,Extreme Greed,6112910.776,1104030043.56186,0.5271876860208152,0.5445907673695016,0.0001,7.976666666666674e-06,174.01,-0.03206472216264619,0.03256144426392987,0.032526572368295176,0.029678685829121393,0.03182315123703785
2025-05-24,3363.60009765625,61.529998779296875,3.3340001106262207,5802.81982421875,22.290000915527344,0.0,0.0,0.0,0.0,0.0,66,Greed,2317965.021,407150995.30293,-0.9697134005208147,-0.9975383273670606,3.0663333333333335e-05,-6.933666666666667e-05,175.87,0.01063231692078598,0.03196222861747046,0.03253272765176312,0.034905090192561515,0.032526572368295176
2025-05-25,3363.60009765625,61.529998779296875,3.3340001106262207,5802.81982421875,22.290000915527344,0.0,0.0,0.0,0.0,0.0,74,Greed,2530363.859,435707799.2341,0.08767345554543575,0.06778772096067343,-3.7333333333333337e-06,-3.439666666666667e-05,175.74,-0.0007394556805757028,0.027991928055010596,0.032408223561778075,0.03501699182640928,0.03253272765176312
2025-05-26,3363.60009765625,61.529998779296875,3.3340001106262207,5802.81982421875,22.290000915527344,0.0,0.0,0.0,0.0,0.0,73,Greed,2214724.796,391142612.45651,-0.13323496000542262,-0.10789960220646583,3.1536666666666666e-05,3.527e-05,174.91,-0.004734074148725389,0.022362256563389627,0.032325592627531,0.0350633422522392,0.032408223561778075
2025-05-27,3299.10009765625,60.88999938964844,3.3980000019073486,5921.5400390625,18.959999084472656,-0.019362124406121534,-0.010455893316601546,0.019014206301223757,0.02025258080218437,-0.16180673993166564,74,Greed,2568509.368,452738959.54561,0.14819756800369366,0.1462434799193568,-5.953333333333332e-06,-3.7489999999999995e-05,176.71,0.01023841490099243,0.02236024031152323,0.0322341038383725,0.035210423243679304,0.032325592627531
2025-05-28,3293.60009765625,61.84000015258789,3.2039999961853027,5888.5498046875,19.309999465942383,-0.0016685124798728683,0.015481459149985511,-0.05878699579554718,-0.005586802576444734,0.018291620243806275,71,Greed,2534660.877,437379320.47623,-0.01326586642054087,-0.034514882308872445,-2.2176666666666667e-05,-1.6223333333333334e-05,172.21,-0.025795308503156082,0.02287270617245672,0.0327318987858935,0.03544509785170169,0.0322341038383725
2025-05-29,3317.10009765625,60.939998626708984,3.5220000743865967,5912.169921875,19.18000030517578,0.007109715550713264,-0.014660655724199617,0.09462900317906153,0.0040031708706317415,-0.006754983416935554,74,Greed,2641789.968,450903344.10682,0.04139685382662571,0.030452173079349245,-1.2283333333333333e-05,9.893333333333334e-06,166.71,-0.03245888635686857,0.019087772867281125,0.03333396329719376,0.03702306751951052,0.0327318987858935
2025-05-30,3288.89990234375,60.790000915527344,3.447000026702881,5911.68994140625,18.56999969482422,-0.008537804000789136,-0.002464434201305977,-0.021524735913139748,-8.118845699520562e-05,-0.032320726435630054,60,Greed,3770279.512,609076479.51084,0.35569243423610153,0.3006908400297346,-1.1046666666666665e-05,1.2366666666666678e-06,156.2,-0.06511853855435412,0.02749151412675084,0.03564830844453451,0.0352967616038493,0.03333396329719376
2025-05-31,3288.89990234375,60.790000915527344,3.447000026702881,5911.68994140625,18.56999969482422,0.0,0.0,0.0,0.0,0.0,50,Neutral,2352257.752,364885611.94149,-0.4717735273582806,-0.5123599294208773,-1.6959999999999997e-05,-5.9133333333333315e-06,156.45,0.0015992327093055612,0.02624843740732335,0.03544190079905692,0.03534499899888213,0.03564830844453451
2025-06-01,3288.89990234375,60.790000915527344,3.447000026702881,5911.68994140625,18.56999969482422,0.0,0.0,0.0,0.0,0.0,56,Greed,2042131.041,315215977.43484,-0.1413817219141618,-0.14632586599346833,-6.187666666666667e-05,-4.491666666666667e-05,157.68,0.007831192729573826,0.027296811464189046,0.03525763740322201,0.03656279523773498,0.03544190079905692
2025-06-02,3370.60009765625,62.52000045776367,3.694000005722046,5935.93994140625,18.360000610351562,0.02453766635895122,0.02806119605402807,0.069205588044629,0.004093651490626028,-0.011372940494915069,64,Greed,2502052.191,386842477.22604,0.2031173809861701,0.20475952804629846,2.871e-05,9.058666666666667e-05,156.83,-0.005405246698131419,0.02725387410950272,0.03522368652435212,0.037221008773002946,0.03525763740322201
2025-06-03,3350.199951171875,63.40999984741211,3.7219998836517334,5970.3701171875,17.690000534057617,-0.006070768059979941,0.01413506243041926,0.007551243634389918,0.005783533535368979,-0.03717488007439647,64,Greed,2849585.145,455003937.65742,0.13006214898793078,0.16228849852895327,3.897666666666666e-05,1.0266666666666661e-05,155.19,-0.010512243462799997,0.025013094445692198,0.035081308014544794,0.03717817089147095,0.03522368652435212
2025-06-04,3373.5,62.849998474121094,3.7160000801086426,5970.81005859375,17.610000610351562,0.006930750112583484,-0.008870664547419721,-0.0016132844510954663,7.368474471916267e-05,-0.004532581194009188,62,Greed,1990646.424,310274443.07951,-0.35871399835786366,-0.3828488670170981,7.596666666666667e-06,-3.1379999999999994e-05,153.26,-0.01251434714127517,0.02487536749237313,0.03504115837904162,0.037535430224992374,0.035081308014544794
2025-06-05,3350.699951171875,63.369998931884766,3.677000045776367,5939.2998046875,18.479999542236328,-0.006781516425104247,0.00823963572205525,-0.010550627740839584,-0.005291357978698112,0.04822208427528902,57,Greed,4258041.075,634979837.8416,0.760349790802979,0.7161360408695162,1.4266666666666665e-05,6.669999999999998e-06,144.29,-0.060310662233093885,0.029602897289140246,0.036811557493840685,0.03584010537056949,0.03504115837904162
2025-06-06,3322.699951171875,64.58000183105469,3.7839999198913574,6000.35986328125,16.770000457763672,-0.008391573926159246,0.01891424720320025,0.028684415250757576,0.010228196215376713,-0.09709743831107769,45,Fear,2167791.114,322608804.0136,-0.6751004836679554,-0.67715279083462,-6.415666666666667e-05,-7.842333333333334e-05,147.83,0.02423780160383429,0.02630511415707,0.037086250088154055,0.035952512642774465,0.036811557493840685
2025-06-07,3322.699951171875,64.58000183105469,3.7839999198913574,6000.35986328125,16.770000457763672,0.0,0.0,0.0,0.0,0.0,52,Neutral,1408204.615,212333839.77254,-0.43139315897360636,-0.4182807041082205,1.706e-05,8.121666666666667e-05,150.06,0.014972249204584034,0.027562800560946954,0.030915750919293293,0.03604381891827414,0.037086250088154055
2025-06-08,3322.699951171875,64.58000183105469,3.7839999198913574,6000.35986328125,16.770000457763672,0.0,0.0,0.0,0.0,0.0,62,Greed,1564000.366,236874131.83445,0.10493130580756395,0.10936915873592291,4.909999999999999e-06,-1.215e-05,152.45,0.015801459316680925,0.028379846892088202,0.02953043197597937,0.03608982024835441,0.030915750919293293
2025-06-09,3332.10009765625,65.29000091552734,3.634999990463257,6005.8798828125,17.15999984741211,0.0028250744326858415,0.010934105537609646,-0.04017252165737706,0.0009195251863913659,0.022989482036049294,62,Greed,3079728.265,478105971.723,0.6775944913055838,0.702303495334186,5.891333333333333e-05,5.400333333333333e-05,161.16,0.055560986888882814,0.03639339517869921,0.030919277544473437,0.03517366059207728,0.02953043197597937
2025-06-10,3320.89990234375,64.9800033569336,3.5329999923706055,6038.81005859375,16.950000762939453,-0.003366964044300687,-0.004759317319035391,-0.02846174214435264,0.005468012541646841,-0.01231320633011249,71,Greed,3589559.163,578045039.31202,0.1531880316944153,0.18981938223639708,6.321333333333334e-05,4.30000000000001e-06,165.12,0.02427482197005151,0.03647387734491951,0.030986998698665905,0.03589705899059375,0.030919277544473437
2025-06-11,3321.300048828125,68.1500015258789,3.506999969482422,6022.240234375,17.260000228881836,0.000120486130438958,0.04763159863056644,-0.0073864037614050125,-0.002747660318287345,0.018123820078471166,72,Greed,4019424.999,663220131.68288,0.11310945818737458,0.13745517041090766,0.0001,3.6786666666666665e-05,160.97,-0.025454470075059903,0.03803237673898428,0.03125298873078441,0.03561845241230696,0.030986998698665905
2025-06-12,3380.89990234375,68.04000091552734,3.492000102996826,6045.259765625,18.020000457763672,0.01778563010253441,-0.0016153995491640903,-0.004286294983699447,0.0038151330716763875,0.04309057866717449,71,Greed,2883476.685,454850637.40677,-0.33214210894495816,-0.3771378631095516,2.996e-05,-7.004e-05,152.32,-0.05523444117508288,0.03655445744710552,0.0308364814307698,0.034160801337023934,0.03125298873078441
2025-06-13,3431.199951171875,72.9800033569336,3.5810000896453857,5976.97021484375,20.81999969482422,0.014768122634469274,0.0700896960229113,0.025167448577475875,-0.01136066859010289,0.14443177094572332,61,Greed,5339782.783,775171113.32776,0.6161882264230814,0.5331147007500987,-3.3043333333333336e-05,-6.300333333333334e-05,148.6,-0.024725438759396416,0.03754199823425074,0.030403550557436345,0.03379192958439813,0.0308364814307698
2025-06-14,3431.199951171875,72.9800033569336,3.5810000896453857,5976.97021484375,20.81999969482422,0.0,0.0,0.0,0.0,0.0,63,Greed,1679994.751,244007516.51517,-1.1563943057984092,-1.1558847661644065,3.5356666666666666e-05,6.840000000000001e-05,144.64,-0.02701023563979245,0.038236807136040614,0.029851827096176863,0.03332669144007817,0.030403550557436345
2025-06-15,3431.199951171875,72.9800033569336,3.5810000896453857,5976.97021484375,20.81999969482422,0.0,0.0,0.0,0.0,0.0,60,Greed,2831999.616,422563512.67885,0.5221923712327191,0.5491407311577616,4.094333333333333e-05,5.586666666666665e-06,152.97,0.05599392709130769,0.044440273347547236,0.031848403452445294,0.03187742151541215,0.029851827096176863
2025-06-16,3396.39990234375,71.7699966430664,3.747999906539917,6033.10986328125,19.110000610351562,-0.010194021599707037,-0.016718962337808015,0.04558022339027415,0.0093488231481891,-0.08570225833796581,61,Greed,3573196.785,556278400.06253,0.23247761285317636,0.2749291271027825,6.458666666666668e-05,2.3643333333333345e-05,150.72,-0.01481801290712109,0.03728951781351961,0.03190530753331762,0.033224802962541544,0.031848403452445294
2025-06-17,3386.60009765625,74.83999633789062,3.8510000705718994,5982.72021484375,21.600000381469727,-0.0028895213050230267,0.04188593780488692,0.027110533718187765,-0.008387259723643134,0.12248154215971613,68,Greed,3395648.859,508658147.22473,-0.05096578839819724,-0.08949271400851294,5.439333333333333e-05,-1.0193333333333343e-05,147.57,-0.02112117135269488,0.03424620766381511,0.03081126368792783,0.032890823089831885,0.03190530753331762
2025-06-18,3389.800048828125,75.13999938964844,3.989000082015991,5980.8701171875,20.139999389648438,0.0009444399210661637,0.0040005795495912455,0.0352077203254333,-0.00030928803472058796,-0.06998547536577886,52,Neutral,2800908.98,409856193.71815,-0.19255086448055084,-0.21596982331747294,9.226666666666666e-06,-4.516666666666667e-05,146.34,-0.008369958019474115,0.03407285102135521,0.030202617615292603,0.032782396290866746,0.03081126368792783
2025-06-19,3389.800048828125,75.13999938964844,3.989000082015991,5980.8701171875,20.139999389648438,0.0,0.0,0.0,0.0,0.0,57,Greed,2285335.729,332397675.29724,-0.20343105930697264,-0.20947428187710135,2.1643333333333333e-05,1.2416666666666667e-05,147.04,0.004771977151492939,0.029031377088004486,0.03012652307205342,0.03281560161611679,0.030202617615292603
2025-06-20,3368.10009765625,74.93000030517578,3.8469998836517334,5967.83984375,20.6200008392334,-0.0064221208610746846,-0.0027986835739336347,-0.036246999957546704,-0.002181035215587759,0.02355366230380821,54,Neutral,3393327.209,483166807.07631,0.39529797673357947,0.374029881030253,3.6903333333333336e-05,1.5260000000000003e-05,140.11,-0.04827683022423675,0.032811586239246335,0.030464919052268946,0.031314772256726346,0.03012652307205342
2025-06-21,3368.10009765625,74.93000030517578,3.8469998836517334,5967.83984375,20.6200008392334,0.0,0.0,0.0,0.0,0.0,49,Neutral,2826424.143,390271799.64798,-0.18279855865145678,-0.21351853173596233,-3.333e-05,-7.023333333333334e-05,135.43,-0.033972926715860115,0.03356647383348801,0.0297793586003609,0.03255670985574441,0.030464919052268946
2025-06-22,3368.10009765625,74.93000030517578,3.8469998836517334,5967.83984375,20.6200008392334,0.0,0.0,0.0,0.0,0.0,42,Fear,4252120.023,557857427.53674,0.4084053285158829,0.3572600049669656,4.52e-06,3.785e-05,131.71,-0.02785236565632484,0.017417551030637368,0.029678685829121393,0.03234013281570175,0.0297793586003609
2025-06-23,3377.699951171875,68.51000213623047,3.697999954223633,6025.169921875,19.829999923706055,0.0028461738938607515,-0.08957459725292966,-0.03950147294001118,0.009560655071259439,-0.0390655806044794,47,Neutral,4573147.667,627079580.57708,0.07278404770706788,0.11697003182189025,2.296e-05,1.844e-05,144.51,0.09274617329928392,0.04681247846280835,0.034905090192561515,0.03359514889202502,0.029678685829121393
2025-06-24,3317.39990234375,64.37000274658203,3.5369999408721924,6092.18017578125,17.479999542236328,-0.018013675886811464,-0.06233202246291182,-0.044513227079844724,0.011060328616958607,-0.12613859464476848,65,Greed,2741809.086,395980461.45042,-0.511583782315209,-0.45970858508380247,2.8886666666666666e-05,5.926666666666665e-06,145.92,0.009709817015782222,0.046603766103259496,0.03501699182640928,0.034545358122403995,0.034905090192561515
2025-06-25,3327.10009765625,64.91999816894531,3.4059998989105225,6092.16015625,16.760000228881836,0.0029197688926843124,0.008507985708414682,-0.037740340945733086,-3.286108349665331e-06,-0.04206223532916502,66,Greed,2233601.909,324533547.19572,-0.20500246463594402,-0.19897595827622996,4.464666666666667e-05,1.576e-05,143.57,-0.016235805186418723,0.046887991745566654,0.0350633422522392,0.03433111278165622,0.03501699182640928
2025-06-26,3333.5,65.23999786376953,3.260999917984009,6141.02001953125,16.59000015258789,0.0019217200310753606,0.004917030567025608,-0.0435046809040558,0.007988131032516797,-0.010194995310435646,74,Greed,2522507.942,360989062.59112,0.12163813344487633,0.10645874835304044,-2.086666666666668e-06,-4.6733333333333335e-05,139.06,-0.03191722646873073,0.047948267082516906,0.035210423243679304,0.03366453128771804,0.0350633422522392
2025-06-27,3273.699951171875,65.5199966430664,3.739000082015991,6173.06982421875,16.31999969482422,-0.018101974273062114,0.004282643300932393,0.1367843462736337,0.005205399256150098,-0.01640878256347104,65,Greed,2471847.15,349943506.06527,-0.02028791654503297,-0.031075930129200766,-1.0543333333333331e-05,-8.456666666666663e-06,142.09,0.02155516497911215,0.04535940109129889,0.03544509785170169,0.03364796291759769,0.035210423243679304
2025-06-28,3273.699951171875,65.5199966430664,3.739000082015991,6173.06982421875,16.31999969482422,0.0,0.0,0.0,0.0,0.0,65,Greed,2657836.682,391373737.69054,0.07254680930101995,0.11189122410858733,8.977666666666667e-05,0.00010032,150.72,0.05896315117806891,0.04665628834918592,0.03702306751951052,0.03303898635259645,0.03544509785170169
2025-06-29,3273.699951171875,65.5199966430664,3.739000082015991,6173.06982421875,16.31999969482422,0.0,0.0,0.0,0.0,0.0,68,Greed,2150026.172,325934665.45081,-0.21203249937174656,-0.18296600576794783,7.82e-05,-1.1576666666666667e-05,153.32,0.01710342968430138,0.04265158711816507,0.0352967616038493,0.03309259652195399,0.03702306751951052
2025-06-30,3294.39990234375,65.11000061035156,3.4560000896453857,6204.9501953125,16.729999542236328,0.006303198845365553,-0.006277231686631752,-0.07870634104938365,0.005151137506128882,0.0248121568004225,66,Greed,3871390.335,598342659.37994,0.588133687124566,0.607466650286402,3.915333333333333e-05,-3.9046666666666673e-05,154.81,0.009671318040019791,0.02894461761351914,0.03534499899888213,0.03342609715302365,0.0352967616038493
2025-07-01,3336.699951171875,65.44999694824219,3.4149999618530273,6198.009765625,16.829999923706055,0.012758252337171075,0.005208289105661505,-0.011934395028530534,-0.0011191571098791433,0.005959516032616415,64,Greed,2770862.174,413588502.7609,-0.3344551762919553,-0.3692920739992462,2.3126666666666673e-05,-1.6026666666666657e-05,146.88,-0.05258263168019379,0.03734622050858501,0.03656279523773498,0.032396269775910654,0.03534499899888213
2025-07-02,3348.0,67.44999694824219,3.48799991607666,6227.419921875,16.639999389648438,0.003380872641776682,0.030100091680430326,0.021151000133805536,0.0047338743064907745,-0.011353604956222913,63,Greed,2652574.279,399566857.59119,-0.04362793141440829,-0.03449042046718601,-3.533e-05,-5.845666666666668e-05,152.27,0.03603933398046088,0.03854726386508531,0.037221008773002946,0.033764694753412795,0.03656279523773498
2025-07-03,3331.60009765625,67.0,3.4089999198913574,6279.35009765625,16.3799991607666,-0.004910454236063616,-0.0066939180180563464,-0.02290951232953838,0.00830437821066394,-0.01574837152360857,73,Greed,2686218.205,411857243.43209,0.01260373819471068,0.030295688407895476,5.163333333333333e-05,8.696333333333333e-05,152.36,0.0005908807577621262,0.034640011846472994,0.03717817089147095,0.034164901227772486,0.037221008773002946
2025-07-04,3331.60009765625,67.0,3.4089999198913574,6279.35009765625,16.3799991607666,0.0,0.0,0.0,0.0,0.0,73,Greed,2308086.736,344301514.30937,-0.1517154041726745,-0.1791590242204167,8.243333333333335e-06,-4.3389999999999996e-05,147.7,-0.03106295207306939,0.038029665773788336,0.037535430224992374,0.033798449152856645,0.03717817089147095
2025-07-05,3331.60009765625,67.0,3.4089999198913574,6279.35009765625,16.3799991607666,0.0,0.0,0.0,0.0,0.0,67,Greed,1173963.86,173152977.64954,-0.6760329912425523,-0.6873423009242864,-9.835333333333333e-05,-0.00010659666666666666,147.55,-0.0010160881483855112,0.029865161821017883,0.03584010537056949,0.03466997823829263,0.037535430224992374
2025-07-06,3331.60009765625,67.0,3.4089999198913574,6279.35009765625,16.3799991607666,0.0,0.0,0.0,0.0,0.0,66,Greed,2486859.718,374754049.20113,0.7506348198321791,0.7720944743604158,-2.4873333333333338e-05,7.348e-05,151.86,0.028791942396139344,0.03146290680438472,0.035952512642774465,0.03500962886264516,0.03584010537056949
2025-07-07,3332.199951171875,67.93000030517578,3.4119999408721924,6229.97998046875,17.790000915527344,0.0001800334682463348,0.013785148304748359,0.0008796426434594774,-0.007893368104244017,0.08257552595110282,73,Greed,2174727.723,327954661.1623,-0.13411728524181493,-0.1333945713313635,6.816666666666667e-05,9.304e-05,148.88,-0.019818431451092487,0.031711905247566126,0.03604381891827414,0.03495854190331275,0.035952512642774465
2025-07-08,3307.0,68.33000183105469,3.3399999141693115,6225.52001953125,16.809999465942383,-0.007591297859755788,0.0058711678942017665,-0.021327831009265562,-0.0007161432504695748,-0.05666263749048405,65,Greed,2712869.323,408864092.13441,0.22110339366611223,0.2205074370852929,-1.926666666666666e-06,-7.009333333333333e-05,151.67,0.01856649572931009,0.02478057887953448,0.03608982024835441,0.03556333768642934,0.03604381891827414
2025-07-09,3311.60009765625,68.37999725341797,3.2139999866485596,6263.259765625,15.9399995803833,0.0013900517720019155,0.0007314084547858205,-0.03845451812962765,0.00604380277677969,-0.053142268612983594,66,Greed,2907219.748,448417630.2251,0.06919034588411355,0.09234220074934775,8.740000000000001e-06,1.0666666666666667e-05,157.05,0.03485711792135012,0.024533268510673785,0.03517366059207728,0.03511709806277928,0.03608982024835441
2025-07-10,3317.39990234375,66.56999969482422,3.3369998931884766,6280.4599609375,15.779999732971191,0.0017498283805606845,-0.026826323016373506,0.037555904599818384,0.0027424410729257912,-0.010088348541556767,71,Greed,3428382.349,547305235.76648,0.16489132013656807,0.19928165614186671,4.605666666666667e-05,3.731666666666667e-05,164.34,0.04537322651838623,0.02883197071106865,0.03589705899059375,0.03434742133224405,0.03517366059207728
2025-07-11,3356.0,68.44999694824219,3.313999891281128,6259.75,16.399999618530273,0.011568474452741711,0.027849486122376768,-0.006916281562553922,-0.0033029717732258423,0.038538013074052885,71,Greed,4354179.713,715116916.43081,0.23904770577593212,0.26743938416726604,8.021333333333333e-05,3.4156666666666664e-05,162.93,-0.008616791788178198,0.02428867683159187,0.03561845241230696,0.03434145639457826,0.03589705899059375
2025-07-12,3356.0,68.44999694824219,3.313999891281128,6259.75,16.399999618530273,0.0,0.0,0.0,0.0,0.0,79,Extreme Greed,2043211.942,328647415.71788,-0.7566131863071273,-0.7774605574572269,0.0001,1.978666666666667e-05,160.69,-0.013843617661201877,0.026033377312181354,0.034160801337023934,0.035292727765066575,0.03561845241230696
2025-07-13,3356.0,68.44999694824219,3.313999891281128,6259.75,16.399999618530273,0.0,0.0,0.0,0.0,0.0,74,Greed,1929745.851,312565043.60087,-0.05713474020630311,-0.050172904311362614,9.239666666666667e-05,-7.603333333333336e-06,161.15,0.0028585652077851727,0.025105264442346484,0.03379192958439813,0.038904710515921204,0.034160801337023934
2025-07-14,3351.5,66.9800033569336,3.4660000801086426,6268.56005859375,17.200000762939453,-0.0013417817890844313,-0.021709389666200556,0.04484532820768652,0.0014064243309367943,0.04762811660654813,74,Greed,3973706.533,658265226.60694,0.7223109838228365,0.7447953430189594,7.863333333333334e-05,-1.3763333333333331e-05,162.21,0.00655618380057635,0.02192808893613822,0.03332669144007817,0.03971471182239003,0.03379192958439813
2025-07-15,3329.800048828125,66.5199966430664,3.5230000019073486,6243.759765625,17.3799991607666,-0.006495750023279325,-0.006891513624805755,0.016311685494378413,-0.003964145065672561,0.010410643373586315,73,Greed,3665295.753,589073859.89953,-0.08079026597673993,-0.11105635545961431,3.213666666666667e-05,-4.649666666666667e-05,163.98,0.010852677106008285,0.02175087381818558,0.03187742151541215,0.04087105421873268,0.03332669144007817
2025-07-16,3352.5,66.37999725341797,3.5510001182556152,6263.7001953125,17.15999984741211,0.006794079381100563,-0.0021068389445210046,0.007916387362510715,0.0031885685253844154,-0.012738986382189699,70,Greed,5020288.123,849924900.12035,0.31457829840434787,0.36659641818087524,0.0001,6.786333333333333e-05,173.63,0.057182129188014845,0.026846515265093438,0.033224802962541544,0.040322809088384294,0.03187742151541215
2025-07-17,3340.10009765625,67.54000091552734,3.5420000553131104,6297.35986328125,16.520000457763672,-0.0037055602760010316,0.017324263597579107,-0.002537732286019085,0.005359380240011013,-0.038009289365250935,74,Greed,4491555.727,781437221.96743,-0.11128819825274584,-0.08401317632257875,0.0001,0.0,175.87,0.012818487392226498,0.023137633867256334,0.032890823089831885,0.04041927619287341,0.033224802962541544
2025-07-18,3353.0,67.33999633789062,3.565000057220459,6296.7900390625,16.40999984741211,0.003854691586396078,-0.0029656691622084916,0.006472514939887504,-9.049030280841674e-05,-0.006680899998967385,73,Greed,5191853.168,931893082.3748,0.1448915697466757,0.17608327316409184,0.0001,0.0,177.28,0.007985317810646143,0.021758516711849137,0.032782396290866746,0.040416284447817905,0.032890823089831885
2025-07-19,3353.0,67.33999633789062,3.565000057220459,6296.7900390625,16.40999984741211,0.0,0.0,0.0,0.0,0.0,74,Greed,2059315.008,363940083.0705,-0.9247172914544797,-0.9402288424845945,0.0001,0.0,176.96,-0.0018066852249489244,0.019753577207224204,0.03281560161611679,0.04126035658746549,0.032782396290866746
2025-07-20,3353.0,67.33999633789062,3.565000057220459,6296.7900390625,16.40999984741211,0.0,0.0,0.0,0.0,0.0,72,Greed,3694854.915,666377253.9008,0.5845678812900141,0.6048667103298208,0.0001,0.0,181.43,0.02494618604810182,0.019480837692914765,0.031314772256726346,0.041587851711986354,0.03281560161611679
2025-07-21,3401.89990234375,67.19999694824219,3.325000047683716,6305.60009765625,16.649999618530273,0.01447860287732854,-0.00208115723450823,-0.06969438146809422,0.001398157005673256,0.014519297711828362,71,Greed,6495907.179,1245489002.45574,0.5642310254042531,0.6254275473723072,0.00010966666666666666,9.666666666666653e-06,195.72,0.07581516203885108,0.028726078979350103,0.03255670985574441,0.040907154305691605,0.031314772256726346
2025-07-22,3439.199951171875,66.20999908447266,3.252000093460083,6309.6201171875,16.5,0.010904801640990577,-0.014841707006914905,-0.02219946802395787,0.0006373284966667569,-0.009049812608822908,72,Greed,8635627.173,1728386077.16153,0.2847240266505683,0.3276598438513237,0.0001,-9.666666666666653e-06,205.7,0.04973373023798862,0.028880948647313786,0.03234013281570175,0.04036782266825174,0.03255670985574441
2025-07-23,3394.10009765625,65.25,3.0769999027252197,6358.91015625,15.369999885559082,-0.013200213092493647,-0.014605448906322377,-0.05531515569843563,0.007781532145702873,-0.07094283080176363,74,Greed,5548137.499,1070982208.4614,-0.4424340547897394,-0.4786118904628981,0.0001,0.0,189.4,-0.0825576159069335,0.04968423234303717,0.03359514889202502,0.04250759809654816,0.03234013281570175
2025-07-24,3371.0,66.02999877929688,3.0940001010894775,6363.35009765625,15.390000343322754,-0.006829222657993172,0.011883119516578307,0.0055097200972293444,0.0006979799969332514,0.001300420054187293,71,Greed,5217064.871,971502034.18813,-0.06152732716720212,-0.09748809555037291,0.0001,0.0,182.87,-0.03508566286543633,0.05282023454468706,0.034545358122403995,0.04200479717521785,0.03359514889202502
2025-07-25,3334.0,65.16000366210938,3.109999895095825,6388.64013671875,14.930000305175781,-0.011036651923321424,-0.013263325783737057,0.005157907636275897,0.003966451001680552,-0.030345338167419175,70,Greed,4481310.44,806409380.29809,-0.15201944592080208,-0.18625183311498583,8.700666666666668e-05,-1.2993333333333323e-05,186.76,0.02104885221619465,0.05314930830646732,0.03433111278165622,0.04189019619364283,0.034545358122403995
2025-07-26,3334.0,65.16000366210938,3.109999895095825,6388.64013671875,14.930000305175781,0.0,0.0,0.0,0.0,0.0,72,Greed,1773453.875,331235849.63192,-0.926986525583736,-0.8897608712678777,0.0001,1.2993333333333323e-05,184.88,-0.01011740413661094,0.053482117560324706,0.03366453128771804,0.0455770694601451,0.03433111278165622
2025-07-27,3334.0,65.16000366210938,3.109999895095825,6388.64013671875,14.930000305175781,0.0,0.0,0.0,0.0,0.0,73,Greed,2233060.133,418620553.40531,0.2304439147392724,0.23413425085797882,0.0001,0.0,188.64,0.020133470822935467,0.05323213567262401,0.03364796291759769,0.046177577354715144,0.03366453128771804
2025-07-28,3309.10009765625,66.70999908447266,2.98799991607666,6389.77001953125,15.029999732971191,-0.0074965057238816635,0.02350901306179033,-0.04001845327611953,0.00017684247126657597,0.006675554006955608,75,Greed,4067872.127,768873079.63638,0.5997471420795135,0.6079610007439044,0.0001,0.0,183.11,-0.029753371635438258,0.044201489468402605,0.03303898635259645,0.04620500531387874,0.03364796291759769
2025-07-29,3323.39990234375,69.20999908447266,3.0810000896453857,6370.85986328125,15.979999542236328,0.0043120472958143976,0.0367904946280851,0.030650009526951665,-0.002963830197466829,0.06128972569359601,73,Greed,2541912.036,463596650.71106,-0.4702034758982209,-0.5059110229812213,1.5626666666666667e-05,-8.437333333333333e-05,181.48,-0.008941610357859443,0.03587207863982272,0.03309259652195399,0.04708201128871121,0.03303898635259645
2025-07-30,3295.800048828125,70.0,3.0450000762939453,6362.89990234375,15.479999542236328,-0.008339380490785232,0.01134989442383949,-0.011753322493385503,-0.0012502139385094711,-0.03178907310180721,74,Greed,3297250.187,585983082.58663,0.2601722765178854,0.2342760329378609,2.4956666666666668e-05,9.33e-06,177.77,-0.02065487486116896,0.022360401650180106,0.03342609715302365,0.04773954242076834,0.03309259652195399
2025-07-31,3293.199951171875,69.26000213623047,3.1059999465942383,6339.39013671875,16.719999313354492,-0.0007892237945701002,-0.010627672231444093,0.019834781314766608,-0.003701662046374567,0.07705672799895574,72,Greed,2624841.783,466405400.70146,-0.22806822335355273,-0.22823570533636886,1.57e-05,-9.256666666666669e-06,172.22,-0.03171785066657496,0.02173438366230294,0.032396269775910654,0.047350027085342125,0.03342609715302365
2025-08-01,3347.699951171875,67.33000183105469,3.0829999446868896,6238.009765625,20.3799991607666,0.01641380667687466,-0.02826164006549793,-0.0074325765694231985,-0.0161213871855698,0.19794842002607435,65,Greed,4317529.315,722230246.87119,0.4976626997403322,0.4372887750203735,2.1486666666666662e-05,5.786666666666663e-06,162.71,-0.05680325411679142,0.023865374032535417,0.033764694753412795,0.0459840411289725,0.032396269775910654
2025-08-02,3347.699951171875,67.33000183105469,3.0829999446868896,6238.009765625,20.3799991607666,0.0,0.0,0.0,0.0,0.0,55,Greed,2208175.075,355113008.8377,-0.6705169043393283,-0.7099079159664556,1.2613333333333332e-05,-8.87333333333333e-06,158.48,-0.026341072760932224,0.0235662972153491,0.034164901227772486,0.04577428946964684,0.033764694753412795
2025-08-03,3347.699951171875,67.33000183105469,3.0829999446868896,6238.009765625,20.3799991607666,0.0,0.0,0.0,0.0,0.0,53,Neutral,2297909.311,370496365.83064,0.039833297845795215,0.04240756229210832,-7.851e-05,-9.112333333333334e-05,161.97,0.02178273050800981,0.024060925289271517,0.033798449152856645,0.04673660734644357,0.034164901227772486
2025-08-04,3374.39990234375,66.29000091552734,2.931999921798706,6329.93994140625,17.520000457763672,0.007943973509988255,-0.015566859688174842,-0.05021837360993722,0.014629564491414495,-0.15121087497900548,64,Greed,2688954.158,444266444.38758,0.15715261483715476,0.18158084655241594,-9.096333333333332e-05,-1.2453333333333318e-05,169.55,0.045736735673342487,0.03452953706651379,0.03466997823829263,0.046208754127858465,0.033798449152856645
2025-08-05,3381.89990234375,65.16000366210938,3.009999990463257,6299.18994140625,17.850000381469727,0.0022201510582657955,-0.01719323012859795,0.026255318239681934,-0.004869703780462017,0.018660417960192417,60,Greed,2554958.009,425083041.90688,-0.05111654048123003,-0.04413993985645134,-3.503333333333333e-05,5.5929999999999995e-05,164.09,-0.03273281078458872,0.03545270279601551,0.03500962886264516,0.04647634788463047,0.03466997823829263
2025-08-06,3380.0,64.3499984741211,3.0769999027252197,6345.06005859375,16.770000457763672,-0.0005619433653809127,-0.012508929605690623,0.022014989133959804,0.007255522219852605,-0.06241192646480223,54,Neutral,1797491.429,297879603.0579,-0.3516437463745493,-0.35559515427532884,-2.8613333333333336e-05,6.419999999999993e-06,168.09,0.02408449245824383,0.03807112504708663,0.03495854190331275,0.04636452690004635,0.03500962886264516
2025-08-07,3400.300048828125,63.880001068115234,3.066999912261963,6340.0,16.56999969482422,0.005987967888747476,-0.0073305702624902,-0.0032552082013970144,-0.0007977981718278668,-0.011997790110594823,62,Greed,3014662.995,515712927.73765,0.5170960054999242,0.5488608807879669,5.225666666666667e-05,8.087e-05,175.36,0.04234145351434783,0.04058829673126642,0.03556333768642934,0.04602298657095351,0.03495854190331275
2025-08-08,3439.10009765625,63.880001068115234,2.990000009536743,6389.4501953125,15.149999618530273,0.01134616025997749,0.0,-0.025426465932852766,0.0077694548163894745,-0.08959330624524582,74,Greed,3678790.655,648764863.62977,0.19909602400033927,0.2295200763278772,3.554e-05,-1.671666666666667e-05,176.78,0.008065017873151129,0.031056112262047197,0.03511709806277928,0.04626525405395063,0.03556333768642934
2025-08-09,3439.10009765625,63.880001068115234,2.990000009536743,6389.4501953125,15.149999618530273,0.0,0.0,0.0,0.0,0.0,67,Greed,3325504.387,600713701.9436,-0.10096271387108016,-0.076951893843313,8.685666666666666e-05,5.131666666666666e-05,179.95,0.017773012892237684,0.026094631494459876,0.03434742133224405,0.04657624687217781,0.03511709806277928
2025-08-10,3439.10009765625,63.880001068115234,2.990000009536743,6389.4501953125,15.149999618530273,0.0,0.0,0.0,0.0,0.0,69,Greed,4197287.287,764487779.16299,0.23281707462715587,0.24108758828601834,9.151333333333332e-05,4.656666666666659e-06,182.66,0.014947466738493122,0.026063912073509565,0.03434145639457826,0.046572482636228076,0.03434742133224405
2025-08-11,3353.10009765625,63.959999084472656,2.9539999961853027,6373.4501953125,16.25,-0.025324517441945554,0.0012515335842291375,-0.012113207774319878,-0.0025072683938851073,0.0700924019998885,70,Greed,3960743.531,716297040.55758,-0.058006664573589314,-0.06511109779953109,6.609e-05,-2.5423333333333324e-05,174.84,-0.043755231268419105,0.031167084987299892,0.035292727765066575,0.04582651040937171,0.03434145639457826
2025-08-12,3348.89990234375,63.16999816894531,2.808000087738037,6445.759765625,14.729999542236328,-0.0012534156557426127,-0.012428397727227305,-0.050687665408517456,0.011281559075170764,-0.09820670937817151,68,Greed,5074348.157,928619384.54652,0.24776630671287586,0.2596040083476103,-1.9513333333333332e-05,-8.560333333333333e-05,191.78,0.0924776117304214,0.04076399384929531,0.038904710515921204,0.04306785246184681,0.035292727765066575
2025-08-13,3358.699951171875,62.650001525878906,2.828000068664551,6466.580078125,14.489999771118164,0.002922075262479989,-0.00826577022677899,0.007097254905273564,0.0032248733840464015,-0.016427458860831908,73,Greed,7148726.279,1420646837.29987,0.3427361233313693,0.4251686157120646,0.0001,0.00011951333333333334,201.51,0.04949012622134757,0.04206213131573079,0.03971471182239003,0.04335664167461495,0.038904710515921204
2025-08-14,3335.199951171875,63.959999084472656,2.8410000801086426,6468.5400390625,14.829999923706055,-0.007021346864233285,0.02069416795400631,0.004586358754812961,0.00030304487855445177,0.023193410468529695,75,Greed,8965607.314,1785079918.85764,0.22646164950072492,0.22835089957756807,0.00015292,5.291999999999999e-05,192.47,-0.04589871051985037,0.0489706259001965,0.04087105421873268,0.04224832673475262,0.03971471182239003
2025-08-15,3336.0,62.79999923706055,2.9159998893737793,6449.7998046875,15.09000015258789,0.0002398515522892742,-0.018302812326256804,0.026056645139359305,-0.0029013399163647113,0.017380131886339894,60,Greed,4360287.396,829105705.03941,-0.7208578758378194,-0.7668708095794633,8.008e-05,-7.283999999999999e-05,185.72,-0.03570013427531156,0.052422491293659,0.040322809088384294,0.04160739607772466,0.04087105421873268
2025-08-16,3336.0,62.79999923706055,2.9159998893737793,6449.7998046875,15.09000015258789,0.0,0.0,0.0,0.0,0.0,56,Greed,2099818.448,394159921.57508,-0.7306870840435673,-0.7435909368328188,3.0646666666666666e-05,-4.943333333333334e-05,189.6,0.020676426669200387,0.0525328642461782,0.04041927619287341,0.041929845599678016,0.040322809088384294
2025-08-17,3336.0,62.79999923706055,2.9159998893737793,6449.7998046875,15.09000015258789,0.0,0.0,0.0,0.0,0.0,64,Greed,2261555.556,434881253.74428,0.07420198797130281,0.09831629465621637,8.245000000000001e-05,5.1803333333333346e-05,190.99,0.007304480834141732,0.052430694390806554,0.040416284447817905,0.04193682154103244,0.04041927619287341
2025-08-18,3331.699951171875,63.41999816894531,2.890000104904175,6449.14990234375,14.989999771118164,-0.0012898149154139478,0.009824178912884366,-0.00895623778538701,-0.00010076825773579619,-0.0066489860460745625,60,Greed,3374074.697,618792820.898,0.40006824725281986,0.3526975030553449,-7.933333333333334e-06,-9.038333333333335e-05,182.94,-0.04306284042684481,0.052320906908523736,0.04126035658746549,0.04107900982040727,0.040416284447817905
2025-08-19,3313.39990234375,62.349998474121094,2.7660000324249268,6411.3701171875,15.569999694824219,-0.005507846531911064,-0.017015592585072035,-0.04385429345811836,-0.005875329112207127,0.03796266940012603,56,Greed,3260089.959,585480412.157,-0.0343663330996986,-0.05533778940026081,2.785e-05,3.5783333333333333e-05,176.22,-0.03742501578963468,0.03773491693437592,0.041587851711986354,0.040102689525410226,0.04126035658746549
2025-08-20,3343.39990234375,63.209999084472656,2.752000093460083,6395.77978515625,15.6899995803833,0.009013401028552843,0.01369885434705882,-0.005074290933361513,-0.002434630632264957,0.007677573755064212,44,Fear,3464957.674,631568652.47851,0.060945627488280696,0.07577392164872043,7.130333333333333e-05,4.3453333333333326e-05,187.94,0.06438954851633527,0.041969788465611425,0.040907154305691605,0.03974368893092405,0.041587851711986354
2025-08-21,3336.89990234375,63.52000045776367,2.8259999752044678,6370.169921875,16.600000381469727,-0.0019460210593331287,0.00489232214518028,0.026534321456379444,-0.004012219728951123,0.05637917834187325,50,Neutral,2914511.603,539342225.23738,-0.17299815764706258,-0.1578563535709639,7.122e-05,-8.333333333332632e-08,180.29,-0.04155609740081013,0.04137793820375847,0.04036782266825174,0.038642257235463086,0.040907154305691605
2025-08-22,3374.39990234375,63.65999984741211,2.697999954223633,6466.91015625,14.220000267028809,0.011175298783647576,0.0022015953115401775,-0.04635153466947602,0.015072285158779139,-0.1547532751891094,50,Neutral,6594118.389,1256886660.78769,0.8164758389131216,0.84604274242969,7.767000000000001e-05,6.450000000000008e-06,200.69,0.10719476339648297,0.05808190182414758,0.04250759809654816,0.0341454672914394,0.04036782266825174
2025-08-23,3374.39990234375,63.65999984741211,2.697999954223633,6466.91015625,14.220000267028809,0.0,0.0,0.0,0.0,0.0,60,Greed,4788640.759,973536839.81952,-0.31993149377228797,-0.255457371341236,0.0001,2.2329999999999998e-05,204.14,0.01704460402476061,0.05799799495850457,0.04200479717521785,0.03666771591688701,0.04250759809654816
2025-08-24,3374.39990234375,63.65999984741211,2.697999954223633,6466.91015625,14.220000267028809,0.0,0.0,0.0,0.0,0.0,53,Neutral,7165649.238,1481731932.84565,0.40305206483135597,0.42003124072845005,0.0001,0.0,205.98,0.008973043722303356,0.057985833584576395,0.04189019619364283,0.03720008217330057,0.04200479717521785
2025-08-25,3373.800048828125,64.80000305175781,2.696000099182129,6439.31982421875,14.789999961853027,-0.00017778178523024962,0.01774923099622844,-0.0007415109801024853,-0.004275512539646319,0.03930183098997578,47,Neutral,7953100.753,1582418695.44157,0.10426321485092901,0.06574286793593842,0.0001,0.0,187.2,-0.09560151265416404,0.06855564288082103,0.0455770694601451,0.03248139746353931,0.04189019619364283
2025-08-26,3388.60009765625,63.25,2.7170000076293945,6465.93994140625,14.619999885559082,0.004377165544111227,-0.02421052284562626,0.007759103413548819,0.00412547371011636,-0.011560827649531319,48,Neutral,4734419.522,902012356.43676,-0.5187027583552213,-0.5620815565094652,2.4096666666666666e-05,-7.590333333333334e-05,195.86,0.045222554249156804,0.0674837418823533,0.046177577354715144,0.03608331102477369,0.0455770694601451
2025-08-27,3404.60009765625,64.1500015258789,2.867000102996826,6481.39990234375,14.850000381469727,0.0047106015210283785,0.01412898724012466,0.053737889573948074,0.0023881304533030262,0.015609444442969123,51,Neutral,7835140.154,1604543620.28289,0.5037596377497149,0.5759664274950476,0.0001,7.590333333333334e-05,202.95,0.0355595249922581,0.06480027501827913,0.04620500531387874,0.03732622799102368,0.046177577354715144
2025-08-28,3431.800048828125,64.5999984741211,2.944000005722046,6501.85986328125,14.430000305175781,0.007957432015570034,0.0069902723203849985,0.026502979984079376,0.003151747441466755,-0.028690497002423307,48,Neutral,7247306.546,1535414273.75746,-0.07798887489923184,-0.04403913760309244,0.0001,0.0,214.43,0.05502370149623274,0.06197092789855157,0.04708201128871121,0.03589190360157577,0.04620500531387874
2025-08-29,3473.699951171875,64.01000213623047,2.996999979019165,6460.259765625,15.359999656677246,0.012135375150160638,-0.009175032640841454,0.017842578523654295,-0.006418740402792551,0.062457311433301986,50,Neutral,8607486.597,1804668250.00784,0.17200247015615797,0.16157655007224614,7.800666666666667e-05,-2.199333333333334e-05,205.08,-0.04458319786563948,0.05441908544290486,0.04773954242076834,0.035575823016534135,0.04708201128871121
2025-08-30,3473.699951171875,64.01000213623047,2.996999979019165,6460.259765625,15.359999656677246,0.0,0.0,0.0,0.0,0.0,39,Fear,3894576.115,788507477.6062,-0.7930475136829985,-0.8279901691763474,2.9033333333333345e-06,-7.510333333333334e-05,202.7,-0.011673093457545547,0.054274142838153155,0.047350027085342125,0.03552410230411755,0.04773954242076834
2025-08-31,3473.699951171875,64.01000213623047,2.996999979019165,6460.259765625,15.359999656677246,0.0,0.0,0.0,0.0,0.0,48,Neutral,3303223.948,673804991.87307,-0.1646858999130058,-0.15720115020549918,6.769e-05,6.478666666666667e-05,200.62,-0.010314482002615208,0.05417227786115429,0.0459840411289725,0.03566604805381051,0.047350027085342125
2025-09-01,3473.699951171875,64.01000213623047,2.996999979019165,6460.259765625,15.359999656677246,0.0,0.0,0.0,0.0,0.0,46,Fear,4464767.773,888774733.51505,0.301318256946637,0.27690307079975957,4.037666666666667e-05,-2.7313333333333328e-05,197.32,-0.016585795089801625,0.037520162073056515,0.04577428946964684,0.03716370564621031,0.0459840411289725
2025-09-02,3549.39990234375,65.58999633789062,3.009000062942505,6415.5400390625,17.170000076293945,0.02155825335719171,0.02438383494499543,0.00399603723207491,-0.006946350061030363,0.11139697398504478,49,Neutral,4894637.549,995253298.23912,0.09192302564333364,0.11315346557244804,8.149333333333333e-05,4.1116666666666665e-05,209.65,0.06061269725123424,0.040435236541638414,0.04673660734644357,0.03691151159120497,0.04577428946964684
2025-09-03,3593.199951171875,63.970001220703125,3.063999891281128,6448.259765625,16.350000381469727,0.012264609179004047,-0.02500894692781603,0.018113397829694875,0.005087112302941308,-0.04893575867808498,55,Greed,4063191.683,853869392.7096,-0.18617143449892296,-0.15321902970002252,6.482e-05,-1.667333333333333e-05,210.77,0.005328017932184218,0.03879666991720944,0.046208754127858465,0.036973593929542935,0.04673660734644357
2025-09-04,3565.800048828125,63.47999954223633,3.0739998817443848,6502.080078125,15.300000190734863,-0.007654710471889562,-0.007689354097416977,0.0032583902510987545,0.008311847102873571,-0.06637507981002318,51,Neutral,2726779.277,562140700.46499,-0.39884763286697156,-0.4180260708964876,5.489333333333333e-05,-9.926666666666674e-06,202.32,-0.04091688918724616,0.035116721485024066,0.04647634788463047,0.03633990313441791,0.046208754127858465
2025-09-05,3613.199951171875,61.869998931884766,3.0480000972747803,6481.5,15.180000305175781,0.013205346467745164,-0.02568949616802651,-0.008493936908084981,-0.00317017266993674,-0.007874048793430576,48,Neutral,4121395.255,845694209.95453,0.4130705994302917,0.40840566505258813,7.193333333333334e-06,-4.77e-05,203.36,0.005127205079434232,0.03138569594157911,0.04636452690004635,0.03633957297179846,0.04647634788463047
2025-09-06,3613.199951171875,61.869998931884766,3.0480000972747803,6481.5,15.180000305175781,0.0,0.0,0.0,0.0,0.0,48,Neutral,1481500.997,299268104.11997,-1.0231359991594389,-1.0388179993910598,6.884666666666667e-05,6.165333333333333e-05,200.16,-0.015860760722543034,0.031657257529455675,0.04602298657095351,0.03621244012874634,0.04636452690004635
2025-09-07,3613.199951171875,61.869998931884766,3.0480000972747803,6481.5,15.180000305175781,0.0,0.0,0.0,0.0,0.0,44,Fear,2217510.763,452766240.274,0.4033295278560102,0.41403612549016544,3.2083333333333325e-05,-3.676333333333334e-05,206.35,0.03045670947998986,0.033525455970554355,0.04626525405395063,0.03746463186047778,0.04602298657095351
2025-09-08,3638.10009765625,62.2599983215332,3.0899999141693115,6495.14990234375,15.109999656677246,0.00686780141163577,0.0062837457754367386,0.01368539339403454,0.0021037644508885675,-0.004622038508200957,51,Neutral,5729678.935,1218755448.80921,0.9492742080167136,0.9902095267092298,0.0001,6.791666666666667e-05,214.11,0.03691614545249486,0.034137097188191315,0.04657624687217781,0.037578529580117946,0.04626525405395063
2025-09-09,3643.300048828125,62.630001068115234,3.117000102996826,6512.60986328125,15.039999961853027,0.0014282835584511465,0.005925275537221591,0.008699970696043642,0.0026845470300734414,-0.004643437577763262,48,Neutral,4979304.713,1074352909.955,-0.14036923144466207,-0.12611167802718187,9.638666666666666e-05,-3.6133333333333417e-06,217.21,0.014374725864516444,0.02676502658420377,0.046572482636228076,0.038137870311472734,0.04657624687217781
2025-09-10,3643.60009765625,63.66999816894531,3.0290000438690186,6532.0400390625,15.350000381469727,8.235294082891736e-05,0.01646905167872603,-0.028638487300671506,0.0029790282293981275,0.02040218289932801,49,Neutral,4824185.212,1068145608.20625,-0.03164841287403378,-0.00579446759386575,7.872333333333333e-05,-1.766333333333333e-05,224.07,0.03109387552148277,0.028521959000318498,0.04582651040937171,0.047540128182062796,0.046572482636228076
2025-09-11,3636.89990234375,62.369998931884766,2.934000015258789,6587.47021484375,14.710000038146973,-0.001840587103648067,-0.020629091857851622,-0.031865861606636035,0.008450087623093565,-0.042587961678039646,54,Neutral,4352357.001,982824602.60322,-0.10292431488284898,-0.08324867399131974,4.1496666666666665e-05,-3.722666666666667e-05,228.73,0.02058376560218324,0.01832554950210482,0.04306785246184681,0.04823686369132949,0.04582651040937171
2025-09-12,3649.39990234375,62.689998626708984,2.940999984741211,6584.2900390625,14.760000228881836,0.0034311001737597525,0.005117549967248644,0.002382969462090524,-0.00048287788142832935,0.0033932974726116655,57,Greed,5891653.931,1401494582.28432,0.30281922380243176,0.3548638314347216,4.746666666666666e-06,-3.675e-05,242.18,0.05713898268695212,0.022523352724472655,0.04335664167461495,0.05107367319760663,0.04306785246184681
2025-09-13,3649.39990234375,62.689998626708984,2.940999984741211,6584.2900390625,14.760000228881836,0.0,0.0,0.0,0.0,0.0,52,Neutral,3305661.265,797410753.30843,-0.5779002279996321,-0.5639245846226106,4.553e-05,4.078333333333333e-05,242.38,0.0008254912141210655,0.01788971580588099,0.04224832673475262,0.052405582937156726,0.04335664167461495
2025-09-14,3649.39990234375,62.689998626708984,2.940999984741211,6584.2900390625,14.760000228881836,0.0,0.0,0.0,0.0,0.0,55,Greed,4165171.128,1020860755.13829,0.2311208284577913,0.24703150768075535,2.7856666666666667e-05,-1.7673333333333332e-05,239.76,-0.010868319531933538,0.022827477745624235,0.04160739607772466,0.05260220807666022,0.04224832673475262
2025-09-15,3682.199951171875,63.29999923706055,3.0429999828338623,6615.27978515625,15.6899995803833,0.008947642619622902,0.009683393717559274,0.03409421089008679,0.004695577726559718,0.06110270532150231,53,Neutral,4733589.619,1116796443.80521,0.12792645740286643,0.08981811973082414,1.6513333333333333e-05,-1.1343333333333334e-05,234.31,-0.022993398081066378,0.02692080846050824,0.041929845599678016,0.052965296463565216,0.04160739607772466
2025-09-16,3688.89990234375,64.5199966430664,3.1029999256134033,6606.759765625,16.360000610351562,0.0018178977764950366,0.019089884130283317,0.01952549622012054,-0.0012887604333313247,0.041815828481424934,52,Neutral,3181627.06,751087110.05172,-0.397291099302666,-0.3966979106141049,7.274666666666667e-05,5.6233333333333336e-05,236.96,0.011246325592147385,0.02691781247245887,0.04193682154103244,0.05337750329117834,0.041929845599678016
2025-09-17,3681.800048828125,64.05000305175781,3.0999999046325684,6600.35009765625,15.720000267028809,-0.0019265078645296421,-0.007311125238423738,-0.0009672807663532563,-0.0009706390782443865,-0.039905564494527264,53,Neutral,4771529.493,1131152511.04479,0.4052741819013878,0.40947067610154375,1.7506666666666666e-05,-5.524e-05,244.84,0.03271358546338041,0.02711123027014653,0.04107900982040727,0.05282465394011215,0.04193682154103244
2025-09-18,3643.699951171875,63.56999969482422,2.938999891281128,6631.9599609375,15.699999809265137,-0.01040214079746196,-0.007522419841542572,-0.05333273028242333,0.004777687836708263,-0.0012731037820809259,52,Neutral,3916890.908,969547754.18097,-0.19736869854165756,-0.15416258324464066,6.729e-05,4.9783333333333335e-05,247.5,0.010805646025875845,0.026886119255428845,0.040102689525410226,0.053206893561154066,0.04107900982040727
2025-09-19,3671.5,62.68000030517578,2.888000011444092,6664.35986328125,15.449999809265137,0.007600662414640123,-0.014099233791081182,-0.017505125451773743,0.004873523937481177,-0.016051709207089097,53,Neutral,3384985.698,816472208.89022,-0.1459485221450151,-0.1718368550193894,6.823333333333333e-05,9.433333333333283e-07,238.53,-0.036915493427243144,0.0234191042609071,0.03974368893092405,0.0529803507912518,0.040102689525410226
2025-09-20,3671.5,62.68000030517578,2.888000011444092,6664.35986328125,15.449999809265137,0.0,0.0,0.0,0.0,0.0,48,Neutral,1550489.215,370629858.97415,-0.7807791775310577,-0.7897889950716255,-4.404333333333333e-05,-0.00011227666666666666,239.48,0.003974817475649441,0.023516278525039055,0.038642257235463086,0.053036240333809694,0.03974368893092405
2025-09-21,3671.5,62.68000030517578,2.888000011444092,6664.35986328125,15.449999809265137,0.0,0.0,0.0,0.0,0.0,49,Neutral,1392437.976,332349583.59001,-0.1075143533583429,-0.10901650232227872,1.6383333333333333e-05,6.042666666666666e-05,236.16,-0.01396036464504357,0.02374469724922646,0.0341454672914394,0.05308657887767975,0.038642257235463086
2025-09-22,3740.699951171875,62.63999938964844,2.805999994277954,6693.75,16.100000381469727,0.018672448725779663,-0.0006383804178616805,-0.028804245352164366,0.004400350714762291,0.041210304685733154,45,Fear,5836593.703,1306702324.90479,1.433091206282621,1.3690745556512953,-3.766666666666666e-05,-5.405e-05,220.38,-0.06915621235247668,0.03447892929043142,0.03666771591688701,0.0520040813630083,0.0341454672914394
2025-09-23,3780.60009765625,63.40999984741211,2.8529999256134033,6656.919921875,16.639999389648438,0.010610006389506373,0.01221753336682196,0.01661106651719656,-0.005517351828739721,0.03299010302909157,43,Fear,3448908.468,749395007.69619,-0.5260895617420754,-0.5559957086090693,3.362666666666667e-05,7.129333333333333e-05,213.3,-0.03265370358232604,0.03422590230603904,0.03720008217330057,0.05316966603107854,0.03666771591688701
2025-09-24,3732.10009765625,64.98999786376953,2.8580000400543213,6637.97021484375,16.18000030517578,-0.01291164894810577,0.024611803730545136,0.0017510473642359111,-0.0028506771652953692,-0.028033468221638266,44,Fear,4427457.526,934723852.95988,0.2497677025089945,0.22098491663506628,1.8616666666666664e-05,-1.5010000000000004e-05,211.6,-0.008001925493160669,0.02757356514787236,0.03248139746353931,0.053234723869799404,0.03720008217330057
2025-09-25,3736.89990234375,64.9800033569336,2.9040000438690186,6604.72021484375,16.739999771118164,0.001285260502940439,-0.0001537971341351223,0.01596701854647731,-0.005021648742526333,0.0340251208969369,44,Fear,6761257.291,1356874816.64603,0.4233833651491459,0.37268826426495527,-4.230333333333333e-05,-6.091999999999999e-05,192.74,-0.09335556956100288,0.0348045072686651,0.03608331102477369,0.05042345855544081,0.03248139746353931
2025-09-26,3775.300048828125,65.72000122070312,2.8350000381469727,6643.7001953125,15.289999961853027,0.010223498096000606,0.011323729841388266,-0.024047161433523312,0.005884489130413512,-0.09060203394250499,28,Fear,5623202.874,1107437559.64762,-0.1843074545775027,-0.20313528472372921,-1.6686666666666667e-05,2.5616666666666665e-05,205.17,0.06249677335497299,0.05083012139740869,0.03732622799102368,0.049408612815857955,0.03608331102477369
2025-09-27,3775.300048828125,65.72000122070312,2.8350000381469727,6643.7001953125,15.289999961853027,0.0,0.0,0.0,0.0,0.0,33,Fear,2104933.415,426788361.48016,-0.982617573171243,-0.9535158709826685,-1.7333333333333336e-05,-6.466666666666684e-07,203.46,-0.008369478412512002,0.05000555312303982,0.03589190360157577,0.04940066758979487,0.03732622799102368
2025-09-28,3775.300048828125,65.72000122070312,2.8350000381469727,6643.7001953125,15.289999961853027,0.0,0.0,0.0,0.0,0.0,37,Fear,2194260.074,447175240.70321,0.0415610587648314,0.046662305357805016,1.1999999999999997e-06,1.8533333333333334e-05,210.83,0.035582696166299735,0.054819737145574664,0.035575823016534135,0.049072460781883424,0.03589190360157577
2025-09-29,3820.89990234375,63.45000076293945,3.2669999599456787,6661.2099609375,16.1200008392334,0.012006108728818521,-0.035151105558710066,0.14183016972321966,0.002632077259912619,0.0528617716940319,50,Neutral,3213098.851,674793150.7918,0.38139095204138324,0.41145564548342956,2.4500000000000003e-05,2.3300000000000004e-05,212.75,0.009065645921581393,0.04998733680529949,0.03552410230411755,0.04902277138461897,0.035575823016534135
2025-09-30,3840.800048828125,62.369998931884766,3.302999973297119,6688.4599609375,16.280000686645508,0.005194719543134664,-0.017167832772092623,0.010959017965562767,0.004082503613507919,0.009876613611529673,50,Neutral,3264781.485,679647220.11924,0.01595698838432397,0.007167668969930433,-8.336333333333334e-05,-0.00010786333333333334,208.68,-0.019315789299291522,0.049003572919039846,0.03566604805381051,0.04964327233059784,0.03552410230411755
2025-10-01,3867.5,61.779998779296875,3.4760000705718994,6711.2001953125,16.290000915527344,0.006927612517481628,-0.009504705681003096,0.05105108938154326,0.0033941541712235066,0.00061407606411764,49,Neutral,4050260.921,873666054.98369,0.2155884699859142,0.251124344914204,5.456e-05,0.00013792333333333335,222.04,0.06205556766776859,0.05466889111623136,0.03716370564621031,0.04818378553601584,0.03566604805381051
2025-10-02,3839.699951171875,60.47999954223633,3.441999912261963,6715.35009765625,16.6299991607666,-0.0072140776340165556,-0.021266943429129492,-0.009829555406839175,0.0006181636213842448,0.020656763924054484,64,Greed,4590696.388,1041743948.15148,0.12525042710135975,0.1759532464539313,-1.32e-05,-6.776e-05,234.74,0.05562097285001741,0.03437555488566149,0.03691151159120497,0.04677538902720474,0.03716370564621031
2025-10-03,3880.800048828125,60.880001068115234,3.3239998817443848,6715.7900390625,16.649999618530273,0.010647104699776156,0.006592006795596239,-0.03488383088202106,6.55106568658717e-05,0.0012019507755499145,63,Greed,4216611.614,977118748.09201,-0.0849998606310717,-0.06404327272420796,1.2333333333333331e-05,2.553333333333333e-05,232.84,-0.008126996268443156,0.03295351383661724,0.036973593929542935,0.04685490585467101,0.03691151159120497
2025-10-04,3880.800048828125,60.880001068115234,3.3239998817443848,6715.7900390625,16.649999618530273,0.0,0.0,0.0,0.0,0.0,71,Greed,1841410.605,420089668.09435,-0.8284999593918332,-0.8441400042984074,3.094e-05,1.8606666666666666e-05,227.86,-0.021620117133564987,0.03504013575172452,0.03633990313441791,0.051336506777340724,0.036973593929542935
2025-10-05,3880.800048828125,60.880001068115234,3.3239998817443848,6715.7900390625,16.649999618530273,0.0,0.0,0.0,0.0,0.0,74,Greed,3099633.526,718004023.22144,0.5207519760235388,0.5360069884517654,1.7003333333333334e-05,-1.3936666666666665e-05,228.56,0.0030673526525478645,0.03418412548288772,0.03633957297179846,0.05234367343401424,0.03633990313441791
2025-10-06,3948.5,61.689998626708984,3.3570001125335693,6740.27978515625,16.3700008392334,0.017294429424654912,0.013217089862356094,0.009878910103058452,0.003639959282762629,-0.01695975086576718,71,Greed,2981928.375,696237930.30736,-0.038713690144120835,-0.030783716599427278,3.72333333333333e-06,-1.3280000000000003e-05,232.35,0.016446097608469757,0.03420906982234846,0.03621244012874634,0.05319685651610191,0.03633957297179846
2025-10-07,3976.60009765625,61.72999954223633,3.497999906539917,6714.58984375,17.239999771118164,0.007091447444070091,0.0006482080298397469,0.04114359835830016,-0.003818687706853079,0.05178180930974778,70,Greed,4401045.757,999073406.40618,0.3892719877907489,0.36113680002952786,-2.345e-05,-2.717333333333333e-05,219.97,-0.05475368211335538,0.04155181318522539,0.03746463186047778,0.0529478449002552,0.03621244012874634
2025-10-08,4043.300048828125,62.54999923706055,3.3329999446868896,6753.72021484375,16.299999237060547,0.016633994907520277,0.01319619572542084,-0.048318567148251716,0.005810748494187323,-0.05606719095272428,60,Greed,3103760.645,692169444.64124,-0.34922769717367563,-0.3669974679929669,-3.655666666666667e-05,-1.3106666666666668e-05,229.02,0.04031816256756141,0.03740257082459828,0.037578529580117946,0.05297341676842649,0.03746463186047778
2025-10-09,3946.300048828125,61.5099983215332,3.2690000534057617,6735.10986328125,16.43000030517578,-0.024282758867578195,-0.016766488783076145,-0.019388638650903102,-0.0027593739802789824,0.007943889616864368,70,Greed,3272953.431,728443051.98444,0.053078279630372295,0.05107866313075368,6.588e-05,0.00010243666666666666,220.93,-0.03596342672225656,0.03215861909810511,0.038137870311472734,0.05282491302152645,0.037578529580117946
2025-10-10,3975.89990234375,58.900001525878906,3.1059999465942383,6552.509765625,21.65999984741211,0.007472669571045818,-0.04335861936876658,-0.05114843654699715,-0.027485975439899807,0.2763582839046803,64,Greed,9622835.429,1933764147.70444,1.078446197201842,0.976314267089012,2.4100000000000006e-06,-6.347e-05,188.43,-0.15911932412853777,0.06530095215624014,0.047540128182062796,0.04562400652282514,0.038137870311472734
2025-10-11,3975.89990234375,58.900001525878906,3.1059999465942383,6552.509765625,21.65999984741211,0.0,0.0,0.0,0.0,0.0,27,Fear,7292387.248,1336674581.83677,-0.2773080031128866,-0.3692835648732877,-0.00221781,-0.00222022,177.62,-0.05908014830404103,0.0660086640396182,0.04823686369132949,0.044585931460833936,0.047540128182062796
2025-10-12,3975.89990234375,58.900001525878906,3.1059999465942383,6552.509765625,21.65999984741211,0.0,0.0,0.0,0.0,0.0,24,Extreme Fear,6486999.721,1212033480.30209,-0.11703083005397341,-0.09788536292926699,-0.0010186166666666665,0.0011991933333333337,197.0,0.1035572919076304,0.08422840316341076,0.05107367319760663,0.042059482858719986,0.04823686369132949
2025-10-13,4108.60009765625,59.4900016784668,3.118000030517578,6654.72021484375,19.030000686645508,0.03283124863445809,0.009967142850277801,0.0038560728910242374,0.015478263036934031,-0.1294505171378362,38,Fear,6253161.511,1243650930.49898,-0.036712953608327374,0.025751841170748694,-0.00029719333333333333,0.0007214233333333332,208.69,0.05764616852875056,0.08862452306964086,0.052405582937156726,0.040188828900093856,0.05107367319760663
2025-10-14,4138.7001953125,58.70000076293945,3.0280001163482666,6644.31005859375,20.809999465942383,0.007299414410765657,-0.013368519582766103,-0.02928940642380191,-0.00156555149694257,0.08941689735171127,38,Fear,7349167.875,1468181584.29201,0.1614999149163151,0.16597326511656993,-8.003333333333332e-06,0.00028919,202.44,-0.030406350920861976,0.08728765905099162,0.05260220807666022,0.040986232750544964,0.052405582937156726
2025-10-15,4176.89990234375,58.27000045776367,3.0160000324249268,6671.06005859375,20.639999389648438,0.009187545165353398,-0.00735235082042639,-0.003970913102651884,0.004017918503427979,-0.008202703699969066,34,Fear,5369155.439,1077459951.2918,-0.3139164703071145,-0.30941824343418206,1.2506666666666667e-05,2.051e-05,193.84,-0.04341046983760691,0.08464191773601983,0.052965296463565216,0.04092248338141614,0.05260220807666022
2025-10-16,4280.2001953125,57.459999084472656,2.937999963760376,6629.06982421875,25.309999465942383,0.02443046188439831,-0.013998351393044674,-0.026202395479788292,-0.006314280275141975,0.20396864241431095,28,Fear,5404640.663,1031907451.9011,0.006587344327252962,-0.043197389482731705,-6.170333333333334e-05,-7.421000000000001e-05,184.85,-0.04748839112562941,0.08502858439482155,0.05337750329117834,0.040431837315738725,0.052965296463565216
2025-10-17,4189.89990234375,57.540000915527344,3.007999897003174,6664.009765625,20.780000686645508,-0.02132293911227755,0.0013913364167031342,0.0235463064297349,0.0052568739445263,-0.1972085347417192,22,Extreme Fear,6102908.877,1105131379.71511,0.1215075560472645,0.06855523892435225,4.5990000000000005e-05,0.00010769333333333333,181.96,-0.015757802680837523,0.061475917423088805,0.05282465394011215,0.04044351431230451,0.05337750329117834
2025-10-18,4189.89990234375,57.540000915527344,3.007999897003174,6664.009765625,20.780000686645508,0.0,0.0,0.0,0.0,0.0,23,Extreme Fear,2105841.095,390464630.80473,-1.0640505651984722,-1.0403821115000598,-4.067e-05,-8.666000000000001e-05,187.56,0.030311911519582103,0.057525206429852684,0.053206893561154066,0.04026079058327375,0.05282465394011215
2025-10-19,4189.89990234375,57.540000915527344,3.007999897003174,6664.009765625,20.780000686645508,0.0,0.0,0.0,0.0,0.0,29,Fear,2483964.6,467903351.76606,0.1651409553632125,0.18092437021640378,4.749e-05,8.816e-05,187.86,0.001598210344983933,0.03923116324120987,0.0529803507912518,0.042998249202139245,0.053206893561154066
2025-10-20,4336.39990234375,57.52000045776367,3.3970000743865967,6735.1298828125,18.229999542236328,0.03436764429162454,-0.0003476526634173085,0.12161733922955234,0.010615724136144117,-0.13092245513454456,29,Fear,3178001.499,603125239.27637,0.2463966270327616,0.25386310755038183,-3.681e-05,-8.43e-05,189.71,0.009799585798084586,0.02895679407223411,0.053036240333809694,0.04293864201974963,0.0529803507912518
2025-10-21,4087.699951171875,57.81999969482422,3.4739999771118164,6735.35009765625,17.8700008392334,-0.059062035540049886,0.005202009939038112,0.02241395015431072,3.269591641698797e-05,-0.019945187445519826,34,Fear,4651082.621,882667767.13181,0.3808474744262093,0.38082400631772,-1.717e-05,1.9640000000000002e-05,185.63,-0.021741145143322243,0.028297389049540603,0.05308657887767975,0.04297179681733213,0.053036240333809694
2025-10-22,4044.39990234375,58.5,3.450000047683716,6699.39990234375,18.600000381469727,-0.01064926865576389,0.011692022927642327,-0.006932416365854406,-0.005351834774743029,0.04003822509368809,25,Extreme Fear,3977004.715,728436136.60218,-0.1565710624290633,-0.19204891758462625,-7.006666666666666e-06,1.0163333333333335e-05,180.12,-0.030132149787760906,0.026241255853914798,0.0520040813630083,0.043117667396626716,0.05308657887767975
2025-10-23,4125.5,61.790000915527344,3.3440001010894775,6738.43994140625,17.299999237060547,0.019854040473195667,0.05471479965183317,-0.03120651941207353,0.0058104798620133855,-0.07245514382509456,27,Fear,3501959.115,660476128.42061,-0.127206392753633,-0.09793897592429347,2.4893333333333338e-05,3.19e-05,191.35,0.060480916438340304,0.03197303186026174,0.05316966603107854,0.04094738681548985,0.0520040813630083
2025-10-24,4118.39990234375,61.5,3.303999900817871,6791.68994140625,16.3700008392334,-0.0017225098547725875,-0.004704379077171698,-0.01203389981263457,0.007871361975244856,-0.055256014753595165,30,Fear,3356762.626,645504079.80877,-0.042345553698290295,-0.022929450977517533,7.198333333333334e-05,4.709e-05,193.59,0.011638308744146772,0.030667725078907724,0.053234723869799404,0.04124446636698739,0.05316966603107854
2025-10-25,4118.39990234375,61.5,3.303999900817871,6791.68994140625,16.3700008392334,0.0,0.0,0.0,0.0,0.0,37,Fear,1626838.938,314665640.87631,-0.7243381752422815,-0.7185209131070183,8.512e-05,1.3136666666666659e-05,193.84,0.0012905558924121592,0.029209914406640888,0.05042345855544081,0.04320699863460165,0.053234723869799404
2025-10-26,4118.39990234375,61.5,3.303999900817871,6791.68994140625,16.3700008392334,0.0,0.0,0.0,0.0,0.0,40,Fear,2577750.13,509121280.43437,0.4602781457498361,0.48117564259639,5.6983333333333334e-05,-2.8136666666666664e-05,200.03,0.03143427879089124,0.03081383017073942,0.049408612815857955,0.04255529549319459,0.05042345855544081
2025-10-27,4001.89990234375,61.310001373291016,3.441999912261963,6875.16015625,15.789999961853027,-0.028695490766858036,-0.003094190638740023,0.04091884665899705,0.012215141327379352,-0.03607361679793433,51,Neutral,3515609.387,708336575.4123,0.3102959019562833,0.3302331095911052,7.994333333333334e-05,2.2960000000000004e-05,198.7,-0.006671205741390492,0.03136363109538127,0.04940066758979487,0.04320039084927402,0.049408612815857955
2025-10-28,3966.199951171875,60.150001525878906,3.3450000286102295,6890.89013671875,16.420000076293945,-0.008960778782097539,-0.019101516385149182,-0.028585970165599425,0.0022853305022299255,0.03912328281902929,50,Neutral,4329169.961,859454239.36776,0.20816295091563472,0.19337821268140712,3.4553333333333333e-05,-4.5390000000000004e-05,194.15,-0.023165093380094755,0.031582049892527435,0.049072460781883424,0.04314756296015507,0.04940066758979487
2025-10-29,3983.699951171875,60.47999954223633,3.375999927520752,6890.58984375,16.920000076293945,0.004402578266743398,0.005471256513850732,0.009224853131414327,-4.3579204733175357e-05,0.029996250016490023,51,Neutral,4620887.829,904296220.37263,0.06521102869101873,0.05085940170701411,-3.598333333333334e-05,-7.053666666666667e-05,193.88,-0.0013916452005011052,0.0276647903854944,0.04902277138461897,0.04319061900324594,0.049072460781883424
2025-10-30,4001.300048828125,60.56999969482422,3.9560000896453857,6822.33984375,16.90999984741211,0.004408297096619672,0.0014869916520238826,0.15854188115633971,-0.009954191424534511,-0.0005912048002166111,34,Fear,5054538.263,951567373.37045,0.0896996482589549,0.05095350764439931,-4.9e-05,-1.301666666666666e-05,184.69,-0.048560667089355226,0.025453063697881414,0.04964327233059784,0.04261950994156586,0.04902277138461897
2025-10-31,3982.199951171875,60.97999954223633,4.124000072479248,6840.2001953125,17.440000534057617,-0.0047849023856938715,0.006746218098867316,0.04159014730862217,0.0026145009178832708,0.030861295216443967,29,Fear,3193393.84,595975738.67529,-0.459202254726299,-0.46791053244926595,-9.910000000000001e-05,-5.010000000000001e-05,187.21,0.013552237532357073,0.025671684360554132,0.04818378553601584,0.0424015518715149,0.04964327233059784
2025-11-01,3982.199951171875,60.97999954223633,4.124000072479248,6840.2001953125,17.440000534057617,0.0,0.0,0.0,0.0,0.0,33,Fear,1484505.22,276116739.23029,-0.7660027193921235,-0.7693762147991525,-6.536666666666665e-06,9.256333333333335e-05,186.35,-0.0046043554949096845,0.025535401508741177,0.04677538902720474,0.04303686027902095,0.04818378553601584
2025-11-02,3982.199951171875,60.97999954223633,4.124000072479248,6840.2001953125,17.440000534057617,0.0,0.0,0.0,0.0,0.0,37,Fear,1761297.557,326634314.33352,0.1709692541605284,0.16801749582042136,2.3333333333333315e-06,8.869999999999996e-06,187.71,0.007271592753114535,0.020903150327741725,0.04685490585467101,0.0469021848978464,0.04677538902720474
2025-11-03,4000.300048828125,61.04999923706055,4.265999794006348,6851.97021484375,17.170000076293945,0.0045349523774452045,0.0011472540064278913,0.03385298803214978,0.0017192339969181521,-0.015602769750574097,42,Fear,7327613.063,1264049328.01724,1.4255990377280265,1.3532343589380142,-9.771e-05,-0.00010004333333333332,166.06,-0.12254904984449724,0.04756141888683649,0.051336506777340724,0.04274442485584691,0.04685490585467101
2025-11-04,3947.699951171875,60.560001373291016,4.3429999351501465,6771.5498046875,19.0,-0.013236252040332198,-0.00805855625402388,0.01788876685879337,-0.011806250392326715,0.10127529981361154,21,Extreme Fear,8288577.565,1304788600.2289,0.12322854654631002,0.03172071519745463,-5.689e-05,4.082e-05,155.03,-0.06873052225561371,0.05021126703832751,0.05234367343401424,0.04156076905144059,0.051336506777340724
2025-11-05,3980.300048828125,59.599998474121094,4.23199987411499,6796.2900390625,18.010000228881836,0.008224087134207535,-0.015979083336420338,-0.02589067381063135,0.0036468976756877185,-0.05351180726997864,23,Extreme Fear,4650531.688,731570306.64341,-0.5778968154176768,-0.5786029856532573,-1.0026666666666665e-05,4.6863333333333336e-05,162.37,0.046259035020752355,0.057740867989065615,0.05319685651610191,0.04102800568855217,0.05234367343401424
2025-11-06,3979.89990234375,59.43000030517578,4.35699987411499,6720.31982421875,19.5,-0.0001005367923334668,-0.0028563939556934584,0.02910905343270321,-0.011241134514722728,0.07948729367323931,27,Fear,3576753.327,566130762.86118,-0.2625260575302352,-0.25636824750964543,-2.38e-05,-1.3773333333333334e-05,155.28,-0.04464774273826821,0.05749699826624436,0.0529478449002552,0.04039682066337211,0.05319685651610191
2025-11-07,3999.39990234375,59.75,4.315000057220459,6728.7998046875,19.079999923706055,0.004887656635851291,0.005370036298004862,-0.009686380446499832,0.0012610463474931072,-0.021773803548195154,24,Extreme Fear,4213077.972,661451643.57886,0.1637379932645612,0.15561179840726416,-1.473333333333334e-06,2.2326666666666664e-05,161.79,0.04106925915649053,0.06136494091775485,0.05297341676842649,0.039456101463984865,0.0529478449002552
2025-11-08,3999.39990234375,59.75,4.315000057220459,6728.7998046875,19.079999923706055,0.0,0.0,0.0,0.0,0.0,20,Extreme Fear,2502927.24,399996303.16123,-0.5207325473924128,-0.5029815747488969,2.719333333333333e-05,2.8666666666666664e-05,158.02,-0.02357759072265795,0.06094550454185392,0.05282491302152645,0.039407514422986796,0.05297341676842649
2025-11-09,3999.39990234375,59.75,4.315000057220459,6728.7998046875,19.079999923706055,0.0,0.0,0.0,0.0,0.0,22,Extreme Fear,3231789.575,520708062.09549,0.2555750888842006,0.26373423826767817,-2.6596666666666666e-05,-5.379e-05,164.53,0.04037131710397147,0.06489234488867987,0.04562400652282514,0.03917270521871272,0.05282491302152645
2025-11-10,4111.7998046875,60.130001068115234,4.3379998207092285,6832.43017578125,17.600000381469727,0.027716515886168476,0.006339712003290341,0.005316033278181961,0.015283626703501816,-0.08074173830298387,29,Fear,3628961.126,607111109.27836,0.11591038433741083,0.1535222776595731,-3.0676666666666664e-05,-4.079999999999998e-06,167.31,0.016755454671013432,0.04655166530868398,0.044585931460833936,0.038949846460550386,0.04562400652282514
2025-11-11,4106.7998046875,61.040000915527344,4.565000057220459,6846.60986328125,17.280000686645508,-0.0012167524528548244,0.015020499160100932,0.05100515550713606,0.0020731999523923177,-0.018349120606183555,26,Fear,4702104.213,766449925.55292,0.2590636972880225,0.23305754658417432,-8.917333333333333e-05,-5.8496666666666665e-05,154.63,-0.07881321258223291,0.0491546260738429,0.042059482858719986,0.03651457090797151,0.044585931460833936
2025-11-12,4204.39990234375,58.4900016784668,4.5329999923706055,6850.919921875,17.510000228881836,0.02348748385555354,-0.04267357382343158,-0.007034556305900126,0.0006293191259445972,0.01322235625691449,24,Extreme Fear,4139205.467,645568636.5188,-0.12750626018431582,-0.1716378320653136,-7.158333333333333e-05,1.759e-05,153.42,-0.007855907956188964,0.04464786217876893,0.040188828900093856,0.036833612615167696,0.042059482858719986
2025-11-13,4186.89990234375,58.689998626708984,4.645999908447266,6737.490234375,20.0,-0.004170992761122764,0.003413503019600131,0.024622644366872306,-0.01669545163092778,0.13296011418473802,15,Extreme Fear,5418189.697,812546000.91323,0.2692579021807907,0.2300409936953685,-1.8716666666666666e-05,5.286666666666666e-05,144.73,-0.05830932088163698,0.0467603312439808,0.040986232750544964,0.03547166747653795,0.040188828900093856
2025-11-14,4087.60009765625,60.09000015258789,4.565999984741211,6734.10986328125,19.829999923706055,-0.024002555332014903,0.023574109713979455,-0.01736906987673076,-0.0005018514712717733,-0.008536334869686581,16,Extreme Fear,6176425.147,871175641.3312,0.1309778935056909,0.0696710822135366,-3.362e-05,-1.4903333333333334e-05,138.92,-0.04097170977363998,0.04183375631369369,0.04092248338141614,0.03507939058372563,0.040986232750544964
2025-11-15,4087.60009765625,60.09000015258789,4.565999984741211,6734.10986328125,19.829999923706055,0.0,0.0,0.0,0.0,0.0,10,Extreme Fear,2351478.022,332993047.78325,-0.9656955729372289,-0.9617219990886384,4.8423333333333334e-05,8.204333333333333e-05,139.61,0.004954593124683395,0.04300214528714551,0.040431837315738725,0.03509725297176223,0.04092248338141614
2025-11-16,4087.60009765625,60.09000015258789,4.565999984741211,6734.10986328125,19.829999923706055,0.0,0.0,0.0,0.0,0.0,10,Extreme Fear,3385434.284,468359686.65837,0.3644381187529584,0.3411149497268052,3.566666666666667e-05,-1.2756666666666666e-05,137.17,-0.01763178851024117,0.03474365209977213,0.04044351431230451,0.035066219498717736,0.040431837315738725
2025-11-17,4068.300048828125,59.90999984741211,4.361000061035156,6672.41015625,22.3799991607666,-0.0047327908648018505,-0.003000007336277463,-0.045936141909466974,-0.009204497894305158,0.12097172670021585,14,Extreme Fear,5624720.775,766512711.10863,0.5076891121207866,0.49261471952481106,9.998e-05,6.431333333333333e-05,130.99,-0.04610004808075793,0.02959901411790273,0.04026079058327375,0.035087896750206723,0.04044351431230451
2025-11-18,4061.300048828125,60.7400016784668,4.370999813079834,6617.31982421875,24.690000534057617,-0.0017221023533426794,0.013759053702352598,0.0022903702611606095,-0.008290709844169318,0.09823065960309084,11,Extreme Fear,5528848.81,757005300.5472,-0.017191684785124735,-0.012481026029551753,7.005666666666666e-05,-2.992333333333334e-05,140.69,0.07143790397956429,0.04364493120888566,0.042998249202139245,0.03256695368929084,0.04026079058327375
2025-11-19,4077.699951171875,59.439998626708984,4.550000190734863,6642.16015625,23.65999984741211,0.004029960569867122,-0.021635109945549888,0.040135501765139345,0.00374680773726533,-0.042612472886562745,15,Extreme Fear,4268467.044,583711754.9035,-0.2587248653798271,-0.2599629648452342,3.662e-05,-3.3436666666666664e-05,137.06,-0.026140102231444213,0.04379794826325551,0.04293864201974963,0.03407625986662206,0.042998249202139245
2025-11-20,4056.5,59.13999938964844,4.473999977111816,6538.759765625,26.420000076293945,-0.0052125591455094164,-0.005059873201805662,-0.016844416930491615,-0.01568972611631523,0.1103354498808654,11,Extreme Fear,7048254.224,972668410.79627,0.501525201664506,0.5106359429436115,3.262666666666667e-05,-3.993333333333328e-06,133.67,-0.02504471017429606,0.040104947971979985,0.04297179681733213,0.03381610085265161,0.04293864201974963
2025-11-21,4076.699951171875,58.060001373291016,4.579999923706055,6602.990234375,23.43000030517578,0.004967292782076356,-0.018430521854432346,0.023416123515909937,0.009775103041592069,-0.12010403643720817,14,Extreme Fear,8285885.693,1059214775.74427,0.16177359000540556,0.08523990143989588,-5.489333333333333e-05,-8.752e-05,128.68,-0.03804537361255597,0.03975854916266946,0.043117667396626716,0.03312771381952077,0.04297179681733213
2025-11-22,4076.699951171875,58.060001373291016,4.579999923706055,6602.990234375,23.43000030517578,0.0,0.0,0.0,0.0,0.0,11,Extreme Fear,2612487.859,332301149.10065,-1.1542505783559347,-1.159241501618678,-4.752666666666667e-05,7.366666666666665e-06,127.59,-0.00850670443717382,0.039183095556165996,0.04094738681548985,0.033094900168805376,0.043117667396626716
2025-11-23,4076.699951171875,58.060001373291016,4.579999923706055,6602.990234375,23.43000030517578,0.0,0.0,0.0,0.0,0.0,13,Extreme Fear,2818715.19,368727256.45107,0.07597820473951647,0.10401559495468486,7.673333333333332e-06,5.52e-05,130.58,0.023164067824835696,0.04133042079998439,0.04124446636698739,0.03289442925741327,0.04094738681548985
2025-11-24,4091.89990234375,58.84000015258789,4.548999786376953,6705.1201171875,20.520000457763672,0.0037215603622990662,0.013344916077058603,-0.006791599840602078,0.015348818899081837,-0.13261722293396586,19,Extreme Fear,4744857.046,632869856.70086,0.520780129569249,0.540207575046041,1.8049999999999998e-05,1.0376666666666667e-05,138.44,0.058450953008655895,0.04368389409022093,0.04320699863460165,0.030905271911908404,0.04124446636698739
2025-11-25,4139.2001953125,57.95000076293945,4.423999786376953,6765.8798828125,18.559999465942383,0.01149319363831883,-0.01524131537526606,-0.027863165694699425,0.009020886000832944,-0.10039134402734166,20,Extreme Fear,2994819.853,409226323.33044,-0.4601772238065428,-0.435996442604132,-4.8030000000000006e-05,-6.608e-05,138.96,0.003749103165706087,0.033604640827230345,0.04255529549319459,0.031008315250198242,0.04320699863460165
2025-11-26,4165.2001953125,58.650001525878906,4.558000087738037,6812.60986328125,17.190000534057617,0.006261760929431564,0.012007018164936087,0.029839734140007165,0.006882969436149685,-0.07668084812071645,15,Extreme Fear,4021862.67,562094537.22552,0.29486106555376307,0.3174016906778071,2.403333333333336e-06,5.0433333333333344e-05,143.02,0.028798358687400473,0.03337840398512821,0.04320039084927402,0.030668897327874933,0.04255529549319459
2025-11-27,4165.2001953125,58.650001525878906,4.558000087738037,6812.60986328125,17.190000534057617,0.0,0.0,0.0,0.0,0.0,22,Extreme Fear,2331673.189,331918081.73149,-0.5451590293341928,-0.5267818547526796,3.4026666666666664e-05,3.1623333333333326e-05,140.85,-0.015288986297868411,0.03203898908144337,0.04314756296015507,0.03094524250477218,0.04320039084927402
2025-11-28,4218.2998046875,58.54999923706055,4.849999904632568,6849.08984375,16.350000381469727,0.012667816416397979,-0.0017065241030113673,0.06209473521327111,0.005340487341137372,-0.050099929787937765,25,Extreme Fear,3502510.031,490598696.88363,0.4068937464500458,0.39073827895404084,-6.446666666666666e-05,-9.849333333333333e-05,137.33,-0.02530870578019094,0.029264558315365754,0.04319061900324594,0.030715368776111363,0.04314756296015507
2025-11-29,4218.2998046875,58.54999923706055,4.849999904632568,6849.08984375,16.350000381469727,0.0,0.0,0.0,0.0,0.0,28,Fear,1859321.171,254173125.62851,-0.6332684038968656,-0.657610843852688,-3.7966666666666674e-06,6.066999999999999e-05,135.91,-0.010393886574934653,0.02946389119657869,0.04261950994156586,0.03077867972358011,0.04319061900324594
2025-11-30,4218.2998046875,58.54999923706055,4.849999904632568,6849.08984375,16.350000381469727,0.0,0.0,0.0,0.0,0.0,28,Fear,2608165.329,357882224.67243,0.33843557579424965,0.3421883191130718,7.413e-05,7.792666666666667e-05,133.48,-0.018041248084082726,0.030273177410069598,0.0424015518715149,0.030802506989838874,0.04261950994156586
2025-12-01,4239.2998046875,59.31999969482422,4.921000003814697,6812.6298828125,17.239999771118164,0.004965958221290471,0.013065435111999804,0.014533077373024934,-0.005337548746055966,0.05300433128459449,24,Extreme Fear,5007504.057,635198829.37354,0.6522905636656048,0.5737341160929075,5.1533333333333345e-06,-6.897666666666667e-05,126.66,-0.05244532279488899,0.02507291606484192,0.04303686027902095,0.02930668721078903,0.0424015518715149
2025-12-02,4186.60009765625,58.63999938964844,4.840000152587891,6829.3701171875,16.59000015258789,-0.01250914319860585,-0.01152946495521809,-0.016597010404065096,0.002454221195936617,-0.03843213855940299,23,Extreme Fear,5022856.747,675106831.85339,0.0030612462082798314,0.06093288075623658,-7.033333333333336e-06,-1.218666666666667e-05,138.68,0.09066278972853847,0.04673831548022122,0.0469021848978464,0.024035699974025465,0.04303686027902095
2025-12-03,4199.2998046875,58.95000076293945,4.994999885559082,6849.72021484375,16.079999923706055,0.0030288262173034956,0.005272592755579819,0.031522636934458316,0.0029753605210852863,-0.03122385439376344,28,Fear,3954144.805,560511341.40006,-0.23923449846498127,-0.1860214710205275,8.424333333333333e-05,9.127666666666667e-05,144.67,0.04228616582467599,0.04838625715633977,0.04274442485584691,0.023991260777151482,0.0469021848978464
2025-12-04,4211.7998046875,59.66999816894531,5.063000202178955,6857.1201171875,15.779999732971191,0.0029722651693542806,0.012139710922112105,0.013521843730989231,0.001079738711974404,-0.018832960510421614,26,Fear,2694242.241,383629221.93813,-0.3836473538315617,-0.37917295848382193,9.070666666666666e-05,6.46333333333333e-06,139.01,-0.039909413652497595,0.0506630745709504,0.04156076905144059,0.023025296372039053,0.04274442485584691
2025-12-05,4212.89990234375,60.08000183105469,5.289000034332275,6870.39990234375,15.40999984741211,0.00026116008896670296,0.006847687085184139,0.043669965654692056,0.0019347688846794776,-0.023726659065600814,28,Fear,3367359.143,457172027.12608,0.22301180741426688,0.17538322877774737,4.511666666666667e-05,-4.5589999999999995e-05,133.29,-0.04201866737307444,0.052317702056236835,0.04102800568855217,0.02173233788412367,0.04156076905144059
2025-12-06,4212.89990234375,60.08000183105469,5.289000034332275,6870.39990234375,15.40999984741211,0.0,0.0,0.0,0.0,0.0,23,Extreme Fear,1341595.431,178276609.9626,-0.9202692741822345,-0.9417234143798279,-1.9603333333333333e-05,-6.472e-05,132.19,-0.008286924024618449,0.05228261802820557,0.04039682066337211,0.02223855028949906,0.04102800568855217
2025-12-07,4212.89990234375,60.08000183105469,5.289000034332275,6870.39990234375,15.40999984741211,0.0,0.0,0.0,0.0,0.0,20,Extreme Fear,3131804.491,413797116.36681,0.8477498272417938,0.8420394639678492,1.006333333333333e-05,2.9666666666666665e-05,132.24,0.00037817192146046594,0.051918325095578886,0.039456101463984865,0.022576840274336298,0.04039682066337211
2025-12-08,4187.2001953125,58.880001068115234,4.9120001792907715,6846.509765625,16.65999984741211,-0.006118924040939417,-0.020175545371656393,-0.07394797122969814,-0.0034833153316476935,0.07799398814961006,20,Extreme Fear,3245115.426,440265638.92837,0.03554156681167158,0.06200247295789117,3.308666666666666e-05,2.3023333333333334e-05,133.25,0.007608609533185162,0.04677140293396629,0.039407514422986796,0.023480236868967972,0.039456101463984865
2025-12-09,4206.7001953125,58.25,4.573999881744385,6840.509765625,16.93000030517578,0.0046462393338665645,-0.010757400115354736,-0.07129315759868891,-0.0008767431610132386,0.016076586591024407,22,Extreme Fear,4508522.034,623533690.7888,0.32881847121945823,0.34802452902521847,-8.613333333333333e-06,-4.17e-05,137.88,0.034156678602710766,0.03274918260053595,0.03917270521871272,0.0227785732034556,0.039407514422986796
2025-12-10,4196.39990234375,58.459999084472656,4.59499979019165,6886.68017578125,15.770000457763672,-0.002451547168984526,0.0035986515765415294,0.0045806404007918385,0.006726880659139976,-0.07097778416833754,26,Fear,4520230.276,624546006.02724,0.0025935474052106323,0.0016221968244763195,4.7923333333333336e-05,5.653666666666667e-05,136.26,-0.011818916303142527,0.026705157499473883,0.038949846460550386,0.0229044223669,0.03917270521871272
2025-12-11,4285.5,57.599998474121094,4.230999946594238,6901.0,14.850000381469727,0.021010239753042382,-0.014820202811459567,-0.08253035103206917,0.00207719198371703,-0.060109539065541076,29,Fear,4377697.036,581262368.19525,-0.0320401433198496,-0.07182276014001919,-7.318333333333333e-05,-0.00012110666666666667,136.41,0.0011002311595069139,0.02290896837993617,0.03651457090797151,0.02290387385160881,0.038949846460550386
2025-12-12,4300.10009765625,57.439998626708984,4.11299991607666,6827.41015625,15.739999771118164,0.003401069596484952,-0.002781640379193324,-0.02828569027156239,-0.010720913458554537,0.05820533751093889,29,Fear,4005608.262,542914566.1894,-0.08882735060047132,-0.06825026440321165,9.804000000000002e-05,0.00017122333333333334,132.27,-0.03081976846707286,0.019898538096035322,0.036833612615167696,0.022704469827085474,0.03651457090797151
2025-12-13,4300.10009765625,57.439998626708984,4.11299991607666,6827.41015625,15.739999771118164,0.0,0.0,0.0,0.0,0.0,23,Extreme Fear,1472483.735,195790564.90788,-1.000744854001622,-1.0199064293480058,-3.932333333333333e-05,-0.00013736333333333334,133.14,0.0065559181346014,0.01979529649370471,0.03547166747653795,0.022705958888669844,0.036833612615167696
2025-12-14,4300.10009765625,57.439998626708984,4.11299991607666,6827.41015625,15.739999771118164,0.0,0.0,0.0,0.0,0.0,21,Extreme Fear,1731614.637,227172804.50155,0.16210369878372455,0.1486654396464146,-4.38e-05,-4.476666666666671e-06,129.4,-0.028492824105757167,0.02274061594885523,0.03507939058372563,0.02326730499421015,0.03547166747653795
2025-12-15,4306.7001953125,56.81999969482422,4.01200008392334,6816.509765625,16.5,0.001533693992035725,-0.010852529776578733,-0.024862777826106897,-0.0015978388918367072,0.047155152458690654,16,Extreme Fear,3922431.0,505572419.27462,0.8176573252222346,0.799980309673531,-1.709333333333333e-05,2.670666666666667e-05,127.81,-0.012363595923177156,0.022423618355848947,0.03509725297176223,0.023072757454073143,0.03507939058372563
2025-12-16,4304.5,55.27000045776367,3.885999917984009,6800.259765625,16.479999542236328,-0.0005110078294488002,-0.027658096927631208,-0.031909561168026186,-0.00238676400843967,-0.0012128842021314815,11,Extreme Fear,2884783.998,368318615.17013,-0.30726158820161115,-0.31674292518814934,-4.308e-05,-2.598666666666667e-05,129.15,0.01042973339822661,0.016309604325991277,0.035066219498717736,0.023871221423283347,0.03509725297176223
2025-12-17,4347.5,55.939998626708984,4.02400016784668,6721.43017578125,17.6200008392334,0.009939980130428714,0.012049389096967787,0.03489614465909521,-0.01165985661137129,0.06688717143322019,16,Extreme Fear,4525580.216,574312574.39112,0.45029576701567425,0.4442254371205876,4.277666666666667e-05,8.585666666666668e-05,123.27,-0.04659744797842154,0.021621397071023778,0.035087896750206723,0.022051574187078312,0.035066219498717736
2025-12-18,4339.5,56.150001525878906,3.9079999923706055,6774.759765625,16.8700008392334,-0.0018418331441386099,0.0037470451350424486,-0.029250742280552834,0.007902951520479156,-0.04349772183265853,17,Extreme Fear,4790795.008,589276513.97563,0.05695057663129679,0.02572173415234401,-5.228e-05,-9.505666666666667e-05,119.6,-0.03022423004689669,0.02113592090477676,0.03256695368929084,0.021172160684378424,0.035087896750206723
2025-12-19,4361.39990234375,56.65999984741211,3.9839999675750732,6834.5,14.90999984741211,0.005033950243312225,0.009041783349827094,0.01926059935527906,0.008779407421828872,-0.12350482776224771,16,Extreme Fear,4090548.592,508624593.21844,-0.1580172789600846,-0.14718533038977638,4.688333333333333e-05,9.916333333333333e-05,126.27,0.054269629934057616,0.03376045426435333,0.03407625986662206,0.0208845654361468,0.03256695368929084
2025-12-20,4361.39990234375,56.65999984741211,3.9839999675750732,6834.5,14.90999984741211,0.0,0.0,0.0,0.0,0.0,20,Extreme Fear,1229353.586,155070613.06539,-1.2021905997309612,-1.1878296252110145,7.949333333333334e-05,3.261000000000001e-05,125.81,-0.0036496390875493927,0.03331342902017606,0.03381610085265161,0.021849025966560194,0.03407625986662206
2025-12-21,4361.39990234375,56.65999984741211,3.9839999675750732,6834.5,14.90999984741211,0.0,0.0,0.0,0.0,0.0,20,Extreme Fear,1812103.189,227009325.56382,0.3879996621686152,0.3811105170731294,5.526666666666667e-05,-2.422666666666667e-05,126.03,0.0017471414863608975,0.03216766203979866,0.03312771381952077,0.024517782824667225,0.03381610085265161
2025-12-22,4444.60009765625,58.0099983215332,3.9649999141693115,6878.490234375,14.079999923706055,0.018896813791643464,0.023546888834552214,-0.00478049814383798,0.006415870575561936,-0.05727677323142513,25,Extreme Fear,2667589.146,337356985.61644,0.3866869693707454,0.3961505757685696,4.4286666666666664e-05,-1.0980000000000007e-05,125.93,-0.0007937768316452504,0.03194899758230607,0.033094900168805376,0.025095444992156397,0.03312771381952077
2025-12-23,4482.7998046875,58.380001068115234,4.4079999923706055,6909.7900390625,14.0,0.008557909489307347,0.006358003178000216,0.10591523668007992,0.004540067046788208,-0.005698015696033632,24,Extreme Fear,2440030.872,303158690.00044,-0.08916443125774035,-0.10688527639968588,-3.873333333333334e-05,-8.302e-05,124.01,-0.01536398950307408,0.03174757407002521,0.03289442925741327,0.024969923760361744,0.033094900168805376
2025-12-24,4480.60009765625,58.349998474121094,4.242000102996826,6932.0498046875,13.470000267028809,-0.0004908198003828014,-0.0005140511397665496,-0.03838618969706519,0.003216304344700708,-0.038592319369021244,24,Extreme Fear,1605450.498,196266334.88911,-0.41860629037437236,-0.43478380948298206,3.233333333333333e-05,7.106666666666667e-05,122.53,-0.012006309553325826,0.026616798233937953,0.030905271911908404,0.02490928080145368,0.03289442925741327
2025-12-25,4480.60009765625,58.349998474121094,4.242000102996826,6932.0498046875,13.470000267028809,0.0,0.0,0.0,0.0,0.0,23,Extreme Fear,1818325.148,222666013.3961,0.12451142773887605,0.12620036271196797,7.66e-05,4.4266666666666674e-05,120.06,-0.02036428013765813,0.025016652986270333,0.031008315250198242,0.024580398358428582,0.030905271911908404
2025-12-26,4529.10009765625,56.7400016784668,4.366000175476074,6929.93994140625,13.600000381469727,0.010766277995574931,-0.027979873619687227,0.028812417896506317,-0.00030440987710828846,0.00960481054501314,20,Extreme Fear,3326516.562,407793789.6008,0.6040098499453754,0.6050886779781315,7.622666666666667e-05,-3.733333333333388e-07,122.26,0.018158306776882394,0.01286368221445345,0.030668897327874933,0.027478965827865406,0.031008315250198242
2025-12-27,4529.10009765625,56.7400016784668,4.366000175476074,6929.93994140625,13.600000381469727,0.0,0.0,0.0,0.0,0.0,23,Extreme Fear,1357802.112,167427635.64651,-0.896058380652407,-0.8902103970684934,6.829666666666667e-05,-7.93e-06,124.73,0.02000147653703844,0.015904689362368538,0.03094524250477218,0.028461103689071968,0.030668897327874933
2025-12-28,4529.10009765625,56.7400016784668,4.366000175476074,6929.93994140625,13.600000381469727,0.0,0.0,0.0,0.0,0.0,24,Extreme Fear,1828960.451,227049720.92228,0.29788044754196835,0.3046177964726529,0.0001,3.170333333333334e-05,125.27,0.004320006718482828,0.01601435192962299,0.030715368776111363,0.02877728590996055,0.03094524250477218
2025-12-29,4325.10009765625,58.08000183105469,4.686999797821045,6905.740234375,14.199999809265137,-0.04608798173882948,0.023341943080538913,0.07094537748520852,-0.003498162923937312,0.04317213038393171,24,Extreme Fear,4307595.105,543723304.50905,0.8566320222247812,0.8732714576452439,4.029666666666667e-05,-5.9703333333333335e-05,123.28,-0.016013216844240164,0.01700567548110837,0.03077867972358011,0.028749949915388144,0.030715368776111363
2025-12-30,4370.10009765625,57.95000076293945,3.9719998836517334,6896.240234375,14.329999923706055,0.010350630404542907,-0.0022408190917251633,-0.16552295891364222,-0.0013766142506534472,0.009113285340826614,23,Extreme Fear,2480631.516,308730777.48262,-0.5518665967991946,-0.5659708592035158,1.4540000000000001e-05,-2.575666666666667e-05,125.01,0.013935543090611487,0.01707194783045509,0.030802506989838874,0.03079763426979043,0.03077867972358011
2025-12-31,4325.60009765625,57.41999816894531,3.686000108718872,6845.5,14.949999809265137,-0.010235032825325435,-0.009187940147117662,-0.07472782814810122,-0.007384867434248815,0.0423560505625017,21,Extreme Fear,2941643.658,368493594.69384,0.17045532116848955,0.1769537025336507,7.359333333333333e-05,5.905333333333333e-05,124.65,-0.002883924132904871,0.01622781744693658,0.02930668721078903,0.03079715538175635,0.030802506989838874
2026-01-01,4325.60009765625,57.41999816894531,3.686000108718872,6845.5,14.949999809265137,0.0,0.0,0.0,0.0,0.0,20,Extreme Fear,1733664.978,217068948.15615,-0.528730840398704,-0.5292082928596926,2.2546666666666665e-05,-5.104666666666667e-05,126.9,0.017889564750775123,0.013471249813711771,0.024035699974025465,0.03609275387724897,0.02930668721078903
2026-01-02,4314.39990234375,57.31999969482422,3.618000030517578,6858.47021484375,14.510000228881836,-0.0025926392560806856,-0.001743045168221482,-0.018620493334679293,0.0018929140261155547,-0.029873204408338686,28,Fear,2924227.372,378213187.58117,0.5227926473873502,0.5552429884355679,0.0001,7.745333333333334e-05,132.29,0.04159710775394665,0.01843866196986782,0.023991260777151482,0.03565430189840044,0.024035699974025465
2026-01-03,4314.39990234375,57.31999969482422,3.618000030517578,6858.47021484375,14.510000228881836,0.0,0.0,0.0,0.0,0.0,29,Fear,1520623.499,200295921.55764,-0.6539098520052079,-0.6356621441527527,8.237666666666668e-05,-1.7623333333333324e-05,133.37,0.008130738160014523,0.018042744806810472,0.023025296372039053,0.03649780119695903,0.023991260777151482
2026-01-04,4314.39990234375,57.31999969482422,3.618000030517578,6858.47021484375,14.510000228881836,0.0,0.0,0.0,0.0,0.0,25,Extreme Fear,1809269.113,242985169.55108,0.17380251129313587,0.19320453002893556,6.388666666666667e-05,-1.8490000000000008e-05,134.12,0.005607700963724674,0.017986798690844713,0.02173233788412367,0.037875541795226494,0.023025296372039053
2026-01-05,4436.89990234375,58.31999969482422,3.5230000019073486,6902.0498046875,14.899999618530273,0.027997669976117596,0.017295484831722364,-0.02660849550753415,0.006334024511051582,0.026523104679246158,26,Fear,3327567.484,452911084.26412,0.6093185930185127,0.6226954134154351,2.5093333333333333e-05,-3.879333333333334e-05,137.9,0.027793863201228335,0.014881009216175063,0.02223855028949906,0.038237153867556765,0.02173233788412367
2026-01-06,4482.2001953125,57.130001068115234,3.3499999046325684,6944.81982421875,14.75,0.010158128512449065,-0.020615691035027604,-0.050352582531414974,0.0061775920038938375,-0.0101181045635892,44,Fear,3771795.117,526491231.9802,0.12530949471525166,0.15053885378688822,7.824333333333334e-05,5.3150000000000004e-05,141.08,0.02279832056859527,0.015051144874295727,0.022576840274336298,0.046233732028023715,0.02223855028949906
2026-01-07,4449.2998046875,55.9900016784668,3.5250000953674316,6920.93017578125,15.380000114440918,-0.007367304357957669,-0.020156258093818158,0.050920145949737525,-0.0034458535710101927,0.04182488873256102,42,Fear,2321642.178,319140449.80578,-0.485276275862179,-0.5006033906142378,1.7940000000000004e-05,-6.030333333333333e-05,136.39,-0.03380867642906761,0.023895032501481183,0.023480236868967972,0.05182674700109027,0.022576840274336298
2026-01-08,4449.7001953125,57.7599983215332,3.4070000648498535,6921.4599609375,15.449999809265137,8.998553214307117e-05,0.031123332186466183,-0.034048305605694704,7.654532942294603e-05,0.004541019480065979,28,Fear,3113437.835,425211873.06351,0.293452758229384,0.2869562821453062,3.550666666666667e-05,1.7566666666666666e-05,138.37,0.014412827742509267,0.02380900425676855,0.0227785732034556,0.05162874759319958,0.023480236868967972
2026-01-09,4490.2998046875,59.119998931884766,3.1689999103546143,6966.27978515625,14.489999771118164,0.009082749101682023,0.023272793047802182,-0.07241610529256935,0.006454611138321038,-0.06415025046171281,27,Fear,3778547.996,522670162.73951,0.1936122789379474,0.20636303157724928,9.856333333333335e-05,6.305666666666667e-05,135.97,-0.01749698351369844,0.022132821115893077,0.0229044223669,0.05164917635205929,0.0227785732034556
2026-01-10,4490.2998046875,59.119998931884766,3.1689999103546143,6966.27978515625,14.489999771118164,0.0,0.0,0.0,0.0,0.0,25,Extreme Fear,1000837.004,136346330.79801,-1.3285031538856023,-1.3437524023775165,-5.4986666666666666e-05,-0.00015355000000000002,135.84,-0.0009565506045574026,0.022111152326339582,0.02290387385160881,0.05163532004885535,0.0229044223669
2026-01-11,4490.2998046875,59.119998931884766,3.1689999103546143,6966.27978515625,14.489999771118164,0.0,0.0,0.0,0.0,0.0,29,Fear,2209913.206,306185406.75845,0.7921165875477867,0.8089926241485427,7.696666666666666e-05,0.00013195333333333332,139.7,0.028019543699878927,0.024144722490567795,0.022704469827085474,0.05125160614396448,0.02290387385160881
2026-01-12,4604.2998046875,59.5,3.4089999198913574,6977.27001953125,15.119999885559082,0.025071135876622564,0.006407053978539629,0.0730029172360459,0.0015763900591805138,0.04255962264580009,27,Fear,4160120.091,587559710.0406,0.6325907004300669,0.6517870520597993,7.896666666666667e-05,2.000000000000008e-06,139.22,-0.0034418505223956903,0.022216941617577618,0.022705958888669844,0.05143236934483408,0.022704469827085474
2026-01-13,4589.2001953125,61.150001525878906,3.4189999103546143,6963.740234375,15.979999542236328,-0.003284847544970745,0.027353574534645247,0.002929114780792214,-0.0019410055882070072,0.05531954850954804,26,Fear,4195082.468,598713149.38546,0.008369056481836095,0.018804725953971636,5.306666666666667e-05,-2.59e-05,145.51,0.044189397031666786,0.026679898164160828,0.02326730499421015,0.050069462541006374,0.022705958888669844
2026-01-14,4626.2998046875,62.02000045776367,3.119999885559082,6926.60009765625,16.75,0.008051610829708839,0.014127033966977518,-0.09151511929578726,-0.005347633584135448,0.047060346578984245,48,Neutral,3695077.378,539088197.85762,-0.1269115029142917,-0.10490341100796517,9.935333333333333e-05,4.628666666666666e-05,146.69,0.008076703727484109,0.020706206474293266,0.023072757454073143,0.05268178376773627,0.02326730499421015
2026-01-15,4616.2998046875,59.189998626708984,3.128000020980835,6944.47021484375,15.84000015258789,-0.002163894212595402,-0.04670433555197605,0.0025608642488838393,0.002576603920444464,-0.055859862251721834,61,Greed,2462143.139,354149725.74563,-0.40596933006302377,-0.420159412113974,3.2273333333333335e-05,-6.707999999999999e-05,142.4,-0.02968151752179601,0.02544663475811003,0.023871221423283347,0.05381745445418282,0.023072757454073143
2026-01-16,4588.39990234375,59.439998626708984,3.1029999256134033,6940.009765625,15.859999656677246,-0.0060621179774391735,0.004214791804453334,-0.008024467896726974,-0.0006425086684515026,0.0012617985402639538,49,Neutral,1900879.026,271758949.58215,-0.2587157409416353,-0.2648043191935885,-1.5396666666666668e-05,-4.767e-05,144.89,0.017334834854755406,0.02387645022655914,0.022051574187078312,0.05345416999634309,0.023871221423283347
2026-01-17,4588.39990234375,59.439998626708984,3.1029999256134033,6940.009765625,15.859999656677246,0.0,0.0,0.0,0.0,0.0,50,Neutral,835154.761,120390445.12905,-0.8224546532383432,-0.8141752882716959,5.378e-05,6.917666666666667e-05,143.72,-0.008107871587312835,0.024521603407189903,0.021172160684378424,,0.022051574187078312
2026-01-18,4588.39990234375,59.439998626708984,3.1029999256134033,6940.009765625,15.859999656677246,0.0,0.0,0.0,0.0,0.0,49,Neutral,1877438.698,266417011.22107,0.8100466820477024,0.794322622230153,-3.649e-05,-9.026999999999999e-05,137.87,-0.04155575006178031,0.02880697356122331,0.0208845654361468,,0.021172160684378424
2026-01-19,4588.39990234375,59.439998626708984,3.1029999256134033,6940.009765625,15.859999656677246,0.0,0.0,0.0,0.0,0.0,44,Fear,2972524.77,397766014.10622,0.4595032293434768,0.4008011355827614,3.681666666666667e-05,7.330666666666667e-05,133.44,-0.03265927357310108,0.031096103851181882,0.021849025966560194,,0.0208845654361468
2026-01-20,4759.60009765625,60.34000015258789,3.9070000648498535,6796.85986328125,20.09000015258789,0.036632293474919336,0.015027858954032521,0.23040047117754334,-0.020842460953261224,0.23642199186244148,32,Fear,3532423.88,456200360.19412,0.17257260426489296,0.13706817125782722,1.3396666666666665e-05,-2.3420000000000003e-05,125.8,-0.058958594344096456,0.027554862368410326,0.024517782824667225,,0.021849025966560194
2026-01-21,4831.7998046875,60.619998931884766,4.875,6875.6201171875,16.899999618530273,0.015055377008505682,0.004629617750091477,0.2213502717785015,0.01152111763356032,-0.17290858706520473,24,Extreme Fear,3161736.36,406727656.32141,-0.11086292916389286,-0.11478828702808999,-7.12e-06,-2.0516666666666666e-05,129.54,0.029296369488430757,0.03205928294027926,0.025095444992156397,,0.024517782824667225
2026-01-22,4908.7998046875,59.36000061035156,5.045000076293945,6913.35009765625,15.640000343322754,0.015810444337397162,-0.021004244868480324,0.03427756447844649,0.0054725007079021405,-0.07748184228810683,20,Extreme Fear,1811586.462,233570687.82335,-0.5569183979821535,-0.5546590495024667,-2.115e-05,-1.403e-05,128.47,-0.008294299711252626,0.03175161422019456,0.024969923760361744,,0.025095444992156397
2026-01-23,4976.2001953125,61.06999969482422,5.275000095367432,6915.60986328125,16.09000015258789,0.013637113842028292,0.028400133096568393,0.04458102851300698,0.0003268164274822459,0.02836621341894342,24,Extreme Fear,2044063.077,261243943.98141,0.12073657173443914,0.11196985920542682,-2.1606666666666664e-05,-4.566666666666651e-07,127.43,-0.008128219819330406,0.02878946405252229,0.02490928080145368,,0.024969923760361744
2026-01-24,4976.2001953125,61.06999969482422,5.275000095367432,6915.60986328125,16.09000015258789,0.0,0.0,0.0,0.0,0.0,25,Extreme Fear,807419.995,102804908.33679,-0.9288508376475477,-0.9326215237298696,-7.456666666666666e-06,1.4149999999999998e-05,127.21,-0.0017279300560683112,0.029264595883784016,0.024580398358428582,,0.02490928080145368
2026-01-25,4976.2001953125,61.06999969482422,5.275000095367432,6915.60986328125,16.09000015258789,0.0,0.0,0.0,0.0,0.0,25,Extreme Fear,4540879.449,549164530.09031,1.7270320107203343,1.6755649887738153,-1.9653333333333334e-05,-1.2196666666666668e-05,118.85,-0.06797707036191658,0.03418477668616967,0.027478965827865406,,0.024580398358428582
2026-01-26,5079.7001953125,60.630001068115234,6.800000190734863,6950.22998046875,16.149999618530273,0.02058565637353524,-0.007230904537314283,0.25394394279004123,0.00499359426016032,0.003722055560557878,20,Extreme Fear,2355751.363,289767656.39401,-0.6562609778382622,-0.6393186701097139,-5.945e-05,-3.9796666666666665e-05,124.24,0.044352985034228715,0.041495544949090066,0.028461103689071968,,0.027478965827865406
2026-01-27,5079.89990234375,62.38999938964844,6.953999996185303,6978.60009765625,16.350000381469727,3.931395514705028e-05,0.02861515863927036,0.022394392805802858,0.004073587840441241,0.012307894626495038,29,Fear,2036509.042,255047826.37975,-0.1456226386218649,-0.1276283350094836,6.113333333333333e-05,0.00012058333333333333,127.19,0.023466852622961623,0.03678232986782071,0.02877728590996055,,0.028461103689071968
2026-01-28,5301.60009765625,63.209999084472656,7.460000038146973,6978.02978515625,16.350000381469727,0.04271712307880896,0.01305750566045477,0.07023838629209651,-8.172639170147053e-05,0.0,29,Fear,1997863.528,252933659.86287,-0.019158714477799026,-0.008323841640012444,5.9743333333333334e-05,-1.3899999999999986e-06,125.35,-0.014572206859090723,0.03496312307947961,0.028749949915388144,,0.02877728590996055
2026-01-29,5318.39990234375,65.41999816894531,3.9179999828338623,6969.009765625,16.8799991607666,0.0031638076649501356,0.03436549212071179,-0.6439741041882078,-0.0012934674424623016,0.0319015187754475,26,Fear,3730613.473,444597605.45512,0.6244943165159992,0.5640423753119842,-3.770333333333333e-05,-9.744666666666667e-05,117.82,-0.061951788510761184,0.041207549337741026,0.03079763426979043,,0.028749949915388144
2026-01-30,4713.89990234375,65.20999908447266,4.354000091552734,6939.02978515625,17.440000534057617,-0.1206569177115754,-0.0032151767555849923,0.10551366869862883,-0.0043111794144580756,0.03263700965321155,16,Extreme Fear,4761006.742,552023487.13287,0.2438864561952246,0.2164209788509988,-0.00010596,-6.825666666666666e-05,117.59,-0.0019540382582167613,0.041379007717550924,0.03079715538175635,,0.03079763426979043
2026-01-31,4713.89990234375,65.20999908447266,4.354000091552734,6939.02978515625,17.440000534057617,0.0,0.0,0.0,0.0,0.0,20,Extreme Fear,8567398.326,920582075.30101,0.5875049609898783,0.5114155659977252,-0.00011710666666666667,-1.1146666666666673e-05,105.58,-0.10773503843985434,0.054524930500869706,0.03609275387724897,,0.03079715538175635
2026-02-01,4713.89990234375,65.20999908447266,4.354000091552734,6939.02978515625,17.440000534057617,0.0,0.0,0.0,0.0,0.0,14,Extreme Fear,4204256.051,432839562.25445,-0.7118667496127339,-0.754639027153847,-0.00032461666666666665,-0.00020751,100.79,-0.046429815028683555,0.05236679932662712,0.03565430189840044,,0.03609275387724897
2026-02-02,4622.5,62.13999938964844,3.236999988555908,6976.43994140625,16.34000015258789,-0.0195798858862585,-0.04822292322273334,-0.296448012430919,0.005376785277364613,-0.0651503503332419,14,Extreme Fear,5574032.681,566609041.93448,0.28202143447944805,0.26930241213195466,-9.109e-05,0.00023352666666666665,104.55,0.036626281507855844,0.050753637237597383,0.03649780119695903,,0.03565430189840044
2026-02-03,4903.7001953125,63.209999084472656,3.311000108718872,6917.81005859375,18.0,0.05905437776175919,0.017072607857606444,0.022603319992062554,-0.008439495590663714,0.09675565912600367,17,Extreme Fear,4514018.115,455865168.22654,-0.21093110069928925,-0.21747246342387883,-0.00012878333333333334,-3.769333333333334e-05,97.89,-0.06582102660130365,0.047778158815840195,0.037875541795226494,,0.03649780119695903
2026-02-04,4920.39990234375,65.13999938964844,3.4649999141693115,6882.72021484375,18.639999389648438,0.0033997461243729043,0.030076288477937793,0.04546231647033555,-0.005085300155013826,0.03493801861709743,14,Extreme Fear,6251459.371,589863839.90233,0.3256272443938384,0.25769464836183414,-0.0003274,-0.00019861666666666665,92.12,-0.06075232432085447,0.04728562771849502,0.038237153867556765,,0.037875541795226494
2026-02-05,4861.39990234375,63.290000915527344,3.509000062942505,6798.39990234375,21.770000457763672,-0.012063365980342067,-0.028811437225438243,0.012618506667421,-0.01232667785383289,0.15522311976046393,12,Extreme Fear,10243355.48,874788983.51127,0.493814313676991,0.39409096513260566,-1.3899999999999999e-05,0.0003135,78.35,-0.16190610615045478,0.06527811434110035,0.046233732028023715,,0.038237153867556765
2026-02-06,4951.2001953125,63.54999923706055,3.421999931335449,6932.2998046875,20.3700008392334,0.018303568705588632,0.00409963237731521,-0.025105959134144054,0.019504344282200718,-0.06646962483553287,9,Extreme Fear,11811095.766,944308125.32202,0.14241015927248665,0.07646982125809076,-0.0003829533333333333,-0.0003690533333333333,87.46,0.10999557718274475,0.09029714567699235,0.05182674700109027,,0.046233732028023715
2026-02-07,4951.2001953125,63.54999923706055,3.421999931335449,6932.2998046875,20.3700008392334,0.0,0.0,0.0,0.0,0.0,6,Extreme Fear,4486649.48,389575196.26258,-0.9679332038691324,-0.8853956117122065,-0.0003088733333333333,7.408000000000002e-05,87.59,0.0014852901902231578,0.08645835242176592,0.05162874759319958,,0.05182674700109027
2026-02-08,4951.2001953125,63.54999923706055,3.421999931335449,6932.2998046875,20.3700008392334,0.0,0.0,0.0,0.0,0.0,7,Extreme Fear,2534998.683,222107656.10678,-0.5709130874155385,-0.5618947033718765,-0.00032942,-2.054666666666667e-05,86.99,-0.006873666655548294,0.08624525586196367,0.05164917635205929,,0.05162874759319958
2026-02-09,5050.89990234375,64.36000061035156,3.138000011444092,6964.81982421875,17.360000610351562,0.01993641500519393,0.012665345977459917,-0.08663949744660283,0.004680117860123293,-0.15989452704748955,14,Extreme Fear,3667652.416,315211863.58337,0.3693586712099564,0.3500827938014778,-0.00012083666666666667,0.0002085833333333333,86.77,-0.002532229714051079,0.08309425130233884,0.05163532004885535,,0.05164917635205929
2026-02-10,5003.7998046875,63.959999084472656,3.115000009536743,6941.81005859375,17.790000915527344,-0.009368841148208894,-0.006234457955889157,-0.0073565026568077315,-0.0033091822845107053,0.024467808750071016,9,Extreme Fear,2975212.105,251317963.78963,-0.20923645647185307,-0.22652607010820008,-0.00012380666666666668,-2.970000000000007e-06,82.99,-0.044540821195041706,0.08180063424050718,0.05125160614396448,,0.05163532004885535
2026-02-11,5071.60009765625,64.62999725341797,3.1589999198913574,6941.47021484375,17.649999618530273,0.013458784179660236,0.010420783126096593,0.014026341160115453,-4.89572699497733e-05,-0.007900791374484802,11,Extreme Fear,3814913.32,308205411.26465,0.24860261138501605,0.20404755493255336,-4.749666666666667e-05,7.631e-05,79.3,-0.04548198996955431,0.08084238432753858,0.05143236934483408,,0.05125160614396448
2026-02-12,4923.7001953125,62.84000015258789,3.2170000076293945,6832.759765625,20.81999969482422,-0.02959604886955879,-0.028086840962171712,0.018193754167389473,-0.01578494138611745,0.16517828676271432,5,Extreme Fear,3196230.117,254145719.77685,-0.17694591676300825,-0.19285867794737233,-0.00014440333333333333,-9.690666666666665e-05,78.4,-0.011414201284440012,0.052181756999011765,0.050069462541006374,,0.05143236934483408
2026-02-13,5022.0,62.88999938964844,3.243000030517578,6836.169921875,20.600000381469727,0.01976794067778529,0.0007953430347292803,0.008049586106997212,0.0004989646444475858,-0.010622954215521119,9,Extreme Fear,3370390.272,275784441.45232,0.05305651849771246,0.08171174891530823,-1.3079999999999998e-05,0.00013132333333333332,84.33,0.07291374623018786,0.03950806576775506,0.05268178376773627,,0.050069462541006374
2026-02-14,5022.0,62.88999938964844,3.243000030517578,6836.169921875,20.600000381469727,0.0,0.0,0.0,0.0,0.0,9,Extreme Fear,2698607.215,234370543.10908,-0.22229275175469462,-0.162716170863882,-3.486666666666666e-05,-2.1786666666666666e-05,88.06,0.04328072674105768,0.04363099817906934,0.05381745445418282,,0.05268178376773627
2026-02-15,5022.0,62.88999938964844,3.243000030517578,6836.169921875,20.600000381469727,0.0,0.0,0.0,0.0,0.0,8,Extreme Fear,3929085.4,346250701.78011,0.37567088253122877,0.39025970382531383,-0.00017847,-0.00014360333333333333,86.16,-0.02181236747947471,0.0444249872604916,0.05345416999634309,,0.05381745445418282
